INFO: found LLVMFuzzerCustomMutator (0x4d05e8). Disabling -len_control by default.
Dictionary: 286 entries
INFO: Running with entropic power schedule (0xFF, 100).
INFO: Seed: 875781578
INFO: Loaded 1 modules   (4931 inline 8-bit counters): 4931 [0x1494dbc, 0x14960ff), 
INFO: Loaded 1 PC tables (4931 PCs): 4931 [0x11acb48,0x11bff78), 
INFO:       87 files found in report/fuzz/corpus/lua_dsl
INFO: seed corpus: files: 87 min: 18b max: 1590b total: 18107b rss: 30Mb
#88	INITED cov: 1400 ft: 3629 corp: 57/10468b exec/s: 0 rss: 55Mb
#89	NEW    cov: 1401 ft: 3633 corp: 57/10398b lim: 65536 exec/s: 0 rss: 56Mb L: 111/1078 MS: 1 CustomCrossOver-
#90	NEW    cov: 1401 ft: 3641 corp: 58/11006b lim: 65536 exec/s: 0 rss: 56Mb L: 608/1078 MS: 2 CopyPart-Custom-
#92	NEW    cov: 1401 ft: 3642 corp: 59/12085b lim: 65536 exec/s: 0 rss: 56Mb L: 1079/1079 MS: 4 ChangeBit-Custom-InsertByte-Custom-
#96	NEW    cov: 1401 ft: 3646 corp: 60/12366b lim: 65536 exec/s: 0 rss: 57Mb L: 281/1079 MS: 6 CustomCrossOver-CustomCrossOver-InsertByte-Custom-EraseBytes-Custom-
#97	NEW    cov: 1401 ft: 3657 corp: 59/11890b lim: 65536 exec/s: 0 rss: 58Mb L: 12/1079 MS: 2 EraseBytes-Custom-
#98	NEW    cov: 1401 ft: 3667 corp: 60/11938b lim: 65536 exec/s: 0 rss: 58Mb L: 48/1079 MS: 1 CustomCrossOver-
#99	NEW    cov: 1401 ft: 3674 corp: 60/11840b lim: 65536 exec/s: 0 rss: 58Mb L: 111/1079 MS: 1 CustomCrossOver-
#100	NEW    cov: 1401 ft: 3675 corp: 61/11858b lim: 65536 exec/s: 0 rss: 58Mb L: 18/1079 MS: 2 ChangeBinInt-Custom-
#102	NEW    cov: 1401 ft: 3679 corp: 62/11919b lim: 65536 exec/s: 0 rss: 59Mb L: 61/1079 MS: 3 ManualDict-Custom-CustomCrossOver- DE: "while"-
#103	NEW    cov: 1401 ft: 3679 corp: 63/11949b lim: 65536 exec/s: 0 rss: 59Mb L: 30/1079 MS: 1 CustomCrossOver-
#104	NEW    cov: 1401 ft: 3679 corp: 64/11998b lim: 65536 exec/s: 0 rss: 59Mb L: 49/1079 MS: 1 CustomCrossOver-
#106	NEW    cov: 1402 ft: 3680 corp: 65/13391b lim: 65536 exec/s: 0 rss: 60Mb L: 1393/1393 MS: 3 CopyPart-Custom-CustomCrossOver-
#107	NEW    cov: 1402 ft: 3681 corp: 66/14012b lim: 65536 exec/s: 0 rss: 60Mb L: 621/1393 MS: 2 PersAutoDict-Custom- DE: "while"-
#108	NEW    cov: 1402 ft: 3682 corp: 67/14136b lim: 65536 exec/s: 0 rss: 60Mb L: 124/1393 MS: 2 ShuffleBytes-Custom-
#109	NEW    cov: 1402 ft: 3684 corp: 67/14077b lim: 65536 exec/s: 0 rss: 61Mb L: 65/1393 MS: 2 ChangeByte-Custom-
#111	NEW    cov: 1402 ft: 3693 corp: 68/14115b lim: 65536 exec/s: 0 rss: 61Mb L: 38/1393 MS: 3 CustomCrossOver-EraseBytes-Custom-
#112	NEW    cov: 1402 ft: 3693 corp: 69/14176b lim: 65536 exec/s: 0 rss: 61Mb L: 61/1393 MS: 1 CustomCrossOver-
#114	NEW    cov: 1402 ft: 3697 corp: 70/14477b lim: 65536 exec/s: 0 rss: 62Mb L: 301/1393 MS: 3 CMP-Custom-CustomCrossOver- DE: "copy"-
#115	NEW    cov: 1402 ft: 3698 corp: 70/14358b lim: 65536 exec/s: 0 rss: 62Mb L: 54/1393 MS: 2 ChangeBit-Custom-
#116	NEW    cov: 1402 ft: 3704 corp: 71/14424b lim: 65536 exec/s: 0 rss: 62Mb L: 66/1393 MS: 2 ChangeBit-Custom-
#120	NEW    cov: 1402 ft: 3705 corp: 71/14327b lim: 65536 exec/s: 0 rss: 63Mb L: 118/1393 MS: 5 CustomCrossOver-CustomCrossOver-CustomCrossOver-CMP-Custom- DE: "\001\000\000\000\000\000\000\017"-
#121	NEW    cov: 1402 ft: 3705 corp: 72/14394b lim: 65536 exec/s: 0 rss: 64Mb L: 67/1393 MS: 2 PersAutoDict-Custom- DE: "copy"-
#124	NEW    cov: 1402 ft: 3706 corp: 73/14513b lim: 65536 exec/s: 0 rss: 64Mb L: 119/1393 MS: 4 CustomCrossOver-CustomCrossOver-InsertByte-Custom-
#126	NEW    cov: 1402 ft: 3709 corp: 74/14939b lim: 65536 exec/s: 0 rss: 65Mb L: 426/1393 MS: 4 PersAutoDict-Custom-InsertRepeatedBytes-Custom- DE: "\001\000\000\000\000\000\000\017"-
#128	NEW    cov: 1402 ft: 3711 corp: 75/15586b lim: 65536 exec/s: 0 rss: 65Mb L: 647/1393 MS: 4 ChangeBinInt-Custom-InsertRepeatedBytes-Custom-
#129	NEW    cov: 1420 ft: 3889 corp: 75/15550b lim: 65536 exec/s: 0 rss: 66Mb L: 68/1393 MS: 2 ChangeBit-Custom-
#130	NEW    cov: 1420 ft: 3889 corp: 75/15415b lim: 65536 exec/s: 0 rss: 66Mb L: 146/1393 MS: 2 ChangeBinInt-Custom-
#131	NEW    cov: 1420 ft: 3891 corp: 76/15841b lim: 65536 exec/s: 0 rss: 66Mb L: 426/1393 MS: 2 CMP-Custom- DE: "pid"-
#132	NEW    cov: 1420 ft: 3891 corp: 77/15891b lim: 65536 exec/s: 0 rss: 66Mb L: 50/1393 MS: 2 InsertByte-Custom-
#133	NEW    cov: 1420 ft: 3891 corp: 77/15516b lim: 65536 exec/s: 0 rss: 67Mb L: 111/1393 MS: 2 ManualDict-Custom- DE: "animation"-
#134	NEW    cov: 1420 ft: 3891 corp: 77/15470b lim: 65536 exec/s: 0 rss: 67Mb L: 65/1393 MS: 2 EraseBytes-Custom-
#135	NEW    cov: 1420 ft: 3891 corp: 78/15570b lim: 65536 exec/s: 0 rss: 67Mb L: 100/1393 MS: 2 EraseBytes-Custom-
#139	NEW    cov: 1420 ft: 3891 corp: 78/15308b lim: 65536 exec/s: 0 rss: 68Mb L: 52/1393 MS: 8 ChangeBinInt-Custom-CopyPart-Custom-CopyPart-Custom-ChangeBit-Custom-
#141	NEW    cov: 1420 ft: 3909 corp: 79/16Kb lim: 65536 exec/s: 0 rss: 68Mb L: 1087/1393 MS: 4 ChangeBinInt-Custom-CMP-Custom- DE: "require"-
#142	NEW    cov: 1420 ft: 3909 corp: 78/16249b lim: 65536 exec/s: 0 rss: 69Mb L: 26/1393 MS: 2 EraseBytes-Custom-
#143	NEW    cov: 1420 ft: 3911 corp: 79/16Kb lim: 65536 exec/s: 0 rss: 69Mb L: 301/1393 MS: 2 ChangeBit-Custom-
#144	NEW    cov: 1420 ft: 3911 corp: 79/16Kb lim: 65536 exec/s: 0 rss: 69Mb L: 27/1393 MS: 2 PersAutoDict-Custom- DE: "animation"-
#145	NEW    cov: 1420 ft: 3911 corp: 80/16Kb lim: 65536 exec/s: 0 rss: 69Mb L: 60/1393 MS: 1 CustomCrossOver-
#149	NEW    cov: 1420 ft: 3911 corp: 79/16081b lim: 65536 exec/s: 0 rss: 70Mb L: 34/1393 MS: 4 CustomCrossOver-CustomCrossOver-CustomCrossOver-CustomCrossOver-
#150	NEW    cov: 1420 ft: 3923 corp: 80/16Kb lim: 65536 exec/s: 0 rss: 71Mb L: 404/1393 MS: 2 InsertRepeatedBytes-Custom-
#151	NEW    cov: 1420 ft: 3925 corp: 80/16Kb lim: 65536 exec/s: 0 rss: 71Mb L: 30/1393 MS: 1 CustomCrossOver-
#153	NEW    cov: 1420 ft: 3931 corp: 77/15665b lim: 65536 exec/s: 0 rss: 71Mb L: 54/1393 MS: 3 ChangeBinInt-Custom-CustomCrossOver-
#155	NEW    cov: 1420 ft: 3931 corp: 77/15216b lim: 65536 exec/s: 0 rss: 72Mb L: 198/1393 MS: 4 ChangeBinInt-Custom-InsertByte-Custom-
#160	NEW    cov: 1420 ft: 3933 corp: 78/15498b lim: 65536 exec/s: 0 rss: 73Mb L: 282/1393 MS: 10 ChangeBit-Custom-CMP-Custom-ChangeByte-Custom-EraseBytes-Custom-EraseBytes-Custom- DE: "delete"-
#162	NEW    cov: 1420 ft: 3933 corp: 78/15457b lim: 65536 exec/s: 0 rss: 74Mb L: 105/1393 MS: 4 ManualDict-Custom-ChangeByte-Custom- DE: "nil"-
#163	NEW    cov: 1420 ft: 3933 corp: 77/15384b lim: 65536 exec/s: 0 rss: 74Mb L: 44/1393 MS: 2 CopyPart-Custom-
#165	NEW    cov: 1420 ft: 3948 corp: 78/16Kb lim: 65536 exec/s: 0 rss: 74Mb L: 1417/1417 MS: 4 CopyPart-Custom-ChangeBinInt-Custom-
#173	NEW    cov: 1420 ft: 3948 corp: 78/16Kb lim: 65536 exec/s: 0 rss: 77Mb L: 461/1417 MS: 6 EraseBytes-Custom-ChangeByte-Custom-PersAutoDict-Custom- DE: "delete"-
#182	NEW    cov: 1420 ft: 3950 corp: 79/16Kb lim: 65536 exec/s: 0 rss: 79Mb L: 60/1417 MS: 6 CustomCrossOver-ChangeBinInt-Custom-ChangeBinInt-Custom-CustomCrossOver-
#183	NEW    cov: 1420 ft: 3952 corp: 80/16Kb lim: 65536 exec/s: 0 rss: 79Mb L: 234/1417 MS: 1 CustomCrossOver-
#185	NEW    cov: 1420 ft: 3954 corp: 81/16Kb lim: 65536 exec/s: 0 rss: 79Mb L: 83/1417 MS: 4 EraseBytes-Custom-ChangeBinInt-Custom-
#186	NEW    cov: 1420 ft: 3954 corp: 80/16Kb lim: 65536 exec/s: 0 rss: 80Mb L: 25/1417 MS: 2 ManualDict-Custom- DE: "protect"-
#187	NEW    cov: 1420 ft: 3962 corp: 81/17Kb lim: 65536 exec/s: 0 rss: 80Mb L: 731/1417 MS: 2 InsertRepeatedBytes-Custom-
#188	NEW    cov: 1420 ft: 3964 corp: 82/17Kb lim: 65536 exec/s: 0 rss: 80Mb L: 301/1417 MS: 1 CustomCrossOver-
#193	NEW    cov: 1420 ft: 3966 corp: 83/18Kb lim: 65536 exec/s: 0 rss: 81Mb L: 731/1417 MS: 6 ManualDict-Custom-CustomCrossOver-CustomCrossOver-CustomCrossOver-CustomCrossOver- DE: "nil"-
#196	NEW    cov: 1420 ft: 3966 corp: 84/18Kb lim: 65536 exec/s: 0 rss: 82Mb L: 191/1417 MS: 6 CopyPart-Custom-InsertRepeatedBytes-Custom-InsertByte-Custom-
#198	NEW    cov: 1420 ft: 3966 corp: 84/18Kb lim: 65536 exec/s: 0 rss: 82Mb L: 60/1417 MS: 2 CustomCrossOver-CustomCrossOver-
#207	NEW    cov: 1420 ft: 3967 corp: 84/18Kb lim: 65536 exec/s: 0 rss: 85Mb L: 65/1417 MS: 6 CustomCrossOver-CustomCrossOver-PersAutoDict-Custom-ChangeBinInt-Custom- DE: "while"-
#209	NEW    cov: 1420 ft: 3970 corp: 85/18Kb lim: 65536 exec/s: 0 rss: 85Mb L: 506/1417 MS: 4 InsertRepeatedBytes-Custom-InsertRepeatedBytes-Custom-
#210	NEW    cov: 1420 ft: 3974 corp: 86/18Kb lim: 65536 exec/s: 0 rss: 86Mb L: 54/1417 MS: 1 CustomCrossOver-
#211	NEW    cov: 1420 ft: 3974 corp: 86/18Kb lim: 65536 exec/s: 0 rss: 86Mb L: 57/1417 MS: 2 ChangeBit-Custom-
#212	NEW    cov: 1420 ft: 3974 corp: 86/18Kb lim: 65536 exec/s: 0 rss: 86Mb L: 48/1417 MS: 1 CustomCrossOver-
#218	NEW    cov: 1423 ft: 3996 corp: 87/18Kb lim: 65536 exec/s: 0 rss: 87Mb L: 35/1417 MS: 2 ManualDict-Custom- DE: "duplicate"-
#219	NEW    cov: 1423 ft: 4016 corp: 87/18Kb lim: 65536 exec/s: 0 rss: 88Mb L: 299/1417 MS: 2 CopyPart-Custom-
#223	NEW    cov: 1423 ft: 4025 corp: 88/18Kb lim: 65536 exec/s: 0 rss: 88Mb L: 82/1417 MS: 7 InsertRepeatedBytes-Custom-EraseBytes-Custom-CustomCrossOver-CopyPart-Custom-
#224	NEW    cov: 1423 ft: 4031 corp: 89/20Kb lim: 65536 exec/s: 0 rss: 89Mb L: 1417/1417 MS: 1 CustomCrossOver-
#228	NEW    cov: 1423 ft: 4033 corp: 90/20Kb lim: 65536 exec/s: 0 rss: 90Mb L: 198/1417 MS: 5 CustomCrossOver-CustomCrossOver-CustomCrossOver-PersAutoDict-Custom- DE: "require"-
#229	NEW    cov: 1423 ft: 4033 corp: 90/20Kb lim: 65536 exec/s: 0 rss: 90Mb L: 21/1417 MS: 2 ChangeBit-Custom-
#234	NEW    cov: 1423 ft: 4034 corp: 91/20Kb lim: 65536 exec/s: 0 rss: 91Mb L: 109/1417 MS: 8 CustomCrossOver-InsertByte-Custom-CopyPart-Custom-CustomCrossOver-ChangeBinInt-Custom-
#235	NEW    cov: 1423 ft: 4039 corp: 92/20Kb lim: 65536 exec/s: 0 rss: 91Mb L: 299/1417 MS: 1 CustomCrossOver-
#236	NEW    cov: 1423 ft: 4040 corp: 93/20Kb lim: 65536 exec/s: 0 rss: 92Mb L: 38/1417 MS: 2 EraseBytes-Custom-
#240	NEW    cov: 1423 ft: 4040 corp: 93/20Kb lim: 65536 exec/s: 0 rss: 93Mb L: 54/1417 MS: 7 CopyPart-Custom-PersAutoDict-Custom-InsertByte-Custom-CustomCrossOver- DE: "require"-
#241	NEW    cov: 1423 ft: 4040 corp: 94/20Kb lim: 65536 exec/s: 0 rss: 93Mb L: 34/1417 MS: 1 CustomCrossOver-
#247	NEW    cov: 1423 ft: 4040 corp: 95/20Kb lim: 65536 exec/s: 0 rss: 94Mb L: 44/1417 MS: 2 EraseBytes-Custom-
#251	NEW    cov: 1423 ft: 4050 corp: 96/20Kb lim: 65536 exec/s: 0 rss: 95Mb L: 494/1417 MS: 6 ChangeBit-Custom-CustomCrossOver-CustomCrossOver-CopyPart-Custom-
#252	NEW    cov: 1423 ft: 4050 corp: 97/20Kb lim: 65536 exec/s: 0 rss: 96Mb L: 54/1417 MS: 1 CustomCrossOver-
#253	NEW    cov: 1423 ft: 4050 corp: 98/20Kb lim: 65536 exec/s: 0 rss: 96Mb L: 48/1417 MS: 2 PersAutoDict-Custom- DE: "duplicate"-
#254	NEW    cov: 1423 ft: 4050 corp: 98/20Kb lim: 65536 exec/s: 0 rss: 96Mb L: 26/1417 MS: 1 CustomCrossOver-
#255	NEW    cov: 1423 ft: 4066 corp: 99/22Kb lim: 65536 exec/s: 0 rss: 96Mb L: 1394/1417 MS: 2 ChangeByte-Custom-
#256	NEW    cov: 1423 ft: 4066 corp: 100/22Kb lim: 65536 exec/s: 0 rss: 96Mb L: 21/1417 MS: 1 CustomCrossOver-
#257	NEW    cov: 1423 ft: 4067 corp: 101/22Kb lim: 65536 exec/s: 0 rss: 97Mb L: 494/1417 MS: 1 CustomCrossOver-
#258	NEW    cov: 1423 ft: 4067 corp: 100/22Kb lim: 65536 exec/s: 0 rss: 97Mb L: 48/1417 MS: 2 EraseBytes-Custom-
#259	NEW    cov: 1423 ft: 4067 corp: 101/22Kb lim: 65536 exec/s: 0 rss: 97Mb L: 35/1417 MS: 2 ManualDict-Custom- DE: "<"-
#261	NEW    cov: 1423 ft: 4069 corp: 102/22Kb lim: 65536 exec/s: 0 rss: 98Mb L: 301/1417 MS: 4 CMP-Custom-ShuffleBytes-Custom- DE: "\001\000\000\000\000\000\000\222"-
#270	NEW    cov: 1423 ft: 4069 corp: 103/23Kb lim: 65536 exec/s: 0 rss: 100Mb L: 763/1417 MS: 7 CrossOver-Custom-PersAutoDict-Custom-CustomCrossOver-CrossOver-Custom- DE: "delete"-
#273	NEW    cov: 1423 ft: 4072 corp: 104/23Kb lim: 65536 exec/s: 0 rss: 101Mb L: 461/1417 MS: 4 CustomCrossOver-CustomCrossOver-CopyPart-Custom-
#274	NEW    cov: 1423 ft: 4074 corp: 105/23Kb lim: 65536 exec/s: 0 rss: 101Mb L: 23/1417 MS: 1 CustomCrossOver-
#275	NEW    cov: 1423 ft: 4074 corp: 106/23Kb lim: 65536 exec/s: 0 rss: 101Mb L: 19/1417 MS: 2 InsertByte-Custom-
#276	NEW    cov: 1423 ft: 4074 corp: 106/23Kb lim: 65536 exec/s: 0 rss: 101Mb L: 12/1417 MS: 2 ChangeBit-Custom-
#277	NEW    cov: 1423 ft: 4076 corp: 107/24Kb lim: 65536 exec/s: 0 rss: 101Mb L: 412/1417 MS: 2 CMP-Custom- DE: "\000\000\000\000\000\000\000\000"-
	NEW_FUNC[1/37]: 0x000000502910 in std::__detail::_Node_const_iterator<std::pair<std::__cxx11::basic_string<char, std::char_traits<char>, std::allocator<char>> const, beez::core::Workflow>, false, true>::operator*() const /usr/bin/../lib/gcc/x86_64-redhat-linux/16/../../../../include/c++/16/bits/hashtable_policy.h:498
	NEW_FUNC[2/37]: 0x000000502d98 in std::tuple_element<0ul, std::pair<std::__cxx11::basic_string<char, std::char_traits<char>, std::allocator<char>> const, beez::core::Workflow>>::type const& std::get<0ul, std::__cxx11::basic_string<char, std::char_traits<char>, std::allocator<char>> const, beez::core::Workflow>(std::pair<std::__cxx11::basic_string<char, std::char_traits<char>, std::allocator<char>> const, beez::core::Workflow> const&) /usr/bin/../lib/gcc/x86_64-redhat-linux/16/../../../../include/c++/16/bits/stl_pair.h:1299
#279	NEW    cov: 1589 ft: 4315 corp: 108/24Kb lim: 65536 exec/s: 0 rss: 103Mb L: 301/1417 MS: 3 ChangeBinInt-Custom-CustomCrossOver-
#280	NEW    cov: 1589 ft: 4322 corp: 109/24Kb lim: 65536 exec/s: 0 rss: 103Mb L: 44/1417 MS: 1 CustomCrossOver-
#281	NEW    cov: 1589 ft: 4322 corp: 108/23Kb lim: 65536 exec/s: 0 rss: 104Mb L: 35/1417 MS: 2 ChangeBit-Custom-
#282	NEW    cov: 1589 ft: 4326 corp: 109/24Kb lim: 65536 exec/s: 0 rss: 104Mb L: 1121/1417 MS: 2 CrossOver-Custom-
#283	NEW    cov: 1589 ft: 4327 corp: 109/24Kb lim: 65536 exec/s: 0 rss: 104Mb L: 44/1417 MS: 2 ShuffleBytes-Custom-
#284	NEW    cov: 1589 ft: 4327 corp: 110/24Kb lim: 65536 exec/s: 0 rss: 105Mb L: 44/1417 MS: 1 CustomCrossOver-
#289	NEW    cov: 1589 ft: 4338 corp: 111/25Kb lim: 65536 exec/s: 0 rss: 106Mb L: 1016/1417 MS: 10 InsertByte-Custom-ManualDict-Custom-InsertRepeatedBytes-Custom-ChangeASCIIInt-Custom-ManualDict-Custom- DE: "\\n"-"all"-
#290	NEW    cov: 1589 ft: 4338 corp: 112/25Kb lim: 65536 exec/s: 0 rss: 106Mb L: 111/1417 MS: 2 InsertByte-Custom-
#291	NEW    cov: 1589 ft: 4338 corp: 113/25Kb lim: 65536 exec/s: 0 rss: 106Mb L: 67/1417 MS: 2 ChangeByte-Custom-
#292	NEW    cov: 1589 ft: 4338 corp: 112/25Kb lim: 65536 exec/s: 0 rss: 106Mb L: 30/1417 MS: 1 CustomCrossOver-
#293	NEW    cov: 1589 ft: 4338 corp: 111/25Kb lim: 65536 exec/s: 0 rss: 107Mb L: 65/1417 MS: 2 ChangeBit-Custom-
#294	NEW    cov: 1589 ft: 4338 corp: 112/25Kb lim: 65536 exec/s: 0 rss: 107Mb L: 21/1417 MS: 1 CustomCrossOver-
#295	NEW    cov: 1589 ft: 4338 corp: 113/25Kb lim: 65536 exec/s: 0 rss: 107Mb L: 121/1417 MS: 2 InsertRepeatedBytes-Custom-
#296	NEW    cov: 1589 ft: 4339 corp: 114/26Kb lim: 65536 exec/s: 0 rss: 107Mb L: 109/1417 MS: 1 CustomCrossOver-
#297	NEW    cov: 1589 ft: 4340 corp: 115/26Kb lim: 65536 exec/s: 0 rss: 108Mb L: 619/1417 MS: 2 CopyPart-Custom-
#298	NEW    cov: 1589 ft: 4343 corp: 115/26Kb lim: 65536 exec/s: 0 rss: 108Mb L: 82/1417 MS: 2 CrossOver-Custom-
#299	NEW    cov: 1589 ft: 4344 corp: 116/27Kb lim: 65536 exec/s: 0 rss: 108Mb L: 1087/1417 MS: 2 ChangeBinInt-Custom-
#300	NEW    cov: 1589 ft: 4344 corp: 116/27Kb lim: 65536 exec/s: 0 rss: 108Mb L: 273/1417 MS: 1 CustomCrossOver-
#301	NEW    cov: 1589 ft: 4344 corp: 116/27Kb lim: 65536 exec/s: 0 rss: 109Mb L: 25/1417 MS: 1 CustomCrossOver-
#302	NEW    cov: 1589 ft: 4344 corp: 117/27Kb lim: 65536 exec/s: 0 rss: 109Mb L: 34/1417 MS: 2 PersAutoDict-Custom- DE: "animation"-
#306	NEW    cov: 1589 ft: 4344 corp: 117/27Kb lim: 65536 exec/s: 0 rss: 110Mb L: 60/1417 MS: 4 CustomCrossOver-CustomCrossOver-CustomCrossOver-CustomCrossOver-
#315	NEW    cov: 1589 ft: 4348 corp: 118/27Kb lim: 65536 exec/s: 0 rss: 112Mb L: 19/1417 MS: 6 CustomCrossOver-ChangeBit-Custom-CMP-Custom-CustomCrossOver- DE: "ram"-
#322	NEW    cov: 1589 ft: 4350 corp: 119/27Kb lim: 65536 exec/s: 0 rss: 114Mb L: 135/1417 MS: 4 InsertRepeatedBytes-Custom-PersAutoDict-Custom- DE: "\001\000\000\000\000\000\000\017"-
#323	NEW    cov: 1589 ft: 4357 corp: 120/28Kb lim: 65536 exec/s: 0 rss: 114Mb L: 732/1417 MS: 2 PersAutoDict-Custom- DE: "require"-
#324	NEW    cov: 1589 ft: 4357 corp: 121/28Kb lim: 65536 exec/s: 0 rss: 115Mb L: 146/1417 MS: 2 CrossOver-Custom-
#326	NEW    cov: 1589 ft: 4369 corp: 121/27Kb lim: 65536 exec/s: 0 rss: 115Mb L: 177/1417 MS: 4 InsertRepeatedBytes-Custom-ManualDict-Custom- DE: "missing-a"-
#327	NEW    cov: 1589 ft: 4370 corp: 122/27Kb lim: 65536 exec/s: 0 rss: 115Mb L: 63/1417 MS: 2 EraseBytes-Custom-
#328	NEW    cov: 1589 ft: 4375 corp: 123/27Kb lim: 65536 exec/s: 0 rss: 116Mb L: 234/1417 MS: 1 CustomCrossOver-
#331	NEW    cov: 1589 ft: 4375 corp: 124/28Kb lim: 65536 exec/s: 0 rss: 116Mb L: 109/1417 MS: 6 ShuffleBytes-Custom-PersAutoDict-Custom-PersAutoDict-Custom- DE: "copy"-"\001\000\000\000\000\000\000\222"-
#332	NEW    cov: 1589 ft: 4376 corp: 125/28Kb lim: 65536 exec/s: 0 rss: 117Mb L: 301/1417 MS: 1 CustomCrossOver-
#338	NEW    cov: 1589 ft: 4376 corp: 124/28Kb lim: 65536 exec/s: 0 rss: 118Mb L: 23/1417 MS: 1 CustomCrossOver-
#339	NEW    cov: 1589 ft: 4376 corp: 124/28Kb lim: 65536 exec/s: 0 rss: 118Mb L: 38/1417 MS: 2 PersAutoDict-Custom- DE: "\001\000\000\000\000\000\000\017"-
#340	NEW    cov: 1589 ft: 4382 corp: 124/28Kb lim: 65536 exec/s: 0 rss: 118Mb L: 44/1417 MS: 2 ChangeBit-Custom-
#341	NEW    cov: 1589 ft: 4382 corp: 122/27Kb lim: 65536 exec/s: 0 rss: 118Mb L: 48/1417 MS: 1 CustomCrossOver-
#342	NEW    cov: 1589 ft: 4386 corp: 123/27Kb lim: 65536 exec/s: 0 rss: 119Mb L: 301/1417 MS: 1 CustomCrossOver-
#343	NEW    cov: 1589 ft: 4392 corp: 123/27Kb lim: 65536 exec/s: 0 rss: 119Mb L: 13/1417 MS: 2 CrossOver-Custom-
#344	NEW    cov: 1589 ft: 4394 corp: 123/27Kb lim: 65536 exec/s: 0 rss: 119Mb L: 81/1417 MS: 2 CopyPart-Custom-
#345	NEW    cov: 1589 ft: 4394 corp: 122/27Kb lim: 65536 exec/s: 0 rss: 119Mb L: 23/1417 MS: 2 InsertByte-Custom-
#346	NEW    cov: 1589 ft: 4398 corp: 123/27Kb lim: 65536 exec/s: 0 rss: 120Mb L: 25/1417 MS: 2 ManualDict-Custom- DE: "count"-
#348	NEW    cov: 1589 ft: 4400 corp: 124/27Kb lim: 65536 exec/s: 0 rss: 120Mb L: 310/1417 MS: 4 PersAutoDict-Custom-ManualDict-Custom- DE: "duplicate"-"task-"-
#354	NEW    cov: 1589 ft: 4401 corp: 124/27Kb lim: 65536 exec/s: 0 rss: 121Mb L: 24/1417 MS: 2 ChangeBit-Custom-
#355	NEW    cov: 1589 ft: 4403 corp: 125/27Kb lim: 65536 exec/s: 0 rss: 121Mb L: 302/1417 MS: 2 InsertByte-Custom-
#357	NEW    cov: 1589 ft: 4403 corp: 126/27Kb lim: 65536 exec/s: 0 rss: 122Mb L: 68/1417 MS: 2 CustomCrossOver-CustomCrossOver-
#365	NEW    cov: 1589 ft: 4403 corp: 127/27Kb lim: 65536 exec/s: 0 rss: 124Mb L: 22/1417 MS: 4 ChangeBinInt-Custom-CustomCrossOver-CustomCrossOver-
#366	NEW    cov: 1589 ft: 4406 corp: 128/27Kb lim: 65536 exec/s: 0 rss: 124Mb L: 83/1417 MS: 2 ShuffleBytes-Custom-
#369	NEW    cov: 1589 ft: 4408 corp: 129/28Kb lim: 65536 exec/s: 0 rss: 125Mb L: 864/1417 MS: 5 ChangeBinInt-Custom-CustomCrossOver-ChangeBinInt-Custom-
#370	NEW    cov: 1589 ft: 4413 corp: 129/28Kb lim: 65536 exec/s: 0 rss: 125Mb L: 18/1417 MS: 1 CustomCrossOver-
#371	NEW    cov: 1589 ft: 4413 corp: 129/28Kb lim: 65536 exec/s: 0 rss: 125Mb L: 23/1417 MS: 1 CustomCrossOver-
#372	NEW    cov: 1589 ft: 4413 corp: 129/28Kb lim: 65536 exec/s: 0 rss: 126Mb L: 35/1417 MS: 1 CustomCrossOver-
#373	NEW    cov: 1589 ft: 4413 corp: 129/28Kb lim: 65536 exec/s: 0 rss: 126Mb L: 61/1417 MS: 1 CustomCrossOver-
#374	NEW    cov: 1589 ft: 4413 corp: 130/28Kb lim: 65536 exec/s: 0 rss: 126Mb L: 30/1417 MS: 2 ChangeBit-Custom-
#375	NEW    cov: 1589 ft: 4414 corp: 130/28Kb lim: 65536 exec/s: 0 rss: 126Mb L: 23/1417 MS: 2 ChangeBinInt-Custom-
#376	NEW    cov: 1589 ft: 4414 corp: 130/28Kb lim: 65536 exec/s: 0 rss: 126Mb L: 42/1417 MS: 2 EraseBytes-Custom-
#377	NEW    cov: 1589 ft: 4414 corp: 130/28Kb lim: 65536 exec/s: 0 rss: 127Mb L: 65/1417 MS: 1 CustomCrossOver-
#378	NEW    cov: 1589 ft: 4414 corp: 130/28Kb lim: 65536 exec/s: 0 rss: 127Mb L: 23/1417 MS: 2 ChangeBit-Custom-
#380	NEW    cov: 1589 ft: 4414 corp: 131/28Kb lim: 65536 exec/s: 0 rss: 127Mb L: 23/1417 MS: 2 CustomCrossOver-CustomCrossOver-
#385	NEW    cov: 1589 ft: 4417 corp: 132/28Kb lim: 65536 exec/s: 0 rss: 129Mb L: 880/1417 MS: 8 CustomCrossOver-ShuffleBytes-Custom-ChangeBinInt-Custom-CrossOver-Custom-CustomCrossOver-
#386	NEW    cov: 1589 ft: 4417 corp: 133/28Kb lim: 65536 exec/s: 0 rss: 129Mb L: 41/1417 MS: 1 CustomCrossOver-
#387	NEW    cov: 1589 ft: 4417 corp: 134/29Kb lim: 65536 exec/s: 0 rss: 129Mb L: 68/1417 MS: 2 ManualDict-Custom- DE: "require"-
#388	NEW    cov: 1589 ft: 4417 corp: 135/29Kb lim: 65536 exec/s: 0 rss: 129Mb L: 18/1417 MS: 1 CustomCrossOver-
#389	NEW    cov: 1589 ft: 4417 corp: 136/29Kb lim: 65536 exec/s: 0 rss: 130Mb L: 68/1417 MS: 1 CustomCrossOver-
#390	NEW    cov: 1590 ft: 4433 corp: 135/28Kb lim: 65536 exec/s: 0 rss: 130Mb L: 30/1417 MS: 2 EraseBytes-Custom-
#391	NEW    cov: 1590 ft: 4433 corp: 135/28Kb lim: 65536 exec/s: 0 rss: 130Mb L: 130/1417 MS: 2 ManualDict-Custom- DE: "level"-
#392	NEW    cov: 1590 ft: 4433 corp: 135/28Kb lim: 65536 exec/s: 0 rss: 130Mb L: 57/1417 MS: 1 CustomCrossOver-
#393	NEW    cov: 1590 ft: 4433 corp: 134/28Kb lim: 65536 exec/s: 0 rss: 131Mb L: 22/1417 MS: 1 CustomCrossOver-
#394	NEW    cov: 1590 ft: 4435 corp: 135/28Kb lim: 65536 exec/s: 0 rss: 131Mb L: 82/1417 MS: 1 CustomCrossOver-
#395	NEW    cov: 1590 ft: 4439 corp: 136/30Kb lim: 65536 exec/s: 0 rss: 131Mb L: 1417/1417 MS: 2 ChangeBit-Custom-
#397	NEW    cov: 1590 ft: 4441 corp: 136/30Kb lim: 65536 exec/s: 0 rss: 131Mb L: 26/1417 MS: 3 CustomCrossOver-EraseBytes-Custom-
#398	NEW    cov: 1590 ft: 4442 corp: 137/30Kb lim: 65536 exec/s: 0 rss: 132Mb L: 76/1417 MS: 2 ChangeBit-Custom-
#399	NEW    cov: 1590 ft: 4442 corp: 137/30Kb lim: 65536 exec/s: 0 rss: 132Mb L: 65/1417 MS: 1 CustomCrossOver-
#400	NEW    cov: 1590 ft: 4443 corp: 138/30Kb lim: 65536 exec/s: 0 rss: 132Mb L: 82/1417 MS: 1 CustomCrossOver-
#406	NEW    cov: 1590 ft: 4443 corp: 138/30Kb lim: 65536 exec/s: 0 rss: 133Mb L: 63/1417 MS: 1 CustomCrossOver-
#412	NEW    cov: 1590 ft: 4448 corp: 138/29Kb lim: 65536 exec/s: 0 rss: 135Mb L: 69/1417 MS: 2 CMP-Custom- DE: "temp"-
#415	NEW    cov: 1590 ft: 4450 corp: 139/30Kb lim: 65536 exec/s: 0 rss: 136Mb L: 171/1417 MS: 4 CustomCrossOver-CustomCrossOver-ManualDict-Custom- DE: "dotenv_overrides_system"-
#416	NEW    cov: 1590 ft: 4455 corp: 139/29Kb lim: 65536 exec/s: 0 rss: 136Mb L: 253/1417 MS: 2 CrossOver-Custom-
#419	NEW    cov: 1590 ft: 4461 corp: 138/29Kb lim: 65536 exec/s: 0 rss: 137Mb L: 41/1417 MS: 4 CustomCrossOver-ChangeBinInt-Custom-CustomCrossOver-
#420	NEW    cov: 1590 ft: 4461 corp: 138/29Kb lim: 65536 exec/s: 0 rss: 137Mb L: 189/1417 MS: 2 CopyPart-Custom-
#421	NEW    cov: 1590 ft: 4461 corp: 138/29Kb lim: 65536 exec/s: 0 rss: 137Mb L: 21/1417 MS: 1 CustomCrossOver-
#423	NEW    cov: 1590 ft: 4461 corp: 139/30Kb lim: 65536 exec/s: 0 rss: 138Mb L: 732/1417 MS: 2 CustomCrossOver-CustomCrossOver-
#424	NEW    cov: 1590 ft: 4461 corp: 140/30Kb lim: 65536 exec/s: 0 rss: 138Mb L: 186/1417 MS: 2 PersAutoDict-Custom- DE: "missing-a"-
#425	NEW    cov: 1590 ft: 4464 corp: 141/30Kb lim: 65536 exec/s: 0 rss: 138Mb L: 47/1417 MS: 2 InsertByte-Custom-
#426	NEW    cov: 1590 ft: 4464 corp: 142/30Kb lim: 65536 exec/s: 0 rss: 138Mb L: 301/1417 MS: 1 CustomCrossOver-
#428	NEW    cov: 1590 ft: 4464 corp: 143/30Kb lim: 65536 exec/s: 0 rss: 139Mb L: 25/1417 MS: 3 ChangeBinInt-Custom-CustomCrossOver-
#429	NEW    cov: 1590 ft: 4464 corp: 144/30Kb lim: 65536 exec/s: 0 rss: 139Mb L: 61/1417 MS: 1 CustomCrossOver-
#430	NEW    cov: 1590 ft: 4467 corp: 145/30Kb lim: 65536 exec/s: 0 rss: 139Mb L: 68/1417 MS: 1 CustomCrossOver-
#435	NEW    cov: 1590 ft: 4467 corp: 146/30Kb lim: 65536 exec/s: 0 rss: 141Mb L: 41/1417 MS: 7 CustomCrossOver-CustomCrossOver-InsertByte-Custom-PersAutoDict-Custom-CustomCrossOver- DE: "missing-a"-
#441	NEW    cov: 1590 ft: 4467 corp: 147/31Kb lim: 65536 exec/s: 0 rss: 142Mb L: 72/1417 MS: 2 InsertRepeatedBytes-Custom-
#447	NEW    cov: 1590 ft: 4467 corp: 147/30Kb lim: 65536 exec/s: 0 rss: 143Mb L: 25/1417 MS: 2 InsertByte-Custom-
#452	NEW    cov: 1590 ft: 4467 corp: 147/30Kb lim: 65536 exec/s: 0 rss: 145Mb L: 38/1417 MS: 8 ChangeBit-Custom-CustomCrossOver-InsertRepeatedBytes-Custom-PersAutoDict-Custom-CustomCrossOver- DE: "dotenv_overrides_system"-
#454	NEW    cov: 1590 ft: 4467 corp: 147/30Kb lim: 65536 exec/s: 0 rss: 145Mb L: 34/1417 MS: 3 CustomCrossOver-CMP-Custom- DE: "sol.sol::func"-
#455	NEW    cov: 1590 ft: 4468 corp: 148/31Kb lim: 65536 exec/s: 0 rss: 145Mb L: 506/1417 MS: 2 ChangeBit-Custom-
#466	NEW    cov: 1590 ft: 4468 corp: 148/30Kb lim: 65536 exec/s: 0 rss: 148Mb L: 340/1417 MS: 2 InsertRepeatedBytes-Custom-
#469	NEW    cov: 1590 ft: 4468 corp: 148/30Kb lim: 65536 exec/s: 0 rss: 149Mb L: 336/1417 MS: 6 ChangeByte-Custom-PersAutoDict-Custom-EraseBytes-Custom- DE: "level"-
#470	NEW    cov: 1590 ft: 4470 corp: 149/31Kb lim: 65536 exec/s: 0 rss: 149Mb L: 68/1417 MS: 1 CustomCrossOver-
#471	NEW    cov: 1590 ft: 4470 corp: 148/30Kb lim: 65536 exec/s: 0 rss: 149Mb L: 47/1417 MS: 1 CustomCrossOver-
#472	NEW    cov: 1590 ft: 4470 corp: 149/30Kb lim: 65536 exec/s: 0 rss: 149Mb L: 31/1417 MS: 2 InsertByte-Custom-
#479	NEW    cov: 1590 ft: 4470 corp: 150/30Kb lim: 65536 exec/s: 0 rss: 151Mb L: 61/1417 MS: 3 CustomCrossOver-ShuffleBytes-Custom-
#481	NEW    cov: 1590 ft: 4473 corp: 151/32Kb lim: 65536 exec/s: 0 rss: 151Mb L: 1417/1417 MS: 3 PersAutoDict-Custom-CustomCrossOver- DE: "nil"-
#482	NEW    cov: 1590 ft: 4474 corp: 150/32Kb lim: 65536 exec/s: 0 rss: 152Mb L: 18/1417 MS: 1 CustomCrossOver-
#483	NEW    cov: 1590 ft: 4475 corp: 150/32Kb lim: 65536 exec/s: 0 rss: 152Mb L: 1079/1417 MS: 1 CustomCrossOver-
#486	NEW    cov: 1590 ft: 4476 corp: 151/33Kb lim: 65536 exec/s: 0 rss: 152Mb L: 1481/1481 MS: 5 CustomCrossOver-InsertByte-Custom-InsertRepeatedBytes-Custom-
#493	NEW    cov: 1590 ft: 4478 corp: 152/35Kb lim: 65536 exec/s: 0 rss: 154Mb L: 1661/1661 MS: 4 ChangeASCIIInt-Custom-CopyPart-Custom-
#495	NEW    cov: 1590 ft: 4481 corp: 151/33Kb lim: 65536 exec/s: 0 rss: 155Mb L: 741/1661 MS: 3 CustomCrossOver-CMP-Custom- DE: "\027\000\000\000\000\000\000\000"-
#506	NEW    cov: 1590 ft: 4481 corp: 151/33Kb lim: 65536 exec/s: 0 rss: 157Mb L: 61/1661 MS: 2 CMP-Custom- DE: "to_case"-
#512	NEW    cov: 1590 ft: 4485 corp: 151/33Kb lim: 65536 exec/s: 0 rss: 158Mb L: 32/1661 MS: 2 PersAutoDict-Custom- DE: "sol.sol::func"-
#513	NEW    cov: 1590 ft: 4485 corp: 151/33Kb lim: 65536 exec/s: 0 rss: 158Mb L: 41/1661 MS: 1 CustomCrossOver-
#515	NEW    cov: 1590 ft: 4485 corp: 151/33Kb lim: 65536 exec/s: 0 rss: 159Mb L: 549/1661 MS: 4 CopyPart-Custom-CrossOver-Custom-
#521	NEW    cov: 1590 ft: 4485 corp: 152/33Kb lim: 65536 exec/s: 0 rss: 160Mb L: 440/1661 MS: 2 InsertRepeatedBytes-Custom-
#522	NEW    cov: 1590 ft: 4486 corp: 153/33Kb lim: 65536 exec/s: 0 rss: 161Mb L: 84/1661 MS: 2 ShuffleBytes-Custom-
#538	NEW    cov: 1590 ft: 4486 corp: 153/33Kb lim: 65536 exec/s: 0 rss: 164Mb L: 45/1661 MS: 2 ChangeBinInt-Custom-
#541	NEW    cov: 1590 ft: 4486 corp: 154/33Kb lim: 65536 exec/s: 0 rss: 165Mb L: 69/1661 MS: 6 ChangeBinInt-Custom-ShuffleBytes-Custom-InsertByte-Custom-
#542	NEW    cov: 1590 ft: 4488 corp: 153/32Kb lim: 65536 exec/s: 0 rss: 165Mb L: 309/1661 MS: 2 CopyPart-Custom-
#548	NEW    cov: 1590 ft: 4488 corp: 154/32Kb lim: 65536 exec/s: 0 rss: 166Mb L: 23/1661 MS: 2 CMP-Custom- DE: "\001\003"-
#549	NEW    cov: 1590 ft: 4489 corp: 155/32Kb lim: 65536 exec/s: 0 rss: 167Mb L: 82/1661 MS: 2 ShuffleBytes-Custom-
#550	NEW    cov: 1590 ft: 4492 corp: 155/31Kb lim: 65536 exec/s: 0 rss: 167Mb L: 135/1661 MS: 2 ChangeBit-Custom-
#552	NEW    cov: 1590 ft: 4493 corp: 156/32Kb lim: 65536 exec/s: 0 rss: 167Mb L: 1172/1661 MS: 4 PersAutoDict-Custom-InsertRepeatedBytes-Custom- DE: "all"-
#553	NEW    cov: 1590 ft: 4493 corp: 156/32Kb lim: 65536 exec/s: 0 rss: 168Mb L: 18/1661 MS: 1 CustomCrossOver-
#564	NEW    cov: 1590 ft: 4493 corp: 157/32Kb lim: 65536 exec/s: 0 rss: 170Mb L: 24/1661 MS: 2 ChangeBinInt-Custom-
#565	NEW    cov: 1590 ft: 4494 corp: 157/32Kb lim: 65536 exec/s: 0 rss: 171Mb L: 1435/1661 MS: 2 CrossOver-Custom-
#571	NEW    cov: 1590 ft: 4501 corp: 157/32Kb lim: 65536 exec/s: 0 rss: 172Mb L: 25/1661 MS: 2 ChangeByte-Custom-
#573	NEW    cov: 1590 ft: 4501 corp: 156/31Kb lim: 65536 exec/s: 0 rss: 173Mb L: 107/1661 MS: 4 ChangeBit-Custom-CopyPart-Custom-
#574	NEW    cov: 1590 ft: 4501 corp: 157/32Kb lim: 65536 exec/s: 0 rss: 173Mb L: 69/1661 MS: 2 InsertByte-Custom-
#575	NEW    cov: 1590 ft: 4501 corp: 157/31Kb lim: 65536 exec/s: 0 rss: 173Mb L: 20/1661 MS: 2 PersAutoDict-Custom- DE: "ram"-
#577	NEW    cov: 1590 ft: 4501 corp: 157/31Kb lim: 65536 exec/s: 0 rss: 174Mb L: 83/1661 MS: 3 CustomCrossOver-ChangeBinInt-Custom-
#578	NEW    cov: 1590 ft: 4501 corp: 157/31Kb lim: 65536 exec/s: 0 rss: 174Mb L: 41/1661 MS: 1 CustomCrossOver-
#581	NEW    cov: 1590 ft: 4502 corp: 158/31Kb lim: 65536 exec/s: 0 rss: 175Mb L: 48/1661 MS: 5 InsertByte-Custom-ChangeBit-Custom-CustomCrossOver-
#586	NEW    cov: 1590 ft: 4502 corp: 159/31Kb lim: 65536 exec/s: 0 rss: 176Mb L: 19/1661 MS: 8 PersAutoDict-Custom-CrossOver-Custom-ShuffleBytes-Custom-CustomCrossOver-CustomCrossOver- DE: "<"-
#587	NEW    cov: 1590 ft: 4516 corp: 160/31Kb lim: 65536 exec/s: 0 rss: 176Mb L: 131/1661 MS: 2 InsertRepeatedBytes-Custom-
#590	NEW    cov: 1590 ft: 4516 corp: 160/31Kb lim: 65536 exec/s: 0 rss: 177Mb L: 96/1661 MS: 6 InsertRepeatedBytes-Custom-CMP-Custom-InsertByte-Custom- DE: "\002\000\000\000\000\000\000\000"-
#591	NEW    cov: 1590 ft: 4516 corp: 161/31Kb lim: 65536 exec/s: 0 rss: 177Mb L: 18/1661 MS: 2 ShuffleBytes-Custom-
#592	NEW    cov: 1590 ft: 4516 corp: 162/31Kb lim: 65536 exec/s: 0 rss: 177Mb L: 32/1661 MS: 1 CustomCrossOver-
#595	NEW    cov: 1590 ft: 4516 corp: 162/31Kb lim: 65536 exec/s: 0 rss: 178Mb L: 23/1661 MS: 4 CrossOver-Custom-CustomCrossOver-CustomCrossOver-
#596	NEW    cov: 1590 ft: 4517 corp: 163/32Kb lim: 65536 exec/s: 0 rss: 178Mb L: 732/1661 MS: 2 ChangeByte-Custom-
#597	NEW    cov: 1590 ft: 4517 corp: 164/32Kb lim: 65536 exec/s: 0 rss: 179Mb L: 13/1661 MS: 2 EraseBytes-Custom-
#598	NEW    cov: 1590 ft: 4532 corp: 165/32Kb lim: 65536 exec/s: 0 rss: 179Mb L: 506/1661 MS: 1 CustomCrossOver-
#603	NEW    cov: 1590 ft: 4532 corp: 164/32Kb lim: 65536 exec/s: 0 rss: 180Mb L: 63/1661 MS: 7 CustomCrossOver-CustomCrossOver-InsertRepeatedBytes-Custom-CustomCrossOver-PersAutoDict-Custom- DE: "\001\003"-
#604	NEW    cov: 1590 ft: 4532 corp: 163/32Kb lim: 65536 exec/s: 0 rss: 180Mb L: 18/1661 MS: 2 CopyPart-Custom-
#606	NEW    cov: 1590 ft: 4532 corp: 161/31Kb lim: 65536 exec/s: 0 rss: 181Mb L: 46/1661 MS: 4 PersAutoDict-Custom-CMP-Custom- DE: "\001\003"-"\000\000\000\000\000\000\000\021"-
#610	NEW    cov: 1590 ft: 4532 corp: 162/31Kb lim: 65536 exec/s: 0 rss: 181Mb L: 312/1661 MS: 8 InsertByte-Custom-CMP-Custom-ChangeByte-Custom-InsertByte-Custom- DE: "\000\000\000\000\000\000\000\000"-
#611	NEW    cov: 1590 ft: 4537 corp: 163/33Kb lim: 65536 exec/s: 0 rss: 182Mb L: 1417/1661 MS: 1 CustomCrossOver-
#614	NEW    cov: 1590 ft: 4539 corp: 164/34Kb lim: 65536 exec/s: 0 rss: 183Mb L: 1601/1661 MS: 6 EraseBytes-Custom-ChangeBit-Custom-ChangeBit-Custom-
#620	NEW    cov: 1590 ft: 4539 corp: 165/34Kb lim: 65536 exec/s: 0 rss: 184Mb L: 21/1661 MS: 1 CustomCrossOver-
#622	NEW    cov: 1590 ft: 4539 corp: 165/34Kb lim: 65536 exec/s: 0 rss: 184Mb L: 33/1661 MS: 4 CopyPart-Custom-EraseBytes-Custom-
#629	NEW    cov: 1590 ft: 4539 corp: 166/34Kb lim: 65536 exec/s: 0 rss: 186Mb L: 41/1661 MS: 4 ChangeByte-Custom-ManualDict-Custom- DE: "run"-
#635	NEW    cov: 1590 ft: 4539 corp: 167/34Kb lim: 65536 exec/s: 0 rss: 187Mb L: 33/1661 MS: 2 ChangeBinInt-Custom-
#636	NEW    cov: 1590 ft: 4539 corp: 167/34Kb lim: 65536 exec/s: 0 rss: 187Mb L: 31/1661 MS: 2 EraseBytes-Custom-
#637	NEW    cov: 1590 ft: 4539 corp: 167/34Kb lim: 65536 exec/s: 0 rss: 188Mb L: 47/1661 MS: 1 CustomCrossOver-
#638	NEW    cov: 1590 ft: 4539 corp: 168/34Kb lim: 65536 exec/s: 0 rss: 188Mb L: 20/1661 MS: 2 ChangeByte-Custom-
#639	NEW    cov: 1590 ft: 4539 corp: 169/34Kb lim: 65536 exec/s: 0 rss: 188Mb L: 18/1661 MS: 2 ShuffleBytes-Custom-
#641	NEW    cov: 1590 ft: 4540 corp: 169/34Kb lim: 65536 exec/s: 0 rss: 189Mb L: 47/1661 MS: 2 CustomCrossOver-CustomCrossOver-
#643	NEW    cov: 1590 ft: 4540 corp: 169/34Kb lim: 65536 exec/s: 0 rss: 189Mb L: 27/1661 MS: 4 CopyPart-Custom-PersAutoDict-Custom- DE: "\000\000\000\000\000\000\000\021"-
#645	NEW    cov: 1590 ft: 4541 corp: 170/34Kb lim: 65536 exec/s: 0 rss: 189Mb L: 25/1661 MS: 4 ChangeBinInt-Custom-ManualDict-Custom- DE: "NOLINT"-
#646	NEW    cov: 1590 ft: 4541 corp: 170/34Kb lim: 65536 exec/s: 0 rss: 190Mb L: 34/1661 MS: 2 ChangeBinInt-Custom-
#653	NEW    cov: 1590 ft: 4541 corp: 169/34Kb lim: 65536 exec/s: 0 rss: 191Mb L: 49/1661 MS: 4 ChangeByte-Custom-EraseBytes-Custom-
#655	NEW    cov: 1590 ft: 4541 corp: 170/34Kb lim: 65536 exec/s: 0 rss: 192Mb L: 474/1661 MS: 4 ManualDict-Custom-EraseBytes-Custom- DE: "buildScriptPath"-
#656	NEW    cov: 1590 ft: 4543 corp: 171/34Kb lim: 65536 exec/s: 0 rss: 192Mb L: 26/1661 MS: 2 CopyPart-Custom-
#658	NEW    cov: 1590 ft: 4543 corp: 170/34Kb lim: 65536 exec/s: 0 rss: 193Mb L: 67/1661 MS: 3 CustomCrossOver-CMP-Custom- DE: "\377\377\377\377@\275\352c"-
#662	NEW    cov: 1590 ft: 4543 corp: 170/33Kb lim: 65536 exec/s: 662 rss: 193Mb L: 135/1661 MS: 7 CrossOver-Custom-EraseBytes-Custom-InsertByte-Custom-CustomCrossOver-
#663	NEW    cov: 1590 ft: 4543 corp: 171/33Kb lim: 65536 exec/s: 663 rss: 194Mb L: 18/1661 MS: 1 CustomCrossOver-
#664	NEW    cov: 1590 ft: 4543 corp: 171/33Kb lim: 65536 exec/s: 664 rss: 194Mb L: 25/1661 MS: 2 EraseBytes-Custom-
#670	NEW    cov: 1590 ft: 4543 corp: 171/33Kb lim: 65536 exec/s: 670 rss: 195Mb L: 135/1661 MS: 1 CustomCrossOver-
#672	NEW    cov: 1590 ft: 4543 corp: 172/33Kb lim: 65536 exec/s: 672 rss: 196Mb L: 302/1661 MS: 4 ChangeBinInt-Custom-ChangeBit-Custom-
#674	NEW    cov: 1590 ft: 4544 corp: 173/34Kb lim: 65536 exec/s: 674 rss: 196Mb L: 740/1661 MS: 3 CustomCrossOver-CMP-Custom- DE: "\377\377\377\377\377\377\377\012"-
#676	NEW    cov: 1590 ft: 4545 corp: 173/34Kb lim: 65536 exec/s: 676 rss: 197Mb L: 12/1661 MS: 3 ManualDict-Custom-CustomCrossOver- DE: "validateConsistent"-
#682	NEW    cov: 1590 ft: 4545 corp: 174/35Kb lim: 65536 exec/s: 682 rss: 198Mb L: 739/1661 MS: 2 ManualDict-Custom- DE: "pattern"-
#684	NEW    cov: 1590 ft: 4545 corp: 175/35Kb lim: 65536 exec/s: 684 rss: 198Mb L: 23/1661 MS: 2 CustomCrossOver-CustomCrossOver-
#686	NEW    cov: 1590 ft: 4545 corp: 176/35Kb lim: 65536 exec/s: 686 rss: 199Mb L: 71/1661 MS: 4 ChangeBit-Custom-ChangeASCIIInt-Custom-
#687	NEW    cov: 1590 ft: 4545 corp: 177/35Kb lim: 65536 exec/s: 687 rss: 199Mb L: 33/1661 MS: 1 CustomCrossOver-
#690	NEW    cov: 1590 ft: 4545 corp: 177/35Kb lim: 65536 exec/s: 690 rss: 200Mb L: 96/1661 MS: 6 EraseBytes-Custom-ManualDict-Custom-ManualDict-Custom- DE: "mode"-"repeat"-
#691	NEW    cov: 1590 ft: 4545 corp: 178/35Kb lim: 65536 exec/s: 691 rss: 200Mb L: 30/1661 MS: 1 CustomCrossOver-
#692	NEW    cov: 1590 ft: 4545 corp: 178/34Kb lim: 65536 exec/s: 692 rss: 200Mb L: 211/1661 MS: 2 CopyPart-Custom-
#693	NEW    cov: 1590 ft: 4546 corp: 177/34Kb lim: 65536 exec/s: 693 rss: 201Mb L: 521/1661 MS: 2 ChangeBit-Custom-
#695	NEW    cov: 1590 ft: 4546 corp: 177/34Kb lim: 65536 exec/s: 695 rss: 201Mb L: 44/1661 MS: 2 CustomCrossOver-CustomCrossOver-
#696	NEW    cov: 1590 ft: 4546 corp: 178/34Kb lim: 65536 exec/s: 696 rss: 201Mb L: 31/1661 MS: 2 PersAutoDict-Custom- DE: "\000\000\000\000\000\000\000\021"-
#707	NEW    cov: 1590 ft: 4546 corp: 179/34Kb lim: 65536 exec/s: 707 rss: 204Mb L: 31/1661 MS: 1 CustomCrossOver-
#711	NEW    cov: 1590 ft: 4546 corp: 180/34Kb lim: 65536 exec/s: 711 rss: 205Mb L: 126/1661 MS: 8 ChangeByte-Custom-ChangeByte-Custom-EraseBytes-Custom-EraseBytes-Custom-
#717	NEW    cov: 1590 ft: 4546 corp: 180/34Kb lim: 65536 exec/s: 717 rss: 206Mb L: 12/1661 MS: 2 ChangeBit-Custom-
#720	NEW    cov: 1590 ft: 4546 corp: 181/34Kb lim: 65536 exec/s: 720 rss: 207Mb L: 58/1661 MS: 4 CustomCrossOver-CustomCrossOver-CMP-Custom- DE: "not enough "-
#722	NEW    cov: 1590 ft: 4547 corp: 182/34Kb lim: 65536 exec/s: 722 rss: 207Mb L: 45/1661 MS: 2 CustomCrossOver-CustomCrossOver-
#724	NEW    cov: 1590 ft: 4547 corp: 182/34Kb lim: 65536 exec/s: 724 rss: 208Mb L: 40/1661 MS: 4 ChangeBinInt-Custom-EraseBytes-Custom-
#729	NEW    cov: 1590 ft: 4548 corp: 182/34Kb lim: 65536 exec/s: 729 rss: 209Mb L: 131/1661 MS: 8 CustomCrossOver-InsertRepeatedBytes-Custom-CopyPart-Custom-ChangeBit-Custom-CustomCrossOver-
#730	NEW    cov: 1590 ft: 4548 corp: 182/34Kb lim: 65536 exec/s: 730 rss: 209Mb L: 32/1661 MS: 2 InsertByte-Custom-
#735	NEW    cov: 1590 ft: 4548 corp: 183/34Kb lim: 65536 exec/s: 735 rss: 210Mb L: 39/1661 MS: 10 CopyPart-Custom-InsertByte-Custom-PersAutoDict-Custom-ChangeBinInt-Custom-ChangeBit-Custom- DE: "NOLINT"-
#736	NEW    cov: 1590 ft: 4548 corp: 184/34Kb lim: 65536 exec/s: 736 rss: 210Mb L: 76/1661 MS: 2 PersAutoDict-Custom- DE: "\000\000\000\000\000\000\000\000"-
#738	NEW    cov: 1590 ft: 4548 corp: 183/34Kb lim: 65536 exec/s: 738 rss: 211Mb L: 16/1661 MS: 4 ChangeByte-Custom-EraseBytes-Custom-
#741	NEW    cov: 1590 ft: 4552 corp: 183/33Kb lim: 65536 exec/s: 741 rss: 211Mb L: 217/1661 MS: 5 CustomCrossOver-CrossOver-Custom-InsertRepeatedBytes-Custom-
#742	NEW    cov: 1590 ft: 4552 corp: 183/33Kb lim: 65536 exec/s: 742 rss: 212Mb L: 89/1661 MS: 2 ChangeBit-Custom-
#743	NEW    cov: 1590 ft: 4552 corp: 184/33Kb lim: 65536 exec/s: 743 rss: 212Mb L: 31/1661 MS: 2 ShuffleBytes-Custom-
#747	NEW    cov: 1590 ft: 4556 corp: 185/33Kb lim: 65536 exec/s: 747 rss: 213Mb L: 880/1661 MS: 5 ManualDict-Custom-CustomCrossOver-CustomCrossOver-CustomCrossOver- DE: "inputs"-
#755	NEW    cov: 1590 ft: 4557 corp: 186/34Kb lim: 65536 exec/s: 755 rss: 215Mb L: 475/1661 MS: 6 ChangeByte-Custom-ChangeBinInt-Custom-ChangeByte-Custom-
Loaded 1024/1387 files from report/fuzz/corpus/lua_dsl
	NEW_FUNC[1/4]: 0x00000050bc50 in std::shared_ptr<beez::core::StepConfig const>::~shared_ptr() /usr/bin/../lib/gcc/x86_64-redhat-linux/16/../../../../include/c++/16/bits/shared_ptr.h:175
	NEW_FUNC[2/4]: 0x00000050bd20 in std::__shared_ptr<beez::core::StepConfig const, (__gnu_cxx::_Lock_policy)2>::~__shared_ptr() /usr/bin/../lib/gcc/x86_64-redhat-linux/16/../../../../include/c++/16/bits/shared_ptr_base.h:1610
#1924	RELOAD cov: 1606 ft: 5405 corp: 309/40Kb lim: 65536 exec/s: 962 rss: 483Mb
#1925	NEW    cov: 1606 ft: 5405 corp: 310/40Kb lim: 65536 exec/s: 962 rss: 483Mb L: 9/2122 MS: 2 EraseBytes-Custom-
#1936	NEW    cov: 1606 ft: 5405 corp: 311/40Kb lim: 65536 exec/s: 968 rss: 486Mb L: 10/2122 MS: 1 CustomCrossOver-
#1942	NEW    cov: 1606 ft: 5405 corp: 310/40Kb lim: 65536 exec/s: 971 rss: 487Mb L: 13/2122 MS: 1 CustomCrossOver-
#1953	NEW    cov: 1606 ft: 5405 corp: 311/40Kb lim: 65536 exec/s: 976 rss: 490Mb L: 10/2122 MS: 1 CustomCrossOver-
#1971	NEW    cov: 1606 ft: 5410 corp: 312/40Kb lim: 65536 exec/s: 985 rss: 494Mb L: 121/2122 MS: 4 CustomCrossOver-ManualDict-Custom-CustomCrossOver- DE: "icons"-
#1979	NEW    cov: 1606 ft: 5410 corp: 312/40Kb lim: 65536 exec/s: 989 rss: 496Mb L: 1027/2122 MS: 6 PersAutoDict-Custom-CopyPart-Custom-EraseBytes-Custom- DE: "task-"-
#1984	NEW    cov: 1606 ft: 5410 corp: 311/40Kb lim: 65536 exec/s: 992 rss: 497Mb L: 17/2122 MS: 10 PersAutoDict-Custom-EraseBytes-Custom-ManualDict-Custom-ChangeByte-Custom-EraseBytes-Custom- DE: "repeat"-"["-
#1986	NEW    cov: 1606 ft: 5411 corp: 311/39Kb lim: 65536 exec/s: 993 rss: 498Mb L: 41/2122 MS: 4 InsertByte-Custom-CopyPart-Custom-
#1987	NEW    cov: 1606 ft: 5411 corp: 308/39Kb lim: 65536 exec/s: 993 rss: 498Mb L: 7/2122 MS: 2 EraseBytes-Custom-
#2000	NEW    cov: 1606 ft: 5412 corp: 309/39Kb lim: 65536 exec/s: 1000 rss: 501Mb L: 154/2122 MS: 6 CMP-Custom-ManualDict-Custom-InsertByte-Custom- DE: "\027\000\000\000"-"not_a_real_key"-
#2003	NEW    cov: 1606 ft: 5413 corp: 310/39Kb lim: 65536 exec/s: 1001 rss: 501Mb L: 135/2122 MS: 6 ChangeBit-Custom-InsertByte-Custom-InsertRepeatedBytes-Custom-
#2004	NEW    cov: 1606 ft: 5414 corp: 311/39Kb lim: 65536 exec/s: 1002 rss: 502Mb L: 19/2122 MS: 1 CustomCrossOver-
#2005	NEW    cov: 1606 ft: 5414 corp: 311/39Kb lim: 65536 exec/s: 1002 rss: 502Mb L: 18/2122 MS: 1 CustomCrossOver-
#2012	NEW    cov: 1606 ft: 5414 corp: 311/39Kb lim: 65536 exec/s: 1006 rss: 503Mb L: 48/2122 MS: 2 CustomCrossOver-CustomCrossOver-
#2013	NEW    cov: 1606 ft: 5414 corp: 312/39Kb lim: 65536 exec/s: 1006 rss: 503Mb L: 9/2122 MS: 2 ChangeBit-Custom-
#2024	NEW    cov: 1606 ft: 5414 corp: 313/39Kb lim: 65536 exec/s: 1012 rss: 506Mb L: 12/2122 MS: 1 CustomCrossOver-
#2030	NEW    cov: 1606 ft: 5414 corp: 314/39Kb lim: 65536 exec/s: 1015 rss: 508Mb L: 27/2122 MS: 2 CopyPart-Custom-
#2036	NEW    cov: 1606 ft: 5414 corp: 314/39Kb lim: 65536 exec/s: 1018 rss: 509Mb L: 37/2122 MS: 2 PersAutoDict-Custom- DE: "protect"-
#2037	NEW    cov: 1606 ft: 5414 corp: 315/39Kb lim: 65536 exec/s: 1018 rss: 509Mb L: 14/2122 MS: 2 EraseBytes-Custom-
#2038	NEW    cov: 1606 ft: 5414 corp: 314/39Kb lim: 65536 exec/s: 1019 rss: 509Mb L: 11/2122 MS: 2 CopyPart-Custom-
#2041	NEW    cov: 1606 ft: 5415 corp: 314/39Kb lim: 65536 exec/s: 1020 rss: 510Mb L: 269/2122 MS: 6 CopyPart-Custom-CopyPart-Custom-ManualDict-Custom- DE: "unpack"-
#2048	pulse  cov: 1606 ft: 5415 corp: 314/39Kb lim: 65536 exec/s: 1024 rss: 512Mb
#2056	NEW    cov: 1606 ft: 5416 corp: 314/39Kb lim: 65536 exec/s: 1028 rss: 513Mb L: 70/2122 MS: 7 CustomCrossOver-ManualDict-Custom-CustomCrossOver-CustomCrossOver-EraseBytes-Custom- DE: "not-a-table"-
#2057	NEW    cov: 1606 ft: 5416 corp: 313/39Kb lim: 65536 exec/s: 1028 rss: 513Mb L: 25/2122 MS: 2 PersAutoDict-Custom- DE: "delete"-
#2058	NEW    cov: 1606 ft: 5416 corp: 314/39Kb lim: 65536 exec/s: 1029 rss: 514Mb L: 14/2122 MS: 2 ChangeByte-Custom-
#2060	NEW    cov: 1606 ft: 5420 corp: 315/39Kb lim: 65536 exec/s: 1030 rss: 514Mb L: 256/2122 MS: 3 PersAutoDict-Custom-CustomCrossOver- DE: "buildScriptPath"-
#2066	NEW    cov: 1606 ft: 5420 corp: 315/39Kb lim: 65536 exec/s: 1033 rss: 515Mb L: 12/2122 MS: 2 EraseBytes-Custom-
#2077	NEW    cov: 1606 ft: 5421 corp: 314/39Kb lim: 65536 exec/s: 1038 rss: 518Mb L: 33/2122 MS: 2 PersAutoDict-Custom- DE: "\027\000\000\000\000\000\000\000"-
#2081	NEW    cov: 1606 ft: 5421 corp: 314/38Kb lim: 65536 exec/s: 1040 rss: 519Mb L: 128/2122 MS: 7 ChangeBit-Custom-CustomCrossOver-CrossOver-Custom-CopyPart-Custom-
#2086	NEW    cov: 1606 ft: 5423 corp: 315/38Kb lim: 65536 exec/s: 1043 rss: 520Mb L: 82/2122 MS: 9 PersAutoDict-Custom-CustomCrossOver-ChangeBit-Custom-CopyPart-Custom-ManualDict-Custom- DE: "validateConsistent"-"<"-
#2087	NEW    cov: 1606 ft: 5425 corp: 315/38Kb lim: 65536 exec/s: 1043 rss: 520Mb L: 274/2122 MS: 2 ManualDict-Custom- DE: "description"-
#2088	NEW    cov: 1606 ft: 5425 corp: 316/38Kb lim: 65536 exec/s: 1044 rss: 521Mb L: 41/2122 MS: 2 PersAutoDict-Custom- DE: "while"-
#2089	NEW    cov: 1606 ft: 5425 corp: 316/38Kb lim: 65536 exec/s: 1044 rss: 521Mb L: 19/2122 MS: 2 ChangeASCIIInt-Custom-
#2090	NEW    cov: 1606 ft: 5425 corp: 315/38Kb lim: 65536 exec/s: 1045 rss: 521Mb L: 26/2122 MS: 2 CMP-Custom- DE: "\000\000\000\000\000\000\000\017"-
#2091	NEW    cov: 1606 ft: 5425 corp: 314/38Kb lim: 65536 exec/s: 1045 rss: 521Mb L: 14/2122 MS: 2 CMP-Custom- DE: "\012\000\000\000"-
#2092	NEW    cov: 1606 ft: 5425 corp: 314/38Kb lim: 65536 exec/s: 1046 rss: 521Mb L: 18/2122 MS: 2 InsertByte-Custom-
#2093	NEW    cov: 1606 ft: 5429 corp: 315/38Kb lim: 65536 exec/s: 1046 rss: 522Mb L: 129/2122 MS: 2 ChangeByte-Custom-
#2099	NEW    cov: 1606 ft: 5430 corp: 312/38Kb lim: 65536 exec/s: 1049 rss: 523Mb L: 23/2122 MS: 1 CustomCrossOver-
#2100	NEW    cov: 1606 ft: 5430 corp: 313/38Kb lim: 65536 exec/s: 1050 rss: 523Mb L: 22/2122 MS: 2 PersAutoDict-Custom- DE: "\377\377\377\377@\275\352c"-
#2101	NEW    cov: 1606 ft: 5548 corp: 314/38Kb lim: 65536 exec/s: 1050 rss: 523Mb L: 256/2122 MS: 1 CustomCrossOver-
#2102	NEW    cov: 1606 ft: 5548 corp: 313/38Kb lim: 65536 exec/s: 1051 rss: 524Mb L: 21/2122 MS: 2 CrossOver-Custom-
#2119	NEW    cov: 1606 ft: 5549 corp: 314/39Kb lim: 65536 exec/s: 1059 rss: 528Mb L: 625/2122 MS: 4 CopyPart-Custom-CMP-Custom- DE: "\000\001"-
#2120	NEW    cov: 1606 ft: 5549 corp: 314/38Kb lim: 65536 exec/s: 1060 rss: 528Mb L: 23/2122 MS: 1 CustomCrossOver-
#2126	NEW    cov: 1606 ft: 5551 corp: 315/38Kb lim: 65536 exec/s: 1063 rss: 529Mb L: 71/2122 MS: 2 EraseBytes-Custom-
#2158	NEW    cov: 1606 ft: 5551 corp: 314/38Kb lim: 65536 exec/s: 1079 rss: 537Mb L: 10/2122 MS: 3 InsertRepeatedBytes-Custom-CustomCrossOver-
#2159	NEW    cov: 1606 ft: 5551 corp: 314/38Kb lim: 65536 exec/s: 1079 rss: 537Mb L: 267/2122 MS: 2 CMP-Custom- DE: "\017\000\000\000\000\000\000\000"-
#2165	NEW    cov: 1606 ft: 5551 corp: 314/38Kb lim: 65536 exec/s: 1082 rss: 538Mb L: 8/2122 MS: 1 CustomCrossOver-
#2175	NEW    cov: 1606 ft: 5551 corp: 314/38Kb lim: 65536 exec/s: 1087 rss: 541Mb L: 369/2122 MS: 10 InsertRepeatedBytes-Custom-ChangeBit-Custom-ChangeBinInt-Custom-ManualDict-Custom-CMP-Custom- DE: "\\n"-"i\001\000\000\000\000\000\000"-
#2177	NEW    cov: 1606 ft: 5551 corp: 314/38Kb lim: 65536 exec/s: 1088 rss: 541Mb L: 76/2122 MS: 3 CustomCrossOver-ChangeBinInt-Custom-
#2213	NEW    cov: 1606 ft: 5551 corp: 315/38Kb lim: 65536 exec/s: 1106 rss: 550Mb L: 13/2122 MS: 2 EraseBytes-Custom-
#2219	NEW    cov: 1606 ft: 5555 corp: 316/39Kb lim: 65536 exec/s: 1109 rss: 551Mb L: 1037/2122 MS: 2 CMP-Custom- DE: "\000\000\000\000"-
#2222	NEW    cov: 1606 ft: 5555 corp: 317/39Kb lim: 65536 exec/s: 1111 rss: 552Mb L: 15/2122 MS: 5 PersAutoDict-Custom-EraseBytes-Custom-CustomCrossOver- DE: "level"-
#2223	NEW    cov: 1606 ft: 5555 corp: 316/39Kb lim: 65536 exec/s: 1111 rss: 552Mb L: 10/2122 MS: 2 ChangeBit-Custom-
#2250	NEW    cov: 1606 ft: 5555 corp: 315/39Kb lim: 65536 exec/s: 1125 rss: 558Mb L: 12/2122 MS: 3 CustomCrossOver-EraseBytes-Custom-
#2253	NEW    cov: 1606 ft: 5555 corp: 313/39Kb lim: 65536 exec/s: 1126 rss: 559Mb L: 22/2122 MS: 6 CopyPart-Custom-ChangeByte-Custom-CMP-Custom- DE: "sol.sol::fun"-
#2259	NEW    cov: 1606 ft: 5555 corp: 314/39Kb lim: 65536 exec/s: 1129 rss: 560Mb L: 12/2122 MS: 2 ChangeBinInt-Custom-
#2261	NEW    cov: 1606 ft: 5555 corp: 315/39Kb lim: 65536 exec/s: 1130 rss: 561Mb L: 18/2122 MS: 3 CustomCrossOver-ChangeByte-Custom-
#2264	NEW    cov: 1606 ft: 5555 corp: 313/39Kb lim: 65536 exec/s: 1132 rss: 562Mb L: 8/2122 MS: 6 CopyPart-Custom-EraseBytes-Custom-EraseBytes-Custom-
#2300	NEW    cov: 1606 ft: 5560 corp: 314/39Kb lim: 65536 exec/s: 1150 rss: 570Mb L: 194/2122 MS: 1 CustomCrossOver-
#2313	NEW    cov: 1606 ft: 5560 corp: 315/39Kb lim: 65536 exec/s: 1156 rss: 573Mb L: 13/2122 MS: 6 ChangeBit-Custom-ChangeByte-Custom-InsertByte-Custom-
#2315	NEW    cov: 1606 ft: 5560 corp: 316/39Kb lim: 65536 exec/s: 1157 rss: 574Mb L: 18/2122 MS: 3 ShuffleBytes-Custom-CustomCrossOver-
#2320	NEW    cov: 1606 ft: 5560 corp: 316/39Kb lim: 65536 exec/s: 1160 rss: 575Mb L: 22/2122 MS: 6 CustomCrossOver-CustomCrossOver-ChangeByte-Custom-CustomCrossOver-CustomCrossOver-
#2321	NEW    cov: 1606 ft: 5560 corp: 314/39Kb lim: 65536 exec/s: 1160 rss: 575Mb L: 15/2122 MS: 2 ChangeBit-Custom-
#2323	NEW    cov: 1606 ft: 5565 corp: 315/40Kb lim: 65536 exec/s: 1161 rss: 575Mb L: 622/2122 MS: 4 EraseBytes-Custom-InsertRepeatedBytes-Custom-
#2332	NEW    cov: 1606 ft: 5565 corp: 316/40Kb lim: 65536 exec/s: 1166 rss: 577Mb L: 299/2122 MS: 8 PersAutoDict-Custom-PersAutoDict-Custom-InsertByte-Custom-CMP-Custom- DE: "\002\000\000\000\000\000\000\000"-"\001\000\000\000\000\000\000\222"-"\036\000"-
#2334	NEW    cov: 1606 ft: 5565 corp: 317/40Kb lim: 65536 exec/s: 1167 rss: 578Mb L: 15/2122 MS: 4 ManualDict-Custom-ChangeBit-Custom- DE: "22"-
#2336	NEW    cov: 1606 ft: 5565 corp: 317/40Kb lim: 65536 exec/s: 1168 rss: 578Mb L: 39/2122 MS: 3 CustomCrossOver-CrossOver-Custom-
#2362	NEW    cov: 1606 ft: 5569 corp: 317/40Kb lim: 65536 exec/s: 1181 rss: 584Mb L: 127/2122 MS: 2 CrossOver-Custom-
#2364	NEW    cov: 1606 ft: 5569 corp: 318/40Kb lim: 65536 exec/s: 1182 rss: 585Mb L: 72/2122 MS: 4 ChangeByte-Custom-InsertByte-Custom-
#2386	NEW    cov: 1606 ft: 5569 corp: 318/40Kb lim: 65536 exec/s: 795 rss: 590Mb L: 19/2122 MS: 3 InsertRepeatedBytes-Custom-CustomCrossOver-
#2406	NEW    cov: 1606 ft: 5571 corp: 319/40Kb lim: 65536 exec/s: 802 rss: 595Mb L: 22/2122 MS: 7 CMP-Custom-CustomCrossOver-ManualDict-Custom-CustomCrossOver-CustomCrossOver- DE: "merge"-"env-"-
#2412	NEW    cov: 1606 ft: 5571 corp: 320/40Kb lim: 65536 exec/s: 804 rss: 596Mb L: 17/2122 MS: 1 CustomCrossOver-
#2413	NEW    cov: 1606 ft: 5571 corp: 319/40Kb lim: 65536 exec/s: 804 rss: 596Mb L: 18/2122 MS: 1 CustomCrossOver-
#2414	NEW    cov: 1606 ft: 5572 corp: 320/40Kb lim: 65536 exec/s: 804 rss: 597Mb L: 390/2122 MS: 2 ChangeByte-Custom-
#2419	NEW    cov: 1606 ft: 5572 corp: 321/40Kb lim: 65536 exec/s: 806 rss: 598Mb L: 17/2122 MS: 6 CustomCrossOver-CustomCrossOver-CMP-Custom-CustomCrossOver-CustomCrossOver- DE: "\012\000"-
#2422	NEW    cov: 1606 ft: 5572 corp: 321/40Kb lim: 65536 exec/s: 807 rss: 599Mb L: 345/2122 MS: 6 CopyPart-Custom-ChangeBinInt-Custom-InsertByte-Custom-
#2430	NEW    cov: 1606 ft: 5572 corp: 322/40Kb lim: 65536 exec/s: 810 rss: 600Mb L: 20/2122 MS: 5 ChangeBit-Custom-CustomCrossOver-CMP-Custom- DE: "to_case"-
#2434	NEW    cov: 1606 ft: 5572 corp: 323/40Kb lim: 65536 exec/s: 811 rss: 601Mb L: 12/2122 MS: 8 InsertByte-Custom-PersAutoDict-Custom-EraseBytes-Custom-ShuffleBytes-Custom- DE: "env-"-
#2450	NEW    cov: 1606 ft: 5572 corp: 323/40Kb lim: 65536 exec/s: 816 rss: 605Mb L: 522/2122 MS: 2 CrossOver-Custom-
#2451	NEW    cov: 1606 ft: 5572 corp: 323/40Kb lim: 65536 exec/s: 817 rss: 605Mb L: 10/2122 MS: 2 ManualDict-Custom- DE: "code"-
#2457	NEW    cov: 1606 ft: 5572 corp: 324/40Kb lim: 65536 exec/s: 819 rss: 607Mb L: 33/2122 MS: 2 ManualDict-Custom- DE: "name"-
#2458	NEW    cov: 1606 ft: 5572 corp: 325/40Kb lim: 65536 exec/s: 819 rss: 607Mb L: 14/2122 MS: 2 ChangeBit-Custom-
#2469	NEW    cov: 1606 ft: 5572 corp: 326/40Kb lim: 65536 exec/s: 823 rss: 609Mb L: 9/2122 MS: 1 CustomCrossOver-
#2470	NEW    cov: 1606 ft: 5575 corp: 327/41Kb lim: 65536 exec/s: 823 rss: 610Mb L: 815/2122 MS: 2 CopyPart-Custom-
#2486	NEW    cov: 1606 ft: 5575 corp: 326/41Kb lim: 65536 exec/s: 828 rss: 613Mb L: 12/2122 MS: 1 CustomCrossOver-
#2503	NEW    cov: 1606 ft: 5575 corp: 326/41Kb lim: 65536 exec/s: 834 rss: 617Mb L: 14/2122 MS: 4 CopyPart-Custom-ChangeBinInt-Custom-
#2504	NEW    cov: 1606 ft: 5575 corp: 326/41Kb lim: 65536 exec/s: 834 rss: 617Mb L: 11/2122 MS: 2 PersAutoDict-Custom- DE: "protect"-
#2517	NEW    cov: 1606 ft: 5575 corp: 327/41Kb lim: 65536 exec/s: 839 rss: 620Mb L: 265/2122 MS: 6 InsertRepeatedBytes-Custom-CMP-Custom-PersAutoDict-Custom- DE: "is_tty"-"\000\000\000\000\000\000\000\017"-
#2529	NEW    cov: 1606 ft: 5575 corp: 326/41Kb lim: 65536 exec/s: 843 rss: 623Mb L: 14/2122 MS: 4 ChangeBit-Custom-ChangeBinInt-Custom-
#2558	NEW    cov: 1606 ft: 5575 corp: 325/41Kb lim: 65536 exec/s: 852 rss: 629Mb L: 11/2122 MS: 8 CopyPart-Custom-EraseBytes-Custom-ShuffleBytes-Custom-ShuffleBytes-Custom-
#2569	NEW    cov: 1606 ft: 5575 corp: 325/41Kb lim: 65536 exec/s: 856 rss: 632Mb L: 759/2122 MS: 2 ManualDict-Custom- DE: "initializers"-
#2575	NEW    cov: 1606 ft: 5575 corp: 326/41Kb lim: 65536 exec/s: 858 rss: 633Mb L: 21/2122 MS: 2 PersAutoDict-Custom- DE: "\001\003"-
	NEW_FUNC[1/4]: 0x000000507238 in void std::_Destroy<beez::core::StepOrderHint>(beez::core::StepOrderHint*) /usr/bin/../lib/gcc/x86_64-redhat-linux/16/../../../../include/c++/16/bits/stl_construct.h:162
	NEW_FUNC[2/4]: 0x000000507298 in void std::destroy_at<beez::core::StepOrderHint>(beez::core::StepOrderHint*) /usr/bin/../lib/gcc/x86_64-redhat-linux/16/../../../../include/c++/16/bits/stl_construct.h:81
#2586	NEW    cov: 1617 ft: 5604 corp: 327/41Kb lim: 65536 exec/s: 862 rss: 635Mb L: 16/2122 MS: 1 CustomCrossOver-
#2597	NEW    cov: 1617 ft: 5604 corp: 326/41Kb lim: 65536 exec/s: 865 rss: 638Mb L: 13/2122 MS: 1 CustomCrossOver-
#2598	NEW    cov: 1617 ft: 5604 corp: 327/41Kb lim: 65536 exec/s: 866 rss: 638Mb L: 9/2122 MS: 1 CustomCrossOver-
#2599	NEW    cov: 1617 ft: 5607 corp: 328/41Kb lim: 65536 exec/s: 866 rss: 638Mb L: 253/2122 MS: 1 CustomCrossOver-
#2601	NEW    cov: 1617 ft: 5607 corp: 326/41Kb lim: 65536 exec/s: 867 rss: 639Mb L: 10/2122 MS: 3 PersAutoDict-Custom-CustomCrossOver- DE: "require"-
#2622	NEW    cov: 1617 ft: 5610 corp: 327/41Kb lim: 65536 exec/s: 874 rss: 643Mb L: 217/2122 MS: 2 CopyPart-Custom-
#2638	NEW    cov: 1617 ft: 5610 corp: 327/41Kb lim: 65536 exec/s: 879 rss: 646Mb L: 31/2122 MS: 2 PersAutoDict-Custom- DE: "\027\000\000\000\000\000\000\000"-
#2640	NEW    cov: 1617 ft: 5615 corp: 328/41Kb lim: 65536 exec/s: 880 rss: 647Mb L: 159/2122 MS: 3 InsertRepeatedBytes-Custom-CustomCrossOver-
#2641	NEW    cov: 1617 ft: 5615 corp: 327/41Kb lim: 65536 exec/s: 880 rss: 647Mb L: 25/2122 MS: 1 CustomCrossOver-
#2642	NEW    cov: 1617 ft: 5615 corp: 327/41Kb lim: 65536 exec/s: 880 rss: 647Mb L: 15/2122 MS: 2 ManualDict-Custom- DE: ">"-
#2646	NEW    cov: 1617 ft: 5616 corp: 328/42Kb lim: 65536 exec/s: 882 rss: 648Mb L: 873/2122 MS: 8 CopyPart-Custom-InsertByte-Custom-ManualDict-Custom-CMP-Custom- DE: "fnv1a32"-"\377\036"-
#2654	NEW    cov: 1617 ft: 5616 corp: 329/42Kb lim: 65536 exec/s: 884 rss: 649Mb L: 31/2122 MS: 5 ChangeBinInt-Custom-CopyPart-Custom-CustomCrossOver-
#2674	NEW    cov: 1617 ft: 5616 corp: 329/42Kb lim: 65536 exec/s: 891 rss: 654Mb L: 1103/2122 MS: 10 InsertByte-Custom-PersAutoDict-Custom-ShuffleBytes-Custom-CMP-Custom-CopyPart-Custom- DE: "not_a_real_key"-"rep"-
#2675	NEW    cov: 1617 ft: 5616 corp: 329/42Kb lim: 65536 exec/s: 891 rss: 654Mb L: 7/2122 MS: 1 CustomCrossOver-
#2679	NEW    cov: 1617 ft: 5616 corp: 329/42Kb lim: 65536 exec/s: 893 rss: 655Mb L: 11/2122 MS: 8 InsertByte-Custom-EraseBytes-Custom-ChangeBit-Custom-EraseBytes-Custom-
#2715	NEW    cov: 1617 ft: 5616 corp: 328/42Kb lim: 65536 exec/s: 905 rss: 664Mb L: 18/2122 MS: 2 EraseBytes-Custom-
#2717	NEW    cov: 1617 ft: 5616 corp: 328/42Kb lim: 65536 exec/s: 905 rss: 664Mb L: 38/2122 MS: 4 PersAutoDict-Custom-EraseBytes-Custom- DE: "buildScriptPath"-
#2733	NEW    cov: 1617 ft: 5616 corp: 329/42Kb lim: 65536 exec/s: 911 rss: 667Mb L: 20/2122 MS: 2 PersAutoDict-Custom- DE: "\377\036"-
#2734	NEW    cov: 1617 ft: 5616 corp: 327/42Kb lim: 65536 exec/s: 911 rss: 668Mb L: 8/2122 MS: 1 CustomCrossOver-
#2738	NEW    cov: 1617 ft: 5617 corp: 328/42Kb lim: 65536 exec/s: 912 rss: 669Mb L: 78/2122 MS: 8 CopyPart-Custom-ManualDict-Custom-CopyPart-Custom-ChangeBit-Custom- DE: "22"-
#2749	NEW    cov: 1617 ft: 5619 corp: 329/43Kb lim: 65536 exec/s: 916 rss: 672Mb L: 1037/2122 MS: 2 ChangeBinInt-Custom-
#2754	NEW    cov: 1617 ft: 5619 corp: 329/43Kb lim: 65536 exec/s: 918 rss: 673Mb L: 110/2122 MS: 10 PersAutoDict-Custom-CopyPart-Custom-ChangeBit-Custom-ChangeByte-Custom-ChangeBit-Custom- DE: "\000\000\000\000\000\000\000\021"-
#2756	NEW    cov: 1617 ft: 5619 corp: 329/43Kb lim: 65536 exec/s: 918 rss: 673Mb L: 10/2122 MS: 4 ChangeBinInt-Custom-ChangeByte-Custom-
#2762	NEW    cov: 1617 ft: 5622 corp: 330/43Kb lim: 65536 exec/s: 920 rss: 674Mb L: 48/2122 MS: 2 PersAutoDict-Custom- DE: "\377\036"-
#2776	NEW    cov: 1617 ft: 5622 corp: 330/43Kb lim: 65536 exec/s: 925 rss: 677Mb L: 20/2122 MS: 8 ChangeBit-Custom-ManualDict-Custom-InsertByte-Custom-EraseBytes-Custom- DE: "tonumber"-
#2777	NEW    cov: 1617 ft: 5622 corp: 331/43Kb lim: 65536 exec/s: 925 rss: 678Mb L: 7/2122 MS: 2 EraseBytes-Custom-
#2783	NEW    cov: 1617 ft: 5622 corp: 331/43Kb lim: 65536 exec/s: 927 rss: 679Mb L: 15/2122 MS: 2 InsertByte-Custom-
Loaded 1024/1188 files from report/fuzz/corpus/lua_dsl
#3548	RELOAD cov: 1617 ft: 5680 corp: 377/64Kb lim: 65536 exec/s: 887 rss: 854Mb
#3549	NEW    cov: 1617 ft: 5680 corp: 377/64Kb lim: 65536 exec/s: 887 rss: 854Mb L: 80/7639 MS: 2 PersAutoDict-Custom- DE: "\000\000\000\000\000\000\000\000"-
#3576	NEW    cov: 1617 ft: 5680 corp: 377/64Kb lim: 65536 exec/s: 894 rss: 861Mb L: 17/7639 MS: 2 CustomCrossOver-CustomCrossOver-
#3580	NEW    cov: 1617 ft: 5680 corp: 378/64Kb lim: 65536 exec/s: 895 rss: 861Mb L: 12/7639 MS: 8 InsertByte-Custom-ShuffleBytes-Custom-ChangeBinInt-Custom-ManualDict-Custom- DE: ")\""-
#3591	NEW    cov: 1617 ft: 5680 corp: 378/64Kb lim: 65536 exec/s: 897 rss: 864Mb L: 16/7639 MS: 2 ChangeASCIIInt-Custom-
#3602	NEW    cov: 1617 ft: 5680 corp: 375/64Kb lim: 65536 exec/s: 900 rss: 867Mb L: 6/7639 MS: 1 CustomCrossOver-
#3606	NEW    cov: 1617 ft: 5680 corp: 376/64Kb lim: 65536 exec/s: 901 rss: 868Mb L: 6/7639 MS: 6 ManualDict-Custom-CopyPart-Custom-CustomCrossOver-CustomCrossOver- DE: ")\""-
#3614	NEW    cov: 1617 ft: 5680 corp: 376/64Kb lim: 65536 exec/s: 903 rss: 869Mb L: 268/7639 MS: 6 InsertRepeatedBytes-Custom-ChangeByte-Custom-InsertRepeatedBytes-Custom-
#3617	NEW    cov: 1617 ft: 5684 corp: 377/64Kb lim: 65536 exec/s: 904 rss: 870Mb L: 107/7639 MS: 6 CopyPart-Custom-CMP-Custom-PersAutoDict-Custom- DE: "download_and_verify"-"fnv1a32"-
#3621	NEW    cov: 1617 ft: 5684 corp: 378/64Kb lim: 65536 exec/s: 905 rss: 871Mb L: 93/7639 MS: 6 CustomCrossOver-CustomCrossOver-CrossOver-Custom-CrossOver-Custom-
#3650	NEW    cov: 1617 ft: 5684 corp: 377/64Kb lim: 65536 exec/s: 912 rss: 877Mb L: 27/7639 MS: 8 ShuffleBytes-Custom-ManualDict-Custom-PersAutoDict-Custom-ChangeBinInt-Custom- DE: "verbose"-"name"-
#3651	NEW    cov: 1617 ft: 5684 corp: 377/64Kb lim: 65536 exec/s: 912 rss: 877Mb L: 15/7639 MS: 2 ChangeByte-Custom-
#3652	NEW    cov: 1617 ft: 5684 corp: 377/64Kb lim: 65536 exec/s: 913 rss: 877Mb L: 17/7639 MS: 1 CustomCrossOver-
#3688	NEW    cov: 1617 ft: 5684 corp: 375/64Kb lim: 65536 exec/s: 922 rss: 886Mb L: 9/7639 MS: 2 ShuffleBytes-Custom-
#3694	NEW    cov: 1617 ft: 5684 corp: 375/64Kb lim: 65536 exec/s: 923 rss: 888Mb L: 13/7639 MS: 2 ManualDict-Custom- DE: "["-
#3696	NEW    cov: 1617 ft: 5684 corp: 375/64Kb lim: 65536 exec/s: 924 rss: 888Mb L: 7/7639 MS: 2 CustomCrossOver-CustomCrossOver-
#3707	NEW    cov: 1617 ft: 5684 corp: 376/64Kb lim: 65536 exec/s: 926 rss: 891Mb L: 5/7639 MS: 1 CustomCrossOver-
#3718	NEW    cov: 1617 ft: 5684 corp: 376/64Kb lim: 65536 exec/s: 929 rss: 893Mb L: 10/7639 MS: 2 EraseBytes-Custom-
#3719	NEW    cov: 1617 ft: 5684 corp: 377/64Kb lim: 65536 exec/s: 929 rss: 893Mb L: 4/7639 MS: 2 EraseBytes-Custom-
#3720	NEW    cov: 1617 ft: 5684 corp: 378/64Kb lim: 65536 exec/s: 930 rss: 893Mb L: 8/7639 MS: 2 ChangeByte-Custom-
#3722	NEW    cov: 1617 ft: 5687 corp: 379/64Kb lim: 65536 exec/s: 930 rss: 894Mb L: 882/7639 MS: 4 CrossOver-Custom-InsertRepeatedBytes-Custom-
#3743	NEW    cov: 1617 ft: 5687 corp: 378/64Kb lim: 65536 exec/s: 935 rss: 899Mb L: 8/7639 MS: 1 CustomCrossOver-
#3744	NEW    cov: 1617 ft: 5687 corp: 378/64Kb lim: 65536 exec/s: 936 rss: 899Mb L: 25/7639 MS: 2 InsertByte-Custom-
#3765	NEW    cov: 1617 ft: 5687 corp: 379/64Kb lim: 65536 exec/s: 941 rss: 904Mb L: 7/7639 MS: 2 ChangeBit-Custom-
#3776	NEW    cov: 1617 ft: 5687 corp: 379/64Kb lim: 65536 exec/s: 944 rss: 906Mb L: 8/7639 MS: 2 ChangeByte-Custom-
#3782	NEW    cov: 1617 ft: 5687 corp: 379/64Kb lim: 65536 exec/s: 945 rss: 908Mb L: 24/7639 MS: 2 ChangeBit-Custom-
#3783	NEW    cov: 1617 ft: 5687 corp: 380/64Kb lim: 65536 exec/s: 945 rss: 908Mb L: 7/7639 MS: 1 CustomCrossOver-
#3789	NEW    cov: 1617 ft: 5687 corp: 381/65Kb lim: 65536 exec/s: 947 rss: 909Mb L: 202/7639 MS: 2 ChangeBit-Custom-
#3801	NEW    cov: 1617 ft: 5687 corp: 382/65Kb lim: 65536 exec/s: 950 rss: 912Mb L: 17/7639 MS: 4 ChangeByte-Custom-ShuffleBytes-Custom-
#3817	NEW    cov: 1617 ft: 5687 corp: 383/65Kb lim: 65536 exec/s: 954 rss: 916Mb L: 9/7639 MS: 1 CustomCrossOver-
#3834	NEW    cov: 1617 ft: 5687 corp: 384/65Kb lim: 65536 exec/s: 958 rss: 920Mb L: 9/7639 MS: 4 ShuffleBytes-Custom-ChangeBit-Custom-
#3855	NEW    cov: 1617 ft: 5687 corp: 384/65Kb lim: 65536 exec/s: 963 rss: 925Mb L: 9/7639 MS: 1 CustomCrossOver-
#3866	NEW    cov: 1617 ft: 5687 corp: 384/65Kb lim: 65536 exec/s: 966 rss: 928Mb L: 12/7639 MS: 1 CustomCrossOver-
#3911	NEW    cov: 1617 ft: 5687 corp: 384/65Kb lim: 65536 exec/s: 977 rss: 938Mb L: 18/7639 MS: 8 ChangeBinInt-Custom-CustomCrossOver-ChangeBinInt-Custom-ChangeBinInt-Custom-CustomCrossOver-
#3917	NEW    cov: 1617 ft: 5687 corp: 383/64Kb lim: 65536 exec/s: 979 rss: 939Mb L: 57/7639 MS: 2 ManualDict-Custom- DE: "DSL error"-
#3983	NEW    cov: 1617 ft: 5687 corp: 383/59Kb lim: 65536 exec/s: 995 rss: 953Mb L: 1791/5054 MS: 2 InsertByte-Custom-
#4002	NEW    cov: 1617 ft: 5690 corp: 384/59Kb lim: 65536 exec/s: 1000 rss: 958Mb L: 87/5054 MS: 8 CopyPart-Custom-ChangeByte-Custom-CMP-Custom-InsertRepeatedBytes-Custom- DE: "\001\001"-
#4013	NEW    cov: 1617 ft: 5690 corp: 384/59Kb lim: 65536 exec/s: 1003 rss: 961Mb L: 7/5054 MS: 2 ChangeByte-Custom-
#4024	NEW    cov: 1617 ft: 5690 corp: 384/59Kb lim: 65536 exec/s: 1006 rss: 964Mb L: 9/5054 MS: 2 InsertByte-Custom-
#4026	NEW    cov: 1617 ft: 5690 corp: 384/59Kb lim: 65536 exec/s: 1006 rss: 964Mb L: 24/5054 MS: 4 CMP-Custom-ChangeBinInt-Custom- DE: "\377\377\000\000\000\000\000\000"-
#4027	NEW    cov: 1617 ft: 5690 corp: 385/59Kb lim: 65536 exec/s: 1006 rss: 964Mb L: 10/5054 MS: 2 CrossOver-Custom-
#4030	NEW    cov: 1617 ft: 5690 corp: 386/59Kb lim: 65536 exec/s: 1007 rss: 965Mb L: 9/5054 MS: 4 CrossOver-Custom-CustomCrossOver-CustomCrossOver-
#4031	NEW    cov: 1617 ft: 5690 corp: 386/59Kb lim: 65536 exec/s: 1007 rss: 965Mb L: 12/5054 MS: 2 ChangeBinInt-Custom-
#4047	NEW    cov: 1617 ft: 5690 corp: 386/59Kb lim: 65536 exec/s: 1011 rss: 968Mb L: 6/5054 MS: 2 ChangeByte-Custom-
#4049	NEW    cov: 1617 ft: 5690 corp: 386/59Kb lim: 65536 exec/s: 1012 rss: 969Mb L: 17/5054 MS: 4 ChangeBit-Custom-ChangeByte-Custom-
#4096	pulse  cov: 1617 ft: 5690 corp: 386/59Kb lim: 65536 exec/s: 1024 rss: 980Mb
#4135	NEW    cov: 1617 ft: 5690 corp: 387/59Kb lim: 65536 exec/s: 827 rss: 989Mb L: 5/5054 MS: 2 EraseBytes-Custom-
#4141	NEW    cov: 1617 ft: 5690 corp: 387/59Kb lim: 65536 exec/s: 828 rss: 990Mb L: 14/5054 MS: 2 InsertByte-Custom-
#4142	NEW    cov: 1617 ft: 5690 corp: 387/59Kb lim: 65536 exec/s: 828 rss: 990Mb L: 8/5054 MS: 2 CopyPart-Custom-
#4172	NEW    cov: 1617 ft: 5691 corp: 388/59Kb lim: 65536 exec/s: 834 rss: 996Mb L: 135/5054 MS: 10 CopyPart-Custom-InsertByte-Custom-ChangeByte-Custom-ChangeBit-Custom-ManualDict-Custom- DE: "fnv1a32"-
#4173	NEW    cov: 1617 ft: 5691 corp: 389/59Kb lim: 65536 exec/s: 834 rss: 997Mb L: 12/5054 MS: 2 EraseBytes-Custom-
#4180	NEW    cov: 1617 ft: 5692 corp: 390/59Kb lim: 65536 exec/s: 836 rss: 998Mb L: 63/5054 MS: 3 ManualDict-Custom-CustomCrossOver- DE: "metadata"-
#4187	NEW    cov: 1617 ft: 5692 corp: 390/59Kb lim: 65536 exec/s: 837 rss: 1000Mb L: 8/5054 MS: 4 ChangeBinInt-Custom-EraseBytes-Custom-
#4188	NEW    cov: 1617 ft: 5692 corp: 391/59Kb lim: 65536 exec/s: 837 rss: 1000Mb L: 169/5054 MS: 2 InsertRepeatedBytes-Custom-
#4194	NEW    cov: 1617 ft: 5692 corp: 392/59Kb lim: 65536 exec/s: 838 rss: 1001Mb L: 12/5054 MS: 2 PersAutoDict-Custom- DE: "\027\000\000\000"-
#4204	NEW    cov: 1617 ft: 5692 corp: 392/59Kb lim: 65536 exec/s: 840 rss: 1003Mb L: 7/5054 MS: 8 ChangeBinInt-Custom-ChangeByte-Custom-InsertByte-Custom-CustomCrossOver-CustomCrossOver-
#4205	NEW    cov: 1617 ft: 5692 corp: 392/59Kb lim: 65536 exec/s: 841 rss: 1003Mb L: 12/5054 MS: 2 ChangeBit-Custom-
#4209	NEW    cov: 1617 ft: 5692 corp: 393/59Kb lim: 65536 exec/s: 841 rss: 1004Mb L: 130/5054 MS: 8 InsertRepeatedBytes-Custom-PersAutoDict-Custom-ManualDict-Custom-ManualDict-Custom- DE: "pattern"-"assert"-"TERM"-
#4210	NEW    cov: 1617 ft: 5692 corp: 394/59Kb lim: 65536 exec/s: 842 rss: 1004Mb L: 102/5054 MS: 2 EraseBytes-Custom-
#4216	NEW    cov: 1617 ft: 5692 corp: 395/59Kb lim: 65536 exec/s: 843 rss: 1006Mb L: 26/5054 MS: 2 CopyPart-Custom-
#4232	NEW    cov: 1617 ft: 5693 corp: 394/59Kb lim: 65536 exec/s: 846 rss: 1009Mb L: 85/5054 MS: 2 PersAutoDict-Custom- DE: "\036\000"-
#4236	NEW    cov: 1617 ft: 5693 corp: 394/59Kb lim: 65536 exec/s: 847 rss: 1010Mb L: 8/5054 MS: 7 CMP-Custom-ManualDict-Custom-ChangeBinInt-Custom-CustomCrossOver- DE: "regex_match"-"until"-
#4249	NEW    cov: 1617 ft: 5693 corp: 394/59Kb lim: 65536 exec/s: 849 rss: 1013Mb L: 6/5054 MS: 3 CustomCrossOver-CustomCrossOver-CustomCrossOver-
#4250	NEW    cov: 1617 ft: 5694 corp: 395/59Kb lim: 65536 exec/s: 850 rss: 1013Mb L: 23/5054 MS: 2 ShuffleBytes-Custom-
#4252	NEW    cov: 1617 ft: 5696 corp: 396/61Kb lim: 65536 exec/s: 850 rss: 1014Mb L: 1581/5054 MS: 4 InsertByte-Custom-ChangeBit-Custom-
#4263	NEW    cov: 1617 ft: 5696 corp: 396/61Kb lim: 65536 exec/s: 852 rss: 1016Mb L: 5/5054 MS: 2 EraseBytes-Custom-
#4277	NEW    cov: 1617 ft: 5696 corp: 396/61Kb lim: 65536 exec/s: 855 rss: 1019Mb L: 7/5054 MS: 6 PersAutoDict-Custom-PersAutoDict-Custom-CustomCrossOver-CustomCrossOver- DE: "to_case"-"\000\001"-
#4278	NEW    cov: 1617 ft: 5697 corp: 397/61Kb lim: 65536 exec/s: 855 rss: 1019Mb L: 60/5054 MS: 2 InsertByte-Custom-
#4279	NEW    cov: 1617 ft: 5701 corp: 398/61Kb lim: 65536 exec/s: 855 rss: 1019Mb L: 80/5054 MS: 2 InsertRepeatedBytes-Custom-
#4285	NEW    cov: 1617 ft: 5703 corp: 399/61Kb lim: 65536 exec/s: 857 rss: 1021Mb L: 261/5054 MS: 2 CMP-Custom- DE: "\377\377\377\036"-
#4287	NEW    cov: 1617 ft: 5706 corp: 399/61Kb lim: 65536 exec/s: 857 rss: 1021Mb L: 26/5054 MS: 4 ChangeByte-Custom-InsertRepeatedBytes-Custom-
#4288	NEW    cov: 1617 ft: 5706 corp: 400/61Kb lim: 65536 exec/s: 857 rss: 1021Mb L: 166/5054 MS: 2 ShuffleBytes-Custom-
#4293	NEW    cov: 1617 ft: 5710 corp: 401/61Kb lim: 65536 exec/s: 858 rss: 1022Mb L: 358/5054 MS: 10 ChangeBit-Custom-InsertRepeatedBytes-Custom-InsertRepeatedBytes-Custom-InsertByte-Custom-ChangeByte-Custom-
#4297	NEW    cov: 1617 ft: 5710 corp: 401/61Kb lim: 65536 exec/s: 859 rss: 1023Mb L: 8/5054 MS: 7 ChangeBinInt-Custom-ChangeBinInt-Custom-ManualDict-Custom-CustomCrossOver- DE: "code"-
#4318	NEW    cov: 1617 ft: 5710 corp: 397/61Kb lim: 65536 exec/s: 863 rss: 1028Mb L: 13/5054 MS: 1 CustomCrossOver-
#4319	NEW    cov: 1617 ft: 5717 corp: 398/61Kb lim: 65536 exec/s: 863 rss: 1028Mb L: 31/5054 MS: 2 ManualDict-Custom- DE: "workers_dir"-
#4320	NEW    cov: 1617 ft: 5721 corp: 399/61Kb lim: 65536 exec/s: 864 rss: 1029Mb L: 16/5054 MS: 2 EraseBytes-Custom-
#4321	NEW    cov: 1617 ft: 5721 corp: 396/61Kb lim: 65536 exec/s: 864 rss: 1029Mb L: 6/5054 MS: 2 EraseBytes-Custom-
#4328	NEW    cov: 1617 ft: 5721 corp: 397/61Kb lim: 65536 exec/s: 865 rss: 1030Mb L: 15/5054 MS: 4 ShuffleBytes-Custom-InsertByte-Custom-
#4329	NEW    cov: 1617 ft: 5721 corp: 396/61Kb lim: 65536 exec/s: 865 rss: 1030Mb L: 13/5054 MS: 2 PersAutoDict-Custom- DE: "\000\000\000\000"-
#4330	NEW    cov: 1617 ft: 5722 corp: 397/61Kb lim: 65536 exec/s: 866 rss: 1031Mb L: 192/5054 MS: 2 InsertRepeatedBytes-Custom-
#4331	NEW    cov: 1617 ft: 5724 corp: 398/61Kb lim: 65536 exec/s: 866 rss: 1031Mb L: 62/5054 MS: 2 ManualDict-Custom- DE: "cache_write_strategy"-
#4332	NEW    cov: 1617 ft: 5724 corp: 398/61Kb lim: 65536 exec/s: 866 rss: 1031Mb L: 14/5054 MS: 2 ShuffleBytes-Custom-
#4334	NEW    cov: 1617 ft: 5724 corp: 398/61Kb lim: 65536 exec/s: 866 rss: 1032Mb L: 28/5054 MS: 3 PersAutoDict-Custom-CustomCrossOver- DE: "sol.sol::func"-
#4338	NEW    cov: 1617 ft: 5725 corp: 399/62Kb lim: 65536 exec/s: 867 rss: 1032Mb L: 263/5054 MS: 8 ChangeBinInt-Custom-PersAutoDict-Custom-InsertRepeatedBytes-Custom-InsertRepeatedBytes-Custom- DE: "name"-
#4339	NEW    cov: 1617 ft: 5725 corp: 398/62Kb lim: 65536 exec/s: 867 rss: 1033Mb L: 9/5054 MS: 1 CustomCrossOver-
#4341	NEW    cov: 1617 ft: 5725 corp: 399/62Kb lim: 65536 exec/s: 868 rss: 1033Mb L: 19/5054 MS: 4 InsertByte-Custom-ShuffleBytes-Custom-
#4357	NEW    cov: 1617 ft: 5725 corp: 397/62Kb lim: 65536 exec/s: 871 rss: 1037Mb L: 6/5054 MS: 2 ManualDict-Custom- DE: "USER"-
#4368	NEW    cov: 1617 ft: 5726 corp: 398/64Kb lim: 65536 exec/s: 873 rss: 1040Mb L: 2097/5054 MS: 2 InsertByte-Custom-
#4389	NEW    cov: 1617 ft: 5726 corp: 397/64Kb lim: 65536 exec/s: 877 rss: 1044Mb L: 7/5054 MS: 1 CustomCrossOver-
#4391	NEW    cov: 1617 ft: 5726 corp: 397/64Kb lim: 65536 exec/s: 878 rss: 1045Mb L: 17/5054 MS: 4 ShuffleBytes-Custom-PersAutoDict-Custom- DE: "rep"-
#4397	NEW    cov: 1617 ft: 5726 corp: 398/64Kb lim: 65536 exec/s: 879 rss: 1046Mb L: 9/5054 MS: 2 ChangeByte-Custom-
#4952	RELOAD cov: 1617 ft: 5779 corp: 421/120Kb lim: 65536 exec/s: 990 rss: 1171Mb
#4954	NEW    cov: 1617 ft: 5779 corp: 421/120Kb lim: 65536 exec/s: 825 rss: 1172Mb L: 20/21292 MS: 4 ChangeByte-Custom-CopyPart-Custom-
#4956	NEW    cov: 1617 ft: 5780 corp: 422/120Kb lim: 65536 exec/s: 826 rss: 1172Mb L: 109/21292 MS: 4 InsertByte-Custom-InsertRepeatedBytes-Custom-
#4962	NEW    cov: 1617 ft: 5780 corp: 422/120Kb lim: 65536 exec/s: 827 rss: 1174Mb L: 4/21292 MS: 1 CustomCrossOver-
#4969	NEW    cov: 1617 ft: 5780 corp: 421/120Kb lim: 65536 exec/s: 828 rss: 1175Mb L: 17/21292 MS: 2 CustomCrossOver-CustomCrossOver-
#5005	NEW    cov: 1617 ft: 5780 corp: 421/120Kb lim: 65536 exec/s: 834 rss: 1183Mb L: 8/21292 MS: 2 InsertByte-Custom-
#5021	NEW    cov: 1617 ft: 5780 corp: 421/120Kb lim: 65536 exec/s: 836 rss: 1187Mb L: 7/21292 MS: 2 ChangeBit-Custom-
#5026	NEW    cov: 1617 ft: 5780 corp: 421/120Kb lim: 65536 exec/s: 837 rss: 1188Mb L: 7/21292 MS: 10 CopyPart-Custom-ChangeBinInt-Custom-ChangeBit-Custom-ChangeBinInt-Custom-EraseBytes-Custom-
#5034	NEW    cov: 1617 ft: 5780 corp: 421/120Kb lim: 65536 exec/s: 839 rss: 1190Mb L: 15/21292 MS: 6 ChangeBinInt-Custom-ShuffleBytes-Custom-ChangeBinInt-Custom-
#5055	NEW    cov: 1617 ft: 5780 corp: 422/120Kb lim: 65536 exec/s: 842 rss: 1194Mb L: 15/21292 MS: 2 ShuffleBytes-Custom-
#5103	NEW    cov: 1617 ft: 5780 corp: 422/120Kb lim: 65536 exec/s: 850 rss: 1205Mb L: 7/21292 MS: 6 ChangeBit-Custom-ShuffleBytes-Custom-InsertByte-Custom-
#5144	NEW    cov: 1617 ft: 5780 corp: 423/120Kb lim: 65536 exec/s: 857 rss: 1214Mb L: 5/21292 MS: 1 CustomCrossOver-
#5149	NEW    cov: 1617 ft: 5780 corp: 423/120Kb lim: 65536 exec/s: 858 rss: 1215Mb L: 270/21292 MS: 10 EraseBytes-Custom-ShuffleBytes-Custom-CMP-Custom-InsertByte-Custom-CMP-Custom- DE: "\260\312\200\213\000\000\000\000"-"\377\377\377\377@\275\3525"-
#5155	NEW    cov: 1617 ft: 5780 corp: 424/120Kb lim: 65536 exec/s: 859 rss: 1217Mb L: 10/21292 MS: 2 ShuffleBytes-Custom-
#5181	NEW    cov: 1617 ft: 5780 corp: 424/120Kb lim: 65536 exec/s: 863 rss: 1222Mb L: 5/21292 MS: 2 EraseBytes-Custom-
#5227	NEW    cov: 1617 ft: 5780 corp: 423/120Kb lim: 65536 exec/s: 871 rss: 1232Mb L: 4/21292 MS: 2 ChangeBit-Custom-
#5231	NEW    cov: 1617 ft: 5784 corp: 424/140Kb lim: 65536 exec/s: 871 rss: 1233Mb L: 21303/21303 MS: 8 ChangeBit-Custom-ShuffleBytes-Custom-ChangeBit-Custom-ChangeBit-Custom-
#5244	NEW    cov: 1617 ft: 5784 corp: 424/140Kb lim: 65536 exec/s: 874 rss: 1236Mb L: 13/21303 MS: 4 InsertRepeatedBytes-Custom-CustomCrossOver-CustomCrossOver-
#5246	NEW    cov: 1617 ft: 5784 corp: 425/140Kb lim: 65536 exec/s: 874 rss: 1236Mb L: 80/21303 MS: 3 CustomCrossOver-CMP-Custom- DE: "config"-
#5247	NEW    cov: 1617 ft: 5784 corp: 425/140Kb lim: 65536 exec/s: 874 rss: 1236Mb L: 63/21303 MS: 2 PersAutoDict-Custom- DE: "run"-
#5275	NEW    cov: 1617 ft: 5790 corp: 426/140Kb lim: 65536 exec/s: 879 rss: 1242Mb L: 37/21303 MS: 6 ManualDict-Custom-ManualDict-Custom-ChangeByte-Custom- DE: "icons"-"phase-"-
#5296	NEW    cov: 1617 ft: 5790 corp: 427/140Kb lim: 65536 exec/s: 882 rss: 1247Mb L: 6/21303 MS: 2 ShuffleBytes-Custom-
#5298	NEW    cov: 1617 ft: 5790 corp: 427/140Kb lim: 65536 exec/s: 883 rss: 1248Mb L: 5/21303 MS: 3 InsertByte-Custom-CustomCrossOver-
#5299	NEW    cov: 1617 ft: 5790 corp: 428/140Kb lim: 65536 exec/s: 883 rss: 1248Mb L: 3/21303 MS: 2 EraseBytes-Custom-
#5310	NEW    cov: 1617 ft: 5790 corp: 428/140Kb lim: 65536 exec/s: 885 rss: 1250Mb L: 8/21303 MS: 2 ChangeBinInt-Custom-
#5356	NEW    cov: 1617 ft: 5790 corp: 428/140Kb lim: 65536 exec/s: 892 rss: 1260Mb L: 20/21303 MS: 2 PersAutoDict-Custom- DE: "count"-
#5362	NEW    cov: 1617 ft: 5790 corp: 429/140Kb lim: 65536 exec/s: 893 rss: 1262Mb L: 6/21303 MS: 2 ChangeBit-Custom-
#5383	NEW    cov: 1617 ft: 5791 corp: 429/140Kb lim: 65536 exec/s: 897 rss: 1267Mb L: 68/21303 MS: 1 CustomCrossOver-
#5389	NEW    cov: 1617 ft: 5791 corp: 429/140Kb lim: 65536 exec/s: 898 rss: 1268Mb L: 90/21303 MS: 2 ManualDict-Custom- DE: "BEEZ_ENV"-
#5408	NEW    cov: 1617 ft: 5791 corp: 429/140Kb lim: 65536 exec/s: 901 rss: 1272Mb L: 30/21303 MS: 8 InsertRepeatedBytes-Custom-PersAutoDict-Custom-CopyPart-Custom-PersAutoDict-Custom- DE: "TERM"-"\377\377\377\036"-
#5436	NEW    cov: 1617 ft: 5791 corp: 429/140Kb lim: 65536 exec/s: 906 rss: 1278Mb L: 6/21303 MS: 6 EraseBytes-Custom-ManualDict-Custom-ChangeByte-Custom- DE: "NOLINT"-
#5447	NEW    cov: 1617 ft: 5792 corp: 430/142Kb lim: 65536 exec/s: 907 rss: 1280Mb L: 1656/21303 MS: 2 InsertRepeatedBytes-Custom-
#5460	NEW    cov: 1617 ft: 5793 corp: 431/142Kb lim: 65536 exec/s: 910 rss: 1283Mb L: 43/21303 MS: 5 CopyPart-Custom-ShuffleBytes-Custom-CustomCrossOver-
#5467	NEW    cov: 1617 ft: 5793 corp: 432/142Kb lim: 65536 exec/s: 911 rss: 1284Mb L: 6/21303 MS: 3 ManualDict-Custom-CustomCrossOver- DE: "vars"-
#5497	NEW    cov: 1617 ft: 5793 corp: 432/142Kb lim: 65536 exec/s: 916 rss: 1291Mb L: 4/21303 MS: 6 CustomCrossOver-CustomCrossOver-CustomCrossOver-CustomCrossOver-EraseBytes-Custom-
#5499	NEW    cov: 1617 ft: 5793 corp: 432/142Kb lim: 65536 exec/s: 916 rss: 1292Mb L: 50/21303 MS: 4 ChangeByte-Custom-ChangeBit-Custom-
#5500	NEW    cov: 1617 ft: 5793 corp: 432/142Kb lim: 65536 exec/s: 916 rss: 1292Mb L: 10/21303 MS: 2 InsertByte-Custom-
#5514	NEW    cov: 1617 ft: 5797 corp: 433/142Kb lim: 65536 exec/s: 919 rss: 1295Mb L: 43/21303 MS: 6 ChangeBit-Custom-ChangeBinInt-Custom-CustomCrossOver-CustomCrossOver-
#5540	NEW    cov: 1617 ft: 5797 corp: 434/142Kb lim: 65536 exec/s: 923 rss: 1301Mb L: 6/21303 MS: 2 ShuffleBytes-Custom-
#5548	NEW    cov: 1617 ft: 5797 corp: 435/142Kb lim: 65536 exec/s: 924 rss: 1302Mb L: 8/21303 MS: 4 ChangeByte-Custom-CustomCrossOver-CustomCrossOver-
#5549	NEW    cov: 1617 ft: 5797 corp: 436/142Kb lim: 65536 exec/s: 924 rss: 1303Mb L: 21/21303 MS: 2 ChangeBit-Custom-
#5575	NEW    cov: 1617 ft: 5800 corp: 437/144Kb lim: 65536 exec/s: 929 rss: 1309Mb L: 2090/21303 MS: 2 CMP-Custom- DE: "to_case"-
#5582	NEW    cov: 1617 ft: 5800 corp: 436/144Kb lim: 65536 exec/s: 930 rss: 1310Mb L: 21/21303 MS: 4 ChangeBit-Custom-EraseBytes-Custom-
#5653	NEW    cov: 1617 ft: 5800 corp: 436/144Kb lim: 65536 exec/s: 942 rss: 1326Mb L: 52/21303 MS: 2 EraseBytes-Custom-
#5655	NEW    cov: 1617 ft: 5800 corp: 436/144Kb lim: 65536 exec/s: 942 rss: 1327Mb L: 70/21303 MS: 2 CustomCrossOver-CustomCrossOver-
#5663	NEW    cov: 1617 ft: 5800 corp: 436/144Kb lim: 65536 exec/s: 943 rss: 1329Mb L: 6/21303 MS: 3 CustomCrossOver-CustomCrossOver-CustomCrossOver-
#5674	NEW    cov: 1617 ft: 5800 corp: 437/144Kb lim: 65536 exec/s: 945 rss: 1331Mb L: 19/21303 MS: 2 ChangeBinInt-Custom-
#5680	NEW    cov: 1617 ft: 5800 corp: 438/144Kb lim: 65536 exec/s: 946 rss: 1332Mb L: 24/21303 MS: 1 CustomCrossOver-
#5686	NEW    cov: 1617 ft: 5800 corp: 438/144Kb lim: 65536 exec/s: 947 rss: 1334Mb L: 20/21303 MS: 2 InsertByte-Custom-
#5704	NEW    cov: 1617 ft: 5800 corp: 439/144Kb lim: 65536 exec/s: 950 rss: 1338Mb L: 16/21303 MS: 6 ChangeByte-Custom-CMP-Custom-CopyPart-Custom- DE: "__lt"-
#5710	NEW    cov: 1617 ft: 5800 corp: 439/144Kb lim: 65536 exec/s: 951 rss: 1339Mb L: 3/21303 MS: 2 EraseBytes-Custom-
#5717	NEW    cov: 1617 ft: 5800 corp: 439/144Kb lim: 65536 exec/s: 952 rss: 1341Mb L: 4843/21303 MS: 4 ChangeByte-Custom-CopyPart-Custom-
#5725	NEW    cov: 1617 ft: 5801 corp: 440/146Kb lim: 65536 exec/s: 954 rss: 1343Mb L: 2093/21303 MS: 6 CMP-Custom-ChangeBinInt-Custom-ChangeBinInt-Custom- DE: "\377\377\377\377@\275\357`"-
#5757	NEW    cov: 1617 ft: 5801 corp: 440/146Kb lim: 65536 exec/s: 959 rss: 1351Mb L: 16/21303 MS: 4 ChangeBit-Custom-ChangeBit-Custom-
#5763	NEW    cov: 1617 ft: 5801 corp: 440/146Kb lim: 65536 exec/s: 960 rss: 1352Mb L: 8/21303 MS: 2 EraseBytes-Custom-
#5774	NEW    cov: 1617 ft: 5802 corp: 441/146Kb lim: 65536 exec/s: 962 rss: 1355Mb L: 472/21303 MS: 2 CopyPart-Custom-
#5796	NEW    cov: 1617 ft: 5803 corp: 442/148Kb lim: 65536 exec/s: 966 rss: 1360Mb L: 1581/21303 MS: 3 ShuffleBytes-Custom-CustomCrossOver-
#5802	NEW    cov: 1617 ft: 5803 corp: 441/148Kb lim: 65536 exec/s: 967 rss: 1361Mb L: 6/21303 MS: 2 ChangeBinInt-Custom-
#5814	NEW    cov: 1617 ft: 5803 corp: 441/148Kb lim: 65536 exec/s: 969 rss: 1364Mb L: 16/21303 MS: 4 CMP-Custom-ChangeBit-Custom- DE: "to_uppercase"-
#5835	NEW    cov: 1617 ft: 5906 corp: 442/148Kb lim: 65536 exec/s: 972 rss: 1368Mb L: 122/21303 MS: 2 InsertRepeatedBytes-Custom-
#5845	NEW    cov: 1617 ft: 5906 corp: 442/148Kb lim: 65536 exec/s: 835 rss: 1370Mb L: 17/21303 MS: 7 ChangeBit-Custom-CustomCrossOver-CustomCrossOver-CustomCrossOver-CMP-Custom- DE: "\001\036"-
#6443	RELOAD cov: 1617 ft: 5938 corp: 454/166Kb lim: 65536 exec/s: 920 rss: 1505Mb
#6465	NEW    cov: 1617 ft: 5938 corp: 455/166Kb lim: 65536 exec/s: 923 rss: 1510Mb L: 7/28447 MS: 4 ChangeBinInt-Custom-ManualDict-Custom- DE: "zstd"-
#6466	NEW    cov: 1617 ft: 5938 corp: 452/166Kb lim: 65536 exec/s: 923 rss: 1510Mb L: 3/28447 MS: 2 ChangeBit-Custom-
#6473	NEW    cov: 1617 ft: 5939 corp: 453/170Kb lim: 65536 exec/s: 924 rss: 1511Mb L: 4348/28447 MS: 3 CustomCrossOver-PersAutoDict-Custom- DE: "description"-
#6474	NEW    cov: 1617 ft: 5939 corp: 454/170Kb lim: 65536 exec/s: 924 rss: 1511Mb L: 5/28447 MS: 2 EraseBytes-Custom-
#6490	NEW    cov: 1617 ft: 5939 corp: 455/170Kb lim: 65536 exec/s: 927 rss: 1515Mb L: 31/28447 MS: 2 ChangeBit-Custom-
#6491	NEW    cov: 1617 ft: 5939 corp: 456/170Kb lim: 65536 exec/s: 927 rss: 1515Mb L: 29/28447 MS: 2 ManualDict-Custom- DE: "ghost-step"-
#6494	NEW    cov: 1617 ft: 5939 corp: 456/170Kb lim: 65536 exec/s: 927 rss: 1516Mb L: 5/28447 MS: 6 EraseBytes-Custom-ManualDict-Custom-ChangeBit-Custom- DE: "0x1e"-
#6512	NEW    cov: 1617 ft: 5939 corp: 457/170Kb lim: 65536 exec/s: 930 rss: 1521Mb L: 9/28447 MS: 4 ChangeByte-Custom-CustomCrossOver-CustomCrossOver-
#6558	NEW    cov: 1617 ft: 5939 corp: 457/170Kb lim: 65536 exec/s: 936 rss: 1531Mb L: 6/28447 MS: 1 CustomCrossOver-
#6561	NEW    cov: 1617 ft: 5939 corp: 457/170Kb lim: 65536 exec/s: 937 rss: 1532Mb L: 131/28447 MS: 6 ShuffleBytes-Custom-InsertRepeatedBytes-Custom-InsertRepeatedBytes-Custom-
#6565	NEW    cov: 1617 ft: 5939 corp: 458/170Kb lim: 65536 exec/s: 937 rss: 1532Mb L: 3/28447 MS: 8 ManualDict-Custom-CopyPart-Custom-CopyPart-Custom-EraseBytes-Custom- DE: "hash"-
#6577	NEW    cov: 1617 ft: 5972 corp: 458/170Kb lim: 65536 exec/s: 939 rss: 1535Mb L: 8/28447 MS: 4 PersAutoDict-Custom-ChangeByte-Custom- DE: "\000\000\000\000\000\000\000\021"-
#6578	NEW    cov: 1617 ft: 5972 corp: 459/170Kb lim: 65536 exec/s: 939 rss: 1535Mb L: 16/28447 MS: 2 PersAutoDict-Custom- DE: "\000\000\000\000\000\000\000\000"-
#6586	NEW    cov: 1617 ft: 5972 corp: 459/170Kb lim: 65536 exec/s: 940 rss: 1537Mb L: 17/28447 MS: 6 ChangeByte-Custom-CMP-Custom-CopyPart-Custom- DE: "\377\377\377\377\377\377\377\377"-
#6612	NEW    cov: 1617 ft: 5975 corp: 457/170Kb lim: 65536 exec/s: 944 rss: 1543Mb L: 7/28447 MS: 2 ChangeBit-Custom-
#6638	NEW    cov: 1617 ft: 5975 corp: 458/170Kb lim: 65536 exec/s: 948 rss: 1548Mb L: 19/28447 MS: 2 PersAutoDict-Custom- DE: "mode"-
#6655	NEW    cov: 1617 ft: 5975 corp: 457/170Kb lim: 65536 exec/s: 950 rss: 1552Mb L: 5/28447 MS: 4 InsertByte-Custom-ShuffleBytes-Custom-
#6677	NEW    cov: 1617 ft: 5975 corp: 457/170Kb lim: 65536 exec/s: 953 rss: 1557Mb L: 3/28447 MS: 3 ShuffleBytes-Custom-CustomCrossOver-
#6683	NEW    cov: 1617 ft: 5975 corp: 458/170Kb lim: 65536 exec/s: 954 rss: 1559Mb L: 3/28447 MS: 2 EraseBytes-Custom-
#6689	NEW    cov: 1617 ft: 5975 corp: 456/170Kb lim: 65536 exec/s: 955 rss: 1560Mb L: 4/28447 MS: 2 CMP-Custom- DE: "\376\377\377\177"-
#6722	NEW    cov: 1617 ft: 5975 corp: 455/170Kb lim: 65536 exec/s: 960 rss: 1567Mb L: 11/28447 MS: 6 ManualDict-Custom-InsertByte-Custom-ChangeByte-Custom- DE: "pairs"-
#6723	NEW    cov: 1617 ft: 5976 corp: 455/170Kb lim: 65536 exec/s: 960 rss: 1567Mb L: 8/28447 MS: 2 ChangeBinInt-Custom-
#6734	NEW    cov: 1617 ft: 5976 corp: 455/170Kb lim: 65536 exec/s: 962 rss: 1570Mb L: 18/28447 MS: 1 CustomCrossOver-
#6763	NEW    cov: 1617 ft: 5976 corp: 455/170Kb lim: 65536 exec/s: 845 rss: 1576Mb L: 17/28447 MS: 8 CMP-Custom-ManualDict-Custom-InsertByte-Custom-ManualDict-Custom- DE: "sol.so"-"list"-"sdbm"-
#6776	NEW    cov: 1617 ft: 5976 corp: 455/170Kb lim: 65536 exec/s: 847 rss: 1580Mb L: 8/28447 MS: 4 ChangeBit-Custom-CustomCrossOver-CustomCrossOver-
#6787	NEW    cov: 1617 ft: 5976 corp: 455/170Kb lim: 65536 exec/s: 848 rss: 1582Mb L: 4/28447 MS: 1 CustomCrossOver-
#6800	NEW    cov: 1617 ft: 5976 corp: 456/170Kb lim: 65536 exec/s: 850 rss: 1584Mb L: 16/28447 MS: 6 ShuffleBytes-Custom-CopyPart-Custom-EraseBytes-Custom-
#6828	NEW    cov: 1617 ft: 5976 corp: 456/170Kb lim: 65536 exec/s: 853 rss: 1591Mb L: 39/28447 MS: 6 InsertByte-Custom-ChangeBit-Custom-ManualDict-Custom- DE: "inputs"-
#6829	NEW    cov: 1617 ft: 5976 corp: 457/170Kb lim: 65536 exec/s: 853 rss: 1591Mb L: 52/28447 MS: 2 ChangeBinInt-Custom-
#6830	NEW    cov: 1617 ft: 5976 corp: 458/170Kb lim: 65536 exec/s: 853 rss: 1591Mb L: 5/28447 MS: 2 EraseBytes-Custom-
#6856	NEW    cov: 1617 ft: 5976 corp: 459/170Kb lim: 65536 exec/s: 857 rss: 1598Mb L: 3/28447 MS: 2 ChangeBit-Custom-
#6943	NEW    cov: 1617 ft: 5976 corp: 459/170Kb lim: 65536 exec/s: 867 rss: 1618Mb L: 5/28447 MS: 3 ChangeByte-Custom-CustomCrossOver-
#6949	NEW    cov: 1617 ft: 5976 corp: 459/170Kb lim: 65536 exec/s: 868 rss: 1619Mb L: 19/28447 MS: 2 CopyPart-Custom-
#6985	NEW    cov: 1617 ft: 5976 corp: 459/170Kb lim: 65536 exec/s: 873 rss: 1627Mb L: 2/28447 MS: 2 EraseBytes-Custom-
#7001	NEW    cov: 1617 ft: 5976 corp: 459/170Kb lim: 65536 exec/s: 875 rss: 1631Mb L: 3/28447 MS: 2 ShuffleBytes-Custom-
#7008	NEW    cov: 1617 ft: 5976 corp: 460/170Kb lim: 65536 exec/s: 876 rss: 1633Mb L: 3/28447 MS: 3 CrossOver-Custom-CustomCrossOver-
#7014	NEW    cov: 1617 ft: 5976 corp: 461/170Kb lim: 65536 exec/s: 876 rss: 1635Mb L: 4/28447 MS: 2 ChangeByte-Custom-
#7015	NEW    cov: 1617 ft: 5976 corp: 461/170Kb lim: 65536 exec/s: 876 rss: 1635Mb L: 7/28447 MS: 2 ChangeBinInt-Custom-
#7016	NEW    cov: 1617 ft: 5976 corp: 461/170Kb lim: 65536 exec/s: 877 rss: 1635Mb L: 2/28447 MS: 2 EraseBytes-Custom-
#7017	NEW    cov: 1617 ft: 5976 corp: 461/170Kb lim: 65536 exec/s: 877 rss: 1635Mb L: 4/28447 MS: 2 ChangeBinInt-Custom-
#7046	NEW    cov: 1617 ft: 5976 corp: 461/170Kb lim: 65536 exec/s: 880 rss: 1642Mb L: 4/28447 MS: 8 EraseBytes-Custom-InsertByte-Custom-EraseBytes-Custom-EraseBytes-Custom-
#7084	NEW    cov: 1617 ft: 5976 corp: 461/170Kb lim: 65536 exec/s: 885 rss: 1650Mb L: 17/28447 MS: 6 CMP-Custom-ChangeBinInt-Custom-PersAutoDict-Custom- DE: "\377\377\377\177"-"\377\377\000\000\000\000\000\000"-
#7093	NEW    cov: 1617 ft: 5976 corp: 461/170Kb lim: 65536 exec/s: 886 rss: 1652Mb L: 5/28447 MS: 6 ChangeByte-Custom-CustomCrossOver-CustomCrossOver-EraseBytes-Custom-
#7095	NEW    cov: 1617 ft: 5976 corp: 461/170Kb lim: 65536 exec/s: 886 rss: 1652Mb L: 5/28447 MS: 2 CustomCrossOver-CustomCrossOver-
#7097	NEW    cov: 1617 ft: 5976 corp: 461/170Kb lim: 65536 exec/s: 887 rss: 1653Mb L: 4/28447 MS: 2 CustomCrossOver-CustomCrossOver-
#7104	NEW    cov: 1617 ft: 5976 corp: 462/170Kb lim: 65536 exec/s: 888 rss: 1654Mb L: 4/28447 MS: 4 ChangeBinInt-Custom-CMP-Custom- DE: "\377\377\377\000"-
#7105	NEW    cov: 1617 ft: 5976 corp: 462/170Kb lim: 65536 exec/s: 888 rss: 1655Mb L: 6/28447 MS: 2 InsertByte-Custom-
#7116	NEW    cov: 1617 ft: 5976 corp: 463/170Kb lim: 65536 exec/s: 889 rss: 1657Mb L: 16/28447 MS: 2 ChangeBit-Custom-
#7127	NEW    cov: 1617 ft: 5976 corp: 463/170Kb lim: 65536 exec/s: 890 rss: 1660Mb L: 3/28447 MS: 2 ChangeBinInt-Custom-
#7149	NEW    cov: 1617 ft: 5977 corp: 463/170Kb lim: 65536 exec/s: 893 rss: 1665Mb L: 4/28447 MS: 4 InsertByte-Custom-ChangeByte-Custom-
#7160	NEW    cov: 1617 ft: 5977 corp: 463/170Kb lim: 65536 exec/s: 895 rss: 1668Mb L: 19/28447 MS: 2 ManualDict-Custom- DE: "USER"-
#7163	NEW    cov: 1617 ft: 5977 corp: 463/170Kb lim: 65536 exec/s: 895 rss: 1669Mb L: 24/28447 MS: 6 ChangeBinInt-Custom-ChangeBit-Custom-ManualDict-Custom- DE: "CXX"-
#7179	NEW    cov: 1617 ft: 5984 corp: 464/201Kb lim: 65536 exec/s: 897 rss: 1672Mb L: 32257/32257 MS: 2 CMP-Custom- DE: "\001\002"-
#7196	NEW    cov: 1617 ft: 5984 corp: 465/201Kb lim: 65536 exec/s: 899 rss: 1676Mb L: 3/32257 MS: 4 ShuffleBytes-Custom-EraseBytes-Custom-
#7202	NEW    cov: 1617 ft: 5984 corp: 466/201Kb lim: 65536 exec/s: 900 rss: 1677Mb L: 2/32257 MS: 2 ChangeByte-Custom-
#7207	NEW    cov: 1617 ft: 5984 corp: 466/201Kb lim: 65536 exec/s: 900 rss: 1679Mb L: 4739/32257 MS: 10 CopyPart-Custom-CopyPart-Custom-ChangeByte-Custom-InsertRepeatedBytes-Custom-PersAutoDict-Custom- DE: "metadata"-
#7208	NEW    cov: 1617 ft: 5984 corp: 466/201Kb lim: 65536 exec/s: 901 rss: 1679Mb L: 9/32257 MS: 2 ChangeBinInt-Custom-
#7226	NEW    cov: 1617 ft: 5984 corp: 466/201Kb lim: 65536 exec/s: 903 rss: 1683Mb L: 3/32257 MS: 4 CustomCrossOver-ManualDict-Custom-CustomCrossOver- DE: "description"-
#7232	NEW    cov: 1617 ft: 5984 corp: 467/201Kb lim: 65536 exec/s: 904 rss: 1685Mb L: 5/32257 MS: 1 CustomCrossOver-
#7243	NEW    cov: 1617 ft: 5985 corp: 468/201Kb lim: 65536 exec/s: 905 rss: 1688Mb L: 64/32257 MS: 2 ManualDict-Custom- DE: "full"-
#7257	NEW    cov: 1617 ft: 5986 corp: 469/201Kb lim: 65536 exec/s: 907 rss: 1691Mb L: 229/32257 MS: 8 ChangeBinInt-Custom-PersAutoDict-Custom-InsertRepeatedBytes-Custom-ManualDict-Custom- DE: "to_uppercase"-"show_time_saved"-
#7258	NEW    cov: 1617 ft: 5986 corp: 469/201Kb lim: 65536 exec/s: 907 rss: 1691Mb L: 6/32257 MS: 2 ChangeBit-Custom-
#7265	NEW    cov: 1617 ft: 5986 corp: 470/201Kb lim: 65536 exec/s: 908 rss: 1692Mb L: 4/32257 MS: 3 CustomCrossOver-EraseBytes-Custom-
#7296	NEW    cov: 1617 ft: 5986 corp: 469/201Kb lim: 65536 exec/s: 912 rss: 1699Mb L: 4/32257 MS: 2 ChangeBinInt-Custom-
#7322	NEW    cov: 1617 ft: 5986 corp: 469/201Kb lim: 65536 exec/s: 915 rss: 1705Mb L: 22/32257 MS: 2 EraseBytes-Custom-
#7323	NEW    cov: 1617 ft: 5986 corp: 469/201Kb lim: 65536 exec/s: 915 rss: 1705Mb L: 150/32257 MS: 2 EraseBytes-Custom-
#7327	NEW    cov: 1617 ft: 5988 corp: 470/207Kb lim: 65536 exec/s: 915 rss: 1706Mb L: 6492/32257 MS: 8 ShuffleBytes-Custom-InsertByte-Custom-PersAutoDict-Custom-CopyPart-Custom- DE: "\377\377\377\036"-
#7741	RELOAD cov: 1618 ft: 6015 corp: 495/308Kb lim: 65536 exec/s: 860 rss: 1799Mb
#7755	NEW    cov: 1618 ft: 6015 corp: 495/308Kb lim: 65536 exec/s: 861 rss: 1802Mb L: 22/51121 MS: 8 ShuffleBytes-Custom-EraseBytes-Custom-ChangeBinInt-Custom-ManualDict-Custom- DE: "table"-
#7774	NEW    cov: 1618 ft: 6015 corp: 495/308Kb lim: 65536 exec/s: 863 rss: 1806Mb L: 94/51121 MS: 8 ManualDict-Custom-EraseBytes-Custom-ChangeBinInt-Custom-PersAutoDict-Custom- DE: "select"-"sol.so"-
#7775	NEW    cov: 1618 ft: 6015 corp: 494/308Kb lim: 65536 exec/s: 863 rss: 1807Mb L: 17/51121 MS: 2 ChangeBit-Custom-
#7776	NEW    cov: 1618 ft: 6015 corp: 494/308Kb lim: 65536 exec/s: 864 rss: 1807Mb L: 4/51121 MS: 2 ShuffleBytes-Custom-
#7785	NEW    cov: 1618 ft: 6015 corp: 494/308Kb lim: 65536 exec/s: 865 rss: 1809Mb L: 4/51121 MS: 4 CustomCrossOver-CustomCrossOver-CustomCrossOver-CustomCrossOver-
#7791	NEW    cov: 1618 ft: 6015 corp: 495/308Kb lim: 65536 exec/s: 865 rss: 1811Mb L: 5/51121 MS: 2 CopyPart-Custom-
#7798	NEW    cov: 1618 ft: 6015 corp: 495/308Kb lim: 65536 exec/s: 866 rss: 1812Mb L: 3/51121 MS: 2 CustomCrossOver-CustomCrossOver-
#7809	NEW    cov: 1618 ft: 6015 corp: 496/308Kb lim: 65536 exec/s: 867 rss: 1814Mb L: 3/51121 MS: 2 ManualDict-Custom- DE: "=="-
#7820	NEW    cov: 1618 ft: 6015 corp: 496/308Kb lim: 65536 exec/s: 868 rss: 1816Mb L: 24/51121 MS: 2 ShuffleBytes-Custom-
#7901	NEW    cov: 1618 ft: 6015 corp: 496/308Kb lim: 65536 exec/s: 877 rss: 1834Mb L: 3/51121 MS: 1 CustomCrossOver-
#7907	NEW    cov: 1618 ft: 6015 corp: 496/308Kb lim: 65536 exec/s: 878 rss: 1835Mb L: 23/51121 MS: 2 ChangeByte-Custom-
#7945	NEW    cov: 1618 ft: 6015 corp: 496/308Kb lim: 65536 exec/s: 882 rss: 1844Mb L: 517/51121 MS: 6 CopyPart-Custom-ChangeASCIIInt-Custom-InsertRepeatedBytes-Custom-
#7952	NEW    cov: 1618 ft: 6015 corp: 496/308Kb lim: 65536 exec/s: 883 rss: 1845Mb L: 3/51121 MS: 4 EraseBytes-Custom-ChangeByte-Custom-
#8009	NEW    cov: 1618 ft: 6015 corp: 496/308Kb lim: 65536 exec/s: 889 rss: 1859Mb L: 9/51121 MS: 4 ChangeByte-Custom-ShuffleBytes-Custom-
#8015	NEW    cov: 1618 ft: 6015 corp: 497/308Kb lim: 65536 exec/s: 890 rss: 1860Mb L: 7/51121 MS: 2 ChangeByte-Custom-
#8036	NEW    cov: 1618 ft: 6015 corp: 498/308Kb lim: 65536 exec/s: 892 rss: 1864Mb L: 6/51121 MS: 2 PersAutoDict-Custom- DE: "CXX"-
#8037	NEW    cov: 1618 ft: 6015 corp: 499/308Kb lim: 65536 exec/s: 893 rss: 1864Mb L: 3/51121 MS: 2 CopyPart-Custom-
#8075	NEW    cov: 1618 ft: 6015 corp: 500/308Kb lim: 65536 exec/s: 897 rss: 1873Mb L: 3/51121 MS: 6 EraseBytes-Custom-ChangeBit-Custom-EraseBytes-Custom-
#8103	NEW    cov: 1618 ft: 6015 corp: 501/308Kb lim: 65536 exec/s: 900 rss: 1879Mb L: 8/51121 MS: 6 InsertByte-Custom-CopyPart-Custom-EraseBytes-Custom-
#8109	NEW    cov: 1618 ft: 6015 corp: 502/308Kb lim: 65536 exec/s: 901 rss: 1880Mb L: 9/51121 MS: 2 CopyPart-Custom-
#8120	NEW    cov: 1618 ft: 6015 corp: 501/308Kb lim: 65536 exec/s: 902 rss: 1883Mb L: 5/51121 MS: 2 InsertByte-Custom-
#8122	NEW    cov: 1618 ft: 6015 corp: 502/308Kb lim: 65536 exec/s: 902 rss: 1883Mb L: 9/51121 MS: 4 CopyPart-Custom-ManualDict-Custom- DE: "."-
#8124	NEW    cov: 1618 ft: 6016 corp: 503/308Kb lim: 65536 exec/s: 902 rss: 1884Mb L: 19/51121 MS: 3 InsertByte-Custom-CustomCrossOver-
#8151	NEW    cov: 1620 ft: 6020 corp: 503/308Kb lim: 65536 exec/s: 905 rss: 1890Mb L: 1/51121 MS: 4 ChangeBit-Custom-EraseBytes-Custom-
#8172	NEW    cov: 1620 ft: 6020 corp: 504/308Kb lim: 65536 exec/s: 908 rss: 1895Mb L: 12/51121 MS: 2 PersAutoDict-Custom- DE: "merge"-
#8192	pulse  cov: 1620 ft: 6020 corp: 504/308Kb lim: 65536 exec/s: 910 rss: 1899Mb
#8193	NEW    cov: 1620 ft: 6020 corp: 504/308Kb lim: 65536 exec/s: 910 rss: 1899Mb L: 2/51121 MS: 2 EraseBytes-Custom-
#8219	NEW    cov: 1620 ft: 6020 corp: 505/308Kb lim: 65536 exec/s: 913 rss: 1906Mb L: 8/51121 MS: 2 ChangeByte-Custom-
#8220	NEW    cov: 1620 ft: 6020 corp: 504/308Kb lim: 65536 exec/s: 913 rss: 1906Mb L: 2/51121 MS: 2 ChangeByte-Custom-
#8226	NEW    cov: 1620 ft: 6020 corp: 505/308Kb lim: 65536 exec/s: 914 rss: 1907Mb L: 4/51121 MS: 2 EraseBytes-Custom-
#8227	NEW    cov: 1620 ft: 6020 corp: 505/308Kb lim: 65536 exec/s: 914 rss: 1907Mb L: 18/51121 MS: 2 CMP-Custom- DE: "\013\000\000\000\000\000\000\000"-
#8239	NEW    cov: 1620 ft: 6020 corp: 505/308Kb lim: 65536 exec/s: 915 rss: 1910Mb L: 4/51121 MS: 4 ChangeBinInt-Custom-ChangeByte-Custom-
#8262	NEW    cov: 1620 ft: 6020 corp: 505/308Kb lim: 65536 exec/s: 918 rss: 1915Mb L: 12/51121 MS: 6 ChangeByte-Custom-PersAutoDict-Custom-ShuffleBytes-Custom- DE: ")\""-
#8263	NEW    cov: 1620 ft: 6020 corp: 504/308Kb lim: 65536 exec/s: 918 rss: 1915Mb L: 39/51121 MS: 2 InsertRepeatedBytes-Custom-
#8309	NEW    cov: 1620 ft: 6020 corp: 504/308Kb lim: 65536 exec/s: 923 rss: 1925Mb L: 11/51121 MS: 2 EraseBytes-Custom-
#8321	NEW    cov: 1620 ft: 6020 corp: 504/308Kb lim: 65536 exec/s: 924 rss: 1928Mb L: 3/51121 MS: 2 CustomCrossOver-CustomCrossOver-
#8325	NEW    cov: 1620 ft: 6020 corp: 504/308Kb lim: 65536 exec/s: 925 rss: 1929Mb L: 47/51121 MS: 8 InsertRepeatedBytes-Custom-ChangeByte-Custom-CMP-Custom-ManualDict-Custom- DE: "\000\011"-"artifact"-
#8326	NEW    cov: 1620 ft: 6020 corp: 504/308Kb lim: 65536 exec/s: 925 rss: 1929Mb L: 8/51121 MS: 1 CustomCrossOver-
#8332	NEW    cov: 1620 ft: 6020 corp: 504/308Kb lim: 65536 exec/s: 925 rss: 1930Mb L: 3/51121 MS: 2 ChangeBit-Custom-
#8336	NEW    cov: 1620 ft: 6024 corp: 505/308Kb lim: 65536 exec/s: 926 rss: 1931Mb L: 66/51121 MS: 4 CustomCrossOver-CustomCrossOver-CustomCrossOver-CustomCrossOver-
#8342	NEW    cov: 1620 ft: 6025 corp: 506/322Kb lim: 65536 exec/s: 926 rss: 1933Mb L: 14017/51121 MS: 2 CopyPart-Custom-
#8350	NEW    cov: 1620 ft: 6025 corp: 507/322Kb lim: 65536 exec/s: 927 rss: 1934Mb L: 9/51121 MS: 5 CMP-Custom-CustomCrossOver-InsertByte-Custom- DE: "\000\000\000\000\000\000\000\000"-
#8351	NEW    cov: 1620 ft: 6025 corp: 506/321Kb lim: 65536 exec/s: 927 rss: 1935Mb L: 1132/51121 MS: 2 EraseBytes-Custom-
#8357	NEW    cov: 1620 ft: 6025 corp: 507/321Kb lim: 65536 exec/s: 928 rss: 1936Mb L: 206/51121 MS: 2 ManualDict-Custom- DE: "registerStep"-
#8360	NEW    cov: 1620 ft: 6031 corp: 508/338Kb lim: 65536 exec/s: 928 rss: 1936Mb L: 17650/51121 MS: 6 ChangeBit-Custom-ManualDict-Custom-ShuffleBytes-Custom- DE: "undefined"-
#8364	NEW    cov: 1620 ft: 6031 corp: 508/337Kb lim: 65536 exec/s: 929 rss: 1937Mb L: 96/51121 MS: 8 CMP-Custom-ChangeByte-Custom-InsertByte-Custom-InsertRepeatedBytes-Custom- DE: "F\000\000\000\000\000\000\000"-
#8390	NEW    cov: 1620 ft: 6031 corp: 508/337Kb lim: 65536 exec/s: 932 rss: 1943Mb L: 4/51121 MS: 2 ChangeBinInt-Custom-
#8407	NEW    cov: 1620 ft: 6038 corp: 509/338Kb lim: 65536 exec/s: 934 rss: 1947Mb L: 1027/51121 MS: 2 CustomCrossOver-CustomCrossOver-
#8408	NEW    cov: 1620 ft: 6038 corp: 509/338Kb lim: 65536 exec/s: 934 rss: 1947Mb L: 40/51121 MS: 2 CMP-Custom- DE: "$\000\000\000\000\000\000\000"-
#8412	NEW    cov: 1620 ft: 6038 corp: 510/338Kb lim: 65536 exec/s: 934 rss: 1948Mb L: 25/51121 MS: 8 ChangeBit-Custom-CMP-Custom-ShuffleBytes-Custom-ManualDict-Custom- DE: "download"-"\\r"-
#8413	NEW    cov: 1620 ft: 6038 corp: 508/338Kb lim: 65536 exec/s: 934 rss: 1948Mb L: 3/51121 MS: 1 CustomCrossOver-
#8444	NEW    cov: 1620 ft: 6038 corp: 509/338Kb lim: 65536 exec/s: 938 rss: 1955Mb L: 11/51121 MS: 2 ManualDict-Custom- DE: "beez.env"-
#8460	NEW    cov: 1620 ft: 6038 corp: 509/338Kb lim: 65536 exec/s: 940 rss: 1958Mb L: 5/51121 MS: 2 ShuffleBytes-Custom-
#8461	NEW    cov: 1620 ft: 6038 corp: 507/338Kb lim: 65536 exec/s: 940 rss: 1959Mb L: 2/51121 MS: 2 ChangeBinInt-Custom-
#8468	NEW    cov: 1620 ft: 6038 corp: 508/338Kb lim: 65536 exec/s: 940 rss: 1960Mb L: 2/51121 MS: 3 CrossOver-Custom-CustomCrossOver-
#8495	NEW    cov: 1620 ft: 6038 corp: 508/338Kb lim: 65536 exec/s: 849 rss: 1966Mb L: 67/51121 MS: 4 InsertRepeatedBytes-Custom-ManualDict-Custom- DE: "pending configure_step"-
#8497	NEW    cov: 1620 ft: 6038 corp: 508/338Kb lim: 65536 exec/s: 849 rss: 1967Mb L: 4/51121 MS: 4 ShuffleBytes-Custom-ChangeBit-Custom-
#8499	NEW    cov: 1620 ft: 6038 corp: 509/338Kb lim: 65536 exec/s: 849 rss: 1967Mb L: 4/51121 MS: 2 CustomCrossOver-CustomCrossOver-
#8500	NEW    cov: 1620 ft: 6038 corp: 507/338Kb lim: 65536 exec/s: 850 rss: 1967Mb L: 2/51121 MS: 1 CustomCrossOver-
#8501	NEW    cov: 1620 ft: 6038 corp: 508/338Kb lim: 65536 exec/s: 850 rss: 1967Mb L: 3/51121 MS: 2 CopyPart-Custom-
#8502	NEW    cov: 1620 ft: 6038 corp: 508/338Kb lim: 65536 exec/s: 850 rss: 1968Mb L: 2/51121 MS: 1 CustomCrossOver-
#8543	NEW    cov: 1620 ft: 6038 corp: 507/324Kb lim: 65536 exec/s: 854 rss: 1976Mb L: 113/51121 MS: 2 CopyPart-Custom-
#8586	NEW    cov: 1620 ft: 6038 corp: 505/324Kb lim: 65536 exec/s: 858 rss: 1986Mb L: 3/51121 MS: 5 CrossOver-Custom-CustomCrossOver-ChangeBit-Custom-
#8893	RELOAD cov: 1620 ft: 6057 corp: 531/401Kb lim: 65536 exec/s: 889 rss: 2054Mb
#8897	NEW    cov: 1620 ft: 6057 corp: 531/401Kb lim: 65536 exec/s: 889 rss: 2054Mb L: 6/61977 MS: 8 PersAutoDict-Custom-InsertByte-Custom-ChangeByte-Custom-EraseBytes-Custom- DE: "phase-"-
#8907	NEW    cov: 1620 ft: 6058 corp: 532/462Kb lim: 65536 exec/s: 890 rss: 2057Mb L: 61977/61977 MS: 8 EraseBytes-Custom-CustomCrossOver-ShuffleBytes-Custom-CrossOver-Custom-CustomCrossOver-
#8923	NEW    cov: 1620 ft: 6058 corp: 532/462Kb lim: 65536 exec/s: 892 rss: 2060Mb L: 1/61977 MS: 2 EraseBytes-Custom-
#8934	NEW    cov: 1620 ft: 6058 corp: 532/461Kb lim: 65536 exec/s: 893 rss: 2062Mb L: 42/61977 MS: 2 InsertRepeatedBytes-Custom-
#8945	NEW    cov: 1620 ft: 6058 corp: 531/461Kb lim: 65536 exec/s: 894 rss: 2065Mb L: 2/61977 MS: 1 CustomCrossOver-
#8976	NEW    cov: 1620 ft: 6058 corp: 531/461Kb lim: 65536 exec/s: 897 rss: 2071Mb L: 8/61977 MS: 2 ChangeByte-Custom-
#8989	NEW    cov: 1620 ft: 6058 corp: 532/461Kb lim: 65536 exec/s: 898 rss: 2074Mb L: 2/61977 MS: 6 EraseBytes-Custom-ChangeByte-Custom-EraseBytes-Custom-
#9036	NEW    cov: 1620 ft: 6058 corp: 532/461Kb lim: 65536 exec/s: 903 rss: 2084Mb L: 60/61977 MS: 4 CopyPart-Custom-PersAutoDict-Custom- DE: "dotenv_overrides_system"-
#9057	NEW    cov: 1620 ft: 6058 corp: 530/461Kb lim: 65536 exec/s: 905 rss: 2088Mb L: 2/61977 MS: 2 ChangeBit-Custom-
#9166	NEW    cov: 1620 ft: 6058 corp: 530/461Kb lim: 65536 exec/s: 916 rss: 2112Mb L: 25/61977 MS: 8 ChangeByte-Custom-InsertByte-Custom-PersAutoDict-Custom-ManualDict-Custom- DE: "duplicate"-"else"-
#9181	NEW    cov: 1620 ft: 6058 corp: 531/461Kb lim: 65536 exec/s: 918 rss: 2115Mb L: 8/61977 MS: 10 PersAutoDict-Custom-ChangeByte-Custom-ChangeByte-Custom-EraseBytes-Custom-InsertByte-Custom- DE: "\000\000\000\000"-
#9197	NEW    cov: 1620 ft: 6058 corp: 531/461Kb lim: 65536 exec/s: 919 rss: 2119Mb L: 3/61977 MS: 2 ShuffleBytes-Custom-
#9198	NEW    cov: 1620 ft: 6059 corp: 532/462Kb lim: 65536 exec/s: 919 rss: 2119Mb L: 40/61977 MS: 2 ShuffleBytes-Custom-
#9200	NEW    cov: 1620 ft: 6061 corp: 533/464Kb lim: 65536 exec/s: 920 rss: 2120Mb L: 2455/61977 MS: 4 ManualDict-Custom-CopyPart-Custom- DE: ":"-
#9216	NEW    cov: 1620 ft: 6061 corp: 533/464Kb lim: 65536 exec/s: 921 rss: 2123Mb L: 2/61977 MS: 2 ChangeByte-Custom-
#9234	NEW    cov: 1620 ft: 6061 corp: 533/464Kb lim: 65536 exec/s: 923 rss: 2127Mb L: 35/61977 MS: 6 EraseBytes-Custom-PersAutoDict-Custom-ManualDict-Custom- DE: "metadata"-"not-a-table"-
#9236	NEW    cov: 1620 ft: 6061 corp: 533/464Kb lim: 65536 exec/s: 923 rss: 2127Mb L: 56/61977 MS: 4 ChangeBinInt-Custom-InsertRepeatedBytes-Custom-
#9275	NEW    cov: 1620 ft: 6061 corp: 533/464Kb lim: 65536 exec/s: 927 rss: 2136Mb L: 11/61977 MS: 6 CopyPart-Custom-CustomCrossOver-CopyPart-Custom-CustomCrossOver-
#9287	NEW    cov: 1620 ft: 6061 corp: 533/464Kb lim: 65536 exec/s: 928 rss: 2139Mb L: 125/61977 MS: 4 ChangeByte-Custom-InsertRepeatedBytes-Custom-
#9334	NEW    cov: 1620 ft: 6061 corp: 533/464Kb lim: 65536 exec/s: 933 rss: 2148Mb L: 4488/61977 MS: 4 CopyPart-Custom-ChangeASCIIInt-Custom-
#9336	NEW    cov: 1620 ft: 6061 corp: 533/464Kb lim: 65536 exec/s: 933 rss: 2149Mb L: 126/61977 MS: 3 CustomCrossOver-InsertRepeatedBytes-Custom-
#9357	NEW    cov: 1620 ft: 6061 corp: 533/464Kb lim: 65536 exec/s: 935 rss: 2152Mb L: 3/61977 MS: 1 CustomCrossOver-
#9363	NEW    cov: 1620 ft: 6061 corp: 533/464Kb lim: 65536 exec/s: 936 rss: 2154Mb L: 4/61977 MS: 2 ChangeByte-Custom-
#9404	NEW    cov: 1620 ft: 6061 corp: 533/464Kb lim: 65536 exec/s: 854 rss: 2163Mb L: 2/61977 MS: 2 InsertByte-Custom-
#9427	NEW    cov: 1620 ft: 6061 corp: 533/464Kb lim: 65536 exec/s: 857 rss: 2168Mb L: 3/61977 MS: 6 ShuffleBytes-Custom-ShuffleBytes-Custom-ShuffleBytes-Custom-
#9433	NEW    cov: 1620 ft: 6061 corp: 533/464Kb lim: 65536 exec/s: 857 rss: 2169Mb L: 7/61977 MS: 1 CustomCrossOver-
#9450	NEW    cov: 1620 ft: 6061 corp: 533/464Kb lim: 65536 exec/s: 859 rss: 2173Mb L: 257/61977 MS: 4 InsertByte-Custom-InsertRepeatedBytes-Custom-
#9468	NEW    cov: 1620 ft: 6065 corp: 534/524Kb lim: 65536 exec/s: 860 rss: 2177Mb L: 62104/62104 MS: 6 ChangeByte-Custom-InsertRepeatedBytes-Custom-ManualDict-Custom- DE: "globby"-
#9509	NEW    cov: 1620 ft: 6065 corp: 535/524Kb lim: 65536 exec/s: 864 rss: 2187Mb L: 3/62104 MS: 2 ChangeByte-Custom-
#9535	NEW    cov: 1620 ft: 6065 corp: 535/524Kb lim: 65536 exec/s: 866 rss: 2193Mb L: 1/62104 MS: 1 CustomCrossOver-
#9571	NEW    cov: 1620 ft: 6065 corp: 535/524Kb lim: 65536 exec/s: 870 rss: 2202Mb L: 17/62104 MS: 2 ChangeByte-Custom-
#9578	NEW    cov: 1620 ft: 6065 corp: 535/524Kb lim: 65536 exec/s: 870 rss: 2203Mb L: 24/62104 MS: 4 CMP-Custom-ManualDict-Custom- DE: "beez"-"missing"-
#9619	NEW    cov: 1620 ft: 6065 corp: 535/524Kb lim: 65536 exec/s: 874 rss: 2213Mb L: 31/62104 MS: 2 ChangeBit-Custom-
#9633	NEW    cov: 1620 ft: 6065 corp: 535/524Kb lim: 65536 exec/s: 875 rss: 2216Mb L: 5/62104 MS: 5 CustomCrossOver-CopyPart-Custom-CustomCrossOver-CustomCrossOver-
#9679	NEW    cov: 1620 ft: 6065 corp: 535/524Kb lim: 65536 exec/s: 879 rss: 2226Mb L: 2/62104 MS: 2 ShuffleBytes-Custom-
#9680	NEW    cov: 1620 ft: 6065 corp: 536/524Kb lim: 65536 exec/s: 880 rss: 2226Mb L: 2/62104 MS: 2 InsertByte-Custom-
#9686	NEW    cov: 1620 ft: 6065 corp: 537/524Kb lim: 65536 exec/s: 880 rss: 2228Mb L: 4/62104 MS: 2 ChangeByte-Custom-
#9717	NEW    cov: 1620 ft: 6065 corp: 537/524Kb lim: 65536 exec/s: 883 rss: 2235Mb L: 17/62104 MS: 2 ManualDict-Custom- DE: "registered"-
#9723	NEW    cov: 1620 ft: 6065 corp: 538/524Kb lim: 65536 exec/s: 883 rss: 2236Mb L: 16/62104 MS: 2 ChangeBinInt-Custom-
#9729	NEW    cov: 1620 ft: 6065 corp: 538/524Kb lim: 65536 exec/s: 884 rss: 2237Mb L: 23/62104 MS: 2 CMP-Custom- DE: "\001\000\000\000\000\000\000\000"-
#9733	NEW    cov: 1620 ft: 6065 corp: 538/524Kb lim: 65536 exec/s: 884 rss: 2238Mb L: 4/62104 MS: 8 EraseBytes-Custom-ChangeBinInt-Custom-ChangeBit-Custom-ChangeByte-Custom-
#9735	NEW    cov: 1620 ft: 6066 corp: 539/524Kb lim: 65536 exec/s: 885 rss: 2238Mb L: 55/62104 MS: 3 ManualDict-Custom-CustomCrossOver- DE: "applyEnvironment"-
#9767	NEW    cov: 1620 ft: 6066 corp: 538/524Kb lim: 65536 exec/s: 887 rss: 2246Mb L: 3/62104 MS: 2 CustomCrossOver-CustomCrossOver-
#10117	RELOAD cov: 1620 ft: 6078 corp: 550/689Kb lim: 65536 exec/s: 919 rss: 2323Mb
#10198	NEW    cov: 1620 ft: 6078 corp: 550/689Kb lim: 65536 exec/s: 927 rss: 2341Mb L: 1/62104 MS: 2 ChangeByte-Custom-
#10204	NEW    cov: 1620 ft: 6078 corp: 551/689Kb lim: 65536 exec/s: 927 rss: 2342Mb L: 1/62104 MS: 2 CopyPart-Custom-
#10237	NEW    cov: 1620 ft: 6078 corp: 552/689Kb lim: 65536 exec/s: 930 rss: 2349Mb L: 15/62104 MS: 4 CustomCrossOver-ChangeByte-Custom-CustomCrossOver-
#10264	NEW    cov: 1620 ft: 6078 corp: 552/689Kb lim: 65536 exec/s: 933 rss: 2354Mb L: 3/62104 MS: 4 EraseBytes-Custom-InsertByte-Custom-
#10325	NEW    cov: 1620 ft: 6078 corp: 551/689Kb lim: 65536 exec/s: 860 rss: 2368Mb L: 2/62104 MS: 2 ChangeByte-Custom-
#10356	NEW    cov: 1620 ft: 6078 corp: 552/689Kb lim: 65536 exec/s: 863 rss: 2375Mb L: 7/62104 MS: 2 InsertByte-Custom-
#10447	NEW    cov: 1620 ft: 6078 corp: 552/689Kb lim: 65536 exec/s: 870 rss: 2395Mb L: 10/62104 MS: 2 InsertByte-Custom-
#10458	NEW    cov: 1620 ft: 6078 corp: 552/689Kb lim: 65536 exec/s: 871 rss: 2398Mb L: 2/62104 MS: 1 CustomCrossOver-
#10486	NEW    cov: 1620 ft: 6078 corp: 552/674Kb lim: 65536 exec/s: 873 rss: 2404Mb L: 17108/62104 MS: 6 ShuffleBytes-Custom-ChangeByte-Custom-PersAutoDict-Custom- DE: "pattern"-
#10492	NEW    cov: 1620 ft: 6078 corp: 552/674Kb lim: 65536 exec/s: 874 rss: 2405Mb L: 4008/62104 MS: 1 CustomCrossOver-
#10538	NEW    cov: 1620 ft: 6078 corp: 552/674Kb lim: 65536 exec/s: 878 rss: 2416Mb L: 1/62104 MS: 2 ChangeBit-Custom-
#10563	NEW    cov: 1620 ft: 6079 corp: 553/674Kb lim: 65536 exec/s: 880 rss: 2422Mb L: 86/62104 MS: 10 InsertByte-Custom-InsertRepeatedBytes-Custom-ShuffleBytes-Custom-ShuffleBytes-Custom-InsertByte-Custom-
#10584	NEW    cov: 1620 ft: 6080 corp: 554/674Kb lim: 65536 exec/s: 882 rss: 2427Mb L: 47/62104 MS: 2 EraseBytes-Custom-
#10620	NEW    cov: 1620 ft: 6080 corp: 555/674Kb lim: 65536 exec/s: 885 rss: 2435Mb L: 1/62104 MS: 2 EraseBytes-Custom-
#10621	NEW    cov: 1620 ft: 6080 corp: 555/674Kb lim: 65536 exec/s: 885 rss: 2435Mb L: 2/62104 MS: 2 EraseBytes-Custom-
#10627	NEW    cov: 1620 ft: 6080 corp: 555/674Kb lim: 65536 exec/s: 885 rss: 2436Mb L: 17/62104 MS: 2 ManualDict-Custom- DE: "["-
#10628	NEW    cov: 1620 ft: 6080 corp: 556/674Kb lim: 65536 exec/s: 885 rss: 2437Mb L: 1/62104 MS: 2 ShuffleBytes-Custom-
#10631	NEW    cov: 1620 ft: 6080 corp: 557/705Kb lim: 65536 exec/s: 885 rss: 2437Mb L: 31804/62104 MS: 6 CopyPart-Custom-ShuffleBytes-Custom-EraseBytes-Custom-
#10729	NEW    cov: 1620 ft: 6080 corp: 557/705Kb lim: 65536 exec/s: 894 rss: 2460Mb L: 4/62104 MS: 6 EraseBytes-Custom-EraseBytes-Custom-PersAutoDict-Custom- DE: "\001\036"-
#10740	NEW    cov: 1620 ft: 6080 corp: 558/705Kb lim: 65536 exec/s: 895 rss: 2463Mb L: 2/62104 MS: 2 ChangeByte-Custom-
#10753	NEW    cov: 1620 ft: 6080 corp: 559/705Kb lim: 65536 exec/s: 896 rss: 2466Mb L: 4/62104 MS: 4 CustomCrossOver-CustomCrossOver-CrossOver-Custom-
#10793	NEW    cov: 1620 ft: 6081 corp: 560/705Kb lim: 65536 exec/s: 899 rss: 2475Mb L: 124/62104 MS: 10 ManualDict-Custom-EraseBytes-Custom-InsertRepeatedBytes-Custom-InsertByte-Custom-PersAutoDict-Custom- DE: "enabled"-"\377\036"-
#10839	NEW    cov: 1620 ft: 6081 corp: 561/705Kb lim: 65536 exec/s: 903 rss: 2485Mb L: 1/62104 MS: 2 EraseBytes-Custom-
#10964	NEW    cov: 1620 ft: 6081 corp: 561/705Kb lim: 65536 exec/s: 913 rss: 2512Mb L: 7/62104 MS: 10 ChangeBinInt-Custom-InsertByte-Custom-ShuffleBytes-Custom-EraseBytes-Custom-ChangeBit-Custom-
#11217	RELOAD cov: 1620 ft: 6096 corp: 580/820Kb lim: 65536 exec/s: 862 rss: 2564Mb
#11231	NEW    cov: 1620 ft: 6098 corp: 581/830Kb lim: 65536 exec/s: 863 rss: 2567Mb L: 9413/63900 MS: 8 ChangeBit-Custom-ChangeASCIIInt-Custom-CopyPart-Custom-InsertRepeatedBytes-Custom-
#11233	NEW    cov: 1620 ft: 6098 corp: 582/830Kb lim: 65536 exec/s: 864 rss: 2567Mb L: 2/63900 MS: 2 CustomCrossOver-CustomCrossOver-
#11264	NEW    cov: 1620 ft: 6099 corp: 583/831Kb lim: 65536 exec/s: 866 rss: 2573Mb L: 1541/63900 MS: 1 CustomCrossOver-
#11320	NEW    cov: 1620 ft: 6099 corp: 581/831Kb lim: 65536 exec/s: 870 rss: 2586Mb L: 4/63900 MS: 2 ChangeByte-Custom-
#11328	NEW    cov: 1620 ft: 6099 corp: 582/831Kb lim: 65536 exec/s: 871 rss: 2587Mb L: 3/63900 MS: 6 CopyPart-Custom-EraseBytes-Custom-InsertByte-Custom-
#11349	NEW    cov: 1620 ft: 6099 corp: 582/831Kb lim: 65536 exec/s: 873 rss: 2592Mb L: 1/63900 MS: 2 ChangeBit-Custom-
#11440	NEW    cov: 1620 ft: 6099 corp: 583/831Kb lim: 65536 exec/s: 880 rss: 2610Mb L: 3/63900 MS: 2 InsertByte-Custom-
#11536	NEW    cov: 1620 ft: 6099 corp: 581/831Kb lim: 65536 exec/s: 887 rss: 2631Mb L: 3/63900 MS: 2 CopyPart-Custom-
#11556	NEW    cov: 1620 ft: 6099 corp: 581/830Kb lim: 65536 exec/s: 888 rss: 2636Mb L: 209/63900 MS: 10 CMP-Custom-InsertRepeatedBytes-Custom-ChangeByte-Custom-ChangeBinInt-Custom-InsertRepeatedBytes-Custom- DE: "\000\000\000\032"-
#11568	NEW    cov: 1620 ft: 6099 corp: 581/830Kb lim: 65536 exec/s: 889 rss: 2638Mb L: 1/63900 MS: 3 ChangeBinInt-Custom-CustomCrossOver-
#11610	NEW    cov: 1620 ft: 6100 corp: 582/830Kb lim: 65536 exec/s: 893 rss: 2647Mb L: 147/63900 MS: 4 ChangeBit-Custom-InsertRepeatedBytes-Custom-
#11659	NEW    cov: 1620 ft: 6219 corp: 583/830Kb lim: 65536 exec/s: 896 rss: 2657Mb L: 35/63900 MS: 8 ChangeBit-Custom-ManualDict-Custom-ChangeBit-Custom-EraseBytes-Custom- DE: "enum-cache"-
#11676	NEW    cov: 1620 ft: 6219 corp: 584/830Kb lim: 65536 exec/s: 898 rss: 2661Mb L: 30/63900 MS: 4 PersAutoDict-Custom-CMP-Custom- DE: "\000\000\000\032"-"\000\000\000\000\000\000\000\017"-
#11730	NEW    cov: 1620 ft: 6219 corp: 584/830Kb lim: 65536 exec/s: 902 rss: 2673Mb L: 69/63900 MS: 8 ShuffleBytes-Custom-ChangeBit-Custom-ChangeBinInt-Custom-InsertRepeatedBytes-Custom-
#11798	NEW    cov: 1620 ft: 6219 corp: 583/830Kb lim: 65536 exec/s: 907 rss: 2688Mb L: 27/63900 MS: 6 PersAutoDict-Custom-ChangeBit-Custom-ManualDict-Custom- DE: "initializers"-"end"-
#11819	NEW    cov: 1620 ft: 6219 corp: 584/830Kb lim: 65536 exec/s: 909 rss: 2693Mb L: 2/63900 MS: 1 CustomCrossOver-
#11838	NEW    cov: 1620 ft: 6221 corp: 584/826Kb lim: 65536 exec/s: 910 rss: 2697Mb L: 21/63900 MS: 8 CopyPart-Custom-CopyPart-Custom-ManualDict-Custom-CopyPart-Custom- DE: "workers_dir"-
#11861	NEW    cov: 1620 ft: 6221 corp: 584/826Kb lim: 65536 exec/s: 912 rss: 2702Mb L: 48/63900 MS: 6 InsertRepeatedBytes-Custom-EraseBytes-Custom-ManualDict-Custom- DE: "fnv1a32"-
#11867	NEW    cov: 1620 ft: 6221 corp: 585/826Kb lim: 65536 exec/s: 912 rss: 2704Mb L: 2/63900 MS: 2 CopyPart-Custom-
#11877	NEW    cov: 1620 ft: 6221 corp: 585/825Kb lim: 65536 exec/s: 913 rss: 2706Mb L: 4288/63900 MS: 10 InsertRepeatedBytes-Custom-InsertByte-Custom-ChangeByte-Custom-InsertByte-Custom-EraseBytes-Custom-
#11886	NEW    cov: 1620 ft: 6221 corp: 586/826Kb lim: 65536 exec/s: 914 rss: 2708Mb L: 1027/63900 MS: 5 CustomCrossOver-CustomCrossOver-CustomCrossOver-ChangeBinInt-Custom-
#11902	NEW    cov: 1620 ft: 6221 corp: 586/826Kb lim: 65536 exec/s: 915 rss: 2712Mb L: 2/63900 MS: 1 CustomCrossOver-
#11923	NEW    cov: 1620 ft: 6221 corp: 587/826Kb lim: 65536 exec/s: 917 rss: 2717Mb L: 2/63900 MS: 2 EraseBytes-Custom-
#11960	NEW    cov: 1620 ft: 6221 corp: 587/826Kb lim: 65536 exec/s: 920 rss: 2724Mb L: 21/63900 MS: 4 ChangeBinInt-Custom-CopyPart-Custom-
#11974	NEW    cov: 1620 ft: 6221 corp: 587/826Kb lim: 65536 exec/s: 921 rss: 2727Mb L: 16525/63900 MS: 8 EraseBytes-Custom-CopyPart-Custom-PersAutoDict-Custom-ManualDict-Custom- DE: "\002\000\000\000\000\000\000\000"-"phase"-
#12015	NEW    cov: 1620 ft: 6222 corp: 588/889Kb lim: 65536 exec/s: 924 rss: 2738Mb L: 63989/63989 MS: 2 InsertRepeatedBytes-Custom-
#12027	NEW    cov: 1620 ft: 6223 corp: 589/951Kb lim: 65536 exec/s: 925 rss: 2740Mb L: 64002/64002 MS: 4 ManualDict-Custom-CMP-Custom- DE: "scope"-"s\000\000\000\000\000\000\000"-
#12049	NEW    cov: 1620 ft: 6223 corp: 589/949Kb lim: 65536 exec/s: 860 rss: 2746Mb L: 4210/64002 MS: 4 InsertRepeatedBytes-Custom-CopyPart-Custom-
#12072	NEW    cov: 1620 ft: 6226 corp: 590/949Kb lim: 65536 exec/s: 862 rss: 2750Mb L: 119/64002 MS: 6 InsertRepeatedBytes-Custom-ShuffleBytes-Custom-InsertRepeatedBytes-Custom-
#12084	NEW    cov: 1620 ft: 6226 corp: 590/949Kb lim: 65536 exec/s: 863 rss: 2753Mb L: 4/64002 MS: 4 InsertByte-Custom-ChangeBinInt-Custom-
#12085	NEW    cov: 1620 ft: 6226 corp: 590/949Kb lim: 65536 exec/s: 863 rss: 2753Mb L: 4/64002 MS: 2 ChangeBinInt-Custom-
#12099	NEW    cov: 1620 ft: 6226 corp: 590/949Kb lim: 65536 exec/s: 864 rss: 2756Mb L: 5/64002 MS: 8 InsertByte-Custom-ShuffleBytes-Custom-ChangeBinInt-Custom-ChangeBit-Custom-
#12345	RELOAD cov: 1620 ft: 6240 corp: 600/1099Kb lim: 65536 exec/s: 881 rss: 2807Mb
#12346	NEW    cov: 1620 ft: 6240 corp: 600/1099Kb lim: 65536 exec/s: 881 rss: 2807Mb L: 9/64002 MS: 2 PersAutoDict-Custom- DE: "temp"-
#12389	NEW    cov: 1620 ft: 6240 corp: 600/1099Kb lim: 65536 exec/s: 884 rss: 2817Mb L: 44/64002 MS: 6 ChangeByte-Custom-PersAutoDict-Custom-CMP-Custom- DE: "\377\377\377\036"-"\000\000\000\000"-
#12390	NEW    cov: 1620 ft: 6240 corp: 601/1099Kb lim: 65536 exec/s: 885 rss: 2817Mb L: 2/64002 MS: 2 ChangeBinInt-Custom-
#12391	NEW    cov: 1620 ft: 6242 corp: 601/1099Kb lim: 65536 exec/s: 885 rss: 2817Mb L: 37/64002 MS: 2 ManualDict-Custom- DE: "ignore_vars_for_hashing"-
#12392	NEW    cov: 1620 ft: 6242 corp: 602/1099Kb lim: 65536 exec/s: 885 rss: 2817Mb L: 2/64002 MS: 2 CopyPart-Custom-
	NEW_FUNC[1/11]: 0x000000513bc0 in std::__detail::_Hash_node<std::pair<std::__cxx11::basic_string<char, std::char_traits<char>, std::allocator<char>> const, std::shared_ptr<beez::core::StepConfig const>>, true>::_M_next() const /usr/bin/../lib/gcc/x86_64-redhat-linux/16/../../../../include/c++/16/bits/hashtable_policy.h:367
	NEW_FUNC[2/11]: 0x000000513d50 in std::__detail::_Hashtable_alloc<std::allocator<std::__detail::_Hash_node<std::pair<std::__cxx11::basic_string<char, std::char_traits<char>, std::allocator<char>> const, std::shared_ptr<beez::core::StepConfig const>>, true>>>::_M_deallocate_node(std::__detail::_Hash_node<std::pair<std::__cxx11::basic_string<char, std::char_traits<char>, std::allocator<char>> const, std::shared_ptr<beez::core::StepConfig const>>, true>*) /usr/bin/../lib/gcc/x86_64-redhat-linux/16/../../../../include/c++/16/bits/hashtable_policy.h:1590
#12400	NEW    cov: 1667 ft: 6328 corp: 603/1099Kb lim: 65536 exec/s: 885 rss: 2818Mb L: 30/64002 MS: 5 ChangeBit-Custom-ManualDict-Custom-CustomCrossOver- DE: "workflow"-
#12411	NEW    cov: 1667 ft: 6328 corp: 603/1099Kb lim: 65536 exec/s: 886 rss: 2821Mb L: 1/64002 MS: 2 ChangeByte-Custom-
#12421	NEW    cov: 1667 ft: 6335 corp: 604/1131Kb lim: 65536 exec/s: 887 rss: 2823Mb L: 32800/64002 MS: 8 CustomCrossOver-ChangeBit-Custom-ManualDict-Custom-ShuffleBytes-Custom-CustomCrossOver- DE: "duplicate"-
#12507	NEW    cov: 1667 ft: 6335 corp: 605/1131Kb lim: 65536 exec/s: 893 rss: 2841Mb L: 2/64002 MS: 2 ShuffleBytes-Custom-
#12535	NEW    cov: 1667 ft: 6335 corp: 605/1131Kb lim: 65536 exec/s: 895 rss: 2846Mb L: 132/64002 MS: 6 InsertRepeatedBytes-Custom-PersAutoDict-Custom-InsertRepeatedBytes-Custom- DE: "applyEnvironment"-
#12585	NEW    cov: 1667 ft: 6335 corp: 606/1131Kb lim: 65536 exec/s: 898 rss: 2855Mb L: 1/64002 MS: 8 CustomCrossOver-ChangeBit-Custom-ChangeBit-Custom-CustomCrossOver-EraseBytes-Custom-
#12662	NEW    cov: 1667 ft: 6335 corp: 606/1131Kb lim: 65536 exec/s: 904 rss: 2872Mb L: 1928/64002 MS: 3 ChangeByte-Custom-CustomCrossOver-
#12715	NEW    cov: 1667 ft: 6335 corp: 607/1131Kb lim: 65536 exec/s: 908 rss: 2883Mb L: 2/64002 MS: 5 InsertRepeatedBytes-Custom-PersAutoDict-Custom-CustomCrossOver- DE: "download"-
#12738	NEW    cov: 1667 ft: 6335 corp: 608/1131Kb lim: 65536 exec/s: 909 rss: 2888Mb L: 248/64002 MS: 6 PersAutoDict-Custom-EraseBytes-Custom-InsertByte-Custom- DE: "nil"-
#12740	NEW    cov: 1667 ft: 6335 corp: 608/1131Kb lim: 65536 exec/s: 910 rss: 2889Mb L: 1750/64002 MS: 4 PersAutoDict-Custom-InsertRepeatedBytes-Custom- DE: "\\r"-
#12752	NEW    cov: 1667 ft: 6335 corp: 608/1131Kb lim: 65536 exec/s: 910 rss: 2891Mb L: 4/64002 MS: 2 CustomCrossOver-CustomCrossOver-
#12836	NEW    cov: 1667 ft: 6335 corp: 609/1131Kb lim: 65536 exec/s: 916 rss: 2908Mb L: 18/64002 MS: 6 InsertRepeatedBytes-Custom-CustomCrossOver-CopyPart-Custom-CustomCrossOver-
#12845	NEW    cov: 1667 ft: 6335 corp: 609/1131Kb lim: 65536 exec/s: 917 rss: 2910Mb L: 3/64002 MS: 4 CustomCrossOver-CustomCrossOver-CustomCrossOver-CustomCrossOver-
#12885	NEW    cov: 1667 ft: 6335 corp: 609/1131Kb lim: 65536 exec/s: 920 rss: 2919Mb L: 1/64002 MS: 9 EraseBytes-Custom-CopyPart-Custom-ManualDict-Custom-CrossOver-Custom-CustomCrossOver- DE: "prefix_format"-
#12891	NEW    cov: 1667 ft: 6335 corp: 610/1131Kb lim: 65536 exec/s: 920 rss: 2920Mb L: 6/64002 MS: 2 CopyPart-Custom-
#12894	NEW    cov: 1667 ft: 6335 corp: 610/1130Kb lim: 65536 exec/s: 921 rss: 2920Mb L: 15/64002 MS: 6 InsertByte-Custom-CopyPart-Custom-ManualDict-Custom- DE: "end"-
#12895	NEW    cov: 1667 ft: 6335 corp: 610/1130Kb lim: 65536 exec/s: 921 rss: 2921Mb L: 2/64002 MS: 2 EraseBytes-Custom-
#12907	NEW    cov: 1667 ft: 6335 corp: 610/1130Kb lim: 65536 exec/s: 921 rss: 2922Mb L: 2/64002 MS: 3 CopyPart-Custom-CustomCrossOver-
#12953	NEW    cov: 1667 ft: 6335 corp: 611/1130Kb lim: 65536 exec/s: 925 rss: 2932Mb L: 16/64002 MS: 1 CustomCrossOver-
#12954	NEW    cov: 1667 ft: 6335 corp: 611/1130Kb lim: 65536 exec/s: 925 rss: 2933Mb L: 11/64002 MS: 2 InsertByte-Custom-
#12980	NEW    cov: 1667 ft: 6335 corp: 611/1130Kb lim: 65536 exec/s: 927 rss: 2939Mb L: 37/64002 MS: 2 PersAutoDict-Custom- DE: "pattern"-
#13006	NEW    cov: 1667 ft: 6335 corp: 611/1130Kb lim: 65536 exec/s: 867 rss: 2944Mb L: 31/64002 MS: 2 PersAutoDict-Custom- DE: "table"-
#13103	NEW    cov: 1667 ft: 6335 corp: 611/1130Kb lim: 65536 exec/s: 873 rss: 2965Mb L: 96/64002 MS: 3 InsertRepeatedBytes-Custom-CustomCrossOver-
#13114	NEW    cov: 1667 ft: 6335 corp: 612/1130Kb lim: 65536 exec/s: 874 rss: 2967Mb L: 4/64002 MS: 2 InsertByte-Custom-
#13177	NEW    cov: 1667 ft: 6336 corp: 613/1130Kb lim: 65536 exec/s: 878 rss: 2980Mb L: 12/64002 MS: 6 CMP-Custom-ChangeBinInt-Custom-ChangeBit-Custom- DE: "\001\000\000\000\000\000\000\000"-
#13288	NEW    cov: 1667 ft: 6336 corp: 613/1130Kb lim: 65536 exec/s: 885 rss: 3005Mb L: 2/64002 MS: 2 ShuffleBytes-Custom-
#13294	NEW    cov: 1667 ft: 6336 corp: 613/1130Kb lim: 65536 exec/s: 886 rss: 3007Mb L: 25/64002 MS: 2 PersAutoDict-Custom- DE: "initializers"-
#13295	NEW    cov: 1667 ft: 6336 corp: 613/1130Kb lim: 65536 exec/s: 886 rss: 3007Mb L: 10/64002 MS: 2 InsertByte-Custom-
#13305	NEW    cov: 1667 ft: 6336 corp: 613/1130Kb lim: 65536 exec/s: 887 rss: 3009Mb L: 16403/64002 MS: 10 ChangeBit-Custom-EraseBytes-Custom-InsertRepeatedBytes-Custom-InsertRepeatedBytes-Custom-EraseBytes-Custom-
#13572	RELOAD cov: 1667 ft: 6602 corp: 624/1305Kb lim: 65536 exec/s: 904 rss: 3062Mb
#13613	NEW    cov: 1667 ft: 6604 corp: 625/1305Kb lim: 65536 exec/s: 907 rss: 3070Mb L: 17/65097 MS: 2 InsertRepeatedBytes-Custom-
#13642	NEW    cov: 1667 ft: 6604 corp: 626/1305Kb lim: 65536 exec/s: 909 rss: 3075Mb L: 29/65097 MS: 8 InsertByte-Custom-ChangeBinInt-Custom-CopyPart-Custom-ChangeASCIIInt-Custom-
#13643	NEW    cov: 1667 ft: 6606 corp: 627/1305Kb lim: 65536 exec/s: 909 rss: 3076Mb L: 75/65097 MS: 2 ChangeByte-Custom-
#13654	NEW    cov: 1667 ft: 6607 corp: 628/1305Kb lim: 65536 exec/s: 910 rss: 3078Mb L: 35/65097 MS: 2 CopyPart-Custom-
#13655	NEW    cov: 1667 ft: 6608 corp: 629/1305Kb lim: 65536 exec/s: 910 rss: 3078Mb L: 135/65097 MS: 1 CustomCrossOver-
#13657	NEW    cov: 1667 ft: 6608 corp: 629/1305Kb lim: 65536 exec/s: 910 rss: 3079Mb L: 6/65097 MS: 3 CopyPart-Custom-CustomCrossOver-
#13658	NEW    cov: 1667 ft: 6608 corp: 630/1305Kb lim: 65536 exec/s: 910 rss: 3079Mb L: 25/65097 MS: 2 CopyPart-Custom-
#13659	NEW    cov: 1667 ft: 6611 corp: 627/1305Kb lim: 65536 exec/s: 910 rss: 3079Mb L: 23/65097 MS: 2 ChangeBit-Custom-
#13660	NEW    cov: 1667 ft: 6612 corp: 628/1307Kb lim: 65536 exec/s: 910 rss: 3079Mb L: 2094/65097 MS: 2 InsertByte-Custom-
#13663	NEW    cov: 1667 ft: 6612 corp: 627/1307Kb lim: 65536 exec/s: 910 rss: 3080Mb L: 35/65097 MS: 6 ChangeByte-Custom-EraseBytes-Custom-ManualDict-Custom- DE: "dotenv_overrides_system"-
#13676	NEW    cov: 1667 ft: 6613 corp: 628/1307Kb lim: 65536 exec/s: 911 rss: 3083Mb L: 40/65097 MS: 6 EraseBytes-Custom-ManualDict-Custom-CopyPart-Custom- DE: "stress"-
#13702	NEW    cov: 1667 ft: 6613 corp: 628/1299Kb lim: 65536 exec/s: 913 rss: 3088Mb L: 14079/65097 MS: 2 InsertRepeatedBytes-Custom-
#13703	NEW    cov: 1667 ft: 6616 corp: 629/1302Kb lim: 65536 exec/s: 913 rss: 3088Mb L: 3837/65097 MS: 2 ShuffleBytes-Custom-
#13704	NEW    cov: 1667 ft: 6616 corp: 629/1299Kb lim: 65536 exec/s: 913 rss: 3089Mb L: 37/65097 MS: 2 ChangeByte-Custom-
#13706	NEW    cov: 1667 ft: 6616 corp: 629/1299Kb lim: 65536 exec/s: 913 rss: 3089Mb L: 2/65097 MS: 3 InsertByte-Custom-CustomCrossOver-
#13740	NEW    cov: 1667 ft: 6616 corp: 630/1299Kb lim: 65536 exec/s: 916 rss: 3097Mb L: 31/65097 MS: 5 CustomCrossOver-CustomCrossOver-CustomCrossOver-ChangeBit-Custom-
#13741	NEW    cov: 1667 ft: 6617 corp: 630/1299Kb lim: 65536 exec/s: 916 rss: 3097Mb L: 33/65097 MS: 1 CustomCrossOver-
#13845	NEW    cov: 1667 ft: 6617 corp: 628/1299Kb lim: 65536 exec/s: 923 rss: 3119Mb L: 25/65097 MS: 8 PersAutoDict-Custom-ManualDict-Custom-ChangeBit-Custom-InsertByte-Custom- DE: "\377\377\377\377@\275\357`"-"protect"-
#13897	NEW    cov: 1667 ft: 6617 corp: 628/1297Kb lim: 65536 exec/s: 926 rss: 3130Mb L: 31/65097 MS: 3 ChangeBinInt-Custom-CustomCrossOver-
#13925	NEW    cov: 1667 ft: 6617 corp: 628/1297Kb lim: 65536 exec/s: 928 rss: 3137Mb L: 16/65097 MS: 6 ChangeBinInt-Custom-ChangeByte-Custom-ManualDict-Custom- DE: "verbose"-
#13961	NEW    cov: 1667 ft: 6618 corp: 628/1297Kb lim: 65536 exec/s: 872 rss: 3144Mb L: 18/65097 MS: 2 ChangeByte-Custom-
#13976	NEW    cov: 1667 ft: 6619 corp: 629/1361Kb lim: 65536 exec/s: 873 rss: 3147Mb L: 65327/65327 MS: 10 InsertRepeatedBytes-Custom-ShuffleBytes-Custom-PersAutoDict-Custom-ChangeASCIIInt-Custom-InsertRepeatedBytes-Custom- DE: "\377\377\000\000\000\000\000\000"-
#14107	NEW    cov: 1667 ft: 6619 corp: 630/1361Kb lim: 65536 exec/s: 881 rss: 3177Mb L: 2/65327 MS: 2 ShuffleBytes-Custom-
#14113	NEW    cov: 1667 ft: 6619 corp: 631/1361Kb lim: 65536 exec/s: 882 rss: 3179Mb L: 1/65327 MS: 2 ChangeBit-Custom-
#14188	NEW    cov: 1667 ft: 6619 corp: 631/1361Kb lim: 65536 exec/s: 886 rss: 3194Mb L: 3/65327 MS: 10 CopyPart-Custom-InsertByte-Custom-ChangeBinInt-Custom-ChangeByte-Custom-ChangeByte-Custom-
#14248	NEW    cov: 1667 ft: 6619 corp: 631/1361Kb lim: 65536 exec/s: 890 rss: 3206Mb L: 2/65327 MS: 7 CustomCrossOver-CustomCrossOver-EraseBytes-Custom-CrossOver-Custom-CustomCrossOver-
#14256	NEW    cov: 1667 ft: 6619 corp: 631/1361Kb lim: 65536 exec/s: 891 rss: 3207Mb L: 3/65327 MS: 6 ShuffleBytes-Custom-EraseBytes-Custom-PersAutoDict-Custom- DE: "\012\000"-
#14291	NEW    cov: 1667 ft: 6621 corp: 632/1425Kb lim: 65536 exec/s: 893 rss: 3214Mb L: 65418/65418 MS: 10 ChangeASCIIInt-Custom-ManualDict-Custom-ShuffleBytes-Custom-CMP-Custom-CopyPart-Custom- DE: "never"-"\377\377\377\377\377\377\377:"-
#14317	NEW    cov: 1667 ft: 6624 corp: 633/1489Kb lim: 65536 exec/s: 894 rss: 3219Mb L: 65407/65418 MS: 2 CopyPart-Custom-
#14328	NEW    cov: 1667 ft: 6624 corp: 633/1489Kb lim: 65536 exec/s: 895 rss: 3221Mb L: 1/65418 MS: 2 ChangeBit-Custom-
#14341	NEW    cov: 1667 ft: 6624 corp: 633/1489Kb lim: 65536 exec/s: 896 rss: 3223Mb L: 4350/65418 MS: 6 ManualDict-Custom-PersAutoDict-Custom-InsertByte-Custom- DE: "beez.config"-"\377\377\377\000"-
#14357	NEW    cov: 1667 ft: 6624 corp: 632/1489Kb lim: 65536 exec/s: 897 rss: 3226Mb L: 2/65418 MS: 2 ShuffleBytes-Custom-
#14370	NEW    cov: 1667 ft: 6624 corp: 632/1489Kb lim: 65536 exec/s: 898 rss: 3230Mb L: 65315/65418 MS: 5 CustomCrossOver-PersAutoDict-Custom-CopyPart-Custom- DE: "\377\377\377\377@\275\352c"-
#14406	NEW    cov: 1667 ft: 6624 corp: 632/1489Kb lim: 65536 exec/s: 900 rss: 3238Mb L: 24/65418 MS: 2 CMP-Custom- DE: "\001\000\000\002"-
#14416	NEW    cov: 1667 ft: 6624 corp: 632/1489Kb lim: 65536 exec/s: 901 rss: 3240Mb L: 124/65418 MS: 8 CopyPart-Custom-CustomCrossOver-CustomCrossOver-ChangeByte-Custom-PersAutoDict-Custom- DE: "\027\000\000\000"-
#14422	NEW    cov: 1667 ft: 6624 corp: 632/1474Kb lim: 65536 exec/s: 901 rss: 3242Mb L: 49057/65418 MS: 2 CMP-Custom- DE: "\001\000\000\000"-
#14425	NEW    cov: 1667 ft: 6624 corp: 632/1474Kb lim: 65536 exec/s: 901 rss: 3243Mb L: 52/65418 MS: 6 InsertRepeatedBytes-Custom-ManualDict-Custom-EraseBytes-Custom- DE: "setGcThroughputMode"-
#14454	NEW    cov: 1667 ft: 6624 corp: 632/1474Kb lim: 65536 exec/s: 903 rss: 3250Mb L: 23/65418 MS: 7 ChangeBit-Custom-ShuffleBytes-Custom-CustomCrossOver-ManualDict-Custom- DE: "progress"-
#14756	RELOAD cov: 1667 ft: 6793 corp: 641/1706Kb lim: 65536 exec/s: 922 rss: 3315Mb
#14812	NEW    cov: 1667 ft: 6794 corp: 642/1715Kb lim: 65536 exec/s: 925 rss: 3325Mb L: 9540/65418 MS: 2 ManualDict-Custom- DE: "not-a-table"-
#14839	NEW    cov: 1667 ft: 6795 corp: 643/1779Kb lim: 65536 exec/s: 927 rss: 3331Mb L: 65497/65497 MS: 4 ShuffleBytes-Custom-CopyPart-Custom-
#14862	NEW    cov: 1667 ft: 6795 corp: 644/1779Kb lim: 65536 exec/s: 928 rss: 3335Mb L: 2/65497 MS: 6 ChangeBit-Custom-ShuffleBytes-Custom-CopyPart-Custom-
#14865	NEW    cov: 1667 ft: 6795 corp: 644/1779Kb lim: 65536 exec/s: 929 rss: 3335Mb L: 1/65497 MS: 6 EraseBytes-Custom-ChangeBit-Custom-ShuffleBytes-Custom-
#14874	NEW    cov: 1667 ft: 6796 corp: 645/1840Kb lim: 65536 exec/s: 929 rss: 3337Mb L: 61983/65497 MS: 8 InsertByte-Custom-ChangeASCIIInt-Custom-ChangeASCIIInt-Custom-PersAutoDict-Custom- DE: "\001\001"-
#14890	NEW    cov: 1667 ft: 6796 corp: 645/1840Kb lim: 65536 exec/s: 875 rss: 3340Mb L: 2/65497 MS: 1 CustomCrossOver-
#14941	NEW    cov: 1667 ft: 6796 corp: 645/1840Kb lim: 65536 exec/s: 878 rss: 3351Mb L: 3/65497 MS: 2 CopyPart-Custom-
#15066	NEW    cov: 1667 ft: 6796 corp: 645/1840Kb lim: 65536 exec/s: 886 rss: 3376Mb L: 21/65497 MS: 10 PersAutoDict-Custom-CopyPart-Custom-ChangeByte-Custom-ChangeBinInt-Custom-ChangeBinInt-Custom- DE: "BEEZ_ENV"-
#15143	NEW    cov: 1667 ft: 6796 corp: 645/1840Kb lim: 65536 exec/s: 890 rss: 3393Mb L: 1/65497 MS: 4 EraseBytes-Custom-EraseBytes-Custom-
#15288	NEW    cov: 1667 ft: 6796 corp: 645/1809Kb lim: 65536 exec/s: 899 rss: 3425Mb L: 12289/65497 MS: 10 CMP-Custom-ManualDict-Custom-ChangeBinInt-Custom-InsertRepeatedBytes-Custom-EraseBytes-Custom- DE: "sol."-"mmap_hashing_min_bytes"-
#15299	NEW    cov: 1667 ft: 6796 corp: 645/1809Kb lim: 65536 exec/s: 899 rss: 3427Mb L: 125/65497 MS: 2 ChangeBit-Custom-
#15414	NEW    cov: 1667 ft: 6797 corp: 646/1809Kb lim: 65536 exec/s: 906 rss: 3452Mb L: 7/65497 MS: 10 CopyPart-Custom-ChangeASCIIInt-Custom-InsertByte-Custom-PersAutoDict-Custom-ManualDict-Custom- DE: "vars"-"fnv1a32"-
#15455	NEW    cov: 1667 ft: 6797 corp: 646/1809Kb lim: 65536 exec/s: 909 rss: 3460Mb L: 2/65497 MS: 1 CustomCrossOver-
#15485	NEW    cov: 1667 ft: 6797 corp: 646/1809Kb lim: 65536 exec/s: 910 rss: 3466Mb L: 2/65497 MS: 8 ShuffleBytes-Custom-CMP-Custom-CustomCrossOver-CustomCrossOver-EraseBytes-Custom- DE: "\002\000\000\000"-
#15536	NEW    cov: 1667 ft: 6797 corp: 647/1809Kb lim: 65536 exec/s: 913 rss: 3477Mb L: 1/65497 MS: 1 CustomCrossOver-
#15643	NEW    cov: 1667 ft: 6797 corp: 647/1808Kb lim: 65536 exec/s: 920 rss: 3498Mb L: 4/65497 MS: 4 CMP-Custom-ChangeBit-Custom- DE: "temp"-
#15669	NEW    cov: 1667 ft: 6797 corp: 646/1808Kb lim: 65536 exec/s: 921 rss: 3504Mb L: 5/65497 MS: 2 EraseBytes-Custom-
#15676	NEW    cov: 1667 ft: 6797 corp: 646/1808Kb lim: 65536 exec/s: 922 rss: 3505Mb L: 20/65497 MS: 4 PersAutoDict-Custom-ManualDict-Custom- DE: "\377\377\377\377\377\377\377\012"-"performance"-
#15682	NEW    cov: 1667 ft: 6797 corp: 646/1808Kb lim: 65536 exec/s: 922 rss: 3507Mb L: 16/65497 MS: 2 ChangeByte-Custom-
#15877	RELOAD cov: 1667 ft: 6808 corp: 649/1841Kb lim: 65536 exec/s: 882 rss: 3550Mb
#15898	NEW    cov: 1667 ft: 6809 corp: 650/1903Kb lim: 65536 exec/s: 883 rss: 3553Mb L: 64005/65497 MS: 2 CMP-Custom- DE: "__b"-
#15904	NEW    cov: 1667 ft: 6810 corp: 651/1903Kb lim: 65536 exec/s: 883 rss: 3555Mb L: 19/65497 MS: 2 ManualDict-Custom- DE: "log_steps"-
#15924	NEW    cov: 1667 ft: 6811 corp: 652/1903Kb lim: 65536 exec/s: 884 rss: 3559Mb L: 39/65497 MS: 10 CopyPart-Custom-InsertByte-Custom-CopyPart-Custom-ManualDict-Custom-ChangeByte-Custom- DE: "wait"-
#15945	NEW    cov: 1667 ft: 6811 corp: 653/1903Kb lim: 65536 exec/s: 885 rss: 3563Mb L: 1/65497 MS: 2 ShuffleBytes-Custom-
#15996	NEW    cov: 1667 ft: 6811 corp: 653/1874Kb lim: 65536 exec/s: 888 rss: 3574Mb L: 32257/65497 MS: 2 CMP-Custom- DE: "\001\000\000\000"-
#16004	NEW    cov: 1667 ft: 6812 corp: 654/1874Kb lim: 65536 exec/s: 889 rss: 3576Mb L: 5/65497 MS: 5 CustomCrossOver-ChangeByte-Custom-ChangeBinInt-Custom-
#16020	NEW    cov: 1667 ft: 6812 corp: 654/1874Kb lim: 65536 exec/s: 890 rss: 3579Mb L: 2/65497 MS: 2 ShuffleBytes-Custom-
#16101	NEW    cov: 1667 ft: 6812 corp: 654/1874Kb lim: 65536 exec/s: 894 rss: 3596Mb L: 2/65497 MS: 1 CustomCrossOver-
#16103	NEW    cov: 1667 ft: 6812 corp: 654/1874Kb lim: 65536 exec/s: 894 rss: 3596Mb L: 65411/65497 MS: 4 InsertByte-Custom-InsertRepeatedBytes-Custom-
#16244	NEW    cov: 1667 ft: 6812 corp: 654/1874Kb lim: 65536 exec/s: 902 rss: 3624Mb L: 3/65497 MS: 2 CopyPart-Custom-
#16276	NEW    cov: 1667 ft: 6812 corp: 654/1874Kb lim: 65536 exec/s: 904 rss: 3632Mb L: 5/65497 MS: 4 ChangeBinInt-Custom-ChangeByte-Custom-
#16278	NEW    cov: 1667 ft: 6812 corp: 654/1874Kb lim: 65536 exec/s: 904 rss: 3632Mb L: 3/65497 MS: 4 EraseBytes-Custom-InsertByte-Custom-
#16382	NEW    cov: 1667 ft: 6812 corp: 654/1874Kb lim: 65536 exec/s: 910 rss: 3652Mb L: 3/65497 MS: 6 ManualDict-Custom-CustomCrossOver-CustomCrossOver-CrossOver-Custom- DE: "BEEZ_ENV"-
#16384	pulse  cov: 1667 ft: 6812 corp: 654/1874Kb lim: 65536 exec/s: 910 rss: 3653Mb
#16398	NEW    cov: 1667 ft: 6812 corp: 654/1874Kb lim: 65536 exec/s: 911 rss: 3655Mb L: 2/65497 MS: 2 InsertByte-Custom-
#16523	NEW    cov: 1667 ft: 6812 corp: 654/1874Kb lim: 65536 exec/s: 917 rss: 3684Mb L: 2/65497 MS: 8 InsertRepeatedBytes-Custom-CrossOver-Custom-CopyPart-Custom-CustomCrossOver-CustomCrossOver-
#16544	NEW    cov: 1667 ft: 6812 corp: 654/1874Kb lim: 65536 exec/s: 919 rss: 3689Mb L: 2080/65497 MS: 1 CustomCrossOver-
#16667	NEW    cov: 1667 ft: 6812 corp: 654/1874Kb lim: 65536 exec/s: 925 rss: 3716Mb L: 34/65497 MS: 6 PersAutoDict-Custom-PersAutoDict-Custom-PersAutoDict-Custom- DE: "\001\000\000\000\000\000\000\000"-"\000\000\000\000\000\000\000\017"-"protect"-
#16991	RELOAD cov: 1667 ft: 6826 corp: 663/2161Kb lim: 65536 exec/s: 894 rss: 3790Mb
#17016	NEW    cov: 1667 ft: 6827 corp: 664/2225Kb lim: 65536 exec/s: 895 rss: 3794Mb L: 65532/65532 MS: 7 CustomCrossOver-CustomCrossOver-ShuffleBytes-Custom-CustomCrossOver-CrossOver-Custom-
#17145	NEW    cov: 1667 ft: 6828 corp: 665/2226Kb lim: 65536 exec/s: 902 rss: 3821Mb L: 32/65532 MS: 8 CopyPart-Custom-PersAutoDict-Custom-PersAutoDict-Custom-ShuffleBytes-Custom- DE: "__lt"-"nil"-
#17181	NEW    cov: 1667 ft: 6828 corp: 665/2226Kb lim: 65536 exec/s: 904 rss: 3828Mb L: 49155/65532 MS: 2 InsertRepeatedBytes-Custom-
#17187	NEW    cov: 1667 ft: 6828 corp: 665/2226Kb lim: 65536 exec/s: 904 rss: 3829Mb L: 1/65532 MS: 2 ChangeByte-Custom-
#17268	NEW    cov: 1667 ft: 6828 corp: 666/2226Kb lim: 65536 exec/s: 908 rss: 3847Mb L: 1/65532 MS: 2 CopyPart-Custom-
#17440	NEW    cov: 1667 ft: 6830 corp: 666/2226Kb lim: 65536 exec/s: 917 rss: 3884Mb L: 8/65532 MS: 4 ChangeByte-Custom-InsertByte-Custom-
#17466	NEW    cov: 1667 ft: 6830 corp: 666/2226Kb lim: 65536 exec/s: 919 rss: 3889Mb L: 31/65532 MS: 2 CopyPart-Custom-
#17469	NEW    cov: 1667 ft: 6830 corp: 666/2226Kb lim: 65536 exec/s: 919 rss: 3889Mb L: 25/65532 MS: 6 ManualDict-Custom-ChangeBit-Custom-CMP-Custom- DE: "table"-"__b"-
#17495	NEW    cov: 1667 ft: 6830 corp: 666/2225Kb lim: 65536 exec/s: 920 rss: 3895Mb L: 17/65532 MS: 2 CopyPart-Custom-
#17631	NEW    cov: 1667 ft: 6830 corp: 666/2225Kb lim: 65536 exec/s: 881 rss: 3923Mb L: 53/65532 MS: 1 CustomCrossOver-
#17712	NEW    cov: 1667 ft: 6830 corp: 667/2226Kb lim: 65536 exec/s: 885 rss: 3940Mb L: 34/65532 MS: 2 ChangeBit-Custom-
#17735	NEW    cov: 1667 ft: 6830 corp: 667/2226Kb lim: 65536 exec/s: 886 rss: 3945Mb L: 6/65532 MS: 6 EraseBytes-Custom-ShuffleBytes-Custom-EraseBytes-Custom-
#17746	NEW    cov: 1667 ft: 6830 corp: 667/2226Kb lim: 65536 exec/s: 887 rss: 3947Mb L: 16/65532 MS: 2 ShuffleBytes-Custom-
#17824	NEW    cov: 1667 ft: 6830 corp: 667/2225Kb lim: 65536 exec/s: 891 rss: 3967Mb L: 4/65532 MS: 4 CustomCrossOver-CopyPart-Custom-CustomCrossOver-
#17825	NEW    cov: 1667 ft: 6830 corp: 666/2225Kb lim: 65536 exec/s: 891 rss: 3967Mb L: 6/65532 MS: 2 ManualDict-Custom- DE: "crc32"-
#17891	NEW    cov: 1667 ft: 6830 corp: 666/2225Kb lim: 65536 exec/s: 894 rss: 3979Mb L: 5/65532 MS: 2 ChangeBit-Custom-
#17897	NEW    cov: 1667 ft: 6830 corp: 666/2225Kb lim: 65536 exec/s: 894 rss: 3981Mb L: 1/65532 MS: 2 EraseBytes-Custom-
#18097	RELOAD cov: 1667 ft: 6847 corp: 669/2253Kb lim: 65536 exec/s: 904 rss: 4025Mb
#18223	NEW    cov: 1667 ft: 6847 corp: 670/2253Kb lim: 65536 exec/s: 911 rss: 4052Mb L: 18/65536 MS: 1 CustomCrossOver-
#18243	NEW    cov: 1667 ft: 6847 corp: 670/2253Kb lim: 65536 exec/s: 912 rss: 4056Mb L: 8539/65536 MS: 10 EraseBytes-Custom-EraseBytes-Custom-CMP-Custom-CMP-Custom-ChangeBit-Custom- DE: "sol."-"extra"-
#18314	NEW    cov: 1667 ft: 6847 corp: 670/2253Kb lim: 65536 exec/s: 915 rss: 4071Mb L: 5/65536 MS: 2 ManualDict-Custom- DE: "not"-
#18315	NEW    cov: 1667 ft: 6848 corp: 671/2315Kb lim: 65536 exec/s: 915 rss: 4071Mb L: 63768/65536 MS: 2 CopyPart-Custom-
#18393	NEW    cov: 1667 ft: 6848 corp: 671/2315Kb lim: 65536 exec/s: 919 rss: 4086Mb L: 26/65536 MS: 6 ShuffleBytes-Custom-ShuffleBytes-Custom-PersAutoDict-Custom- DE: "mmap_hashing_min_bytes"-
#18414	NEW    cov: 1667 ft: 6848 corp: 671/2315Kb lim: 65536 exec/s: 920 rss: 4090Mb L: 5/65536 MS: 1 CustomCrossOver-
#18469	NEW    cov: 1667 ft: 6848 corp: 671/2315Kb lim: 65536 exec/s: 923 rss: 4101Mb L: 18/65536 MS: 7 CustomCrossOver-CustomCrossOver-CustomCrossOver-PersAutoDict-Custom-EraseBytes-Custom- DE: "list"-
#18470	NEW    cov: 1667 ft: 6848 corp: 671/2315Kb lim: 65536 exec/s: 923 rss: 4101Mb L: 2/65536 MS: 2 CMP-Custom- DE: "\000\000"-
#18477	NEW    cov: 1667 ft: 6848 corp: 672/2319Kb lim: 65536 exec/s: 923 rss: 4103Mb L: 4118/65536 MS: 4 ShuffleBytes-Custom-EraseBytes-Custom-
#18479	NEW    cov: 1667 ft: 6849 corp: 670/2319Kb lim: 65536 exec/s: 923 rss: 4103Mb L: 11/65536 MS: 4 InsertByte-Custom-InsertByte-Custom-
#18540	NEW    cov: 1667 ft: 6851 corp: 671/2319Kb lim: 65536 exec/s: 882 rss: 4116Mb L: 22/65536 MS: 2 EraseBytes-Custom-
#18566	NEW    cov: 1667 ft: 6851 corp: 671/2319Kb lim: 65536 exec/s: 884 rss: 4122Mb L: 2/65536 MS: 1 CustomCrossOver-
#18598	NEW    cov: 1667 ft: 6851 corp: 671/2291Kb lim: 65536 exec/s: 885 rss: 4127Mb L: 31915/65536 MS: 4 ChangeBinInt-Custom-CMP-Custom- DE: "\024\000\000\000"-
#18664	NEW    cov: 1667 ft: 6851 corp: 670/2289Kb lim: 65536 exec/s: 888 rss: 4143Mb L: 40/65536 MS: 2 ChangeBit-Custom-
#18677	NEW    cov: 1667 ft: 6851 corp: 669/2257Kb lim: 65536 exec/s: 889 rss: 4145Mb L: 4220/65536 MS: 6 InsertRepeatedBytes-Custom-CopyPart-Custom-InsertRepeatedBytes-Custom-
#18690	NEW    cov: 1667 ft: 6851 corp: 669/2257Kb lim: 65536 exec/s: 890 rss: 4148Mb L: 1/65536 MS: 6 ChangeByte-Custom-ChangeBit-Custom-ShuffleBytes-Custom-
#18801	NEW    cov: 1667 ft: 6851 corp: 669/2257Kb lim: 65536 exec/s: 895 rss: 4171Mb L: 2/65536 MS: 2 InsertByte-Custom-
#18860	NEW    cov: 1667 ft: 6851 corp: 669/2257Kb lim: 65536 exec/s: 898 rss: 4185Mb L: 122/65536 MS: 8 ManualDict-Custom-EraseBytes-Custom-ManualDict-Custom-InsertRepeatedBytes-Custom- DE: "undefined"-")\""-
#18912	NEW    cov: 1667 ft: 6851 corp: 669/2257Kb lim: 65536 exec/s: 900 rss: 4196Mb L: 36/65536 MS: 4 InsertByte-Custom-ChangeBit-Custom-
#18938	NEW    cov: 1667 ft: 6851 corp: 669/2257Kb lim: 65536 exec/s: 901 rss: 4200Mb L: 16/65536 MS: 2 ChangeByte-Custom-
#19192	RELOAD cov: 1667 ft: 6861 corp: 679/2498Kb lim: 65536 exec/s: 913 rss: 4257Mb
#19316	NEW    cov: 1667 ft: 6862 corp: 680/2498Kb lim: 65536 exec/s: 919 rss: 4283Mb L: 35/65536 MS: 8 InsertRepeatedBytes-Custom-EraseBytes-Custom-EraseBytes-Custom-ChangeBinInt-Custom-
#19337	NEW    cov: 1667 ft: 6862 corp: 680/2498Kb lim: 65536 exec/s: 920 rss: 4287Mb L: 2070/65536 MS: 2 ShuffleBytes-Custom-
#19413	NEW    cov: 1667 ft: 6862 corp: 680/2478Kb lim: 65536 exec/s: 924 rss: 4302Mb L: 44629/65536 MS: 2 PersAutoDict-Custom- DE: "not enough "-
#19432	NEW    cov: 1667 ft: 6862 corp: 680/2478Kb lim: 65536 exec/s: 925 rss: 4306Mb L: 2/65536 MS: 7 InsertRepeatedBytes-Custom-CustomCrossOver-ChangeBit-Custom-CopyPart-Custom-
#19480	NEW    cov: 1667 ft: 6862 corp: 680/2478Kb lim: 65536 exec/s: 885 rss: 4317Mb L: 65510/65536 MS: 5 CMP-Custom-CustomCrossOver-ManualDict-Custom- DE: "temp"-"adversarial-cache"-
#19516	NEW    cov: 1667 ft: 6862 corp: 680/2478Kb lim: 65536 exec/s: 887 rss: 4323Mb L: 18/65536 MS: 2 ChangeASCIIInt-Custom-
#19542	NEW    cov: 1667 ft: 6862 corp: 680/2478Kb lim: 65536 exec/s: 888 rss: 4329Mb L: 5/65536 MS: 2 ManualDict-Custom- DE: "off"-
#19586	NEW    cov: 1667 ft: 6862 corp: 680/2478Kb lim: 65536 exec/s: 890 rss: 4336Mb L: 1/65536 MS: 8 EraseBytes-Custom-ChangeByte-Custom-ChangeBit-Custom-ChangeByte-Custom-
#19597	NEW    cov: 1667 ft: 6862 corp: 679/2478Kb lim: 65536 exec/s: 890 rss: 4338Mb L: 1/65536 MS: 2 ChangeBit-Custom-
#19694	NEW    cov: 1667 ft: 6862 corp: 679/2478Kb lim: 65536 exec/s: 895 rss: 4359Mb L: 6/65536 MS: 4 ShuffleBytes-Custom-ShuffleBytes-Custom-
#19856	NEW    cov: 1667 ft: 6862 corp: 679/2478Kb lim: 65536 exec/s: 902 rss: 4391Mb L: 3/65536 MS: 3 ChangeBit-Custom-CustomCrossOver-
#19864	NEW    cov: 1667 ft: 6862 corp: 678/2478Kb lim: 65536 exec/s: 902 rss: 4393Mb L: 6/65536 MS: 6 CMP-Custom-InsertByte-Custom-PersAutoDict-Custom- DE: "\001\003"-"\\r"-
#19967	NEW    cov: 1667 ft: 6862 corp: 678/2478Kb lim: 65536 exec/s: 907 rss: 4416Mb L: 65025/65536 MS: 6 ChangeByte-Custom-ShuffleBytes-Custom-InsertByte-Custom-
#20029	NEW    cov: 1667 ft: 6862 corp: 677/2478Kb lim: 65536 exec/s: 910 rss: 4429Mb L: 4/65536 MS: 4 ShuffleBytes-Custom-InsertByte-Custom-
#20030	NEW    cov: 1667 ft: 6862 corp: 678/2478Kb lim: 65536 exec/s: 910 rss: 4429Mb L: 2/65536 MS: 2 InsertByte-Custom-
#20033	NEW    cov: 1667 ft: 6862 corp: 678/2478Kb lim: 65536 exec/s: 910 rss: 4430Mb L: 17/65536 MS: 5 PersAutoDict-Custom-InsertByte-Custom-CustomCrossOver- DE: "end"-
#20034	NEW    cov: 1667 ft: 6862 corp: 677/2478Kb lim: 65536 exec/s: 910 rss: 4430Mb L: 4/65536 MS: 2 CopyPart-Custom-
#20125	NEW    cov: 1667 ft: 6862 corp: 677/2478Kb lim: 65536 exec/s: 914 rss: 4448Mb L: 512/65536 MS: 2 ChangeBit-Custom-
#20265	RELOAD cov: 1667 ft: 6862 corp: 680/2461Kb lim: 65536 exec/s: 921 rss: 4481Mb
#20290	NEW    cov: 1667 ft: 6862 corp: 680/2460Kb lim: 65536 exec/s: 922 rss: 4485Mb L: 17359/65536 MS: 10 InsertByte-Custom-CopyPart-Custom-PersAutoDict-Custom-ShuffleBytes-Custom-InsertRepeatedBytes-Custom- DE: "config"-
#20300	NEW    cov: 1667 ft: 6862 corp: 680/2460Kb lim: 65536 exec/s: 922 rss: 4486Mb L: 2/65536 MS: 9 PersAutoDict-Custom-ChangeBinInt-Custom-CopyPart-Custom-CopyPart-Custom-CustomCrossOver- DE: "to_uppercase"-
#20545	NEW    cov: 1667 ft: 6863 corp: 681/2460Kb lim: 65536 exec/s: 893 rss: 4541Mb L: 5/65536 MS: 8 CustomCrossOver-CopyPart-Custom-ChangeByte-Custom-CustomCrossOver-CopyPart-Custom-
#20614	NEW    cov: 1667 ft: 6863 corp: 681/2398Kb lim: 65536 exec/s: 896 rss: 4555Mb L: 513/65536 MS: 7 InsertByte-Custom-PersAutoDict-Custom-PersAutoDict-Custom-CustomCrossOver- DE: "stress"-"\000\011"-
#20651	NEW    cov: 1667 ft: 6864 corp: 682/2398Kb lim: 65536 exec/s: 897 rss: 4563Mb L: 36/65536 MS: 3 ChangeBit-Custom-CustomCrossOver-
#20758	NEW    cov: 1667 ft: 6865 corp: 683/2438Kb lim: 65536 exec/s: 902 rss: 4587Mb L: 40326/65536 MS: 2 CustomCrossOver-CustomCrossOver-
#20759	NEW    cov: 1667 ft: 6865 corp: 683/2398Kb lim: 65536 exec/s: 902 rss: 4587Mb L: 6/65536 MS: 2 PersAutoDict-Custom- DE: "hash"-
#20787	NEW    cov: 1667 ft: 6865 corp: 683/2397Kb lim: 65536 exec/s: 903 rss: 4593Mb L: 111/65536 MS: 6 ChangeBinInt-Custom-CMP-Custom-InsertRepeatedBytes-Custom- DE: "\000\000\000\001^\206\314\360"-
#20865	NEW    cov: 1667 ft: 6865 corp: 683/2397Kb lim: 65536 exec/s: 907 rss: 4609Mb L: 4/65536 MS: 4 CustomCrossOver-InsertRepeatedBytes-Custom-CustomCrossOver-
#20953	NEW    cov: 1667 ft: 6866 corp: 684/2397Kb lim: 65536 exec/s: 911 rss: 4628Mb L: 11/65536 MS: 6 CopyPart-Custom-ChangeBit-Custom-InsertByte-Custom-
#21104	NEW    cov: 1667 ft: 6866 corp: 684/2397Kb lim: 65536 exec/s: 917 rss: 4661Mb L: 4107/65536 MS: 1 CustomCrossOver-
#21150	NEW    cov: 1667 ft: 6866 corp: 684/2397Kb lim: 65536 exec/s: 919 rss: 4670Mb L: 40/65536 MS: 2 ChangeBinInt-Custom-
#21292	RELOAD cov: 1667 ft: 6868 corp: 685/2365Kb lim: 65536 exec/s: 887 rss: 4701Mb
#21308	NEW    cov: 1667 ft: 6868 corp: 685/2365Kb lim: 65536 exec/s: 887 rss: 4704Mb L: 8/65536 MS: 2 CopyPart-Custom-
#21314	NEW    cov: 1667 ft: 6871 corp: 686/2377Kb lim: 65536 exec/s: 888 rss: 4705Mb L: 11786/65536 MS: 2 ChangeByte-Custom-
#21501	NEW    cov: 1667 ft: 6871 corp: 686/2377Kb lim: 65536 exec/s: 895 rss: 4745Mb L: 16/65536 MS: 2 CustomCrossOver-CustomCrossOver-
#21558	NEW    cov: 1667 ft: 6871 corp: 686/2377Kb lim: 65536 exec/s: 898 rss: 4756Mb L: 29/65536 MS: 4 ShuffleBytes-Custom-PersAutoDict-Custom- DE: "dotenv_overrides_system"-
#21720	NEW    cov: 1667 ft: 6871 corp: 686/2377Kb lim: 65536 exec/s: 905 rss: 4790Mb L: 49/65536 MS: 4 InsertByte-Custom-InsertRepeatedBytes-Custom-
#22024	NEW    cov: 1667 ft: 6874 corp: 685/2375Kb lim: 65536 exec/s: 917 rss: 4855Mb L: 10/65536 MS: 8 CopyPart-Custom-CopyPart-Custom-EraseBytes-Custom-ShuffleBytes-Custom-
#22101	NEW    cov: 1667 ft: 6874 corp: 685/2344Kb lim: 65536 exec/s: 920 rss: 4872Mb L: 32735/65536 MS: 4 ChangeBinInt-Custom-CMP-Custom- DE: "\017\000\000\000\000\000\000\000"-
#22299	RELOAD cov: 1667 ft: 6877 corp: 686/2356Kb lim: 65536 exec/s: 891 rss: 4914Mb
#22306	NEW    cov: 1667 ft: 6877 corp: 686/2347Kb lim: 65536 exec/s: 892 rss: 4915Mb L: 15359/65536 MS: 4 EraseBytes-Custom-ChangeBinInt-Custom-
#22432	NEW    cov: 1667 ft: 6877 corp: 686/2347Kb lim: 65536 exec/s: 897 rss: 4937Mb L: 9/65536 MS: 2 InsertByte-Custom-
#22454	NEW    cov: 1667 ft: 6877 corp: 686/2347Kb lim: 65536 exec/s: 898 rss: 4942Mb L: 7/65536 MS: 4 PersAutoDict-Custom-PersAutoDict-Custom- DE: "run"-"crc32"-
#22718	NEW    cov: 1667 ft: 6877 corp: 686/2347Kb lim: 65536 exec/s: 908 rss: 5001Mb L: 120/65536 MS: 8 InsertByte-Custom-CopyPart-Custom-ChangeBit-Custom-EraseBytes-Custom-
#22877	NEW    cov: 1667 ft: 6877 corp: 686/2347Kb lim: 65536 exec/s: 915 rss: 5035Mb L: 2/65536 MS: 5 CustomCrossOver-CustomCrossOver-ShuffleBytes-Custom-CustomCrossOver-
#22881	NEW    cov: 1667 ft: 6880 corp: 687/2347Kb lim: 65536 exec/s: 915 rss: 5036Mb L: 424/65536 MS: 8 ManualDict-Custom-ManualDict-Custom-InsertRepeatedBytes-Custom-CopyPart-Custom- DE: "not-a-table"-"registerTask"-
#22942	NEW    cov: 1667 ft: 6880 corp: 687/2317Kb lim: 65536 exec/s: 917 rss: 5049Mb L: 31915/65536 MS: 2 ChangeBit-Custom-
#22988	NEW    cov: 1667 ft: 6881 corp: 688/2329Kb lim: 65536 exec/s: 919 rss: 5058Mb L: 11795/65536 MS: 2 ManualDict-Custom- DE: "missing-a"-
#23014	NEW    cov: 1667 ft: 6882 corp: 687/2317Kb lim: 65536 exec/s: 920 rss: 5063Mb L: 8588/65536 MS: 2 CMP-Custom- DE: "\000\000\000\000\000\000\000\006"-
#23056	NEW    cov: 1667 ft: 6882 corp: 688/2340Kb lim: 65536 exec/s: 922 rss: 5072Mb L: 24006/65536 MS: 4 EraseBytes-Custom-EraseBytes-Custom-
#23088	NEW    cov: 1667 ft: 6882 corp: 688/2340Kb lim: 65536 exec/s: 923 rss: 5079Mb L: 35/65536 MS: 4 CMP-Custom-ShuffleBytes-Custom- DE: "__gc"-
#23096	NEW    cov: 1667 ft: 6882 corp: 688/2340Kb lim: 65536 exec/s: 888 rss: 5081Mb L: 65529/65536 MS: 6 CopyPart-Custom-InsertByte-Custom-InsertByte-Custom-
#23124	NEW    cov: 1667 ft: 6882 corp: 688/2340Kb lim: 65536 exec/s: 889 rss: 5086Mb L: 3/65536 MS: 6 InsertByte-Custom-ShuffleBytes-Custom-InsertByte-Custom-
#23130	NEW    cov: 1667 ft: 6882 corp: 688/2340Kb lim: 65536 exec/s: 889 rss: 5087Mb L: 2/65536 MS: 1 CustomCrossOver-
#23177	NEW    cov: 1667 ft: 6882 corp: 688/2340Kb lim: 65536 exec/s: 891 rss: 5098Mb L: 8219/65536 MS: 4 ChangeBit-Custom-EraseBytes-Custom-
#23341	RELOAD cov: 1667 ft: 6886 corp: 688/2329Kb lim: 65536 exec/s: 897 rss: 5135Mb
#23374	NEW    cov: 1667 ft: 6886 corp: 689/2329Kb lim: 65536 exec/s: 899 rss: 5143Mb L: 27/65536 MS: 6 InsertByte-Custom-PersAutoDict-Custom-EraseBytes-Custom- DE: "beez.config"-
#23416	NEW    cov: 1667 ft: 6886 corp: 689/2329Kb lim: 65536 exec/s: 900 rss: 5152Mb L: 11/65536 MS: 4 ChangeByte-Custom-ChangeBinInt-Custom-
#23433	NEW    cov: 1667 ft: 6886 corp: 689/2329Kb lim: 65536 exec/s: 901 rss: 5155Mb L: 4/65536 MS: 2 CustomCrossOver-CustomCrossOver-
#23455	NEW    cov: 1667 ft: 6886 corp: 689/2329Kb lim: 65536 exec/s: 902 rss: 5160Mb L: 1/65536 MS: 4 ShuffleBytes-Custom-CopyPart-Custom-
#23589	NEW    cov: 1667 ft: 6887 corp: 689/2302Kb lim: 65536 exec/s: 907 rss: 5187Mb L: 35736/65536 MS: 8 ChangeBit-Custom-CMP-Custom-InsertRepeatedBytes-Custom-ChangeBit-Custom- DE: "config"-
#23734	NEW    cov: 1667 ft: 6887 corp: 690/2303Kb lim: 65536 exec/s: 912 rss: 5219Mb L: 1025/65536 MS: 8 ShuffleBytes-Custom-PersAutoDict-Custom-PersAutoDict-Custom-CustomCrossOver-CustomCrossOver- DE: "table"-"name"-
#23820	NEW    cov: 1667 ft: 6888 corp: 691/2303Kb lim: 65536 exec/s: 916 rss: 5236Mb L: 6/65536 MS: 1 CustomCrossOver-
#23910	NEW    cov: 1667 ft: 6897 corp: 690/2227Kb lim: 65536 exec/s: 919 rss: 5255Mb L: 1294/65536 MS: 10 PersAutoDict-Custom-ChangeBinInt-Custom-EraseBytes-Custom-PersAutoDict-Custom-InsertRepeatedBytes-Custom- DE: "\001\000\000\000\000\000\000\017"-"not enough "-
#23911	NEW    cov: 1667 ft: 6902 corp: 691/2227Kb lim: 65536 exec/s: 919 rss: 5255Mb L: 53/65536 MS: 2 ShuffleBytes-Custom-
#23912	NEW    cov: 1667 ft: 6902 corp: 688/2227Kb lim: 65536 exec/s: 919 rss: 5255Mb L: 2/65536 MS: 2 ShuffleBytes-Custom-
#23983	NEW    cov: 1667 ft: 6902 corp: 688/2227Kb lim: 65536 exec/s: 922 rss: 5270Mb L: 2/65536 MS: 1 CustomCrossOver-
#24074	NEW    cov: 1667 ft: 6902 corp: 688/2227Kb lim: 65536 exec/s: 891 rss: 5290Mb L: 17351/65536 MS: 1 CustomCrossOver-
#24169	NEW    cov: 1667 ft: 6902 corp: 688/2227Kb lim: 65536 exec/s: 895 rss: 5310Mb L: 12/65536 MS: 10 EraseBytes-Custom-PersAutoDict-Custom-ShuffleBytes-Custom-CopyPart-Custom-ShuffleBytes-Custom- DE: "\000\001"-
#24210	NEW    cov: 1667 ft: 6902 corp: 688/2227Kb lim: 65536 exec/s: 896 rss: 5319Mb L: 4/65536 MS: 2 ManualDict-Custom- DE: "]"-
#24230	NEW    cov: 1667 ft: 6905 corp: 688/2227Kb lim: 65536 exec/s: 897 rss: 5323Mb L: 9/65536 MS: 10 ChangeByte-Custom-CopyPart-Custom-EraseBytes-Custom-EraseBytes-Custom-PersAutoDict-Custom- DE: "\001\000\000\000\000\000\000\017"-
#24392	RELOAD cov: 1667 ft: 6909 corp: 689/2208Kb lim: 65536 exec/s: 903 rss: 5358Mb
#24453	NEW    cov: 1667 ft: 6909 corp: 689/2208Kb lim: 65536 exec/s: 905 rss: 5370Mb L: 2/65536 MS: 1 CustomCrossOver-
#24464	NEW    cov: 1667 ft: 6909 corp: 689/2208Kb lim: 65536 exec/s: 906 rss: 5373Mb L: 19/65536 MS: 2 ChangeByte-Custom-
#24511	NEW    cov: 1667 ft: 6909 corp: 688/2208Kb lim: 65536 exec/s: 907 rss: 5383Mb L: 1/65536 MS: 4 ChangeBit-Custom-ShuffleBytes-Custom-
#24552	NEW    cov: 1667 ft: 6909 corp: 688/2208Kb lim: 65536 exec/s: 909 rss: 5392Mb L: 2/65536 MS: 1 CustomCrossOver-
#24738	NEW    cov: 1667 ft: 6910 corp: 688/2208Kb lim: 65536 exec/s: 916 rss: 5435Mb L: 1022/65536 MS: 2 ChangeASCIIInt-Custom-
#24770	NEW    cov: 1667 ft: 6910 corp: 688/2208Kb lim: 65536 exec/s: 917 rss: 5440Mb L: 20/65536 MS: 3 CopyPart-Custom-CustomCrossOver-
#24799	NEW    cov: 1667 ft: 6910 corp: 689/2208Kb lim: 65536 exec/s: 918 rss: 5446Mb L: 2/65536 MS: 4 CustomCrossOver-CustomCrossOver-CustomCrossOver-CustomCrossOver-
#24810	NEW    cov: 1667 ft: 6910 corp: 689/2208Kb lim: 65536 exec/s: 918 rss: 5449Mb L: 2/65536 MS: 2 ChangeByte-Custom-
#24876	NEW    cov: 1667 ft: 6910 corp: 690/2208Kb lim: 65536 exec/s: 921 rss: 5463Mb L: 511/65536 MS: 2 ChangeASCIIInt-Custom-
#24915	NEW    cov: 1667 ft: 6929 corp: 691/2208Kb lim: 65536 exec/s: 889 rss: 5470Mb L: 54/65536 MS: 8 ShuffleBytes-Custom-CopyPart-Custom-InsertRepeatedBytes-Custom-ChangeBit-Custom-
#24946	NEW    cov: 1667 ft: 6929 corp: 691/2208Kb lim: 65536 exec/s: 890 rss: 5477Mb L: 22/65536 MS: 2 PersAutoDict-Custom- DE: "code"-
#24962	NEW    cov: 1667 ft: 6929 corp: 691/2208Kb lim: 65536 exec/s: 891 rss: 5481Mb L: 17/65536 MS: 2 ChangeBinInt-Custom-
#25222	NEW    cov: 1667 ft: 6929 corp: 692/2208Kb lim: 65536 exec/s: 900 rss: 5536Mb L: 6/65536 MS: 9 EraseBytes-Custom-CustomCrossOver-InsertByte-Custom-EraseBytes-Custom-ChangeByte-Custom-
#25250	NEW    cov: 1667 ft: 6929 corp: 691/2208Kb lim: 65536 exec/s: 901 rss: 5541Mb L: 5/65536 MS: 6 ShuffleBytes-Custom-EraseBytes-Custom-EraseBytes-Custom-
#25386	RELOAD cov: 1667 ft: 6929 corp: 690/2236Kb lim: 65536 exec/s: 906 rss: 5570Mb
#25453	NEW    cov: 1667 ft: 6930 corp: 691/2242Kb lim: 65536 exec/s: 909 rss: 5583Mb L: 5964/65536 MS: 4 InsertByte-Custom-ShuffleBytes-Custom-
#25530	NEW    cov: 1667 ft: 6930 corp: 691/2241Kb lim: 65536 exec/s: 911 rss: 5599Mb L: 117/65536 MS: 4 ChangeBinInt-Custom-InsertRepeatedBytes-Custom-
#25571	NEW    cov: 1667 ft: 6931 corp: 691/2241Kb lim: 65536 exec/s: 913 rss: 5607Mb L: 4/65536 MS: 2 CopyPart-Custom-
#25687	NEW    cov: 1667 ft: 6931 corp: 692/2241Kb lim: 65536 exec/s: 917 rss: 5630Mb L: 1/65536 MS: 2 ChangeByte-Custom-
#25769	NEW    cov: 1667 ft: 6931 corp: 693/2241Kb lim: 65536 exec/s: 920 rss: 5649Mb L: 4/65536 MS: 4 InsertByte-Custom-InsertByte-Custom-
#25855	NEW    cov: 1667 ft: 6941 corp: 694/2259Kb lim: 65536 exec/s: 891 rss: 5666Mb L: 18132/65536 MS: 2 ChangeASCIIInt-Custom-
#26056	NEW    cov: 1667 ft: 6941 corp: 694/2259Kb lim: 65536 exec/s: 898 rss: 5707Mb L: 17/65536 MS: 2 ChangeBinInt-Custom-
#26284	NEW    cov: 1667 ft: 6941 corp: 694/2259Kb lim: 65536 exec/s: 906 rss: 5757Mb L: 23/65536 MS: 6 CopyPart-Custom-EraseBytes-Custom-ShuffleBytes-Custom-
#26373	RELOAD cov: 1667 ft: 6941 corp: 694/2256Kb lim: 65536 exec/s: 909 rss: 5776Mb
#26384	NEW    cov: 1667 ft: 6943 corp: 694/2256Kb lim: 65536 exec/s: 909 rss: 5777Mb L: 4/65536 MS: 2 ShuffleBytes-Custom-
#26507	NEW    cov: 1667 ft: 6943 corp: 694/2256Kb lim: 65536 exec/s: 914 rss: 5803Mb L: 4/65536 MS: 6 CopyPart-Custom-InsertByte-Custom-CopyPart-Custom-
#26578	NEW    cov: 1667 ft: 6943 corp: 694/2256Kb lim: 65536 exec/s: 916 rss: 5820Mb L: 17/65536 MS: 2 InsertByte-Custom-
#26695	NEW    cov: 1667 ft: 6943 corp: 693/2240Kb lim: 65536 exec/s: 920 rss: 5844Mb L: 8191/65536 MS: 4 CopyPart-Custom-CopyPart-Custom-
#26911	NEW    cov: 1667 ft: 6943 corp: 692/2232Kb lim: 65536 exec/s: 897 rss: 5891Mb L: 8198/65536 MS: 2 PersAutoDict-Custom- DE: "protect"-
#26922	NEW    cov: 1667 ft: 6943 corp: 693/2232Kb lim: 65536 exec/s: 897 rss: 5892Mb L: 4/65536 MS: 2 InsertByte-Custom-
#26923	NEW    cov: 1667 ft: 6943 corp: 693/2232Kb lim: 65536 exec/s: 897 rss: 5892Mb L: 2/65536 MS: 1 CustomCrossOver-
#26943	NEW    cov: 1667 ft: 6943 corp: 694/2232Kb lim: 65536 exec/s: 898 rss: 5896Mb L: 12/65536 MS: 10 InsertByte-Custom-InsertByte-Custom-EraseBytes-Custom-ManualDict-Custom-InsertByte-Custom- DE: "else"-
#27289	NEW    cov: 1667 ft: 6947 corp: 695/2232Kb lim: 65536 exec/s: 909 rss: 5972Mb L: 2/65536 MS: 2 EraseBytes-Custom-
#27401	RELOAD cov: 1667 ft: 6958 corp: 699/2236Kb lim: 65536 exec/s: 913 rss: 5994Mb
#27473	NEW    cov: 1667 ft: 6958 corp: 700/2236Kb lim: 65536 exec/s: 915 rss: 6009Mb L: 2/65536 MS: 3 ChangeBit-Custom-CustomCrossOver-
#27496	NEW    cov: 1667 ft: 6958 corp: 700/2236Kb lim: 65536 exec/s: 916 rss: 6014Mb L: 1/65536 MS: 6 ChangeBit-Custom-EraseBytes-Custom-ShuffleBytes-Custom-
#27534	NEW    cov: 1667 ft: 6958 corp: 700/2236Kb lim: 65536 exec/s: 917 rss: 6023Mb L: 2/65536 MS: 5 InsertByte-Custom-ShuffleBytes-Custom-CustomCrossOver-
#27745	NEW    cov: 1667 ft: 6958 corp: 700/2236Kb lim: 65536 exec/s: 895 rss: 6067Mb L: 3/65536 MS: 2 InsertByte-Custom-
#27834	NEW    cov: 1667 ft: 6958 corp: 701/2236Kb lim: 65536 exec/s: 897 rss: 6085Mb L: 5/65536 MS: 8 CopyPart-Custom-ChangeBit-Custom-EraseBytes-Custom-CMP-Custom- DE: "\004\000"-
#27840	NEW    cov: 1667 ft: 6958 corp: 701/2236Kb lim: 65536 exec/s: 898 rss: 6086Mb L: 2/65536 MS: 2 ShuffleBytes-Custom-
#27900	NEW    cov: 1667 ft: 6958 corp: 701/2231Kb lim: 65536 exec/s: 900 rss: 6099Mb L: 6189/65536 MS: 6 CustomCrossOver-CustomCrossOver-CustomCrossOver-CustomCrossOver-EraseBytes-Custom-
#28009	NEW    cov: 1667 ft: 6962 corp: 702/2231Kb lim: 65536 exec/s: 903 rss: 6122Mb L: 72/65536 MS: 8 ChangeBit-Custom-InsertByte-Custom-ChangeByte-Custom-CopyPart-Custom-
#28083	NEW    cov: 1667 ft: 6962 corp: 702/2231Kb lim: 65536 exec/s: 905 rss: 6139Mb L: 8617/65536 MS: 7 ShuffleBytes-Custom-ShuffleBytes-Custom-ChangeBinInt-Custom-CustomCrossOver-
#28128	NEW    cov: 1667 ft: 6963 corp: 703/2281Kb lim: 65536 exec/s: 907 rss: 6149Mb L: 51038/65536 MS: 10 ManualDict-Custom-CMP-Custom-InsertRepeatedBytes-Custom-EraseBytes-Custom-CMP-Custom- DE: "blocks"-"regex_replace"-"\000\000\000\000\000\000\000\000"-
#28135	NEW    cov: 1667 ft: 6964 corp: 704/2281Kb lim: 65536 exec/s: 907 rss: 6151Mb L: 84/65536 MS: 4 InsertRepeatedBytes-Custom-InsertByte-Custom-
#28151	NEW    cov: 1667 ft: 6964 corp: 705/2281Kb lim: 65536 exec/s: 908 rss: 6155Mb L: 8/65536 MS: 2 PersAutoDict-Custom- DE: "\024\000\000\000"-
#28163	NEW    cov: 1667 ft: 6967 corp: 705/2270Kb lim: 65536 exec/s: 908 rss: 6157Mb L: 33335/65536 MS: 4 CMP-Custom-CopyPart-Custom- DE: "sol.so"-
#28410	RELOAD cov: 1667 ft: 6967 corp: 705/2250Kb lim: 65536 exec/s: 916 rss: 6210Mb
#28427	NEW    cov: 1667 ft: 6971 corp: 706/2250Kb lim: 65536 exec/s: 917 rss: 6213Mb L: 304/65536 MS: 4 InsertRepeatedBytes-Custom-ChangeBinInt-Custom-
#29295	NEW    cov: 1667 ft: 6971 corp: 706/2250Kb lim: 65536 exec/s: 915 rss: 6400Mb L: 6/65536 MS: 5 PersAutoDict-Custom-CopyPart-Custom-CustomCrossOver- DE: "all"-
#29326	NEW    cov: 1667 ft: 6971 corp: 706/2250Kb lim: 65536 exec/s: 916 rss: 6406Mb L: 35/65536 MS: 2 CopyPart-Custom-
#29330	NEW    cov: 1667 ft: 6975 corp: 707/2250Kb lim: 65536 exec/s: 916 rss: 6407Mb L: 128/65536 MS: 8 CMP-Custom-CMP-Custom-InsertRepeatedBytes-Custom-ChangeBinInt-Custom- DE: "\001\000\000\000\000\000\000\017"-"\377\377\377\000"-
#29408	RELOAD cov: 1667 ft: 6980 corp: 707/2281Kb lim: 65536 exec/s: 919 rss: 6424Mb
#29723	NEW    cov: 1667 ft: 6981 corp: 708/2297Kb lim: 65536 exec/s: 900 rss: 6491Mb L: 16635/65536 MS: 10 ShuffleBytes-Custom-CrossOver-Custom-CMP-Custom-ChangeBinInt-Custom-ManualDict-Custom- DE: "\007\000\000\000\000\000\000\000"-"PATH"-
#29881	NEW    cov: 1667 ft: 6981 corp: 708/2297Kb lim: 65536 exec/s: 905 rss: 6523Mb L: 8/65536 MS: 6 PersAutoDict-Custom-ShuffleBytes-Custom-ShuffleBytes-Custom- DE: ">"-
#29939	NEW    cov: 1667 ft: 6981 corp: 708/2294Kb lim: 65536 exec/s: 907 rss: 6535Mb L: 1059/65536 MS: 6 ChangeBinInt-Custom-ChangeByte-Custom-InsertRepeatedBytes-Custom-
#30021	NEW    cov: 1667 ft: 6981 corp: 708/2294Kb lim: 65536 exec/s: 909 rss: 6552Mb L: 2/65536 MS: 2 CustomCrossOver-CustomCrossOver-
#30028	NEW    cov: 1667 ft: 7056 corp: 709/2294Kb lim: 65536 exec/s: 909 rss: 6553Mb L: 69/65536 MS: 3 CrossOver-Custom-CustomCrossOver-
#30062	NEW    cov: 1667 ft: 7059 corp: 710/2302Kb lim: 65536 exec/s: 910 rss: 6560Mb L: 7661/65536 MS: 8 EraseBytes-Custom-InsertRepeatedBytes-Custom-PersAutoDict-Custom-ManualDict-Custom- DE: "unpack"-"gzip"-
#30167	RELOAD cov: 1667 ft: 7059 corp: 711/2310Kb lim: 65536 exec/s: 887 rss: 6582Mb
#30258	NEW    cov: 1667 ft: 7059 corp: 711/2310Kb lim: 65536 exec/s: 889 rss: 6599Mb L: 3/65536 MS: 2 PersAutoDict-Custom- DE: "=="-
#30561	NEW    cov: 1667 ft: 7059 corp: 711/2310Kb lim: 65536 exec/s: 898 rss: 6615Mb L: 5/65536 MS: 4 CopyPart-Custom-CustomCrossOver-CustomCrossOver-
#30627	NEW    cov: 1667 ft: 7059 corp: 711/2293Kb lim: 65536 exec/s: 900 rss: 6615Mb L: 102/65536 MS: 2 InsertRepeatedBytes-Custom-
#30703	NEW    cov: 1667 ft: 7059 corp: 711/2293Kb lim: 65536 exec/s: 903 rss: 6615Mb L: 19/65536 MS: 1 CustomCrossOver-
#30713	NEW    cov: 1667 ft: 7061 corp: 712/2334Kb lim: 65536 exec/s: 903 rss: 6615Mb L: 41248/65536 MS: 7 CustomCrossOver-CustomCrossOver-CustomCrossOver-ChangeBit-Custom-ChangeBit-Custom-
#30737	NEW    cov: 1667 ft: 7061 corp: 712/2321Kb lim: 65536 exec/s: 904 rss: 6619Mb L: 737/65536 MS: 8 ChangeBinInt-Custom-CopyPart-Custom-InsertRepeatedBytes-Custom-ManualDict-Custom- DE: ">"-
#30740	NEW    cov: 1667 ft: 7061 corp: 712/2321Kb lim: 65536 exec/s: 904 rss: 6619Mb L: 2/65536 MS: 5 ManualDict-Custom-CustomCrossOver-ChangeByte-Custom- DE: "="-
#30824	RELOAD cov: 1667 ft: 7061 corp: 712/2315Kb lim: 65536 exec/s: 880 rss: 6620Mb
#31097	NEW    cov: 1667 ft: 7061 corp: 712/2315Kb lim: 65536 exec/s: 888 rss: 6623Mb L: 26/65536 MS: 6 InsertByte-Custom-ShuffleBytes-Custom-InsertRepeatedBytes-Custom-
#31315	NEW    cov: 1667 ft: 7061 corp: 711/2315Kb lim: 65536 exec/s: 894 rss: 6624Mb L: 18/65536 MS: 6 CopyPart-Custom-InsertByte-Custom-ChangeByte-Custom-
#31334	NEW    cov: 1667 ft: 7061 corp: 711/2293Kb lim: 65536 exec/s: 870 rss: 6624Mb L: 13645/65536 MS: 7 CustomCrossOver-EraseBytes-Custom-CrossOver-Custom-CMP-Custom- DE: "\000\000\000\000\000\000\000\200"-
#31461	RELOAD cov: 1667 ft: 7061 corp: 711/2293Kb lim: 65536 exec/s: 873 rss: 6624Mb
#31507	NEW    cov: 1667 ft: 7062 corp: 712/2293Kb lim: 65536 exec/s: 875 rss: 6624Mb L: 18/65536 MS: 2 CMP-Custom- DE: "diff"-
#31508	NEW    cov: 1667 ft: 7062 corp: 711/2293Kb lim: 65536 exec/s: 875 rss: 6624Mb L: 32/65536 MS: 2 EraseBytes-Custom-
#31691	NEW    cov: 1667 ft: 7062 corp: 711/2293Kb lim: 65536 exec/s: 880 rss: 6624Mb L: 3/65536 MS: 6 ChangeByte-Custom-EraseBytes-Custom-CopyPart-Custom-
#31733	NEW    cov: 1667 ft: 7062 corp: 711/2292Kb lim: 65536 exec/s: 881 rss: 6624Mb L: 17180/65536 MS: 4 ShuffleBytes-Custom-CMP-Custom- DE: "tex"-
#31760	NEW    cov: 1667 ft: 7062 corp: 712/2292Kb lim: 65536 exec/s: 882 rss: 6624Mb L: 2/65536 MS: 4 ChangeByte-Custom-ChangeByte-Custom-
#31762	NEW    cov: 1667 ft: 7062 corp: 713/2292Kb lim: 65536 exec/s: 882 rss: 6624Mb L: 6/65536 MS: 4 ChangeBit-Custom-CMP-Custom- DE: "\015\000\000\000"-
#31781	NEW    cov: 1667 ft: 7063 corp: 714/2292Kb lim: 65536 exec/s: 882 rss: 6624Mb L: 27/65536 MS: 8 PersAutoDict-Custom-ChangeASCIIInt-Custom-ChangeASCIIInt-Custom-InsertRepeatedBytes-Custom- DE: "prefix_format"-
#31932	NEW    cov: 1667 ft: 7063 corp: 714/2292Kb lim: 65536 exec/s: 863 rss: 6624Mb L: 2/65536 MS: 2 ChangeBinInt-Custom-
#32110	RELOAD cov: 1667 ft: 7063 corp: 715/2308Kb lim: 65536 exec/s: 867 rss: 6624Mb
#32171	NEW    cov: 1667 ft: 7063 corp: 714/2306Kb lim: 65536 exec/s: 869 rss: 6624Mb L: 23/65536 MS: 2 InsertByte-Custom-
#32172	NEW    cov: 1667 ft: 7063 corp: 715/2306Kb lim: 65536 exec/s: 869 rss: 6624Mb L: 4/65536 MS: 2 CopyPart-Custom-
#32186	NEW    cov: 1667 ft: 7064 corp: 716/2311Kb lim: 65536 exec/s: 869 rss: 6624Mb L: 4647/65536 MS: 8 InsertByte-Custom-ShuffleBytes-Custom-ShuffleBytes-Custom-ManualDict-Custom- DE: "SHELL"-
#32224	NEW    cov: 1667 ft: 7064 corp: 716/2311Kb lim: 65536 exec/s: 870 rss: 6624Mb L: 5/65536 MS: 6 ChangeByte-Custom-ShuffleBytes-Custom-EraseBytes-Custom-
#32372	NEW    cov: 1667 ft: 7065 corp: 716/2310Kb lim: 65536 exec/s: 874 rss: 6624Mb L: 94/65536 MS: 5 CustomCrossOver-EraseBytes-Custom-InsertRepeatedBytes-Custom-
#32393	NEW    cov: 1667 ft: 7067 corp: 717/2310Kb lim: 65536 exec/s: 875 rss: 6624Mb L: 3/65536 MS: 2 InsertByte-Custom-
#32451	NEW    cov: 1667 ft: 7067 corp: 717/2310Kb lim: 65536 exec/s: 877 rss: 6624Mb L: 130/65536 MS: 5 CopyPart-Custom-CrossOver-Custom-CustomCrossOver-
#32462	NEW    cov: 1667 ft: 7067 corp: 717/2310Kb lim: 65536 exec/s: 854 rss: 6624Mb L: 2/65536 MS: 1 CustomCrossOver-
#32495	NEW    cov: 1667 ft: 7068 corp: 718/2310Kb lim: 65536 exec/s: 855 rss: 6624Mb L: 15/65536 MS: 6 PersAutoDict-Custom-CopyPart-Custom-ChangeBit-Custom- DE: "nil"-
#32502	NEW    cov: 1667 ft: 7068 corp: 718/2310Kb lim: 65536 exec/s: 855 rss: 6624Mb L: 4/65536 MS: 4 ChangeBinInt-Custom-ChangeBit-Custom-
#32504	NEW    cov: 1667 ft: 7068 corp: 718/2310Kb lim: 65536 exec/s: 855 rss: 6624Mb L: 22/65536 MS: 3 CustomCrossOver-ShuffleBytes-Custom-
#32530	NEW    cov: 1667 ft: 7068 corp: 719/2318Kb lim: 65536 exec/s: 856 rss: 6624Mb L: 8300/65536 MS: 1 CustomCrossOver-
#32722	RELOAD cov: 1667 ft: 7068 corp: 719/2318Kb lim: 65536 exec/s: 861 rss: 6624Mb
#32768	pulse  cov: 1667 ft: 7068 corp: 719/2318Kb lim: 65536 exec/s: 862 rss: 6624Mb
#32825	NEW    cov: 1667 ft: 7070 corp: 720/2318Kb lim: 65536 exec/s: 863 rss: 6624Mb L: 162/65536 MS: 6 ChangeByte-Custom-InsertRepeatedBytes-Custom-ChangeBinInt-Custom-
#32826	NEW    cov: 1667 ft: 7070 corp: 721/2318Kb lim: 65536 exec/s: 863 rss: 6624Mb L: 3/65536 MS: 2 ChangeBinInt-Custom-
#32869	NEW    cov: 1667 ft: 7072 corp: 722/2318Kb lim: 65536 exec/s: 864 rss: 6624Mb L: 14/65536 MS: 6 CMP-Custom-ManualDict-Custom-ChangeBit-Custom- DE: "\354\213\226\376\001\000\000\000"-"configure_step"-
#32878	NEW    cov: 1667 ft: 7072 corp: 722/2318Kb lim: 65536 exec/s: 865 rss: 6624Mb L: 44/65536 MS: 8 ShuffleBytes-Custom-PersAutoDict-Custom-ChangeBit-Custom-InsertByte-Custom- DE: "\000\000\000\000\000\000\000\017"-
#32879	NEW    cov: 1667 ft: 7072 corp: 722/2318Kb lim: 65536 exec/s: 865 rss: 6624Mb L: 5/65536 MS: 2 CopyPart-Custom-
#32895	NEW    cov: 1667 ft: 7076 corp: 722/2272Kb lim: 65536 exec/s: 865 rss: 6624Mb L: 4094/65536 MS: 1 CustomCrossOver-
#32927	NEW    cov: 1667 ft: 7076 corp: 722/2272Kb lim: 65536 exec/s: 866 rss: 6624Mb L: 9/65536 MS: 4 InsertRepeatedBytes-Custom-CrossOver-Custom-
#32928	NEW    cov: 1667 ft: 7076 corp: 723/2272Kb lim: 65536 exec/s: 866 rss: 6624Mb L: 33/65536 MS: 1 CustomCrossOver-
#32943	NEW    cov: 1667 ft: 7076 corp: 724/2273Kb lim: 65536 exec/s: 866 rss: 6624Mb L: 28/65536 MS: 10 CopyPart-Custom-ChangeBit-Custom-PersAutoDict-Custom-ChangeByte-Custom-EraseBytes-Custom- DE: "CXX"-
#32950	NEW    cov: 1667 ft: 7076 corp: 724/2273Kb lim: 65536 exec/s: 867 rss: 6624Mb L: 66/65536 MS: 4 ManualDict-Custom-InsertByte-Custom- DE: "adversarial-cache"-
#32951	NEW    cov: 1667 ft: 7076 corp: 725/2273Kb lim: 65536 exec/s: 867 rss: 6624Mb L: 3/65536 MS: 2 ChangeBinInt-Custom-
#32952	NEW    cov: 1667 ft: 7076 corp: 724/2272Kb lim: 65536 exec/s: 867 rss: 6624Mb L: 6/65536 MS: 2 InsertByte-Custom-
#32953	NEW    cov: 1667 ft: 7076 corp: 725/2272Kb lim: 65536 exec/s: 867 rss: 6624Mb L: 1/65536 MS: 2 ChangeByte-Custom-
#33029	NEW    cov: 1667 ft: 7076 corp: 725/2272Kb lim: 65536 exec/s: 869 rss: 6624Mb L: 1/65536 MS: 1 CustomCrossOver-
#33199	NEW    cov: 1667 ft: 7076 corp: 725/2272Kb lim: 65536 exec/s: 851 rss: 6654Mb L: 3/65536 MS: 8 CustomCrossOver-InsertRepeatedBytes-Custom-InsertRepeatedBytes-Custom-CustomCrossOver-CrossOver-Custom-
#33210	NEW    cov: 1667 ft: 7076 corp: 725/2272Kb lim: 65536 exec/s: 851 rss: 6656Mb L: 5/65536 MS: 2 PersAutoDict-Custom- DE: "TERM"-
#33322	NEW    cov: 1667 ft: 7077 corp: 726/2272Kb lim: 65536 exec/s: 854 rss: 6678Mb L: 24/65536 MS: 4 ShuffleBytes-Custom-InsertByte-Custom-
#33335	NEW    cov: 1667 ft: 7079 corp: 727/2276Kb lim: 65536 exec/s: 854 rss: 6680Mb L: 3648/65536 MS: 6 InsertRepeatedBytes-Custom-EraseBytes-Custom-CrossOver-Custom-
#33431	NEW    cov: 1667 ft: 7079 corp: 727/2276Kb lim: 65536 exec/s: 857 rss: 6699Mb L: 3/65536 MS: 2 EraseBytes-Custom-
#33502	NEW    cov: 1667 ft: 7079 corp: 727/2276Kb lim: 65536 exec/s: 859 rss: 6714Mb L: 3/65536 MS: 2 InsertByte-Custom-
#33624	RELOAD cov: 1667 ft: 7080 corp: 727/2276Kb lim: 65536 exec/s: 862 rss: 6739Mb
#33640	NEW    cov: 1667 ft: 7080 corp: 727/2276Kb lim: 65536 exec/s: 862 rss: 6742Mb L: 3/65536 MS: 2 ChangeBit-Custom-
#33836	NEW    cov: 1667 ft: 7080 corp: 727/2276Kb lim: 65536 exec/s: 867 rss: 6781Mb L: 2/65536 MS: 2 ShuffleBytes-Custom-
#33959	NEW    cov: 1667 ft: 7080 corp: 727/2276Kb lim: 65536 exec/s: 754 rss: 6801Mb L: 16/65536 MS: 2 ChangeBinInt-Custom-
#34260	NEW    cov: 1667 ft: 7080 corp: 727/2276Kb lim: 65536 exec/s: 761 rss: 6840Mb L: 2/65536 MS: 2 ChangeBinInt-Custom-
#34566	NEW    cov: 1667 ft: 7080 corp: 728/2276Kb lim: 65536 exec/s: 751 rss: 6862Mb L: 4/65536 MS: 2 ChangeBit-Custom-
#34681	NEW    cov: 1667 ft: 7080 corp: 728/2273Kb lim: 65536 exec/s: 753 rss: 6862Mb L: 3060/65536 MS: 10 InsertRepeatedBytes-Custom-EraseBytes-Custom-InsertByte-Custom-InsertByte-Custom-ChangeBit-Custom-
#34799	RELOAD cov: 1667 ft: 7080 corp: 728/2273Kb lim: 65536 exec/s: 756 rss: 6862Mb
#34900	NEW    cov: 1667 ft: 7080 corp: 728/2273Kb lim: 65536 exec/s: 758 rss: 6882Mb L: 1/65536 MS: 2 ChangeBit-Custom-
#34911	NEW    cov: 1667 ft: 7081 corp: 729/2336Kb lim: 65536 exec/s: 758 rss: 6884Mb L: 65505/65536 MS: 2 ShuffleBytes-Custom-
#35124	RELOAD cov: 1667 ft: 7082 corp: 731/2336Kb lim: 65536 exec/s: 747 rss: 6918Mb
#35196	NEW    cov: 1667 ft: 7082 corp: 731/2336Kb lim: 65536 exec/s: 748 rss: 6928Mb L: 6/65536 MS: 4 PersAutoDict-Custom-EraseBytes-Custom- DE: "beez.config"-
#35230	NEW    cov: 1667 ft: 7085 corp: 731/2308Kb lim: 65536 exec/s: 749 rss: 6937Mb L: 2955/65536 MS: 8 CMP-Custom-EraseBytes-Custom-ChangeByte-Custom-CMP-Custom- DE: "\001\002"-"\000\000\000\001\000\000\000\001"-
