INFO: found LLVMFuzzerCustomMutator (0x4d05e8). Disabling -len_control by default.
Dictionary: 286 entries
INFO: Running with entropic power schedule (0xFF, 100).
INFO: Seed: 875781358
INFO: Loaded 1 modules   (4931 inline 8-bit counters): 4931 [0x1494dbc, 0x14960ff), 
INFO: Loaded 1 PC tables (4931 PCs): 4931 [0x11acb48,0x11bff78), 
INFO:       87 files found in report/fuzz/corpus/lua_dsl
INFO: seed corpus: files: 87 min: 18b max: 1590b total: 18107b rss: 30Mb
#88	INITED cov: 1400 ft: 3489 corp: 64/11590b exec/s: 0 rss: 55Mb
#89	NEW    cov: 1400 ft: 3490 corp: 65/11629b lim: 65536 exec/s: 0 rss: 56Mb L: 39/1078 MS: 2 ChangeBit-Custom-
#90	NEW    cov: 1401 ft: 3500 corp: 66/11927b lim: 65536 exec/s: 0 rss: 56Mb L: 298/1078 MS: 1 CustomCrossOver-
#91	NEW    cov: 1401 ft: 3500 corp: 66/11883b lim: 65536 exec/s: 0 rss: 56Mb L: 617/1078 MS: 1 CustomCrossOver-
#92	NEW    cov: 1401 ft: 3500 corp: 67/11951b lim: 65536 exec/s: 0 rss: 57Mb L: 68/1078 MS: 1 CustomCrossOver-
#93	NEW    cov: 1401 ft: 3500 corp: 67/11921b lim: 65536 exec/s: 0 rss: 57Mb L: 18/1078 MS: 1 CustomCrossOver-
#94	NEW    cov: 1401 ft: 3501 corp: 68/12270b lim: 65536 exec/s: 0 rss: 57Mb L: 349/1078 MS: 2 InsertRepeatedBytes-Custom-
#95	NEW    cov: 1401 ft: 3502 corp: 69/12667b lim: 65536 exec/s: 0 rss: 57Mb L: 397/1078 MS: 2 CopyPart-Custom-
#96	NEW    cov: 1401 ft: 3502 corp: 69/12637b lim: 65536 exec/s: 0 rss: 58Mb L: 38/1078 MS: 2 CopyPart-Custom-
#97	NEW    cov: 1401 ft: 3502 corp: 70/12690b lim: 65536 exec/s: 0 rss: 58Mb L: 53/1078 MS: 2 ChangeBinInt-Custom-
#102	NEW    cov: 1401 ft: 3508 corp: 71/12893b lim: 65536 exec/s: 0 rss: 59Mb L: 203/1078 MS: 7 CustomCrossOver-CustomCrossOver-CustomCrossOver-ManualDict-Custom-EraseBytes-Custom- DE: ":"-
#103	NEW    cov: 1401 ft: 3514 corp: 71/12697b lim: 65536 exec/s: 0 rss: 59Mb L: 19/1078 MS: 2 InsertByte-Custom-
#105	NEW    cov: 1401 ft: 3516 corp: 71/12200b lim: 65536 exec/s: 0 rss: 60Mb L: 120/1078 MS: 3 CustomCrossOver-ChangeBit-Custom-
#106	NEW    cov: 1401 ft: 3521 corp: 71/12159b lim: 65536 exec/s: 0 rss: 60Mb L: 67/1078 MS: 2 ChangeByte-Custom-
#108	NEW    cov: 1401 ft: 3521 corp: 71/11884b lim: 65536 exec/s: 0 rss: 60Mb L: 38/1078 MS: 3 ChangeBinInt-Custom-CustomCrossOver-
#109	NEW    cov: 1401 ft: 3525 corp: 71/11868b lim: 65536 exec/s: 0 rss: 61Mb L: 104/1078 MS: 1 CustomCrossOver-
#110	NEW    cov: 1401 ft: 3525 corp: 71/11778b lim: 65536 exec/s: 0 rss: 61Mb L: 104/1078 MS: 2 PersAutoDict-Custom- DE: ":"-
#111	NEW    cov: 1401 ft: 3528 corp: 72/11882b lim: 65536 exec/s: 0 rss: 61Mb L: 104/1078 MS: 1 CustomCrossOver-
#113	NEW    cov: 1401 ft: 3530 corp: 73/12206b lim: 65536 exec/s: 0 rss: 62Mb L: 324/1078 MS: 4 InsertByte-Custom-ChangeBit-Custom-
#114	NEW    cov: 1401 ft: 3539 corp: 74/12823b lim: 65536 exec/s: 0 rss: 62Mb L: 617/1078 MS: 1 CustomCrossOver-
#115	NEW    cov: 1401 ft: 3543 corp: 72/12562b lim: 65536 exec/s: 0 rss: 62Mb L: 63/1078 MS: 2 CopyPart-Custom-
#116	NEW    cov: 1401 ft: 3543 corp: 73/12615b lim: 65536 exec/s: 0 rss: 62Mb L: 53/1078 MS: 2 InsertByte-Custom-
#117	NEW    cov: 1401 ft: 3545 corp: 73/12560b lim: 65536 exec/s: 0 rss: 63Mb L: 34/1078 MS: 2 EraseBytes-Custom-
#118	NEW    cov: 1401 ft: 3549 corp: 73/12533b lim: 65536 exec/s: 0 rss: 63Mb L: 40/1078 MS: 2 ChangeBit-Custom-
#121	NEW    cov: 1419 ft: 3727 corp: 74/12644b lim: 65536 exec/s: 0 rss: 64Mb L: 111/1078 MS: 6 ShuffleBytes-Custom-EraseBytes-Custom-ManualDict-Custom- DE: "always"-
#124	NEW    cov: 1419 ft: 3727 corp: 74/12497b lim: 65536 exec/s: 0 rss: 64Mb L: 187/1078 MS: 5 CustomCrossOver-InsertRepeatedBytes-Custom-ShuffleBytes-Custom-
#125	NEW    cov: 1419 ft: 3732 corp: 75/12795b lim: 65536 exec/s: 0 rss: 65Mb L: 298/1078 MS: 1 CustomCrossOver-
#126	NEW    cov: 1419 ft: 3734 corp: 76/13412b lim: 65536 exec/s: 0 rss: 65Mb L: 617/1078 MS: 2 ManualDict-Custom- DE: "]]"-
#127	NEW    cov: 1419 ft: 3735 corp: 77/13429b lim: 65536 exec/s: 0 rss: 65Mb L: 17/1078 MS: 2 EraseBytes-Custom-
#128	NEW    cov: 1419 ft: 3735 corp: 78/13796b lim: 65536 exec/s: 0 rss: 65Mb L: 367/1078 MS: 2 CopyPart-Custom-
#129	NEW    cov: 1419 ft: 3735 corp: 79/13910b lim: 65536 exec/s: 0 rss: 66Mb L: 114/1078 MS: 2 InsertByte-Custom-
#130	NEW    cov: 1419 ft: 3735 corp: 79/13854b lim: 65536 exec/s: 0 rss: 66Mb L: 28/1078 MS: 1 CustomCrossOver-
#131	NEW    cov: 1419 ft: 3735 corp: 79/13838b lim: 65536 exec/s: 0 rss: 66Mb L: 22/1078 MS: 2 ChangeByte-Custom-
#132	NEW    cov: 1419 ft: 3741 corp: 79/13419b lim: 65536 exec/s: 0 rss: 67Mb L: 198/1078 MS: 1 CustomCrossOver-
#133	NEW    cov: 1419 ft: 3746 corp: 80/13717b lim: 65536 exec/s: 0 rss: 67Mb L: 298/1078 MS: 1 CustomCrossOver-
#134	NEW    cov: 1419 ft: 3774 corp: 78/13229b lim: 65536 exec/s: 0 rss: 67Mb L: 24/1078 MS: 2 ChangeBinInt-Custom-
#135	NEW    cov: 1419 ft: 3778 corp: 77/12919b lim: 65536 exec/s: 0 rss: 67Mb L: 27/1078 MS: 2 EraseBytes-Custom-
#136	NEW    cov: 1419 ft: 3779 corp: 78/13225b lim: 65536 exec/s: 0 rss: 68Mb L: 306/1078 MS: 2 ManualDict-Custom- DE: "wait_all"-
#137	NEW    cov: 1419 ft: 3779 corp: 78/13213b lim: 65536 exec/s: 0 rss: 68Mb L: 40/1078 MS: 2 PersAutoDict-Custom- DE: "always"-
#138	NEW    cov: 1419 ft: 3802 corp: 79/13503b lim: 65536 exec/s: 0 rss: 68Mb L: 290/1078 MS: 2 InsertRepeatedBytes-Custom-
#141	NEW    cov: 1419 ft: 3806 corp: 80/13819b lim: 65536 exec/s: 0 rss: 69Mb L: 316/1078 MS: 6 InsertByte-Custom-CMP-Custom-ChangeBinInt-Custom- DE: "\010\000\000\000\000\000\000\000"-
#144	NEW    cov: 1419 ft: 3808 corp: 81/14267b lim: 65536 exec/s: 0 rss: 69Mb L: 448/1078 MS: 4 CustomCrossOver-ChangeBit-Custom-CustomCrossOver-
#145	NEW    cov: 1419 ft: 3808 corp: 82/14289b lim: 65536 exec/s: 0 rss: 70Mb L: 22/1078 MS: 2 ChangeByte-Custom-
#146	NEW    cov: 1419 ft: 3810 corp: 83/14400b lim: 65536 exec/s: 0 rss: 70Mb L: 111/1078 MS: 1 CustomCrossOver-
#147	NEW    cov: 1419 ft: 3810 corp: 83/14304b lim: 65536 exec/s: 0 rss: 70Mb L: 18/1078 MS: 2 ShuffleBytes-Custom-
#148	NEW    cov: 1419 ft: 3828 corp: 83/14290b lim: 65536 exec/s: 0 rss: 70Mb L: 24/1078 MS: 1 CustomCrossOver-
#149	NEW    cov: 1419 ft: 3828 corp: 83/14164b lim: 65536 exec/s: 0 rss: 71Mb L: 198/1078 MS: 1 CustomCrossOver-
#150	NEW    cov: 1419 ft: 3831 corp: 84/14268b lim: 65536 exec/s: 0 rss: 71Mb L: 104/1078 MS: 1 CustomCrossOver-
#151	NEW    cov: 1419 ft: 3831 corp: 83/13905b lim: 65536 exec/s: 0 rss: 71Mb L: 54/1078 MS: 2 ChangeBinInt-Custom-
#152	NEW    cov: 1419 ft: 3832 corp: 84/14182b lim: 65536 exec/s: 0 rss: 72Mb L: 277/1078 MS: 2 InsertRepeatedBytes-Custom-
#153	NEW    cov: 1419 ft: 3832 corp: 85/14206b lim: 65536 exec/s: 0 rss: 72Mb L: 24/1078 MS: 1 CustomCrossOver-
#154	NEW    cov: 1419 ft: 3832 corp: 86/14224b lim: 65536 exec/s: 0 rss: 72Mb L: 18/1078 MS: 1 CustomCrossOver-
#155	NEW    cov: 1419 ft: 3833 corp: 87/14842b lim: 65536 exec/s: 0 rss: 72Mb L: 618/1078 MS: 2 InsertByte-Custom-
#156	NEW    cov: 1419 ft: 3835 corp: 81/12361b lim: 65536 exec/s: 0 rss: 73Mb L: 22/1078 MS: 1 CustomCrossOver-
#157	NEW    cov: 1419 ft: 3835 corp: 82/12387b lim: 65536 exec/s: 0 rss: 73Mb L: 26/1078 MS: 1 CustomCrossOver-
#158	NEW    cov: 1419 ft: 3841 corp: 83/12761b lim: 65536 exec/s: 0 rss: 73Mb L: 374/1078 MS: 2 CopyPart-Custom-
#168	NEW    cov: 1419 ft: 3842 corp: 84/12821b lim: 65536 exec/s: 0 rss: 75Mb L: 60/1078 MS: 8 CustomCrossOver-ChangeBinInt-Custom-ChangeBit-Custom-EraseBytes-Custom-CustomCrossOver-
#170	NEW    cov: 1419 ft: 3844 corp: 85/12905b lim: 65536 exec/s: 0 rss: 75Mb L: 84/1078 MS: 4 ShuffleBytes-Custom-ShuffleBytes-Custom-
#172	NEW    cov: 1419 ft: 3845 corp: 86/12972b lim: 65536 exec/s: 0 rss: 76Mb L: 67/1078 MS: 3 CustomCrossOver-CMP-Custom- DE: "\377\377\377\020"-
#173	NEW    cov: 1419 ft: 3845 corp: 87/12990b lim: 65536 exec/s: 0 rss: 76Mb L: 18/1078 MS: 1 CustomCrossOver-
#174	NEW    cov: 1419 ft: 3849 corp: 87/12984b lim: 65536 exec/s: 0 rss: 76Mb L: 33/1078 MS: 2 CopyPart-Custom-
#177	NEW    cov: 1419 ft: 3849 corp: 87/12451b lim: 65536 exec/s: 0 rss: 77Mb L: 84/1078 MS: 4 CustomCrossOver-PersAutoDict-Custom-CustomCrossOver- DE: ":"-
#178	NEW    cov: 1419 ft: 3849 corp: 86/12359b lim: 65536 exec/s: 0 rss: 77Mb L: 60/1078 MS: 2 CMP-Custom- DE: "\001\000\000\000\000\000\000\000"-
#181	NEW    cov: 1419 ft: 3852 corp: 87/12420b lim: 65536 exec/s: 0 rss: 78Mb L: 61/1078 MS: 4 CustomCrossOver-CopyPart-Custom-CustomCrossOver-
#182	NEW    cov: 1419 ft: 3856 corp: 87/12313b lim: 65536 exec/s: 0 rss: 78Mb L: 199/1078 MS: 2 InsertByte-Custom-
#183	NEW    cov: 1419 ft: 3871 corp: 88/12344b lim: 65536 exec/s: 0 rss: 79Mb L: 31/1078 MS: 2 ShuffleBytes-Custom-
#184	NEW    cov: 1419 ft: 3871 corp: 89/12363b lim: 65536 exec/s: 0 rss: 79Mb L: 19/1078 MS: 2 ChangeByte-Custom-
#191	NEW    cov: 1419 ft: 3872 corp: 89/12253b lim: 65536 exec/s: 0 rss: 81Mb L: 71/1078 MS: 4 CMP-Custom-EraseBytes-Custom- DE: "\006\000\000\000\000\000\000\000"-
#192	NEW    cov: 1419 ft: 3872 corp: 89/12217b lim: 65536 exec/s: 0 rss: 81Mb L: 151/1078 MS: 2 InsertRepeatedBytes-Custom-
#193	NEW    cov: 1419 ft: 3872 corp: 89/12182b lim: 65536 exec/s: 0 rss: 81Mb L: 18/1078 MS: 2 EraseBytes-Custom-
#194	NEW    cov: 1419 ft: 3872 corp: 90/12200b lim: 65536 exec/s: 0 rss: 82Mb L: 18/1078 MS: 2 ChangeByte-Custom-
#195	NEW    cov: 1419 ft: 3876 corp: 91/12540b lim: 65536 exec/s: 0 rss: 82Mb L: 340/1078 MS: 2 ManualDict-Custom- DE: "indicator_spin_interval"-
#197	NEW    cov: 1419 ft: 3879 corp: 92/12550b lim: 65536 exec/s: 0 rss: 82Mb L: 10/1078 MS: 3 CustomCrossOver-EraseBytes-Custom-
#200	NEW    cov: 1419 ft: 3879 corp: 93/13158b lim: 65536 exec/s: 0 rss: 83Mb L: 608/1078 MS: 6 ChangeBinInt-Custom-CMP-Custom-ChangeByte-Custom- DE: "rep"-
#202	NEW    cov: 1419 ft: 3890 corp: 94/13215b lim: 65536 exec/s: 0 rss: 83Mb L: 57/1078 MS: 4 CrossOver-Custom-ChangeByte-Custom-
#206	NEW    cov: 1419 ft: 3898 corp: 95/13837b lim: 65536 exec/s: 0 rss: 84Mb L: 622/1078 MS: 8 CMP-Custom-CMP-Custom-InsertRepeatedBytes-Custom-InsertByte-Custom- DE: "temp"-"replace"-
#211	NEW    cov: 1419 ft: 3899 corp: 96/14110b lim: 65536 exec/s: 0 rss: 86Mb L: 273/1078 MS: 8 ChangeBit-Custom-ChangeByte-Custom-CustomCrossOver-CustomCrossOver-ChangeByte-Custom-
#212	NEW    cov: 1419 ft: 3899 corp: 96/14079b lim: 65536 exec/s: 0 rss: 86Mb L: 18/1078 MS: 1 CustomCrossOver-
#213	NEW    cov: 1419 ft: 4004 corp: 97/14527b lim: 65536 exec/s: 0 rss: 86Mb L: 448/1078 MS: 2 PersAutoDict-Custom- DE: "replace"-
#217	NEW    cov: 1419 ft: 4004 corp: 97/14523b lim: 65536 exec/s: 0 rss: 87Mb L: 39/1078 MS: 8 PersAutoDict-Custom-ChangeBinInt-Custom-PersAutoDict-Custom-EraseBytes-Custom- DE: "rep"-"temp"-
#220	NEW    cov: 1419 ft: 4008 corp: 98/15180b lim: 65536 exec/s: 0 rss: 88Mb L: 657/1078 MS: 6 CMP-Custom-ManualDict-Custom-ShuffleBytes-Custom- DE: "replace"-"phase"-
#221	NEW    cov: 1419 ft: 4008 corp: 98/15048b lim: 65536 exec/s: 0 rss: 88Mb L: 19/1078 MS: 1 CustomCrossOver-
#225	NEW    cov: 1419 ft: 4008 corp: 98/15037b lim: 65536 exec/s: 0 rss: 89Mb L: 73/1078 MS: 8 InsertByte-Custom-ShuffleBytes-Custom-CopyPart-Custom-PersAutoDict-Custom- DE: "]]"-
#226	NEW    cov: 1419 ft: 4008 corp: 99/15062b lim: 65536 exec/s: 0 rss: 89Mb L: 25/1078 MS: 2 CopyPart-Custom-
#230	NEW    cov: 1419 ft: 4022 corp: 100/15103b lim: 65536 exec/s: 0 rss: 90Mb L: 41/1078 MS: 8 ManualDict-Custom-CopyPart-Custom-CopyPart-Custom-ShuffleBytes-Custom- DE: "theme"-
#231	NEW    cov: 1419 ft: 4022 corp: 101/15128b lim: 65536 exec/s: 0 rss: 90Mb L: 25/1078 MS: 1 CustomCrossOver-
#232	NEW    cov: 1419 ft: 4022 corp: 102/15147b lim: 65536 exec/s: 0 rss: 90Mb L: 19/1078 MS: 1 CustomCrossOver-
#233	NEW    cov: 1419 ft: 4025 corp: 102/15131b lim: 65536 exec/s: 0 rss: 91Mb L: 32/1078 MS: 2 PersAutoDict-Custom- DE: "\006\000\000\000\000\000\000\000"-
#235	NEW    cov: 1419 ft: 4025 corp: 103/15144b lim: 65536 exec/s: 0 rss: 91Mb L: 13/1078 MS: 3 CustomCrossOver-EraseBytes-Custom-
#238	NEW    cov: 1419 ft: 4025 corp: 103/15083b lim: 65536 exec/s: 0 rss: 92Mb L: 541/1078 MS: 5 CMP-Custom-CustomCrossOver-InsertRepeatedBytes-Custom- DE: "\000\000\000\003\000\000\000\012"-
#242	NEW    cov: 1419 ft: 4027 corp: 104/15458b lim: 65536 exec/s: 0 rss: 92Mb L: 375/1078 MS: 8 ChangeBinInt-Custom-ChangeBinInt-Custom-ChangeBit-Custom-InsertByte-Custom-
#243	NEW    cov: 1419 ft: 4027 corp: 105/15477b lim: 65536 exec/s: 0 rss: 93Mb L: 19/1078 MS: 2 ChangeByte-Custom-
#244	NEW    cov: 1419 ft: 4027 corp: 105/15391b lim: 65536 exec/s: 0 rss: 93Mb L: 24/1078 MS: 2 PersAutoDict-Custom- DE: "rep"-
#245	NEW    cov: 1419 ft: 4032 corp: 106/15779b lim: 65536 exec/s: 0 rss: 93Mb L: 388/1078 MS: 2 ManualDict-Custom- DE: "not-a-strategy"-
#247	NEW    cov: 1419 ft: 4032 corp: 107/15804b lim: 65536 exec/s: 0 rss: 94Mb L: 25/1078 MS: 4 PersAutoDict-Custom-ShuffleBytes-Custom- DE: "rep"-
#248	NEW    cov: 1419 ft: 4032 corp: 106/15776b lim: 65536 exec/s: 0 rss: 94Mb L: 9/1078 MS: 2 EraseBytes-Custom-
#249	NEW    cov: 1419 ft: 4032 corp: 105/15729b lim: 65536 exec/s: 0 rss: 94Mb L: 16/1078 MS: 2 CopyPart-Custom-
#252	NEW    cov: 1419 ft: 4032 corp: 106/15963b lim: 65536 exec/s: 0 rss: 95Mb L: 234/1078 MS: 5 CrossOver-Custom-CustomCrossOver-ChangeASCIIInt-Custom-
#253	NEW    cov: 1422 ft: 4051 corp: 107/15976b lim: 65536 exec/s: 0 rss: 95Mb L: 13/1078 MS: 2 CMP-Custom- DE: "pid"-
#254	NEW    cov: 1422 ft: 4054 corp: 108/15994b lim: 65536 exec/s: 0 rss: 95Mb L: 18/1078 MS: 1 CustomCrossOver-
#260	NEW    cov: 1422 ft: 4054 corp: 108/15971b lim: 65536 exec/s: 0 rss: 97Mb L: 38/1078 MS: 2 ShuffleBytes-Custom-
#262	NEW    cov: 1422 ft: 4054 corp: 109/16005b lim: 65536 exec/s: 0 rss: 97Mb L: 34/1078 MS: 3 EraseBytes-Custom-CustomCrossOver-
#266	NEW    cov: 1422 ft: 4055 corp: 109/15961b lim: 65536 exec/s: 0 rss: 98Mb L: 154/1078 MS: 8 CopyPart-Custom-InsertRepeatedBytes-Custom-ChangeByte-Custom-ShuffleBytes-Custom-
#267	NEW    cov: 1422 ft: 4055 corp: 109/15937b lim: 65536 exec/s: 0 rss: 99Mb L: 96/1078 MS: 2 CrossOver-Custom-
#268	NEW    cov: 1422 ft: 4063 corp: 109/15936b lim: 65536 exec/s: 0 rss: 99Mb L: 18/1078 MS: 2 CopyPart-Custom-
#269	NEW    cov: 1422 ft: 4066 corp: 110/16170b lim: 65536 exec/s: 0 rss: 99Mb L: 234/1078 MS: 2 ChangeBit-Custom-
#270	NEW    cov: 1422 ft: 4075 corp: 111/16231b lim: 65536 exec/s: 0 rss: 99Mb L: 61/1078 MS: 2 ShuffleBytes-Custom-
#271	NEW    cov: 1422 ft: 4075 corp: 112/16253b lim: 65536 exec/s: 0 rss: 100Mb L: 22/1078 MS: 2 CMP-Custom- DE: "epoc"-
#274	NEW    cov: 1422 ft: 4081 corp: 113/16Kb lim: 65536 exec/s: 0 rss: 100Mb L: 746/1078 MS: 6 ChangeBit-Custom-EraseBytes-Custom-CrossOver-Custom-
#275	NEW    cov: 1422 ft: 4081 corp: 114/16Kb lim: 65536 exec/s: 0 rss: 101Mb L: 38/1078 MS: 1 CustomCrossOver-
#276	NEW    cov: 1422 ft: 4081 corp: 114/16Kb lim: 65536 exec/s: 0 rss: 101Mb L: 18/1078 MS: 2 ChangeBinInt-Custom-
#277	NEW    cov: 1422 ft: 4090 corp: 114/16Kb lim: 65536 exec/s: 0 rss: 101Mb L: 32/1078 MS: 2 CopyPart-Custom-
#278	NEW    cov: 1422 ft: 4090 corp: 114/16Kb lim: 65536 exec/s: 0 rss: 101Mb L: 41/1078 MS: 2 InsertByte-Custom-
#280	NEW    cov: 1422 ft: 4090 corp: 114/16Kb lim: 65536 exec/s: 0 rss: 102Mb L: 55/1078 MS: 4 InsertRepeatedBytes-Custom-EraseBytes-Custom-
#281	NEW    cov: 1422 ft: 4091 corp: 115/16Kb lim: 65536 exec/s: 0 rss: 102Mb L: 38/1078 MS: 2 ChangeBit-Custom-
#284	NEW    cov: 1422 ft: 4094 corp: 116/16Kb lim: 65536 exec/s: 0 rss: 103Mb L: 54/1078 MS: 3 CustomCrossOver-CustomCrossOver-CustomCrossOver-
#285	NEW    cov: 1422 ft: 4096 corp: 117/16Kb lim: 65536 exec/s: 0 rss: 103Mb L: 72/1078 MS: 2 EraseBytes-Custom-
#290	NEW    cov: 1422 ft: 4096 corp: 118/17Kb lim: 65536 exec/s: 0 rss: 104Mb L: 451/1078 MS: 10 InsertByte-Custom-ManualDict-Custom-ChangeByte-Custom-InsertByte-Custom-ChangeBit-Custom- DE: "("-
#291	NEW    cov: 1422 ft: 4096 corp: 116/16Kb lim: 65536 exec/s: 0 rss: 105Mb L: 65/1078 MS: 1 CustomCrossOver-
#299	NEW    cov: 1422 ft: 4096 corp: 116/16Kb lim: 65536 exec/s: 0 rss: 107Mb L: 55/1078 MS: 4 CustomCrossOver-CustomCrossOver-CMP-Custom- DE: "\027\000"-
#300	NEW    cov: 1422 ft: 4097 corp: 116/16Kb lim: 65536 exec/s: 0 rss: 107Mb L: 38/1078 MS: 1 CustomCrossOver-
#301	NEW    cov: 1422 ft: 4098 corp: 117/16Kb lim: 65536 exec/s: 0 rss: 107Mb L: 33/1078 MS: 1 CustomCrossOver-
#302	NEW    cov: 1422 ft: 4098 corp: 117/16Kb lim: 65536 exec/s: 0 rss: 107Mb L: 30/1078 MS: 1 CustomCrossOver-
#305	NEW    cov: 1422 ft: 4098 corp: 117/16Kb lim: 65536 exec/s: 0 rss: 108Mb L: 111/1078 MS: 5 CustomCrossOver-InsertRepeatedBytes-Custom-PersAutoDict-Custom- DE: "\001\000\000\000\000\000\000\000"-
#307	NEW    cov: 1422 ft: 4098 corp: 118/16Kb lim: 65536 exec/s: 0 rss: 109Mb L: 27/1078 MS: 4 InsertByte-Custom-InsertByte-Custom-
#308	NEW    cov: 1422 ft: 4098 corp: 119/16Kb lim: 65536 exec/s: 0 rss: 109Mb L: 114/1078 MS: 2 InsertRepeatedBytes-Custom-
#310	NEW    cov: 1422 ft: 4098 corp: 119/16Kb lim: 65536 exec/s: 0 rss: 109Mb L: 488/1078 MS: 4 InsertRepeatedBytes-Custom-CopyPart-Custom-
#313	NEW    cov: 1422 ft: 4098 corp: 120/16Kb lim: 65536 exec/s: 0 rss: 110Mb L: 141/1078 MS: 6 ManualDict-Custom-ShuffleBytes-Custom-EraseBytes-Custom- DE: "mode"-
#314	NEW    cov: 1422 ft: 4100 corp: 120/16Kb lim: 65536 exec/s: 0 rss: 110Mb L: 99/1078 MS: 2 InsertRepeatedBytes-Custom-
#315	NEW    cov: 1422 ft: 4100 corp: 120/16Kb lim: 65536 exec/s: 0 rss: 110Mb L: 109/1078 MS: 2 EraseBytes-Custom-
#317	NEW    cov: 1422 ft: 4101 corp: 121/16Kb lim: 65536 exec/s: 0 rss: 111Mb L: 87/1078 MS: 4 CopyPart-Custom-CopyPart-Custom-
#319	NEW    cov: 1422 ft: 4101 corp: 121/16Kb lim: 65536 exec/s: 0 rss: 111Mb L: 64/1078 MS: 4 InsertRepeatedBytes-Custom-ManualDict-Custom- DE: "missing"-
#324	NEW    cov: 1422 ft: 4101 corp: 121/16Kb lim: 65536 exec/s: 0 rss: 112Mb L: 90/1078 MS: 9 EraseBytes-Custom-ChangeBinInt-Custom-InsertRepeatedBytes-Custom-CustomCrossOver-InsertRepeatedBytes-Custom-
#325	NEW    cov: 1422 ft: 4102 corp: 121/16Kb lim: 65536 exec/s: 0 rss: 112Mb L: 38/1078 MS: 2 PersAutoDict-Custom- DE: "\027\000"-
#326	NEW    cov: 1422 ft: 4104 corp: 122/16Kb lim: 65536 exec/s: 0 rss: 113Mb L: 74/1078 MS: 2 ChangeBit-Custom-
#328	NEW    cov: 1422 ft: 4104 corp: 123/16Kb lim: 65536 exec/s: 0 rss: 113Mb L: 18/1078 MS: 3 PersAutoDict-Custom-CustomCrossOver- DE: "indicator_spin_interval"-
#334	NEW    cov: 1422 ft: 4105 corp: 124/18Kb lim: 65536 exec/s: 0 rss: 114Mb L: 1850/1850 MS: 2 InsertRepeatedBytes-Custom-
#339	NEW    cov: 1422 ft: 4108 corp: 125/18Kb lim: 65536 exec/s: 0 rss: 115Mb L: 234/1850 MS: 8 ChangeBit-Custom-ManualDict-Custom-CustomCrossOver-ManualDict-Custom-CustomCrossOver- DE: "step ordering failed"-"output_mode"-
#340	NEW    cov: 1422 ft: 4108 corp: 125/18Kb lim: 65536 exec/s: 0 rss: 115Mb L: 16/1850 MS: 1 CustomCrossOver-
#341	NEW    cov: 1422 ft: 4108 corp: 126/18Kb lim: 65536 exec/s: 0 rss: 116Mb L: 38/1850 MS: 2 ShuffleBytes-Custom-
#345	NEW    cov: 1422 ft: 4117 corp: 127/18Kb lim: 65536 exec/s: 0 rss: 117Mb L: 87/1850 MS: 5 CustomCrossOver-PersAutoDict-Custom-CustomCrossOver-CustomCrossOver- DE: "epoc"-
#348	NEW    cov: 1422 ft: 4117 corp: 126/18Kb lim: 65536 exec/s: 0 rss: 117Mb L: 240/1850 MS: 6 ChangeByte-Custom-CopyPart-Custom-PersAutoDict-Custom- DE: ":"-
#349	NEW    cov: 1422 ft: 4117 corp: 127/18Kb lim: 65536 exec/s: 0 rss: 118Mb L: 22/1850 MS: 1 CustomCrossOver-
#352	NEW    cov: 1422 ft: 4119 corp: 127/17Kb lim: 65536 exec/s: 0 rss: 118Mb L: 104/1850 MS: 3 CustomCrossOver-CustomCrossOver-CustomCrossOver-
#353	NEW    cov: 1422 ft: 4123 corp: 127/17Kb lim: 65536 exec/s: 0 rss: 119Mb L: 45/1850 MS: 2 EraseBytes-Custom-
#354	NEW    cov: 1422 ft: 4123 corp: 127/17Kb lim: 65536 exec/s: 0 rss: 119Mb L: 18/1850 MS: 1 CustomCrossOver-
#355	NEW    cov: 1422 ft: 4134 corp: 128/17Kb lim: 65536 exec/s: 0 rss: 119Mb L: 72/1850 MS: 2 InsertRepeatedBytes-Custom-
#356	NEW    cov: 1422 ft: 4138 corp: 127/17Kb lim: 65536 exec/s: 0 rss: 119Mb L: 40/1850 MS: 2 InsertByte-Custom-
#357	NEW    cov: 1422 ft: 4138 corp: 127/17Kb lim: 65536 exec/s: 0 rss: 119Mb L: 49/1850 MS: 2 CopyPart-Custom-
#358	NEW    cov: 1422 ft: 4139 corp: 128/17Kb lim: 65536 exec/s: 0 rss: 120Mb L: 348/1850 MS: 2 PersAutoDict-Custom- DE: "step ordering failed"-
#363	NEW    cov: 1422 ft: 4139 corp: 128/17Kb lim: 65536 exec/s: 0 rss: 121Mb L: 67/1850 MS: 10 PersAutoDict-Custom-PersAutoDict-Custom-CopyPart-Custom-ChangeBinInt-Custom-ManualDict-Custom- DE: "step ordering failed"-"temp"-"select"-
#370	NEW    cov: 1422 ft: 4139 corp: 129/17Kb lim: 65536 exec/s: 0 rss: 122Mb L: 42/1850 MS: 3 CustomCrossOver-InsertByte-Custom-
#371	NEW    cov: 1422 ft: 4143 corp: 129/17Kb lim: 65536 exec/s: 0 rss: 123Mb L: 28/1850 MS: 1 CustomCrossOver-
#372	NEW    cov: 1422 ft: 4143 corp: 130/17Kb lim: 65536 exec/s: 0 rss: 123Mb L: 17/1850 MS: 2 CopyPart-Custom-
#373	NEW    cov: 1422 ft: 4143 corp: 130/17Kb lim: 65536 exec/s: 0 rss: 123Mb L: 39/1850 MS: 2 InsertByte-Custom-
#374	NEW    cov: 1422 ft: 4143 corp: 130/17Kb lim: 65536 exec/s: 0 rss: 123Mb L: 50/1850 MS: 2 EraseBytes-Custom-
#375	NEW    cov: 1422 ft: 4144 corp: 131/17Kb lim: 65536 exec/s: 0 rss: 124Mb L: 27/1850 MS: 2 ChangeByte-Custom-
#381	NEW    cov: 1422 ft: 4146 corp: 131/17Kb lim: 65536 exec/s: 0 rss: 125Mb L: 541/1850 MS: 1 CustomCrossOver-
#382	NEW    cov: 1422 ft: 4146 corp: 131/17Kb lim: 65536 exec/s: 0 rss: 126Mb L: 24/1850 MS: 2 InsertByte-Custom-
#388	NEW    cov: 1422 ft: 4146 corp: 132/17Kb lim: 65536 exec/s: 0 rss: 127Mb L: 22/1850 MS: 2 CMP-Custom- DE: "\001\000\000\000\000\000\000\000"-
#389	NEW    cov: 1422 ft: 4146 corp: 133/17Kb lim: 65536 exec/s: 0 rss: 127Mb L: 17/1850 MS: 1 CustomCrossOver-
#390	NEW    cov: 1422 ft: 4146 corp: 133/17Kb lim: 65536 exec/s: 0 rss: 127Mb L: 18/1850 MS: 1 CustomCrossOver-
#391	NEW    cov: 1422 ft: 4146 corp: 134/17Kb lim: 65536 exec/s: 0 rss: 128Mb L: 38/1850 MS: 2 ManualDict-Custom- DE: "hide_cache_hits"-
#394	NEW    cov: 1422 ft: 4146 corp: 135/17Kb lim: 65536 exec/s: 0 rss: 128Mb L: 42/1850 MS: 6 ManualDict-Custom-CopyPart-Custom-ShuffleBytes-Custom- DE: "\\n"-
#397	NEW    cov: 1422 ft: 4146 corp: 136/17Kb lim: 65536 exec/s: 0 rss: 129Mb L: 64/1850 MS: 4 CustomCrossOver-CustomCrossOver-ChangeByte-Custom-
#398	NEW    cov: 1422 ft: 4146 corp: 137/17Kb lim: 65536 exec/s: 0 rss: 129Mb L: 57/1850 MS: 1 CustomCrossOver-
#399	NEW    cov: 1422 ft: 4146 corp: 136/17Kb lim: 65536 exec/s: 0 rss: 130Mb L: 27/1850 MS: 1 CustomCrossOver-
#401	NEW    cov: 1422 ft: 4146 corp: 136/17Kb lim: 65536 exec/s: 0 rss: 130Mb L: 45/1850 MS: 3 CustomCrossOver-CopyPart-Custom-
#402	NEW    cov: 1422 ft: 4146 corp: 136/17Kb lim: 65536 exec/s: 0 rss: 130Mb L: 22/1850 MS: 2 ChangeByte-Custom-
#407	NEW    cov: 1422 ft: 4148 corp: 136/17Kb lim: 65536 exec/s: 0 rss: 131Mb L: 207/1850 MS: 10 InsertByte-Custom-ChangeByte-Custom-ShuffleBytes-Custom-PersAutoDict-Custom-ChangeBit-Custom- DE: "("-
#408	NEW    cov: 1422 ft: 4148 corp: 136/17Kb lim: 65536 exec/s: 0 rss: 131Mb L: 132/1850 MS: 2 InsertRepeatedBytes-Custom-
#409	NEW    cov: 1422 ft: 4148 corp: 137/17Kb lim: 65536 exec/s: 0 rss: 131Mb L: 42/1850 MS: 1 CustomCrossOver-
#410	NEW    cov: 1422 ft: 4148 corp: 137/17Kb lim: 65536 exec/s: 0 rss: 132Mb L: 22/1850 MS: 2 CrossOver-Custom-
#412	NEW    cov: 1422 ft: 4150 corp: 138/17Kb lim: 65536 exec/s: 0 rss: 132Mb L: 22/1850 MS: 4 CopyPart-Custom-ChangeBit-Custom-
#413	NEW    cov: 1422 ft: 4150 corp: 138/17Kb lim: 65536 exec/s: 0 rss: 133Mb L: 68/1850 MS: 2 PersAutoDict-Custom- DE: "]]"-
#414	NEW    cov: 1422 ft: 4150 corp: 139/17Kb lim: 65536 exec/s: 0 rss: 133Mb L: 30/1850 MS: 2 CMP-Custom- DE: "\301\347\334'\000\000\000\000"-
#415	NEW    cov: 1422 ft: 4155 corp: 140/17Kb lim: 65536 exec/s: 0 rss: 133Mb L: 68/1850 MS: 2 ChangeByte-Custom-
#416	NEW    cov: 1422 ft: 4155 corp: 140/17Kb lim: 65536 exec/s: 0 rss: 133Mb L: 28/1850 MS: 1 CustomCrossOver-
#417	NEW    cov: 1422 ft: 4155 corp: 140/17Kb lim: 65536 exec/s: 0 rss: 134Mb L: 60/1850 MS: 1 CustomCrossOver-
#418	NEW    cov: 1422 ft: 4156 corp: 141/17Kb lim: 65536 exec/s: 0 rss: 134Mb L: 32/1850 MS: 2 CMP-Custom- DE: "\020\000\000\000"-
#424	NEW    cov: 1422 ft: 4156 corp: 142/17Kb lim: 65536 exec/s: 0 rss: 135Mb L: 18/1850 MS: 1 CustomCrossOver-
#428	NEW    cov: 1422 ft: 4156 corp: 143/17Kb lim: 65536 exec/s: 0 rss: 136Mb L: 55/1850 MS: 8 CopyPart-Custom-ManualDict-Custom-ManualDict-Custom-EraseBytes-Custom- DE: "require"-"BEEZ_FZ_"-
#429	NEW    cov: 1422 ft: 4156 corp: 144/17Kb lim: 65536 exec/s: 0 rss: 136Mb L: 68/1850 MS: 1 CustomCrossOver-
#430	NEW    cov: 1422 ft: 4156 corp: 144/17Kb lim: 65536 exec/s: 0 rss: 137Mb L: 66/1850 MS: 2 InsertByte-Custom-
#432	NEW    cov: 1422 ft: 4156 corp: 145/17Kb lim: 65536 exec/s: 0 rss: 137Mb L: 18/1850 MS: 2 CustomCrossOver-CustomCrossOver-
#433	NEW    cov: 1422 ft: 4157 corp: 146/17Kb lim: 65536 exec/s: 0 rss: 137Mb L: 32/1850 MS: 2 ChangeBit-Custom-
#445	NEW    cov: 1422 ft: 4157 corp: 146/17Kb lim: 65536 exec/s: 0 rss: 140Mb L: 69/1850 MS: 3 CopyPart-Custom-CustomCrossOver-
#446	NEW    cov: 1422 ft: 4157 corp: 146/17Kb lim: 65536 exec/s: 0 rss: 140Mb L: 60/1850 MS: 2 ChangeBit-Custom-
#447	NEW    cov: 1422 ft: 4157 corp: 146/17Kb lim: 65536 exec/s: 0 rss: 140Mb L: 18/1850 MS: 1 CustomCrossOver-
#448	NEW    cov: 1422 ft: 4158 corp: 147/17Kb lim: 65536 exec/s: 0 rss: 141Mb L: 56/1850 MS: 2 ManualDict-Custom- DE: "indicator_spin_interval"-
#449	NEW    cov: 1422 ft: 4158 corp: 148/17Kb lim: 65536 exec/s: 0 rss: 141Mb L: 10/1850 MS: 2 ChangeBit-Custom-
#450	NEW    cov: 1422 ft: 4158 corp: 148/17Kb lim: 65536 exec/s: 0 rss: 141Mb L: 61/1850 MS: 2 EraseBytes-Custom-
#456	NEW    cov: 1422 ft: 4158 corp: 149/17Kb lim: 65536 exec/s: 0 rss: 143Mb L: 19/1850 MS: 2 EraseBytes-Custom-
#457	NEW    cov: 1422 ft: 4159 corp: 150/17Kb lim: 65536 exec/s: 0 rss: 143Mb L: 24/1850 MS: 2 ShuffleBytes-Custom-
#459	NEW    cov: 1422 ft: 4161 corp: 151/17Kb lim: 65536 exec/s: 0 rss: 143Mb L: 63/1850 MS: 4 InsertRepeatedBytes-Custom-ManualDict-Custom- DE: "metadata"-
#462	NEW    cov: 1422 ft: 4163 corp: 151/17Kb lim: 65536 exec/s: 0 rss: 144Mb L: 32/1850 MS: 6 CMP-Custom-EraseBytes-Custom-ChangeByte-Custom- DE: "@/tm"-
#463	NEW    cov: 1422 ft: 4163 corp: 151/17Kb lim: 65536 exec/s: 0 rss: 144Mb L: 20/1850 MS: 2 ChangeBit-Custom-
#464	NEW    cov: 1422 ft: 4163 corp: 151/17Kb lim: 65536 exec/s: 0 rss: 144Mb L: 28/1850 MS: 2 ManualDict-Custom- DE: "wait_all"-
#468	NEW    cov: 1422 ft: 4167 corp: 152/17Kb lim: 65536 exec/s: 0 rss: 145Mb L: 304/1850 MS: 5 CustomCrossOver-CustomCrossOver-CustomCrossOver-ManualDict-Custom- DE: "mutate"-
#472	NEW    cov: 1422 ft: 4174 corp: 153/18Kb lim: 65536 exec/s: 0 rss: 146Mb L: 389/1850 MS: 7 CustomCrossOver-ManualDict-Custom-EraseBytes-Custom-CopyPart-Custom- DE: "failures"-
#473	NEW    cov: 1422 ft: 4174 corp: 154/18Kb lim: 65536 exec/s: 0 rss: 146Mb L: 17/1850 MS: 2 PersAutoDict-Custom- DE: "\\n"-
#474	NEW    cov: 1422 ft: 4174 corp: 154/18Kb lim: 65536 exec/s: 0 rss: 147Mb L: 18/1850 MS: 2 PersAutoDict-Custom- DE: "\001\000\000\000\000\000\000\000"-
#476	NEW    cov: 1422 ft: 4174 corp: 155/18Kb lim: 65536 exec/s: 0 rss: 147Mb L: 53/1850 MS: 4 EraseBytes-Custom-ChangeBinInt-Custom-
#479	NEW    cov: 1422 ft: 4174 corp: 155/18Kb lim: 65536 exec/s: 0 rss: 148Mb L: 22/1850 MS: 6 CMP-Custom-ChangeByte-Custom-ChangeBinInt-Custom- DE: "sol."-
#486	NEW    cov: 1422 ft: 4174 corp: 155/18Kb lim: 65536 exec/s: 0 rss: 149Mb L: 25/1850 MS: 4 CMP-Custom-CopyPart-Custom- DE: "\020\000\000\000"-
#489	NEW    cov: 1422 ft: 4174 corp: 155/18Kb lim: 65536 exec/s: 0 rss: 150Mb L: 39/1850 MS: 6 ChangeBinInt-Custom-ShuffleBytes-Custom-ChangeBit-Custom-
#491	NEW    cov: 1422 ft: 4174 corp: 155/18Kb lim: 65536 exec/s: 0 rss: 150Mb L: 47/1850 MS: 4 ChangeByte-Custom-ManualDict-Custom- DE: "spawn"-
#492	NEW    cov: 1422 ft: 4174 corp: 156/18Kb lim: 65536 exec/s: 0 rss: 151Mb L: 10/1850 MS: 2 ChangeBinInt-Custom-
#495	NEW    cov: 1422 ft: 4174 corp: 155/18Kb lim: 65536 exec/s: 0 rss: 151Mb L: 18/1850 MS: 4 CustomCrossOver-EraseBytes-Custom-CustomCrossOver-
#496	NEW    cov: 1422 ft: 4174 corp: 156/18Kb lim: 65536 exec/s: 0 rss: 151Mb L: 55/1850 MS: 2 ChangeBinInt-Custom-
#497	NEW    cov: 1422 ft: 4174 corp: 157/18Kb lim: 65536 exec/s: 0 rss: 152Mb L: 36/1850 MS: 2 InsertByte-Custom-
#498	NEW    cov: 1422 ft: 4174 corp: 158/18Kb lim: 65536 exec/s: 0 rss: 152Mb L: 90/1850 MS: 2 ShuffleBytes-Custom-
#501	NEW    cov: 1422 ft: 4174 corp: 158/18Kb lim: 65536 exec/s: 0 rss: 153Mb L: 38/1850 MS: 5 CMP-Custom-CustomCrossOver-PersAutoDict-Custom- DE: "\376\377\377\377\377\377\377\177"-"]]"-
#502	NEW    cov: 1422 ft: 4178 corp: 159/19Kb lim: 65536 exec/s: 0 rss: 153Mb L: 854/1850 MS: 2 CopyPart-Custom-
#504	NEW    cov: 1422 ft: 4178 corp: 158/19Kb lim: 65536 exec/s: 0 rss: 153Mb L: 10/1850 MS: 4 ChangeBinInt-Custom-EraseBytes-Custom-
#509	NEW    cov: 1422 ft: 4178 corp: 159/19Kb lim: 65536 exec/s: 0 rss: 154Mb L: 53/1850 MS: 10 EraseBytes-Custom-PersAutoDict-Custom-ShuffleBytes-Custom-ChangeByte-Custom-ShuffleBytes-Custom- DE: "\000\000\000\003\000\000\000\012"-
#510	NEW    cov: 1422 ft: 4178 corp: 160/19Kb lim: 65536 exec/s: 0 rss: 155Mb L: 29/1850 MS: 2 ShuffleBytes-Custom-
#521	NEW    cov: 1422 ft: 4178 corp: 159/19Kb lim: 65536 exec/s: 0 rss: 157Mb L: 9/1850 MS: 2 ShuffleBytes-Custom-
#523	NEW    cov: 1422 ft: 4178 corp: 159/19Kb lim: 65536 exec/s: 0 rss: 158Mb L: 103/1850 MS: 4 CopyPart-Custom-InsertRepeatedBytes-Custom-
#524	NEW    cov: 1422 ft: 4179 corp: 160/19Kb lim: 65536 exec/s: 0 rss: 158Mb L: 22/1850 MS: 2 ChangeByte-Custom-
#526	NEW    cov: 1422 ft: 4182 corp: 160/19Kb lim: 65536 exec/s: 0 rss: 158Mb L: 99/1850 MS: 2 CustomCrossOver-CustomCrossOver-
#527	NEW    cov: 1422 ft: 4182 corp: 160/19Kb lim: 65536 exec/s: 0 rss: 159Mb L: 16/1850 MS: 1 CustomCrossOver-
#528	NEW    cov: 1422 ft: 4182 corp: 161/19Kb lim: 65536 exec/s: 0 rss: 159Mb L: 44/1850 MS: 2 PersAutoDict-Custom- DE: "\000\000\000\003\000\000\000\012"-
#531	NEW    cov: 1422 ft: 4182 corp: 161/19Kb lim: 65536 exec/s: 0 rss: 160Mb L: 129/1850 MS: 6 CopyPart-Custom-CMP-Custom-InsertByte-Custom- DE: "\000\000"-
#533	NEW    cov: 1422 ft: 4185 corp: 162/19Kb lim: 65536 exec/s: 0 rss: 160Mb L: 200/1850 MS: 4 ChangeBit-Custom-InsertByte-Custom-
#534	NEW    cov: 1422 ft: 4185 corp: 162/19Kb lim: 65536 exec/s: 0 rss: 161Mb L: 13/1850 MS: 1 CustomCrossOver-
#535	NEW    cov: 1422 ft: 4185 corp: 162/19Kb lim: 65536 exec/s: 0 rss: 161Mb L: 18/1850 MS: 1 CustomCrossOver-
#539	NEW    cov: 1422 ft: 4185 corp: 163/19Kb lim: 65536 exec/s: 0 rss: 162Mb L: 33/1850 MS: 6 InsertRepeatedBytes-Custom-CustomCrossOver-InsertByte-Custom-CustomCrossOver-
#542	NEW    cov: 1422 ft: 4185 corp: 164/19Kb lim: 65536 exec/s: 0 rss: 162Mb L: 78/1850 MS: 6 CopyPart-Custom-ManualDict-Custom-InsertRepeatedBytes-Custom- DE: "progress"-
#545	NEW    cov: 1422 ft: 4187 corp: 165/19Kb lim: 65536 exec/s: 0 rss: 163Mb L: 362/1850 MS: 6 ChangeASCIIInt-Custom-ChangeByte-Custom-InsertRepeatedBytes-Custom-
#546	NEW    cov: 1422 ft: 4187 corp: 166/19Kb lim: 65536 exec/s: 0 rss: 163Mb L: 13/1850 MS: 2 ChangeByte-Custom-
#547	NEW    cov: 1422 ft: 4187 corp: 165/19Kb lim: 65536 exec/s: 0 rss: 163Mb L: 18/1850 MS: 1 CustomCrossOver-
#549	NEW    cov: 1422 ft: 4190 corp: 166/20Kb lim: 65536 exec/s: 0 rss: 164Mb L: 854/1850 MS: 2 CustomCrossOver-CustomCrossOver-
#550	NEW    cov: 1422 ft: 4190 corp: 166/20Kb lim: 65536 exec/s: 0 rss: 164Mb L: 42/1850 MS: 2 CMP-Custom- DE: "list"-
#551	NEW    cov: 1422 ft: 4193 corp: 167/20Kb lim: 65536 exec/s: 0 rss: 164Mb L: 267/1850 MS: 2 EraseBytes-Custom-
#553	NEW    cov: 1422 ft: 4193 corp: 167/20Kb lim: 65536 exec/s: 0 rss: 165Mb L: 10/1850 MS: 3 ChangeBinInt-Custom-CustomCrossOver-
#554	NEW    cov: 1422 ft: 4193 corp: 167/20Kb lim: 65536 exec/s: 0 rss: 165Mb L: 23/1850 MS: 1 CustomCrossOver-
#555	NEW    cov: 1422 ft: 4197 corp: 168/21Kb lim: 65536 exec/s: 0 rss: 165Mb L: 348/1850 MS: 2 ChangeByte-Custom-
#561	NEW    cov: 1422 ft: 4197 corp: 168/21Kb lim: 65536 exec/s: 0 rss: 167Mb L: 32/1850 MS: 2 PersAutoDict-Custom- DE: "progress"-
#562	NEW    cov: 1422 ft: 4197 corp: 169/21Kb lim: 65536 exec/s: 0 rss: 167Mb L: 23/1850 MS: 2 InsertByte-Custom-
#564	NEW    cov: 1422 ft: 4197 corp: 169/21Kb lim: 65536 exec/s: 0 rss: 167Mb L: 23/1850 MS: 4 CMP-Custom-ChangeByte-Custom- DE: "\020\000\000\000\000\000\000\000"-
#565	NEW    cov: 1422 ft: 4197 corp: 167/20Kb lim: 65536 exec/s: 0 rss: 167Mb L: 28/1850 MS: 2 ShuffleBytes-Custom-
#566	NEW    cov: 1422 ft: 4197 corp: 168/20Kb lim: 65536 exec/s: 0 rss: 168Mb L: 18/1850 MS: 1 CustomCrossOver-
#567	NEW    cov: 1422 ft: 4197 corp: 168/20Kb lim: 65536 exec/s: 0 rss: 168Mb L: 10/1850 MS: 1 CustomCrossOver-
#568	NEW    cov: 1422 ft: 4199 corp: 168/20Kb lim: 65536 exec/s: 0 rss: 168Mb L: 57/1850 MS: 2 ChangeBit-Custom-
#569	NEW    cov: 1422 ft: 4199 corp: 169/20Kb lim: 65536 exec/s: 0 rss: 168Mb L: 25/1850 MS: 2 ChangeBinInt-Custom-
#571	NEW    cov: 1422 ft: 4204 corp: 170/22Kb lim: 65536 exec/s: 0 rss: 169Mb L: 1851/1851 MS: 4 PersAutoDict-Custom-ChangeBit-Custom- DE: "not-a-strategy"-
#573	NEW    cov: 1422 ft: 4206 corp: 171/22Kb lim: 65536 exec/s: 0 rss: 169Mb L: 29/1851 MS: 4 ManualDict-Custom-ChangeBinInt-Custom- DE: "workers_dir"-
#576	NEW    cov: 1422 ft: 4206 corp: 171/22Kb lim: 65536 exec/s: 0 rss: 170Mb L: 24/1851 MS: 4 CustomCrossOver-CustomCrossOver-InsertByte-Custom-
#582	NEW    cov: 1422 ft: 4207 corp: 172/22Kb lim: 65536 exec/s: 0 rss: 171Mb L: 54/1851 MS: 2 ChangeBit-Custom-
#583	NEW    cov: 1422 ft: 4207 corp: 172/22Kb lim: 65536 exec/s: 0 rss: 172Mb L: 18/1851 MS: 1 CustomCrossOver-
#584	NEW    cov: 1423 ft: 4218 corp: 173/22Kb lim: 65536 exec/s: 0 rss: 172Mb L: 99/1851 MS: 1 CustomCrossOver-
#585	NEW    cov: 1423 ft: 4218 corp: 173/22Kb lim: 65536 exec/s: 0 rss: 172Mb L: 24/1851 MS: 2 PersAutoDict-Custom- DE: "\301\347\334'\000\000\000\000"-
#587	NEW    cov: 1423 ft: 4218 corp: 173/22Kb lim: 65536 exec/s: 0 rss: 172Mb L: 167/1851 MS: 4 CMP-Custom-InsertRepeatedBytes-Custom- DE: "\000\000\000\003"-
#588	NEW    cov: 1423 ft: 4218 corp: 174/22Kb lim: 65536 exec/s: 0 rss: 173Mb L: 53/1851 MS: 2 ChangeByte-Custom-
#589	NEW    cov: 1423 ft: 4219 corp: 174/22Kb lim: 65536 exec/s: 0 rss: 173Mb L: 189/1851 MS: 2 EraseBytes-Custom-
#590	NEW    cov: 1423 ft: 4219 corp: 174/22Kb lim: 65536 exec/s: 0 rss: 173Mb L: 33/1851 MS: 2 EraseBytes-Custom-
	NEW_FUNC[1/4]: 0x00000050bc50 in std::shared_ptr<beez::core::StepConfig const>::~shared_ptr() /usr/bin/../lib/gcc/x86_64-redhat-linux/16/../../../../include/c++/16/bits/shared_ptr.h:175
	NEW_FUNC[2/4]: 0x00000050bd20 in std::__shared_ptr<beez::core::StepConfig const, (__gnu_cxx::_Lock_policy)2>::~__shared_ptr() /usr/bin/../lib/gcc/x86_64-redhat-linux/16/../../../../include/c++/16/bits/shared_ptr_base.h:1610
#593	NEW    cov: 1431 ft: 4233 corp: 175/22Kb lim: 65536 exec/s: 0 rss: 175Mb L: 566/1851 MS: 6 ChangeBinInt-Custom-ChangeByte-Custom-InsertRepeatedBytes-Custom-
#594	NEW    cov: 1431 ft: 4234 corp: 176/22Kb lim: 65536 exec/s: 0 rss: 175Mb L: 27/1851 MS: 2 ManualDict-Custom- DE: "cache_fs_metadata"-
#595	NEW    cov: 1431 ft: 4237 corp: 177/23Kb lim: 65536 exec/s: 0 rss: 175Mb L: 232/1851 MS: 2 InsertRepeatedBytes-Custom-
#596	NEW    cov: 1431 ft: 4238 corp: 178/23Kb lim: 65536 exec/s: 0 rss: 176Mb L: 119/1851 MS: 2 EraseBytes-Custom-
#597	NEW    cov: 1431 ft: 4238 corp: 179/23Kb lim: 65536 exec/s: 0 rss: 176Mb L: 37/1851 MS: 2 ManualDict-Custom- DE: "function"-
#602	NEW    cov: 1431 ft: 4239 corp: 180/23Kb lim: 65536 exec/s: 0 rss: 177Mb L: 292/1851 MS: 10 ManualDict-Custom-InsertByte-Custom-InsertRepeatedBytes-Custom-ChangeBinInt-Custom-CopyPart-Custom- DE: "workflow"-
#603	NEW    cov: 1431 ft: 4239 corp: 181/23Kb lim: 65536 exec/s: 0 rss: 177Mb L: 18/1851 MS: 2 ChangeBit-Custom-
#607	NEW    cov: 1431 ft: 4243 corp: 182/24Kb lim: 65536 exec/s: 0 rss: 178Mb L: 1318/1851 MS: 8 CopyPart-Custom-ChangeBit-Custom-ChangeByte-Custom-ManualDict-Custom- DE: "then"-
#609	NEW    cov: 1431 ft: 4243 corp: 182/24Kb lim: 65536 exec/s: 0 rss: 179Mb L: 27/1851 MS: 4 PersAutoDict-Custom-ManualDict-Custom- DE: "\376\377\377\377\377\377\377\177"-"TERM"-
#615	NEW    cov: 1431 ft: 4243 corp: 183/24Kb lim: 65536 exec/s: 0 rss: 180Mb L: 54/1851 MS: 2 ShuffleBytes-Custom-
#616	NEW    cov: 1431 ft: 4243 corp: 184/24Kb lim: 65536 exec/s: 0 rss: 180Mb L: 22/1851 MS: 1 CustomCrossOver-
#619	NEW    cov: 1431 ft: 4545 corp: 185/24Kb lim: 65536 exec/s: 0 rss: 181Mb L: 26/1851 MS: 6 ChangeBit-Custom-ShuffleBytes-Custom-PersAutoDict-Custom- DE: "("-
#620	NEW    cov: 1431 ft: 4545 corp: 185/24Kb lim: 65536 exec/s: 0 rss: 181Mb L: 10/1851 MS: 2 ManualDict-Custom- DE: "("-
#623	NEW    cov: 1431 ft: 4545 corp: 185/24Kb lim: 65536 exec/s: 0 rss: 182Mb L: 22/1851 MS: 4 CustomCrossOver-ManualDict-Custom-CustomCrossOver- DE: "undefined"-
#626	NEW    cov: 1431 ft: 4546 corp: 186/25Kb lim: 65536 exec/s: 0 rss: 183Mb L: 103/1851 MS: 6 ChangeByte-Custom-PersAutoDict-Custom-CopyPart-Custom- DE: "temp"-
#632	NEW    cov: 1431 ft: 4547 corp: 186/25Kb lim: 65536 exec/s: 0 rss: 184Mb L: 10/1851 MS: 1 CustomCrossOver-
#638	NEW    cov: 1431 ft: 4547 corp: 187/25Kb lim: 65536 exec/s: 0 rss: 185Mb L: 28/1851 MS: 2 EraseBytes-Custom-
#639	NEW    cov: 1431 ft: 4547 corp: 187/25Kb lim: 65536 exec/s: 0 rss: 186Mb L: 32/1851 MS: 2 ManualDict-Custom- DE: "ranges"-
#640	NEW    cov: 1431 ft: 4555 corp: 186/24Kb lim: 65536 exec/s: 0 rss: 186Mb L: 25/1851 MS: 2 CopyPart-Custom-
#645	NEW    cov: 1431 ft: 4555 corp: 187/25Kb lim: 65536 exec/s: 0 rss: 187Mb L: 68/1851 MS: 8 PersAutoDict-Custom-CrossOver-Custom-ChangeByte-Custom-CustomCrossOver-CustomCrossOver- DE: "pid"-
#646	NEW    cov: 1431 ft: 4555 corp: 188/25Kb lim: 65536 exec/s: 0 rss: 187Mb L: 221/1851 MS: 2 CrossOver-Custom-
#658	NEW    cov: 1431 ft: 4555 corp: 188/25Kb lim: 65536 exec/s: 658 rss: 189Mb L: 17/1851 MS: 3 ManualDict-Custom-CustomCrossOver- DE: "hide_cache_hits"-
#659	NEW    cov: 1431 ft: 4555 corp: 187/25Kb lim: 65536 exec/s: 659 rss: 190Mb L: 11/1851 MS: 2 InsertByte-Custom-
#661	NEW    cov: 1431 ft: 4556 corp: 186/25Kb lim: 65536 exec/s: 661 rss: 190Mb L: 15/1851 MS: 4 ManualDict-Custom-EraseBytes-Custom- DE: "fnv1a32"-
#662	NEW    cov: 1431 ft: 4557 corp: 187/25Kb lim: 65536 exec/s: 662 rss: 190Mb L: 622/1851 MS: 1 CustomCrossOver-
#663	NEW    cov: 1431 ft: 4557 corp: 188/25Kb lim: 65536 exec/s: 663 rss: 190Mb L: 23/1851 MS: 2 InsertByte-Custom-
#667	NEW    cov: 1431 ft: 4557 corp: 189/25Kb lim: 65536 exec/s: 667 rss: 191Mb L: 160/1851 MS: 8 EraseBytes-Custom-ManualDict-Custom-ChangeBit-Custom-EraseBytes-Custom- DE: "applyEnvironment"-
#668	NEW    cov: 1431 ft: 4557 corp: 188/25Kb lim: 65536 exec/s: 668 rss: 192Mb L: 16/1851 MS: 2 ShuffleBytes-Custom-
#669	NEW    cov: 1431 ft: 4560 corp: 189/25Kb lim: 65536 exec/s: 669 rss: 192Mb L: 8/1851 MS: 2 EraseBytes-Custom-
#677	NEW    cov: 1431 ft: 4595 corp: 190/25Kb lim: 65536 exec/s: 677 rss: 194Mb L: 86/1851 MS: 5 CustomCrossOver-ChangeByte-Custom-InsertRepeatedBytes-Custom-
#682	NEW    cov: 1431 ft: 4596 corp: 191/26Kb lim: 65536 exec/s: 682 rss: 195Mb L: 80/1851 MS: 9 CustomCrossOver-ManualDict-Custom-CrossOver-Custom-EraseBytes-Custom-CMP-Custom- DE: "SHELL"-"\001\001"-
#683	NEW    cov: 1431 ft: 4596 corp: 190/26Kb lim: 65536 exec/s: 683 rss: 195Mb L: 14/1851 MS: 2 ManualDict-Custom- DE: "PATH"-
#694	NEW    cov: 1431 ft: 4596 corp: 190/26Kb lim: 65536 exec/s: 694 rss: 198Mb L: 60/1851 MS: 2 ShuffleBytes-Custom-
#696	NEW    cov: 1431 ft: 4596 corp: 191/26Kb lim: 65536 exec/s: 696 rss: 198Mb L: 537/1851 MS: 4 ChangeBit-Custom-EraseBytes-Custom-
#699	NEW    cov: 1431 ft: 4596 corp: 192/26Kb lim: 65536 exec/s: 699 rss: 199Mb L: 26/1851 MS: 6 ManualDict-Custom-ShuffleBytes-Custom-EraseBytes-Custom- DE: "pending configure_step"-
#700	NEW    cov: 1431 ft: 4597 corp: 193/26Kb lim: 65536 exec/s: 700 rss: 199Mb L: 89/1851 MS: 2 InsertRepeatedBytes-Custom-
#703	NEW    cov: 1431 ft: 4601 corp: 194/27Kb lim: 65536 exec/s: 703 rss: 200Mb L: 1219/1851 MS: 6 PersAutoDict-Custom-ChangeBit-Custom-CopyPart-Custom- DE: "BEEZ_FZ_"-
#704	NEW    cov: 1431 ft: 4602 corp: 195/28Kb lim: 65536 exec/s: 704 rss: 200Mb L: 227/1851 MS: 2 InsertRepeatedBytes-Custom-
#705	NEW    cov: 1431 ft: 4603 corp: 196/28Kb lim: 65536 exec/s: 705 rss: 200Mb L: 185/1851 MS: 2 EraseBytes-Custom-
#706	NEW    cov: 1431 ft: 4606 corp: 195/28Kb lim: 65536 exec/s: 706 rss: 200Mb L: 14/1851 MS: 2 ChangeBinInt-Custom-
#709	NEW    cov: 1431 ft: 4606 corp: 196/28Kb lim: 65536 exec/s: 709 rss: 201Mb L: 38/1851 MS: 3 CustomCrossOver-CustomCrossOver-CustomCrossOver-
#711	NEW    cov: 1431 ft: 4607 corp: 194/28Kb lim: 65536 exec/s: 711 rss: 202Mb L: 18/1851 MS: 3 CMP-Custom-CustomCrossOver- DE: "sol."-
#714	NEW    cov: 1431 ft: 4608 corp: 195/28Kb lim: 65536 exec/s: 714 rss: 202Mb L: 251/1851 MS: 6 InsertByte-Custom-EraseBytes-Custom-EraseBytes-Custom-
#716	NEW    cov: 1431 ft: 4609 corp: 196/28Kb lim: 65536 exec/s: 716 rss: 203Mb L: 169/1851 MS: 4 InsertRepeatedBytes-Custom-CopyPart-Custom-
#718	NEW    cov: 1431 ft: 4609 corp: 196/28Kb lim: 65536 exec/s: 718 rss: 203Mb L: 15/1851 MS: 3 CustomCrossOver-ChangeBinInt-Custom-
#722	NEW    cov: 1431 ft: 4609 corp: 196/27Kb lim: 65536 exec/s: 722 rss: 204Mb L: 65/1851 MS: 6 CustomCrossOver-CustomCrossOver-ShuffleBytes-Custom-EraseBytes-Custom-
#727	NEW    cov: 1431 ft: 4609 corp: 195/27Kb lim: 65536 exec/s: 727 rss: 205Mb L: 56/1851 MS: 7 CustomCrossOver-CustomCrossOver-ManualDict-Custom-CMP-Custom-CustomCrossOver- DE: "workflow"-"\000\000\000\000\000\000\000\000"-
#728	NEW    cov: 1431 ft: 4609 corp: 195/27Kb lim: 65536 exec/s: 728 rss: 206Mb L: 99/1851 MS: 2 ChangeByte-Custom-
#729	NEW    cov: 1431 ft: 4609 corp: 196/27Kb lim: 65536 exec/s: 729 rss: 206Mb L: 18/1851 MS: 2 CMP-Custom- DE: "\377\377\377\000"-
#730	NEW    cov: 1431 ft: 4609 corp: 196/27Kb lim: 65536 exec/s: 730 rss: 206Mb L: 28/1851 MS: 2 CMP-Custom- DE: "\377\377\377\377\377\377\377\377"-
#731	NEW    cov: 1431 ft: 4609 corp: 197/27Kb lim: 65536 exec/s: 731 rss: 206Mb L: 26/1851 MS: 2 InsertByte-Custom-
#737	NEW    cov: 1431 ft: 4612 corp: 198/28Kb lim: 65536 exec/s: 737 rss: 207Mb L: 375/1851 MS: 1 CustomCrossOver-
#740	NEW    cov: 1431 ft: 4613 corp: 199/28Kb lim: 65536 exec/s: 740 rss: 208Mb L: 156/1851 MS: 5 CustomCrossOver-ChangeBinInt-Custom-InsertRepeatedBytes-Custom-
#742	NEW    cov: 1431 ft: 4613 corp: 200/28Kb lim: 65536 exec/s: 742 rss: 209Mb L: 167/1851 MS: 4 ChangeByte-Custom-PersAutoDict-Custom- DE: "BEEZ_FZ_"-
Loaded 1024/1387 files from report/fuzz/corpus/lua_dsl
	NEW_FUNC[1/37]: 0x000000502910 in std::__detail::_Node_const_iterator<std::pair<std::__cxx11::basic_string<char, std::char_traits<char>, std::allocator<char>> const, beez::core::Workflow>, false, true>::operator*() const /usr/bin/../lib/gcc/x86_64-redhat-linux/16/../../../../include/c++/16/bits/hashtable_policy.h:498
	NEW_FUNC[2/37]: 0x000000502d98 in std::tuple_element<0ul, std::pair<std::__cxx11::basic_string<char, std::char_traits<char>, std::allocator<char>> const, beez::core::Workflow>>::type const& std::get<0ul, std::__cxx11::basic_string<char, std::char_traits<char>, std::allocator<char>> const, beez::core::Workflow>(std::pair<std::__cxx11::basic_string<char, std::char_traits<char>, std::allocator<char>> const, beez::core::Workflow> const&) /usr/bin/../lib/gcc/x86_64-redhat-linux/16/../../../../include/c++/16/bits/stl_pair.h:1299
#1889	RELOAD cov: 1606 ft: 5599 corp: 313/46Kb lim: 65536 exec/s: 944 rss: 474Mb
#1890	NEW    cov: 1606 ft: 5599 corp: 314/46Kb lim: 65536 exec/s: 945 rss: 474Mb L: 18/2122 MS: 2 ShuffleBytes-Custom-
#1899	NEW    cov: 1606 ft: 5599 corp: 315/46Kb lim: 65536 exec/s: 949 rss: 476Mb L: 12/2122 MS: 5 InsertByte-Custom-CustomCrossOver-CustomCrossOver-CustomCrossOver-
#1917	NEW    cov: 1606 ft: 5599 corp: 315/46Kb lim: 65536 exec/s: 958 rss: 480Mb L: 49/2122 MS: 6 ShuffleBytes-Custom-CopyPart-Custom-CopyPart-Custom-
#1924	NEW    cov: 1606 ft: 5599 corp: 315/46Kb lim: 65536 exec/s: 962 rss: 481Mb L: 11/2122 MS: 2 CustomCrossOver-CustomCrossOver-
#1946	NEW    cov: 1606 ft: 5599 corp: 315/46Kb lim: 65536 exec/s: 973 rss: 486Mb L: 64/2122 MS: 2 CustomCrossOver-CustomCrossOver-
#1949	NEW    cov: 1606 ft: 5599 corp: 316/48Kb lim: 65536 exec/s: 974 rss: 487Mb L: 2083/2122 MS: 6 ManualDict-Custom-InsertByte-Custom-CopyPart-Custom- DE: "open_libraries"-
#1951	NEW    cov: 1606 ft: 5599 corp: 315/48Kb lim: 65536 exec/s: 975 rss: 488Mb L: 13/2122 MS: 3 CopyPart-Custom-CustomCrossOver-
#1952	NEW    cov: 1606 ft: 5599 corp: 315/48Kb lim: 65536 exec/s: 976 rss: 488Mb L: 9/2122 MS: 2 EraseBytes-Custom-
#1953	NEW    cov: 1606 ft: 5599 corp: 316/48Kb lim: 65536 exec/s: 976 rss: 488Mb L: 15/2122 MS: 1 CustomCrossOver-
#1957	NEW    cov: 1606 ft: 5599 corp: 316/48Kb lim: 65536 exec/s: 978 rss: 489Mb L: 80/2122 MS: 8 InsertByte-Custom-InsertByte-Custom-ManualDict-Custom-ManualDict-Custom- DE: "typo_section"-"Lua error"-
#1991	NEW    cov: 1606 ft: 5599 corp: 317/48Kb lim: 65536 exec/s: 995 rss: 497Mb L: 12/2122 MS: 6 ChangeByte-Custom-CustomCrossOver-ChangeBit-Custom-CustomCrossOver-
#1996	NEW    cov: 1606 ft: 5600 corp: 318/48Kb lim: 65536 exec/s: 998 rss: 498Mb L: 32/2122 MS: 9 PersAutoDict-Custom-PersAutoDict-Custom-CMP-Custom-CustomCrossOver-EraseBytes-Custom- DE: "("-"require"-"\030\000"-
#2004	NEW    cov: 1606 ft: 5600 corp: 318/48Kb lim: 65536 exec/s: 1002 rss: 500Mb L: 11/2122 MS: 4 CustomCrossOver-CustomCrossOver-EraseBytes-Custom-
#2034	NEW    cov: 1606 ft: 5600 corp: 319/48Kb lim: 65536 exec/s: 1017 rss: 507Mb L: 25/2122 MS: 7 CustomCrossOver-CustomCrossOver-CopyPart-Custom-CrossOver-Custom-CustomCrossOver-
#2035	NEW    cov: 1606 ft: 5602 corp: 320/48Kb lim: 65536 exec/s: 1017 rss: 508Mb L: 24/2122 MS: 1 CustomCrossOver-
#2043	NEW    cov: 1606 ft: 5602 corp: 320/48Kb lim: 65536 exec/s: 1021 rss: 510Mb L: 18/2122 MS: 6 ChangeBit-Custom-ChangeBit-Custom-ShuffleBytes-Custom-
#2044	NEW    cov: 1606 ft: 5606 corp: 321/49Kb lim: 65536 exec/s: 1022 rss: 510Mb L: 1093/2122 MS: 1 CustomCrossOver-
#2048	pulse  cov: 1606 ft: 5606 corp: 321/49Kb lim: 65536 exec/s: 1024 rss: 511Mb
#2050	NEW    cov: 1606 ft: 5606 corp: 320/49Kb lim: 65536 exec/s: 1025 rss: 511Mb L: 16/2122 MS: 2 ManualDict-Custom- DE: "logging"-
#2061	NEW    cov: 1606 ft: 5606 corp: 320/49Kb lim: 65536 exec/s: 1030 rss: 514Mb L: 16/2122 MS: 1 CustomCrossOver-
#2066	NEW    cov: 1606 ft: 5619 corp: 321/49Kb lim: 65536 exec/s: 1033 rss: 515Mb L: 73/2122 MS: 10 CopyPart-Custom-InsertRepeatedBytes-Custom-EraseBytes-Custom-InsertRepeatedBytes-Custom-ManualDict-Custom- DE: "percent"-
#2068	NEW    cov: 1606 ft: 5634 corp: 322/49Kb lim: 65536 exec/s: 1034 rss: 515Mb L: 19/2122 MS: 4 ManualDict-Custom-ShuffleBytes-Custom- DE: "or"-
#2074	NEW    cov: 1606 ft: 5637 corp: 322/49Kb lim: 65536 exec/s: 1037 rss: 517Mb L: 21/2122 MS: 2 CMP-Custom- DE: "\377\377\377\377\377\377\377\377"-
#2075	NEW    cov: 1606 ft: 5637 corp: 322/49Kb lim: 65536 exec/s: 1037 rss: 517Mb L: 30/2122 MS: 2 EraseBytes-Custom-
#2082	NEW    cov: 1606 ft: 5637 corp: 322/49Kb lim: 65536 exec/s: 1041 rss: 519Mb L: 23/2122 MS: 4 CopyPart-Custom-ChangeBit-Custom-
#2086	NEW    cov: 1606 ft: 5638 corp: 323/49Kb lim: 65536 exec/s: 1043 rss: 520Mb L: 202/2122 MS: 8 InsertByte-Custom-EraseBytes-Custom-InsertRepeatedBytes-Custom-ChangeByte-Custom-
#2087	NEW    cov: 1606 ft: 5638 corp: 322/49Kb lim: 65536 exec/s: 1043 rss: 520Mb L: 8/2122 MS: 2 EraseBytes-Custom-
#2088	NEW    cov: 1606 ft: 5639 corp: 323/49Kb lim: 65536 exec/s: 1044 rss: 520Mb L: 37/2122 MS: 2 CMP-Custom- DE: "regex_match"-
#2089	NEW    cov: 1606 ft: 5654 corp: 322/49Kb lim: 65536 exec/s: 1044 rss: 520Mb L: 19/2122 MS: 2 ShuffleBytes-Custom-
#2090	NEW    cov: 1606 ft: 5654 corp: 320/49Kb lim: 65536 exec/s: 1045 rss: 520Mb L: 18/2122 MS: 2 ChangeByte-Custom-
#2091	NEW    cov: 1606 ft: 5662 corp: 318/48Kb lim: 65536 exec/s: 1045 rss: 521Mb L: 18/2122 MS: 2 CMP-Custom- DE: "\001\022"-
#2092	NEW    cov: 1606 ft: 5662 corp: 317/48Kb lim: 65536 exec/s: 1046 rss: 521Mb L: 10/2122 MS: 2 ChangeBit-Custom-
#2093	NEW    cov: 1606 ft: 5662 corp: 318/48Kb lim: 65536 exec/s: 1046 rss: 521Mb L: 17/2122 MS: 2 PersAutoDict-Custom- DE: "then"-
#2094	NEW    cov: 1606 ft: 5662 corp: 317/47Kb lim: 65536 exec/s: 1047 rss: 521Mb L: 33/2122 MS: 2 ManualDict-Custom- DE: "algorithm"-
#2095	NEW    cov: 1606 ft: 5662 corp: 317/47Kb lim: 65536 exec/s: 1047 rss: 522Mb L: 20/2122 MS: 2 ChangeBit-Custom-
#2096	NEW    cov: 1606 ft: 5663 corp: 318/47Kb lim: 65536 exec/s: 1048 rss: 522Mb L: 40/2122 MS: 2 ShuffleBytes-Custom-
#2097	NEW    cov: 1606 ft: 5663 corp: 319/48Kb lim: 65536 exec/s: 1048 rss: 522Mb L: 132/2122 MS: 2 CopyPart-Custom-
#2098	NEW    cov: 1606 ft: 5666 corp: 319/48Kb lim: 65536 exec/s: 1049 rss: 522Mb L: 14/2122 MS: 1 CustomCrossOver-
#2102	NEW    cov: 1606 ft: 5669 corp: 320/48Kb lim: 65536 exec/s: 1051 rss: 523Mb L: 111/2122 MS: 8 InsertByte-Custom-InsertRepeatedBytes-Custom-EraseBytes-Custom-PersAutoDict-Custom- DE: "always"-
#2108	NEW    cov: 1606 ft: 5669 corp: 319/48Kb lim: 65536 exec/s: 1054 rss: 524Mb L: 16/2122 MS: 1 CustomCrossOver-
#2109	NEW    cov: 1606 ft: 5669 corp: 319/47Kb lim: 65536 exec/s: 1054 rss: 525Mb L: 63/2122 MS: 1 CustomCrossOver-
#2112	NEW    cov: 1606 ft: 5669 corp: 319/47Kb lim: 65536 exec/s: 1056 rss: 526Mb L: 32/2122 MS: 6 CMP-Custom-InsertByte-Custom-InsertByte-Custom- DE: "\"\000\000\000"-
#2118	NEW    cov: 1606 ft: 5669 corp: 320/47Kb lim: 65536 exec/s: 1059 rss: 527Mb L: 44/2122 MS: 2 PersAutoDict-Custom- DE: "\\n"-
#2123	NEW    cov: 1606 ft: 5669 corp: 320/47Kb lim: 65536 exec/s: 1061 rss: 528Mb L: 34/2122 MS: 10 ChangeByte-Custom-EraseBytes-Custom-ChangeByte-Custom-CopyPart-Custom-ChangeByte-Custom-
#2124	NEW    cov: 1606 ft: 5669 corp: 320/47Kb lim: 65536 exec/s: 1062 rss: 528Mb L: 18/2122 MS: 1 CustomCrossOver-
#2125	NEW    cov: 1606 ft: 5674 corp: 321/48Kb lim: 65536 exec/s: 1062 rss: 529Mb L: 771/2122 MS: 2 PersAutoDict-Custom- DE: "undefined"-
#2127	NEW    cov: 1606 ft: 5674 corp: 321/48Kb lim: 65536 exec/s: 1063 rss: 529Mb L: 16/2122 MS: 4 CopyPart-Custom-CMP-Custom- DE: "nil"-
#2132	NEW    cov: 1606 ft: 5678 corp: 322/48Kb lim: 65536 exec/s: 1066 rss: 530Mb L: 41/2122 MS: 10 ChangeByte-Custom-ManualDict-Custom-EraseBytes-Custom-ManualDict-Custom-ChangeBit-Custom- DE: "open_libraries"-"pin_threads_to_cores"-
#2143	NEW    cov: 1606 ft: 5679 corp: 322/48Kb lim: 65536 exec/s: 1071 rss: 533Mb L: 42/2122 MS: 2 CopyPart-Custom-
#2148	NEW    cov: 1606 ft: 5679 corp: 323/48Kb lim: 65536 exec/s: 1074 rss: 534Mb L: 309/2122 MS: 10 ChangeBinInt-Custom-ChangeBinInt-Custom-ChangeByte-Custom-ShuffleBytes-Custom-ChangeBit-Custom-
#2159	NEW    cov: 1606 ft: 5679 corp: 323/48Kb lim: 65536 exec/s: 1079 rss: 536Mb L: 132/2122 MS: 2 InsertByte-Custom-
#2165	NEW    cov: 1606 ft: 5679 corp: 324/48Kb lim: 65536 exec/s: 1082 rss: 538Mb L: 7/2122 MS: 2 EraseBytes-Custom-
#2169	NEW    cov: 1606 ft: 5679 corp: 325/48Kb lim: 65536 exec/s: 1084 rss: 539Mb L: 12/2122 MS: 5 CrossOver-Custom-CustomCrossOver-CustomCrossOver-CustomCrossOver-
#2171	NEW    cov: 1606 ft: 5679 corp: 325/48Kb lim: 65536 exec/s: 1085 rss: 539Mb L: 12/2122 MS: 3 CustomCrossOver-ChangeBinInt-Custom-
#2177	NEW    cov: 1606 ft: 5679 corp: 326/48Kb lim: 65536 exec/s: 1088 rss: 541Mb L: 16/2122 MS: 2 ShuffleBytes-Custom-
#2187	NEW    cov: 1606 ft: 5679 corp: 326/48Kb lim: 65536 exec/s: 1093 rss: 543Mb L: 13/2122 MS: 6 CustomCrossOver-CustomCrossOver-CustomCrossOver-CrossOver-Custom-CustomCrossOver-
#2193	NEW    cov: 1606 ft: 5682 corp: 327/49Kb lim: 65536 exec/s: 1096 rss: 544Mb L: 252/2122 MS: 2 ChangeBinInt-Custom-
#2200	NEW    cov: 1606 ft: 5682 corp: 327/49Kb lim: 65536 exec/s: 1100 rss: 546Mb L: 16/2122 MS: 4 ChangeBit-Custom-InsertByte-Custom-
#2201	NEW    cov: 1606 ft: 5683 corp: 324/48Kb lim: 65536 exec/s: 1100 rss: 546Mb L: 4/2122 MS: 2 EraseBytes-Custom-
#2207	NEW    cov: 1606 ft: 5684 corp: 324/48Kb lim: 65536 exec/s: 1103 rss: 548Mb L: 25/2122 MS: 2 CopyPart-Custom-
#2221	NEW    cov: 1606 ft: 5684 corp: 324/48Kb lim: 65536 exec/s: 1110 rss: 551Mb L: 141/2122 MS: 6 CustomCrossOver-CustomCrossOver-CrossOver-Custom-InsertRepeatedBytes-Custom-
#2227	NEW    cov: 1606 ft: 5684 corp: 324/48Kb lim: 65536 exec/s: 1113 rss: 553Mb L: 20/2122 MS: 1 CustomCrossOver-
#2229	NEW    cov: 1606 ft: 5684 corp: 325/49Kb lim: 65536 exec/s: 1114 rss: 553Mb L: 1031/2122 MS: 4 ChangeByte-Custom-ChangeASCIIInt-Custom-
#2230	NEW    cov: 1606 ft: 5684 corp: 325/49Kb lim: 65536 exec/s: 1115 rss: 553Mb L: 30/2122 MS: 2 CopyPart-Custom-
#2232	NEW    cov: 1606 ft: 5684 corp: 325/49Kb lim: 65536 exec/s: 1116 rss: 554Mb L: 71/2122 MS: 4 ChangeASCIIInt-Custom-PersAutoDict-Custom- DE: "replace"-
#2233	NEW    cov: 1606 ft: 5684 corp: 326/49Kb lim: 65536 exec/s: 1116 rss: 554Mb L: 11/2122 MS: 2 EraseBytes-Custom-
#2239	NEW    cov: 1606 ft: 5684 corp: 325/49Kb lim: 65536 exec/s: 1119 rss: 555Mb L: 18/2122 MS: 2 ChangeBinInt-Custom-
#2261	NEW    cov: 1606 ft: 5684 corp: 326/49Kb lim: 65536 exec/s: 1130 rss: 561Mb L: 13/2122 MS: 2 CustomCrossOver-CustomCrossOver-
#2267	NEW    cov: 1606 ft: 5684 corp: 327/49Kb lim: 65536 exec/s: 1133 rss: 562Mb L: 13/2122 MS: 1 CustomCrossOver-
#2272	NEW    cov: 1606 ft: 5686 corp: 328/49Kb lim: 65536 exec/s: 1136 rss: 563Mb L: 155/2122 MS: 9 ManualDict-Custom-ChangeBit-Custom-ChangeBinInt-Custom-ChangeBinInt-Custom-CustomCrossOver- DE: "mergeSettingsFromLuaTable"-
#2299	NEW    cov: 1606 ft: 5686 corp: 328/49Kb lim: 65536 exec/s: 1149 rss: 569Mb L: 48/2122 MS: 4 PersAutoDict-Custom-EraseBytes-Custom- DE: "\377\377\377\000"-
#2300	NEW    cov: 1606 ft: 5686 corp: 329/49Kb lim: 65536 exec/s: 1150 rss: 569Mb L: 32/2122 MS: 1 CustomCrossOver-
#2301	NEW    cov: 1606 ft: 5686 corp: 329/49Kb lim: 65536 exec/s: 1150 rss: 570Mb L: 11/2122 MS: 2 EraseBytes-Custom-
#2302	NEW    cov: 1606 ft: 5686 corp: 329/49Kb lim: 65536 exec/s: 1151 rss: 570Mb L: 12/2122 MS: 2 ShuffleBytes-Custom-
#2313	NEW    cov: 1606 ft: 5687 corp: 330/49Kb lim: 65536 exec/s: 1156 rss: 572Mb L: 88/2122 MS: 2 InsertRepeatedBytes-Custom-
#2321	NEW    cov: 1606 ft: 5687 corp: 331/49Kb lim: 65536 exec/s: 1160 rss: 574Mb L: 15/2122 MS: 5 ChangeBinInt-Custom-CustomCrossOver-PersAutoDict-Custom- DE: "\027\000"-
#2329	NEW    cov: 1606 ft: 5687 corp: 332/49Kb lim: 65536 exec/s: 1164 rss: 575Mb L: 10/2122 MS: 5 EraseBytes-Custom-ChangeBinInt-Custom-CustomCrossOver-
#2350	NEW    cov: 1606 ft: 5687 corp: 332/49Kb lim: 65536 exec/s: 783 rss: 580Mb L: 18/2122 MS: 1 CustomCrossOver-
#2364	NEW    cov: 1606 ft: 5687 corp: 333/49Kb lim: 65536 exec/s: 788 rss: 584Mb L: 17/2122 MS: 6 CustomCrossOver-CustomCrossOver-ChangeBit-Custom-EraseBytes-Custom-
#2370	NEW    cov: 1606 ft: 5687 corp: 333/49Kb lim: 65536 exec/s: 790 rss: 585Mb L: 16/2122 MS: 1 CustomCrossOver-
#2393	NEW    cov: 1606 ft: 5687 corp: 333/49Kb lim: 65536 exec/s: 797 rss: 589Mb L: 24/2122 MS: 5 CopyPart-Custom-CustomCrossOver-InsertRepeatedBytes-Custom-
#2409	NEW    cov: 1606 ft: 5687 corp: 333/49Kb lim: 65536 exec/s: 803 rss: 593Mb L: 16/2122 MS: 1 CustomCrossOver-
#2418	NEW    cov: 1606 ft: 5694 corp: 333/49Kb lim: 65536 exec/s: 806 rss: 595Mb L: 118/2122 MS: 8 ChangeBinInt-Custom-InsertRepeatedBytes-Custom-ShuffleBytes-Custom-ManualDict-Custom- DE: "\036"-
#2434	NEW    cov: 1606 ft: 5694 corp: 334/49Kb lim: 65536 exec/s: 811 rss: 599Mb L: 8/2122 MS: 1 CustomCrossOver-
#2441	NEW    cov: 1606 ft: 5694 corp: 334/49Kb lim: 65536 exec/s: 813 rss: 600Mb L: 11/2122 MS: 4 ShuffleBytes-Custom-EraseBytes-Custom-
#2442	NEW    cov: 1606 ft: 5694 corp: 335/50Kb lim: 65536 exec/s: 814 rss: 601Mb L: 514/2122 MS: 1 CustomCrossOver-
#2443	NEW    cov: 1606 ft: 5694 corp: 335/50Kb lim: 65536 exec/s: 814 rss: 601Mb L: 36/2122 MS: 2 EraseBytes-Custom-
#2445	NEW    cov: 1606 ft: 5694 corp: 335/50Kb lim: 65536 exec/s: 815 rss: 601Mb L: 25/2122 MS: 2 CustomCrossOver-CustomCrossOver-
#2446	NEW    cov: 1606 ft: 5694 corp: 336/50Kb lim: 65536 exec/s: 815 rss: 601Mb L: 22/2122 MS: 2 ManualDict-Custom- DE: "\\n"-
#2447	NEW    cov: 1606 ft: 5694 corp: 336/50Kb lim: 65536 exec/s: 815 rss: 602Mb L: 9/2122 MS: 1 CustomCrossOver-
#2449	NEW    cov: 1606 ft: 5694 corp: 336/50Kb lim: 65536 exec/s: 816 rss: 602Mb L: 17/2122 MS: 4 EraseBytes-Custom-ChangeByte-Custom-
#2461	NEW    cov: 1606 ft: 5694 corp: 335/50Kb lim: 65536 exec/s: 820 rss: 605Mb L: 12/2122 MS: 4 EraseBytes-Custom-EraseBytes-Custom-
#2482	NEW    cov: 1606 ft: 5694 corp: 336/50Kb lim: 65536 exec/s: 827 rss: 609Mb L: 57/2122 MS: 2 ManualDict-Custom- DE: "unpack"-
#2493	NEW    cov: 1606 ft: 5694 corp: 337/50Kb lim: 65536 exec/s: 831 rss: 612Mb L: 12/2122 MS: 1 CustomCrossOver-
#2505	NEW    cov: 1606 ft: 5694 corp: 337/50Kb lim: 65536 exec/s: 835 rss: 615Mb L: 16/2122 MS: 4 ManualDict-Custom-InsertByte-Custom- DE: "all"-
#2511	NEW    cov: 1606 ft: 5694 corp: 337/50Kb lim: 65536 exec/s: 837 rss: 616Mb L: 76/2122 MS: 1 CustomCrossOver-
#2517	NEW    cov: 1606 ft: 5694 corp: 338/50Kb lim: 65536 exec/s: 839 rss: 618Mb L: 13/2122 MS: 2 ChangeBit-Custom-
#2530	NEW    cov: 1606 ft: 5694 corp: 338/50Kb lim: 65536 exec/s: 843 rss: 620Mb L: 21/2122 MS: 6 EraseBytes-Custom-CopyPart-Custom-EraseBytes-Custom-
#2536	NEW    cov: 1606 ft: 5694 corp: 338/50Kb lim: 65536 exec/s: 845 rss: 622Mb L: 13/2122 MS: 1 CustomCrossOver-
#2601	NEW    cov: 1606 ft: 5694 corp: 339/50Kb lim: 65536 exec/s: 867 rss: 637Mb L: 27/2122 MS: 8 PersAutoDict-Custom-EraseBytes-Custom-CustomCrossOver-CustomCrossOver-ManualDict-Custom- DE: "list"-"compress"-
#2602	NEW    cov: 1606 ft: 5694 corp: 340/50Kb lim: 65536 exec/s: 867 rss: 638Mb L: 14/2122 MS: 2 ManualDict-Custom- DE: ","-
#2606	NEW    cov: 1606 ft: 5696 corp: 341/52Kb lim: 65536 exec/s: 868 rss: 639Mb L: 2636/2636 MS: 6 InsertRepeatedBytes-Custom-CustomCrossOver-CustomCrossOver-CrossOver-Custom-
#2620	NEW    cov: 1606 ft: 5697 corp: 342/52Kb lim: 65536 exec/s: 873 rss: 642Mb L: 68/2636 MS: 5 CustomCrossOver-InsertByte-Custom-CustomCrossOver-CustomCrossOver-
#2628	NEW    cov: 1606 ft: 5697 corp: 342/52Kb lim: 65536 exec/s: 876 rss: 644Mb L: 105/2636 MS: 6 ChangeByte-Custom-ChangeASCIIInt-Custom-InsertRepeatedBytes-Custom-
#2640	NEW    cov: 1606 ft: 5699 corp: 343/53Kb lim: 65536 exec/s: 880 rss: 647Mb L: 252/2636 MS: 2 CustomCrossOver-CustomCrossOver-
#2641	NEW    cov: 1606 ft: 5699 corp: 344/53Kb lim: 65536 exec/s: 880 rss: 647Mb L: 19/2636 MS: 2 ChangeBinInt-Custom-
#2672	NEW    cov: 1606 ft: 5699 corp: 344/53Kb lim: 65536 exec/s: 890 rss: 654Mb L: 17/2636 MS: 1 CustomCrossOver-
#2673	NEW    cov: 1606 ft: 5701 corp: 345/53Kb lim: 65536 exec/s: 891 rss: 654Mb L: 107/2636 MS: 1 CustomCrossOver-
#2674	NEW    cov: 1606 ft: 5701 corp: 345/53Kb lim: 65536 exec/s: 891 rss: 655Mb L: 32/2636 MS: 2 ChangeASCIIInt-Custom-
#2685	NEW    cov: 1606 ft: 5702 corp: 346/54Kb lim: 65536 exec/s: 895 rss: 657Mb L: 1413/2636 MS: 2 CopyPart-Custom-
#2701	NEW    cov: 1606 ft: 5702 corp: 344/54Kb lim: 65536 exec/s: 900 rss: 661Mb L: 11/2636 MS: 2 CopyPart-Custom-
#2719	NEW    cov: 1606 ft: 5702 corp: 344/54Kb lim: 65536 exec/s: 906 rss: 665Mb L: 9/2636 MS: 6 InsertByte-Custom-ChangeBinInt-Custom-EraseBytes-Custom-
#2726	NEW    cov: 1606 ft: 5703 corp: 345/54Kb lim: 65536 exec/s: 908 rss: 666Mb L: 42/2636 MS: 4 CopyPart-Custom-ChangeBit-Custom-
#2748	NEW    cov: 1606 ft: 5703 corp: 345/54Kb lim: 65536 exec/s: 916 rss: 671Mb L: 20/2636 MS: 3 CustomCrossOver-InsertByte-Custom-
#2754	NEW    cov: 1606 ft: 5709 corp: 345/54Kb lim: 65536 exec/s: 918 rss: 672Mb L: 62/2636 MS: 2 ChangeByte-Custom-
#2757	NEW    cov: 1606 ft: 5709 corp: 345/54Kb lim: 65536 exec/s: 919 rss: 673Mb L: 2269/2269 MS: 4 CustomCrossOver-CustomCrossOver-CopyPart-Custom-
#2759	NEW    cov: 1606 ft: 5709 corp: 346/54Kb lim: 65536 exec/s: 919 rss: 673Mb L: 9/2269 MS: 4 EraseBytes-Custom-ChangeByte-Custom-
Loaded 1024/1188 files from report/fuzz/corpus/lua_dsl
#3531	RELOAD cov: 1606 ft: 5831 corp: 377/70Kb lim: 65536 exec/s: 882 rss: 850Mb
#3554	NEW    cov: 1606 ft: 5831 corp: 377/70Kb lim: 65536 exec/s: 888 rss: 855Mb L: 10/7639 MS: 6 InsertByte-Custom-InsertByte-Custom-EraseBytes-Custom-
#3555	NEW    cov: 1606 ft: 5831 corp: 377/70Kb lim: 65536 exec/s: 888 rss: 855Mb L: 9/7639 MS: 2 CopyPart-Custom-
#3557	NEW    cov: 1606 ft: 5831 corp: 378/70Kb lim: 65536 exec/s: 889 rss: 856Mb L: 376/7639 MS: 4 InsertByte-Custom-InsertByte-Custom-
#3568	NEW    cov: 1606 ft: 5832 corp: 379/71Kb lim: 65536 exec/s: 892 rss: 858Mb L: 118/7639 MS: 2 InsertRepeatedBytes-Custom-
#3571	NEW    cov: 1606 ft: 5832 corp: 380/71Kb lim: 65536 exec/s: 892 rss: 859Mb L: 13/7639 MS: 4 ShuffleBytes-Custom-CustomCrossOver-CustomCrossOver-
#3573	NEW    cov: 1606 ft: 5832 corp: 381/71Kb lim: 65536 exec/s: 893 rss: 859Mb L: 8/7639 MS: 4 ChangeBinInt-Custom-EraseBytes-Custom-
#3575	NEW    cov: 1606 ft: 5832 corp: 380/71Kb lim: 65536 exec/s: 893 rss: 860Mb L: 16/7639 MS: 4 CopyPart-Custom-EraseBytes-Custom-
#3576	NEW    cov: 1606 ft: 5832 corp: 381/71Kb lim: 65536 exec/s: 894 rss: 860Mb L: 141/7639 MS: 1 CustomCrossOver-
#3602	NEW    cov: 1606 ft: 5832 corp: 381/71Kb lim: 65536 exec/s: 900 rss: 866Mb L: 27/7639 MS: 1 CustomCrossOver-
#3607	NEW    cov: 1606 ft: 5832 corp: 381/71Kb lim: 65536 exec/s: 901 rss: 868Mb L: 105/7639 MS: 7 CustomCrossOver-EraseBytes-Custom-CustomCrossOver-CustomCrossOver-ManualDict-Custom- DE: "never"-
#3608	NEW    cov: 1606 ft: 5832 corp: 381/70Kb lim: 65536 exec/s: 902 rss: 868Mb L: 163/7639 MS: 2 ManualDict-Custom- DE: "applyEnvironment"-
#3615	NEW    cov: 1606 ft: 5832 corp: 381/70Kb lim: 65536 exec/s: 903 rss: 869Mb L: 15/7639 MS: 4 ManualDict-Custom-ShuffleBytes-Custom- DE: "spinner"-
#3616	NEW    cov: 1606 ft: 5832 corp: 380/69Kb lim: 65536 exec/s: 904 rss: 870Mb L: 13/7639 MS: 2 ChangeByte-Custom-
#3622	NEW    cov: 1606 ft: 5832 corp: 380/69Kb lim: 65536 exec/s: 905 rss: 871Mb L: 14/7639 MS: 1 CustomCrossOver-
#3631	NEW    cov: 1606 ft: 5844 corp: 381/70Kb lim: 65536 exec/s: 907 rss: 873Mb L: 390/7639 MS: 5 CustomCrossOver-CustomCrossOver-CustomCrossOver-CopyPart-Custom-
#3645	NEW    cov: 1606 ft: 5849 corp: 382/72Kb lim: 65536 exec/s: 911 rss: 876Mb L: 2526/7639 MS: 8 ManualDict-Custom-PersAutoDict-Custom-ShuffleBytes-Custom-CopyPart-Custom- DE: "load_dotenv"-"hide_cache_hits"-
#3662	NEW    cov: 1606 ft: 5850 corp: 376/70Kb lim: 65536 exec/s: 915 rss: 880Mb L: 81/7639 MS: 4 CopyPart-Custom-EraseBytes-Custom-
#3666	NEW    cov: 1606 ft: 5850 corp: 377/70Kb lim: 65536 exec/s: 916 rss: 881Mb L: 13/7639 MS: 8 ManualDict-Custom-ShuffleBytes-Custom-ChangeBit-Custom-ChangeByte-Custom- DE: "=="-
#3716	NEW    cov: 1606 ft: 5850 corp: 378/70Kb lim: 65536 exec/s: 929 rss: 893Mb L: 102/7639 MS: 10 CMP-Custom-InsertRepeatedBytes-Custom-CrossOver-Custom-ChangeByte-Custom-ShuffleBytes-Custom- DE: "template"-
#3727	NEW    cov: 1606 ft: 5850 corp: 379/70Kb lim: 65536 exec/s: 931 rss: 895Mb L: 14/7639 MS: 2 ChangeASCIIInt-Custom-
#3743	NEW    cov: 1606 ft: 5850 corp: 379/70Kb lim: 65536 exec/s: 935 rss: 899Mb L: 9/7639 MS: 2 ShuffleBytes-Custom-
#3745	NEW    cov: 1606 ft: 5850 corp: 379/70Kb lim: 65536 exec/s: 936 rss: 900Mb L: 19/7639 MS: 4 CrossOver-Custom-PersAutoDict-Custom- DE: "load_dotenv"-
#3746	NEW    cov: 1606 ft: 5850 corp: 380/70Kb lim: 65536 exec/s: 936 rss: 900Mb L: 9/7639 MS: 2 ShuffleBytes-Custom-
#3747	NEW    cov: 1606 ft: 5850 corp: 379/70Kb lim: 65536 exec/s: 936 rss: 900Mb L: 11/7639 MS: 1 CustomCrossOver-
#3748	NEW    cov: 1606 ft: 5853 corp: 380/71Kb lim: 65536 exec/s: 937 rss: 900Mb L: 1070/7639 MS: 2 InsertRepeatedBytes-Custom-
#3772	NEW    cov: 1606 ft: 5854 corp: 381/71Kb lim: 65536 exec/s: 943 rss: 906Mb L: 253/7639 MS: 5 CustomCrossOver-CMP-Custom-CustomCrossOver-CustomCrossOver- DE: "\000\001"-
#3778	NEW    cov: 1606 ft: 5854 corp: 381/71Kb lim: 65536 exec/s: 944 rss: 907Mb L: 19/7639 MS: 2 CMP-Custom- DE: "\377\377\377\377\377\377\377\177"-
#3800	NEW    cov: 1606 ft: 5854 corp: 380/71Kb lim: 65536 exec/s: 950 rss: 913Mb L: 11/7639 MS: 4 CopyPart-Custom-PersAutoDict-Custom- DE: "=="-
#3807	NEW    cov: 1606 ft: 5854 corp: 380/71Kb lim: 65536 exec/s: 951 rss: 914Mb L: 7/7639 MS: 4 ChangeByte-Custom-EraseBytes-Custom-
#3826	NEW    cov: 1606 ft: 5855 corp: 381/72Kb lim: 65536 exec/s: 956 rss: 918Mb L: 570/7639 MS: 8 InsertByte-Custom-EraseBytes-Custom-CopyPart-Custom-EraseBytes-Custom-
#3832	NEW    cov: 1606 ft: 5860 corp: 382/72Kb lim: 65536 exec/s: 958 rss: 919Mb L: 31/7639 MS: 1 CustomCrossOver-
#3833	NEW    cov: 1606 ft: 5860 corp: 380/72Kb lim: 65536 exec/s: 958 rss: 919Mb L: 11/7639 MS: 1 CustomCrossOver-
#3844	NEW    cov: 1606 ft: 5860 corp: 380/72Kb lim: 65536 exec/s: 961 rss: 921Mb L: 4/7639 MS: 2 EraseBytes-Custom-
#3850	NEW    cov: 1606 ft: 5860 corp: 381/72Kb lim: 65536 exec/s: 962 rss: 923Mb L: 4/7639 MS: 2 EraseBytes-Custom-
#3877	NEW    cov: 1606 ft: 5863 corp: 382/72Kb lim: 65536 exec/s: 969 rss: 928Mb L: 18/7639 MS: 4 ManualDict-Custom-InsertByte-Custom- DE: "hash"-
#3894	NEW    cov: 1606 ft: 5864 corp: 383/72Kb lim: 65536 exec/s: 973 rss: 932Mb L: 539/7639 MS: 3 CustomCrossOver-ChangeBinInt-Custom-
#3907	NEW    cov: 1606 ft: 5864 corp: 383/72Kb lim: 65536 exec/s: 976 rss: 935Mb L: 8/7639 MS: 5 ChangeByte-Custom-ChangeBinInt-Custom-CustomCrossOver-
#3913	NEW    cov: 1606 ft: 5864 corp: 384/72Kb lim: 65536 exec/s: 978 rss: 937Mb L: 16/7639 MS: 2 ChangeBit-Custom-
#3924	NEW    cov: 1606 ft: 5864 corp: 385/72Kb lim: 65536 exec/s: 981 rss: 939Mb L: 17/7639 MS: 2 CMP-Custom- DE: "epoc"-
#3945	NEW    cov: 1606 ft: 5864 corp: 385/72Kb lim: 65536 exec/s: 986 rss: 943Mb L: 11/7639 MS: 2 InsertByte-Custom-
#3947	NEW    cov: 1606 ft: 5864 corp: 385/72Kb lim: 65536 exec/s: 986 rss: 944Mb L: 21/7639 MS: 4 PersAutoDict-Custom-ChangeBinInt-Custom- DE: "\"\000\000\000"-
#3950	NEW    cov: 1606 ft: 5864 corp: 385/72Kb lim: 65536 exec/s: 987 rss: 944Mb L: 143/7639 MS: 6 CopyPart-Custom-EraseBytes-Custom-ManualDict-Custom- DE: "env"-
#3962	NEW    cov: 1606 ft: 5864 corp: 385/72Kb lim: 65536 exec/s: 990 rss: 947Mb L: 66/7639 MS: 4 CopyPart-Custom-EraseBytes-Custom-
#3994	NEW    cov: 1606 ft: 5864 corp: 386/72Kb lim: 65536 exec/s: 998 rss: 954Mb L: 14/7639 MS: 4 ChangeBinInt-Custom-InsertByte-Custom-
#4002	NEW    cov: 1606 ft: 5864 corp: 386/72Kb lim: 65536 exec/s: 1000 rss: 956Mb L: 94/7639 MS: 6 CopyPart-Custom-InsertRepeatedBytes-Custom-InsertByte-Custom-
#4009	NEW    cov: 1606 ft: 5864 corp: 387/72Kb lim: 65536 exec/s: 1002 rss: 958Mb L: 68/7639 MS: 3 CopyPart-Custom-CustomCrossOver-
#4020	NEW    cov: 1606 ft: 5864 corp: 386/71Kb lim: 65536 exec/s: 1005 rss: 960Mb L: 33/7639 MS: 2 ManualDict-Custom- DE: "parallel"-
#4021	NEW    cov: 1606 ft: 5864 corp: 384/71Kb lim: 65536 exec/s: 1005 rss: 960Mb L: 4/7639 MS: 2 EraseBytes-Custom-
#4027	NEW    cov: 1606 ft: 5864 corp: 385/71Kb lim: 65536 exec/s: 1006 rss: 962Mb L: 11/7639 MS: 1 CustomCrossOver-
#4033	NEW    cov: 1606 ft: 5864 corp: 386/71Kb lim: 65536 exec/s: 1008 rss: 963Mb L: 4/7639 MS: 2 EraseBytes-Custom-
#4039	NEW    cov: 1606 ft: 5868 corp: 386/71Kb lim: 65536 exec/s: 1009 rss: 965Mb L: 21/7639 MS: 1 CustomCrossOver-
#4040	NEW    cov: 1606 ft: 5868 corp: 386/71Kb lim: 65536 exec/s: 1010 rss: 965Mb L: 10/7639 MS: 2 ManualDict-Custom- DE: ","-
#4041	NEW    cov: 1606 ft: 5868 corp: 387/71Kb lim: 65536 exec/s: 1010 rss: 965Mb L: 6/7639 MS: 2 EraseBytes-Custom-
#4052	NEW    cov: 1606 ft: 5868 corp: 388/71Kb lim: 65536 exec/s: 1013 rss: 968Mb L: 9/7639 MS: 2 CopyPart-Custom-
#4056	NEW    cov: 1606 ft: 5874 corp: 384/70Kb lim: 65536 exec/s: 1014 rss: 969Mb L: 8/7639 MS: 6 CustomCrossOver-CopyPart-Custom-PersAutoDict-Custom-CustomCrossOver- DE: "missing"-
#4068	NEW    cov: 1606 ft: 5874 corp: 384/68Kb lim: 65536 exec/s: 1017 rss: 971Mb L: 5055/5055 MS: 4 ChangeBit-Custom-InsertByte-Custom-
#4076	NEW    cov: 1606 ft: 5874 corp: 384/68Kb lim: 65536 exec/s: 1019 rss: 973Mb L: 43/5055 MS: 5 CustomCrossOver-ManualDict-Custom-PersAutoDict-Custom- DE: "if"-"regex_match"-
#4077	NEW    cov: 1606 ft: 5874 corp: 384/68Kb lim: 65536 exec/s: 1019 rss: 973Mb L: 8/5055 MS: 2 EraseBytes-Custom-
#4083	NEW    cov: 1606 ft: 5879 corp: 385/68Kb lim: 65536 exec/s: 1020 rss: 974Mb L: 11/5055 MS: 2 PersAutoDict-Custom- DE: "hash"-
#4084	NEW    cov: 1606 ft: 5879 corp: 385/68Kb lim: 65536 exec/s: 1021 rss: 975Mb L: 19/5055 MS: 1 CustomCrossOver-
#4088	NEW    cov: 1606 ft: 5879 corp: 385/68Kb lim: 65536 exec/s: 1022 rss: 976Mb L: 66/5055 MS: 6 CustomCrossOver-ChangeBinInt-Custom-ShuffleBytes-Custom-CustomCrossOver-
#4096	pulse  cov: 1606 ft: 5879 corp: 385/68Kb lim: 65536 exec/s: 1024 rss: 977Mb
#4097	NEW    cov: 1606 ft: 5879 corp: 385/67Kb lim: 65536 exec/s: 1024 rss: 977Mb L: 59/5055 MS: 8 InsertRepeatedBytes-Custom-CMP-Custom-ChangeByte-Custom-ChangeBit-Custom- DE: "\001\000\000\000\000\000\000\000"-
#4098	NEW    cov: 1606 ft: 5879 corp: 386/67Kb lim: 65536 exec/s: 1024 rss: 978Mb L: 7/5055 MS: 1 CustomCrossOver-
#4104	NEW    cov: 1606 ft: 5879 corp: 387/67Kb lim: 65536 exec/s: 1026 rss: 979Mb L: 58/5055 MS: 1 CustomCrossOver-
#4105	NEW    cov: 1606 ft: 5879 corp: 387/67Kb lim: 65536 exec/s: 1026 rss: 979Mb L: 14/5055 MS: 2 ChangeBinInt-Custom-
#4112	NEW    cov: 1606 ft: 5879 corp: 387/67Kb lim: 65536 exec/s: 822 rss: 980Mb L: 14/5055 MS: 4 ChangeBit-Custom-EraseBytes-Custom-
#4113	NEW    cov: 1606 ft: 5879 corp: 388/67Kb lim: 65536 exec/s: 822 rss: 981Mb L: 6/5055 MS: 1 CustomCrossOver-
#4114	NEW    cov: 1606 ft: 5879 corp: 388/67Kb lim: 65536 exec/s: 822 rss: 981Mb L: 5/5055 MS: 1 CustomCrossOver-
#4135	NEW    cov: 1606 ft: 5879 corp: 389/67Kb lim: 65536 exec/s: 827 rss: 986Mb L: 10/5055 MS: 2 ManualDict-Custom- DE: "\036"-
#4141	NEW    cov: 1606 ft: 5879 corp: 389/67Kb lim: 65536 exec/s: 828 rss: 987Mb L: 166/5055 MS: 2 InsertRepeatedBytes-Custom-
#4172	NEW    cov: 1606 ft: 5879 corp: 390/67Kb lim: 65536 exec/s: 834 rss: 994Mb L: 68/5055 MS: 2 ChangeByte-Custom-
#4188	NEW    cov: 1606 ft: 5879 corp: 390/67Kb lim: 65536 exec/s: 837 rss: 998Mb L: 9/5055 MS: 1 CustomCrossOver-
#4198	NEW    cov: 1606 ft: 5879 corp: 390/67Kb lim: 65536 exec/s: 839 rss: 1000Mb L: 68/5055 MS: 10 ChangeBit-Custom-InsertRepeatedBytes-Custom-PersAutoDict-Custom-ShuffleBytes-Custom-CMP-Custom- DE: "always"-"\001\000\000\000"-
#4214	NEW    cov: 1606 ft: 5879 corp: 391/67Kb lim: 65536 exec/s: 842 rss: 1004Mb L: 7/5055 MS: 2 CopyPart-Custom-
#4218	NEW    cov: 1606 ft: 5879 corp: 391/67Kb lim: 65536 exec/s: 843 rss: 1005Mb L: 57/5055 MS: 5 CustomCrossOver-CustomCrossOver-ShuffleBytes-Custom-CustomCrossOver-
#4254	NEW    cov: 1606 ft: 5879 corp: 390/67Kb lim: 65536 exec/s: 850 rss: 1013Mb L: 9/5055 MS: 2 EraseBytes-Custom-
#4255	NEW    cov: 1606 ft: 5879 corp: 389/67Kb lim: 65536 exec/s: 851 rss: 1013Mb L: 9/5055 MS: 2 CrossOver-Custom-
#4256	NEW    cov: 1606 ft: 5880 corp: 390/67Kb lim: 65536 exec/s: 851 rss: 1014Mb L: 102/5055 MS: 2 CopyPart-Custom-
#4257	NEW    cov: 1606 ft: 5880 corp: 391/67Kb lim: 65536 exec/s: 851 rss: 1014Mb L: 70/5055 MS: 2 EraseBytes-Custom-
#4258	NEW    cov: 1606 ft: 5880 corp: 391/67Kb lim: 65536 exec/s: 851 rss: 1014Mb L: 138/5055 MS: 1 CustomCrossOver-
#4269	NEW    cov: 1606 ft: 5880 corp: 392/67Kb lim: 65536 exec/s: 853 rss: 1017Mb L: 10/5055 MS: 2 ManualDict-Custom- DE: "always"-
#4276	NEW    cov: 1606 ft: 5880 corp: 391/67Kb lim: 65536 exec/s: 855 rss: 1019Mb L: 70/5055 MS: 4 ChangeByte-Custom-InsertByte-Custom-
#4277	NEW    cov: 1606 ft: 5880 corp: 391/67Kb lim: 65536 exec/s: 855 rss: 1019Mb L: 17/5055 MS: 2 InsertByte-Custom-
#4283	NEW    cov: 1606 ft: 5880 corp: 391/67Kb lim: 65536 exec/s: 856 rss: 1020Mb L: 11/5055 MS: 2 ChangeByte-Custom-
#4312	NEW    cov: 1606 ft: 5880 corp: 391/66Kb lim: 65536 exec/s: 862 rss: 1027Mb L: 1039/5055 MS: 8 ChangeBinInt-Custom-CMP-Custom-ManualDict-Custom-CMP-Custom- DE: "__gc"-"blocks"-"\000\000\000\000\000\000\000\011"-
#4317	NEW    cov: 1606 ft: 5880 corp: 391/66Kb lim: 65536 exec/s: 863 rss: 1028Mb L: 19/5055 MS: 10 ChangeByte-Custom-ChangeBinInt-Custom-EraseBytes-Custom-ChangeBinInt-Custom-ChangeByte-Custom-
#4323	NEW    cov: 1606 ft: 5880 corp: 390/66Kb lim: 65536 exec/s: 864 rss: 1030Mb L: 9/5055 MS: 2 ChangeBinInt-Custom-
#4336	NEW    cov: 1606 ft: 5880 corp: 386/66Kb lim: 65536 exec/s: 867 rss: 1032Mb L: 10/5055 MS: 5 ChangeBinInt-Custom-CrossOver-Custom-CustomCrossOver-
#4347	NEW    cov: 1606 ft: 5880 corp: 386/66Kb lim: 65536 exec/s: 869 rss: 1035Mb L: 10/5055 MS: 2 ChangeByte-Custom-
#4349	NEW    cov: 1606 ft: 5880 corp: 386/66Kb lim: 65536 exec/s: 869 rss: 1035Mb L: 31/5055 MS: 4 ChangeBinInt-Custom-ChangeBinInt-Custom-
#4354	NEW    cov: 1606 ft: 5882 corp: 383/66Kb lim: 65536 exec/s: 870 rss: 1036Mb L: 7/5055 MS: 10 EraseBytes-Custom-EraseBytes-Custom-ChangeByte-Custom-ShuffleBytes-Custom-EraseBytes-Custom-
#4365	NEW    cov: 1606 ft: 5883 corp: 384/66Kb lim: 65536 exec/s: 873 rss: 1038Mb L: 82/5055 MS: 2 ChangeBinInt-Custom-
#4366	NEW    cov: 1606 ft: 5883 corp: 385/66Kb lim: 65536 exec/s: 873 rss: 1039Mb L: 6/5055 MS: 2 EraseBytes-Custom-
#4367	NEW    cov: 1606 ft: 5883 corp: 385/66Kb lim: 65536 exec/s: 873 rss: 1039Mb L: 527/5055 MS: 2 EraseBytes-Custom-
#4371	NEW    cov: 1606 ft: 5883 corp: 385/66Kb lim: 65536 exec/s: 874 rss: 1040Mb L: 289/5055 MS: 8 CopyPart-Custom-ChangeBit-Custom-ManualDict-Custom-CopyPart-Custom- DE: "<"-
#4372	NEW    cov: 1606 ft: 5883 corp: 385/66Kb lim: 65536 exec/s: 874 rss: 1040Mb L: 15/5055 MS: 2 PersAutoDict-Custom- DE: "unpack"-
#4373	NEW    cov: 1606 ft: 5883 corp: 386/66Kb lim: 65536 exec/s: 874 rss: 1040Mb L: 5/5055 MS: 2 EraseBytes-Custom-
#4374	NEW    cov: 1606 ft: 5883 corp: 384/66Kb lim: 65536 exec/s: 874 rss: 1041Mb L: 15/5055 MS: 2 InsertByte-Custom-
#4395	NEW    cov: 1606 ft: 5883 corp: 384/66Kb lim: 65536 exec/s: 879 rss: 1045Mb L: 4915/5055 MS: 2 EraseBytes-Custom-
#4396	NEW    cov: 1606 ft: 5883 corp: 384/66Kb lim: 65536 exec/s: 879 rss: 1045Mb L: 6/5055 MS: 2 EraseBytes-Custom-
#4409	NEW    cov: 1606 ft: 5883 corp: 384/66Kb lim: 65536 exec/s: 881 rss: 1048Mb L: 17/5055 MS: 4 CustomCrossOver-InsertByte-Custom-CustomCrossOver-
#4413	NEW    cov: 1606 ft: 5883 corp: 384/66Kb lim: 65536 exec/s: 882 rss: 1049Mb L: 70/5055 MS: 7 InsertRepeatedBytes-Custom-EraseBytes-Custom-CMP-Custom-CustomCrossOver- DE: "\001\000\000\000\000\000\000\000"-
#4423	NEW    cov: 1606 ft: 5883 corp: 384/66Kb lim: 65536 exec/s: 884 rss: 1052Mb L: 8/5055 MS: 7 ChangeBinInt-Custom-CustomCrossOver-CustomCrossOver-CustomCrossOver-EraseBytes-Custom-
#4970	RELOAD cov: 1606 ft: 5917 corp: 407/118Kb lim: 65536 exec/s: 994 rss: 1175Mb
#4987	NEW    cov: 1606 ft: 5917 corp: 408/118Kb lim: 65536 exec/s: 997 rss: 1179Mb L: 3/21292 MS: 4 ChangeBit-Custom-EraseBytes-Custom-
#5033	NEW    cov: 1606 ft: 5917 corp: 408/118Kb lim: 65536 exec/s: 838 rss: 1189Mb L: 9/21292 MS: 2 ChangeBinInt-Custom-
#5049	NEW    cov: 1606 ft: 5917 corp: 407/118Kb lim: 65536 exec/s: 841 rss: 1193Mb L: 6/21292 MS: 2 ShuffleBytes-Custom-
#5061	NEW    cov: 1606 ft: 5917 corp: 408/118Kb lim: 65536 exec/s: 843 rss: 1196Mb L: 16/21292 MS: 4 CMP-Custom-InsertByte-Custom- DE: "\001\000\000\000\000\000\000\000"-
#5074	NEW    cov: 1606 ft: 5920 corp: 409/118Kb lim: 65536 exec/s: 845 rss: 1199Mb L: 133/21292 MS: 6 ManualDict-Custom-CMP-Custom-EraseBytes-Custom- DE: "minimal-valid"-"\000\000\000\000\000\000\000\017"-
#5080	NEW    cov: 1606 ft: 5920 corp: 410/118Kb lim: 65536 exec/s: 846 rss: 1200Mb L: 12/21292 MS: 2 ChangeBinInt-Custom-
#5105	NEW    cov: 1606 ft: 5920 corp: 410/118Kb lim: 65536 exec/s: 850 rss: 1207Mb L: 58/21292 MS: 7 CustomCrossOver-ManualDict-Custom-CustomCrossOver-CustomCrossOver-ShuffleBytes-Custom- DE: "workflow phase invocation is missing required field"-
#5106	NEW    cov: 1606 ft: 5920 corp: 410/117Kb lim: 65536 exec/s: 851 rss: 1207Mb L: 4706/21292 MS: 2 InsertRepeatedBytes-Custom-
#5182	NEW    cov: 1606 ft: 5920 corp: 410/117Kb lim: 65536 exec/s: 863 rss: 1224Mb L: 6/21292 MS: 2 EraseBytes-Custom-
#5183	NEW    cov: 1606 ft: 5920 corp: 410/117Kb lim: 65536 exec/s: 863 rss: 1224Mb L: 4858/21292 MS: 2 CopyPart-Custom-
#5184	NEW    cov: 1606 ft: 5921 corp: 411/117Kb lim: 65536 exec/s: 864 rss: 1224Mb L: 85/21292 MS: 1 CustomCrossOver-
#5201	NEW    cov: 1606 ft: 5921 corp: 412/117Kb lim: 65536 exec/s: 866 rss: 1228Mb L: 7/21292 MS: 4 ChangeBinInt-Custom-EraseBytes-Custom-
#5211	NEW    cov: 1606 ft: 5921 corp: 412/117Kb lim: 65536 exec/s: 868 rss: 1230Mb L: 9/21292 MS: 10 CopyPart-Custom-EraseBytes-Custom-ChangeBit-Custom-EraseBytes-Custom-CopyPart-Custom-
#5251	NEW    cov: 1606 ft: 5921 corp: 412/117Kb lim: 65536 exec/s: 875 rss: 1239Mb L: 5/21292 MS: 8 CopyPart-Custom-CMP-Custom-PersAutoDict-Custom-CustomCrossOver-CustomCrossOver- DE: "sol."-"\036"-
#5257	NEW    cov: 1606 ft: 5921 corp: 412/117Kb lim: 65536 exec/s: 876 rss: 1241Mb L: 9/21292 MS: 1 CustomCrossOver-
#5270	NEW    cov: 1606 ft: 5921 corp: 413/117Kb lim: 65536 exec/s: 878 rss: 1244Mb L: 25/21292 MS: 5 ChangeBit-Custom-CustomCrossOver-InsertByte-Custom-
#5276	NEW    cov: 1606 ft: 5921 corp: 412/117Kb lim: 65536 exec/s: 879 rss: 1245Mb L: 7/21292 MS: 1 CustomCrossOver-
#5307	NEW    cov: 1606 ft: 5924 corp: 413/117Kb lim: 65536 exec/s: 884 rss: 1252Mb L: 2/21292 MS: 2 EraseBytes-Custom-
#5308	NEW    cov: 1606 ft: 5924 corp: 414/117Kb lim: 65536 exec/s: 884 rss: 1252Mb L: 34/21292 MS: 2 EraseBytes-Custom-
#5316	NEW    cov: 1606 ft: 5924 corp: 413/117Kb lim: 65536 exec/s: 886 rss: 1254Mb L: 8/21292 MS: 4 CustomCrossOver-InsertRepeatedBytes-Custom-CustomCrossOver-
#5322	NEW    cov: 1606 ft: 5924 corp: 413/117Kb lim: 65536 exec/s: 887 rss: 1255Mb L: 50/21292 MS: 2 EraseBytes-Custom-
#5333	NEW    cov: 1606 ft: 5924 corp: 412/117Kb lim: 65536 exec/s: 888 rss: 1258Mb L: 7/21292 MS: 1 CustomCrossOver-
#5369	NEW    cov: 1606 ft: 5924 corp: 411/117Kb lim: 65536 exec/s: 894 rss: 1266Mb L: 5/21292 MS: 2 ChangeBit-Custom-
#5380	NEW    cov: 1606 ft: 5924 corp: 411/117Kb lim: 65536 exec/s: 896 rss: 1269Mb L: 14/21292 MS: 2 InsertByte-Custom-
#5387	NEW    cov: 1606 ft: 5924 corp: 410/116Kb lim: 65536 exec/s: 897 rss: 1270Mb L: 1037/21292 MS: 4 ChangeByte-Custom-InsertRepeatedBytes-Custom-
#5388	NEW    cov: 1606 ft: 5924 corp: 406/116Kb lim: 65536 exec/s: 898 rss: 1270Mb L: 5/21292 MS: 2 InsertByte-Custom-
#5404	NEW    cov: 1606 ft: 5924 corp: 406/116Kb lim: 65536 exec/s: 900 rss: 1274Mb L: 9/21292 MS: 2 PersAutoDict-Custom- DE: "hash"-
#5409	NEW    cov: 1606 ft: 5925 corp: 406/114Kb lim: 65536 exec/s: 901 rss: 1275Mb L: 65/21292 MS: 10 InsertByte-Custom-PersAutoDict-Custom-PersAutoDict-Custom-ChangeByte-Custom-CMP-Custom- DE: "mergeSettingsFromLuaTable"-"load_dotenv"-"base"-
#5425	NEW    cov: 1606 ft: 5925 corp: 406/114Kb lim: 65536 exec/s: 904 rss: 1279Mb L: 13/21292 MS: 2 CMP-Custom- DE: "sol."-
#5446	NEW    cov: 1606 ft: 5925 corp: 406/114Kb lim: 65536 exec/s: 907 rss: 1284Mb L: 10/21292 MS: 2 ShuffleBytes-Custom-
#5457	NEW    cov: 1606 ft: 5931 corp: 407/115Kb lim: 65536 exec/s: 909 rss: 1287Mb L: 78/21292 MS: 2 PersAutoDict-Custom- DE: "then"-
#5474	NEW    cov: 1606 ft: 5932 corp: 408/115Kb lim: 65536 exec/s: 912 rss: 1291Mb L: 98/21292 MS: 4 InsertByte-Custom-InsertRepeatedBytes-Custom-
#5498	NEW    cov: 1606 ft: 5938 corp: 409/115Kb lim: 65536 exec/s: 916 rss: 1296Mb L: 812/21292 MS: 8 CopyPart-Custom-EraseBytes-Custom-CopyPart-Custom-ShuffleBytes-Custom-
#5499	NEW    cov: 1606 ft: 5938 corp: 409/115Kb lim: 65536 exec/s: 916 rss: 1297Mb L: 7/21292 MS: 2 ChangeBit-Custom-
#5515	NEW    cov: 1606 ft: 5938 corp: 410/115Kb lim: 65536 exec/s: 919 rss: 1300Mb L: 3/21292 MS: 2 ChangeByte-Custom-
#5546	NEW    cov: 1606 ft: 5938 corp: 411/115Kb lim: 65536 exec/s: 924 rss: 1307Mb L: 4/21292 MS: 2 ChangeBinInt-Custom-
#5552	NEW    cov: 1606 ft: 5939 corp: 412/116Kb lim: 65536 exec/s: 925 rss: 1309Mb L: 57/21292 MS: 1 CustomCrossOver-
#5558	NEW    cov: 1606 ft: 5939 corp: 413/116Kb lim: 65536 exec/s: 926 rss: 1310Mb L: 3/21292 MS: 1 CustomCrossOver-
#5596	NEW    cov: 1606 ft: 5942 corp: 414/118Kb lim: 65536 exec/s: 932 rss: 1318Mb L: 2247/21292 MS: 6 ChangeBinInt-Custom-ShuffleBytes-Custom-ChangeByte-Custom-
#5607	NEW    cov: 1606 ft: 5942 corp: 414/118Kb lim: 65536 exec/s: 934 rss: 1321Mb L: 10/21292 MS: 1 CustomCrossOver-
#5648	NEW    cov: 1606 ft: 5942 corp: 413/118Kb lim: 65536 exec/s: 941 rss: 1330Mb L: 3/21292 MS: 2 EraseBytes-Custom-
#5660	NEW    cov: 1606 ft: 5942 corp: 413/118Kb lim: 65536 exec/s: 943 rss: 1333Mb L: 137/21292 MS: 4 CopyPart-Custom-ChangeBit-Custom-
#5692	NEW    cov: 1606 ft: 5942 corp: 414/118Kb lim: 65536 exec/s: 948 rss: 1340Mb L: 5/21292 MS: 4 CopyPart-Custom-InsertByte-Custom-
#5700	NEW    cov: 1606 ft: 5943 corp: 415/119Kb lim: 65536 exec/s: 950 rss: 1342Mb L: 1752/21292 MS: 6 ChangeByte-Custom-InsertByte-Custom-ChangeBinInt-Custom-
#5719	NEW    cov: 1606 ft: 5943 corp: 415/119Kb lim: 65536 exec/s: 953 rss: 1347Mb L: 18/21292 MS: 8 ChangeBit-Custom-ChangeByte-Custom-ChangeBinInt-Custom-InsertRepeatedBytes-Custom-
#5733	NEW    cov: 1606 ft: 5948 corp: 416/130Kb lim: 65536 exec/s: 955 rss: 1349Mb L: 10945/21292 MS: 8 InsertByte-Custom-ChangeBinInt-Custom-ChangeASCIIInt-Custom-CopyPart-Custom-
#5751	NEW    cov: 1606 ft: 5948 corp: 415/130Kb lim: 65536 exec/s: 958 rss: 1353Mb L: 6/21292 MS: 6 ChangeBit-Custom-ShuffleBytes-Custom-CopyPart-Custom-
#5760	NEW    cov: 1606 ft: 5948 corp: 415/130Kb lim: 65536 exec/s: 960 rss: 1355Mb L: 33/21292 MS: 8 ChangeBit-Custom-PersAutoDict-Custom-ShuffleBytes-Custom-ChangeByte-Custom- DE: "\377\377\377\377\377\377\377\177"-
#5767	NEW    cov: 1606 ft: 5949 corp: 416/131Kb lim: 65536 exec/s: 961 rss: 1357Mb L: 1033/21292 MS: 4 ManualDict-Custom-ManualDict-Custom- DE: "never"-"sdbm"-
#5773	NEW    cov: 1606 ft: 5949 corp: 416/131Kb lim: 65536 exec/s: 962 rss: 1358Mb L: 19/21292 MS: 1 CustomCrossOver-
#5819	NEW    cov: 1606 ft: 5949 corp: 417/131Kb lim: 65536 exec/s: 969 rss: 1369Mb L: 14/21292 MS: 2 ChangeBinInt-Custom-
#6467	RELOAD cov: 1606 ft: 6050 corp: 445/202Kb lim: 65536 exec/s: 923 rss: 1515Mb
#6468	NEW    cov: 1606 ft: 6050 corp: 445/202Kb lim: 65536 exec/s: 924 rss: 1515Mb L: 22/28447 MS: 2 CopyPart-Custom-
#6469	NEW    cov: 1606 ft: 6050 corp: 446/202Kb lim: 65536 exec/s: 924 rss: 1515Mb L: 10/28447 MS: 2 ChangeBit-Custom-
#6470	NEW    cov: 1606 ft: 6050 corp: 447/202Kb lim: 65536 exec/s: 924 rss: 1515Mb L: 5/28447 MS: 2 ChangeBinInt-Custom-
#6479	NEW    cov: 1606 ft: 6050 corp: 448/202Kb lim: 65536 exec/s: 925 rss: 1517Mb L: 8/28447 MS: 6 EraseBytes-Custom-CustomCrossOver-CustomCrossOver-EraseBytes-Custom-
#6528	NEW    cov: 1606 ft: 6050 corp: 448/202Kb lim: 65536 exec/s: 932 rss: 1528Mb L: 10/28447 MS: 8 ChangeByte-Custom-ShuffleBytes-Custom-ChangeBinInt-Custom-CMP-Custom- DE: "\002\000\000\000"-
#6590	NEW    cov: 1606 ft: 6050 corp: 448/202Kb lim: 65536 exec/s: 941 rss: 1542Mb L: 12/28447 MS: 4 ChangeBit-Custom-CopyPart-Custom-
#6605	NEW    cov: 1606 ft: 6050 corp: 448/201Kb lim: 65536 exec/s: 943 rss: 1545Mb L: 123/28447 MS: 10 CMP-Custom-ChangeBit-Custom-EraseBytes-Custom-ChangeBit-Custom-ChangeByte-Custom- DE: "\001\005"-
#6606	NEW    cov: 1606 ft: 6052 corp: 448/200Kb lim: 65536 exec/s: 943 rss: 1545Mb L: 134/28447 MS: 2 InsertRepeatedBytes-Custom-
#6608	NEW    cov: 1606 ft: 6052 corp: 449/200Kb lim: 65536 exec/s: 944 rss: 1546Mb L: 9/28447 MS: 4 EraseBytes-Custom-ChangeByte-Custom-
#6619	NEW    cov: 1606 ft: 6052 corp: 448/200Kb lim: 65536 exec/s: 945 rss: 1548Mb L: 6/28447 MS: 1 CustomCrossOver-
#6645	NEW    cov: 1606 ft: 6052 corp: 447/200Kb lim: 65536 exec/s: 949 rss: 1555Mb L: 47/28447 MS: 2 CrossOver-Custom-
#6652	NEW    cov: 1606 ft: 6052 corp: 447/200Kb lim: 65536 exec/s: 950 rss: 1556Mb L: 4/28447 MS: 4 ChangeByte-Custom-CopyPart-Custom-
#6655	NEW    cov: 1606 ft: 6052 corp: 448/200Kb lim: 65536 exec/s: 950 rss: 1557Mb L: 30/28447 MS: 6 InsertByte-Custom-PersAutoDict-Custom-PersAutoDict-Custom- DE: "]]"-"all"-
#6656	NEW    cov: 1606 ft: 6052 corp: 449/200Kb lim: 65536 exec/s: 950 rss: 1557Mb L: 6/28447 MS: 1 CustomCrossOver-
#6723	NEW    cov: 1606 ft: 6053 corp: 450/201Kb lim: 65536 exec/s: 960 rss: 1572Mb L: 949/28447 MS: 4 ShuffleBytes-Custom-CrossOver-Custom-
#6726	NEW    cov: 1606 ft: 6053 corp: 451/201Kb lim: 65536 exec/s: 960 rss: 1573Mb L: 5/28447 MS: 4 CrossOver-Custom-CustomCrossOver-CustomCrossOver-
#6750	NEW    cov: 1606 ft: 6054 corp: 452/201Kb lim: 65536 exec/s: 964 rss: 1579Mb L: 217/28447 MS: 8 InsertRepeatedBytes-Custom-ChangeBit-Custom-ChangeBit-Custom-ChangeByte-Custom-
#6768	NEW    cov: 1606 ft: 6054 corp: 451/201Kb lim: 65536 exec/s: 966 rss: 1583Mb L: 130/28447 MS: 6 ChangeASCIIInt-Custom-InsertRepeatedBytes-Custom-ChangeBit-Custom-
#6785	NEW    cov: 1606 ft: 6054 corp: 451/201Kb lim: 65536 exec/s: 969 rss: 1586Mb L: 6/28447 MS: 2 CustomCrossOver-CustomCrossOver-
#6786	NEW    cov: 1606 ft: 6054 corp: 451/201Kb lim: 65536 exec/s: 969 rss: 1586Mb L: 9/28447 MS: 2 ChangeByte-Custom-
#6792	NEW    cov: 1606 ft: 6054 corp: 451/201Kb lim: 65536 exec/s: 849 rss: 1588Mb L: 5/28447 MS: 2 CopyPart-Custom-
#6806	NEW    cov: 1606 ft: 6054 corp: 452/201Kb lim: 65536 exec/s: 850 rss: 1591Mb L: 10/28447 MS: 8 EraseBytes-Custom-ManualDict-Custom-ChangeByte-Custom-EraseBytes-Custom- DE: "broken"-
#6832	NEW    cov: 1606 ft: 6054 corp: 453/201Kb lim: 65536 exec/s: 854 rss: 1597Mb L: 14/28447 MS: 2 ChangeBit-Custom-
#6838	NEW    cov: 1606 ft: 6054 corp: 454/201Kb lim: 65536 exec/s: 854 rss: 1598Mb L: 3/28447 MS: 2 ChangeBinInt-Custom-
#6840	NEW    cov: 1606 ft: 6054 corp: 453/201Kb lim: 65536 exec/s: 855 rss: 1599Mb L: 3/28447 MS: 4 PersAutoDict-Custom-EraseBytes-Custom- DE: "broken"-
#6890	NEW    cov: 1606 ft: 6054 corp: 454/201Kb lim: 65536 exec/s: 861 rss: 1611Mb L: 49/28447 MS: 10 ManualDict-Custom-ChangeBit-Custom-ChangeByte-Custom-ChangeASCIIInt-Custom-ChangeBit-Custom- DE: "vault"-
#6896	NEW    cov: 1606 ft: 6054 corp: 452/201Kb lim: 65536 exec/s: 862 rss: 1612Mb L: 30/28447 MS: 2 ChangeByte-Custom-
#6902	NEW    cov: 1606 ft: 6054 corp: 452/201Kb lim: 65536 exec/s: 862 rss: 1614Mb L: 6/28447 MS: 2 ChangeBit-Custom-
#6904	NEW    cov: 1606 ft: 6058 corp: 452/174Kb lim: 65536 exec/s: 863 rss: 1614Mb L: 21/28447 MS: 4 PersAutoDict-Custom-ChangeBinInt-Custom- DE: "\000\000\000\000\000\000\000\011"-
#6909	NEW    cov: 1606 ft: 6058 corp: 453/174Kb lim: 65536 exec/s: 863 rss: 1615Mb L: 65/28447 MS: 7 CustomCrossOver-CustomCrossOver-CustomCrossOver-PersAutoDict-Custom-CopyPart-Custom- DE: "pin_threads_to_cores"-
#6915	NEW    cov: 1606 ft: 6058 corp: 452/174Kb lim: 65536 exec/s: 864 rss: 1617Mb L: 9/28447 MS: 2 ChangeByte-Custom-
#6924	NEW    cov: 1606 ft: 6059 corp: 453/174Kb lim: 65536 exec/s: 865 rss: 1618Mb L: 20/28447 MS: 8 ChangeBit-Custom-ShuffleBytes-Custom-EraseBytes-Custom-EraseBytes-Custom-
#6925	NEW    cov: 1606 ft: 6059 corp: 453/174Kb lim: 65536 exec/s: 865 rss: 1619Mb L: 4/28447 MS: 2 ShuffleBytes-Custom-
#6937	NEW    cov: 1606 ft: 6059 corp: 454/174Kb lim: 65536 exec/s: 867 rss: 1621Mb L: 3/28447 MS: 3 InsertRepeatedBytes-Custom-CustomCrossOver-
#6968	NEW    cov: 1606 ft: 6059 corp: 455/174Kb lim: 65536 exec/s: 871 rss: 1628Mb L: 4/28447 MS: 2 EraseBytes-Custom-
#6989	NEW    cov: 1606 ft: 6061 corp: 456/174Kb lim: 65536 exec/s: 873 rss: 1633Mb L: 70/28447 MS: 2 CMP-Custom- DE: "\001\000\000\000\000\000\000\023"-
#6998	NEW    cov: 1606 ft: 6061 corp: 456/174Kb lim: 65536 exec/s: 874 rss: 1635Mb L: 42/28447 MS: 6 CustomCrossOver-ShuffleBytes-Custom-CustomCrossOver-InsertByte-Custom-
#7019	NEW    cov: 1606 ft: 6061 corp: 455/174Kb lim: 65536 exec/s: 877 rss: 1639Mb L: 3/28447 MS: 1 CustomCrossOver-
#7023	NEW    cov: 1607 ft: 6063 corp: 456/174Kb lim: 65536 exec/s: 877 rss: 1640Mb L: 2/28447 MS: 8 EraseBytes-Custom-ChangeBit-Custom-EraseBytes-Custom-EraseBytes-Custom-
#7035	NEW    cov: 1607 ft: 6063 corp: 457/174Kb lim: 65536 exec/s: 879 rss: 1642Mb L: 2/28447 MS: 2 CustomCrossOver-CustomCrossOver-
#7048	NEW    cov: 1607 ft: 6063 corp: 457/174Kb lim: 65536 exec/s: 881 rss: 1645Mb L: 8/28447 MS: 6 ManualDict-Custom-InsertByte-Custom-CMP-Custom- DE: "step"-"\377\036"-
#7054	NEW    cov: 1607 ft: 6063 corp: 456/174Kb lim: 65536 exec/s: 881 rss: 1646Mb L: 3/28447 MS: 2 CopyPart-Custom-
#7061	NEW    cov: 1607 ft: 6063 corp: 456/174Kb lim: 65536 exec/s: 882 rss: 1648Mb L: 8/28447 MS: 4 InsertByte-Custom-EraseBytes-Custom-
#7108	NEW    cov: 1607 ft: 6063 corp: 456/174Kb lim: 65536 exec/s: 888 rss: 1659Mb L: 63/28447 MS: 4 ChangeByte-Custom-EraseBytes-Custom-
#7109	NEW    cov: 1607 ft: 6063 corp: 456/174Kb lim: 65536 exec/s: 888 rss: 1660Mb L: 10/28447 MS: 1 CustomCrossOver-
#7115	NEW    cov: 1607 ft: 6063 corp: 456/174Kb lim: 65536 exec/s: 889 rss: 1661Mb L: 385/28447 MS: 2 InsertRepeatedBytes-Custom-
#7136	NEW    cov: 1607 ft: 6063 corp: 456/174Kb lim: 65536 exec/s: 892 rss: 1666Mb L: 7/28447 MS: 2 InsertByte-Custom-
#7139	NEW    cov: 1607 ft: 6063 corp: 457/174Kb lim: 65536 exec/s: 892 rss: 1667Mb L: 5/28447 MS: 6 InsertByte-Custom-EraseBytes-Custom-ChangeByte-Custom-
#7155	NEW    cov: 1607 ft: 6063 corp: 457/174Kb lim: 65536 exec/s: 894 rss: 1670Mb L: 3/28447 MS: 2 ChangeBinInt-Custom-
#7157	NEW    cov: 1607 ft: 6063 corp: 457/173Kb lim: 65536 exec/s: 894 rss: 1670Mb L: 28/28447 MS: 4 CopyPart-Custom-ManualDict-Custom- DE: "pipeline"-
#7204	NEW    cov: 1607 ft: 6063 corp: 457/173Kb lim: 65536 exec/s: 900 rss: 1681Mb L: 2/28447 MS: 2 CustomCrossOver-CustomCrossOver-
#7227	NEW    cov: 1607 ft: 6063 corp: 457/173Kb lim: 65536 exec/s: 903 rss: 1686Mb L: 100/28447 MS: 5 CrossOver-Custom-InsertByte-Custom-CustomCrossOver-
#7253	NEW    cov: 1607 ft: 6063 corp: 458/174Kb lim: 65536 exec/s: 906 rss: 1692Mb L: 62/28447 MS: 2 PersAutoDict-Custom- DE: "\001\005"-
#7259	NEW    cov: 1607 ft: 6063 corp: 459/174Kb lim: 65536 exec/s: 907 rss: 1693Mb L: 2/28447 MS: 2 EraseBytes-Custom-
#7305	NEW    cov: 1607 ft: 6063 corp: 456/173Kb lim: 65536 exec/s: 913 rss: 1704Mb L: 7/28447 MS: 2 EraseBytes-Custom-
#7316	NEW    cov: 1607 ft: 6063 corp: 457/175Kb lim: 65536 exec/s: 914 rss: 1707Mb L: 1164/28447 MS: 1 CustomCrossOver-
#7317	NEW    cov: 1607 ft: 6063 corp: 457/175Kb lim: 65536 exec/s: 914 rss: 1707Mb L: 12/28447 MS: 2 ShuffleBytes-Custom-
#7328	NEW    cov: 1607 ft: 6063 corp: 457/175Kb lim: 65536 exec/s: 916 rss: 1710Mb L: 2/28447 MS: 1 CustomCrossOver-
#7335	NEW    cov: 1607 ft: 6063 corp: 456/175Kb lim: 65536 exec/s: 916 rss: 1711Mb L: 3/28447 MS: 2 CustomCrossOver-CustomCrossOver-
#7339	NEW    cov: 1607 ft: 6063 corp: 456/175Kb lim: 65536 exec/s: 917 rss: 1712Mb L: 38/28447 MS: 8 ChangeBit-Custom-ChangeBinInt-Custom-ChangeBit-Custom-ManualDict-Custom- DE: "input"-
#7345	NEW    cov: 1607 ft: 6063 corp: 457/175Kb lim: 65536 exec/s: 918 rss: 1714Mb L: 3/28447 MS: 2 ChangeBit-Custom-
#7353	NEW    cov: 1607 ft: 6063 corp: 458/175Kb lim: 65536 exec/s: 919 rss: 1716Mb L: 15/28447 MS: 6 PersAutoDict-Custom-ChangeByte-Custom-ChangeBinInt-Custom- DE: "TERM"-
#7357	NEW    cov: 1607 ft: 6063 corp: 458/175Kb lim: 65536 exec/s: 919 rss: 1717Mb L: 12/28447 MS: 8 PersAutoDict-Custom-InsertByte-Custom-ChangeBinInt-Custom-ChangeByte-Custom- DE: "\377\377\377\377\377\377\377\177"-
#7362	NEW    cov: 1607 ft: 6064 corp: 458/174Kb lim: 65536 exec/s: 920 rss: 1718Mb L: 159/28447 MS: 10 InsertByte-Custom-PersAutoDict-Custom-InsertRepeatedBytes-Custom-ManualDict-Custom-PersAutoDict-Custom- DE: "pipeline"-"then"-"\377\377\377\000"-
#7770	RELOAD cov: 1607 ft: 6094 corp: 479/305Kb lim: 65536 exec/s: 863 rss: 1810Mb
#7792	NEW    cov: 1607 ft: 6094 corp: 479/305Kb lim: 65536 exec/s: 865 rss: 1814Mb L: 18/51121 MS: 4 ManualDict-Custom-EraseBytes-Custom- DE: "vault"-
#7795	NEW    cov: 1607 ft: 6094 corp: 479/305Kb lim: 65536 exec/s: 866 rss: 1814Mb L: 39/51121 MS: 6 ChangeByte-Custom-ChangeByte-Custom-InsertRepeatedBytes-Custom-
#7796	NEW    cov: 1607 ft: 6094 corp: 480/305Kb lim: 65536 exec/s: 866 rss: 1815Mb L: 8/51121 MS: 2 ShuffleBytes-Custom-
#7837	NEW    cov: 1607 ft: 6094 corp: 480/305Kb lim: 65536 exec/s: 870 rss: 1824Mb L: 3/51121 MS: 2 ShuffleBytes-Custom-
#7847	NEW    cov: 1607 ft: 6094 corp: 481/305Kb lim: 65536 exec/s: 871 rss: 1826Mb L: 6/51121 MS: 9 ChangeByte-Custom-PersAutoDict-Custom-ChangeByte-Custom-InsertByte-Custom-CustomCrossOver- DE: "workers_dir"-
#7855	NEW    cov: 1607 ft: 6094 corp: 481/305Kb lim: 65536 exec/s: 872 rss: 1828Mb L: 64/51121 MS: 6 ManualDict-Custom-ChangeBit-Custom-EraseBytes-Custom- DE: "minimal"-
#7857	NEW    cov: 1607 ft: 6094 corp: 482/305Kb lim: 65536 exec/s: 873 rss: 1829Mb L: 3/51121 MS: 4 ChangeBit-Custom-EraseBytes-Custom-
#7878	NEW    cov: 1607 ft: 6094 corp: 480/305Kb lim: 65536 exec/s: 875 rss: 1833Mb L: 2/51121 MS: 2 CopyPart-Custom-
#7880	NEW    cov: 1607 ft: 6094 corp: 481/305Kb lim: 65536 exec/s: 875 rss: 1834Mb L: 6/51121 MS: 4 InsertByte-Custom-CMP-Custom- DE: "\377\036"-
#7906	NEW    cov: 1607 ft: 6094 corp: 480/305Kb lim: 65536 exec/s: 878 rss: 1840Mb L: 2/51121 MS: 2 ShuffleBytes-Custom-
#7957	NEW    cov: 1607 ft: 6094 corp: 481/305Kb lim: 65536 exec/s: 884 rss: 1852Mb L: 5/51121 MS: 2 ChangeBit-Custom-
#7973	NEW    cov: 1607 ft: 6094 corp: 481/305Kb lim: 65536 exec/s: 885 rss: 1856Mb L: 47/51121 MS: 2 ChangeByte-Custom-
#7979	NEW    cov: 1607 ft: 6094 corp: 482/305Kb lim: 65536 exec/s: 886 rss: 1857Mb L: 4/51121 MS: 1 CustomCrossOver-
#8015	NEW    cov: 1607 ft: 6094 corp: 482/305Kb lim: 65536 exec/s: 890 rss: 1865Mb L: 5/51121 MS: 2 ChangeBit-Custom-
#8031	NEW    cov: 1607 ft: 6094 corp: 482/305Kb lim: 65536 exec/s: 892 rss: 1869Mb L: 5/51121 MS: 1 CustomCrossOver-
#8097	NEW    cov: 1607 ft: 6095 corp: 483/305Kb lim: 65536 exec/s: 899 rss: 1884Mb L: 311/51121 MS: 2 InsertByte-Custom-
#8099	NEW    cov: 1607 ft: 6095 corp: 483/305Kb lim: 65536 exec/s: 899 rss: 1884Mb L: 21/51121 MS: 3 ChangeByte-Custom-CustomCrossOver-
#8103	NEW    cov: 1607 ft: 6095 corp: 483/305Kb lim: 65536 exec/s: 900 rss: 1885Mb L: 2/51121 MS: 7 EraseBytes-Custom-ManualDict-Custom-CustomCrossOver-EraseBytes-Custom- DE: "max_threads"-
#8149	NEW    cov: 1607 ft: 6095 corp: 483/305Kb lim: 65536 exec/s: 905 rss: 1896Mb L: 30/51121 MS: 2 ChangeBinInt-Custom-
#8192	pulse  cov: 1607 ft: 6095 corp: 483/305Kb lim: 65536 exec/s: 910 rss: 1906Mb
#8194	NEW    cov: 1607 ft: 6096 corp: 484/305Kb lim: 65536 exec/s: 910 rss: 1906Mb L: 27/51121 MS: 10 ChangeBinInt-Custom-PersAutoDict-Custom-ChangeBinInt-Custom-ChangeBit-Custom-ShuffleBytes-Custom- DE: "workers_dir"-
#8195	NEW    cov: 1607 ft: 6096 corp: 484/305Kb lim: 65536 exec/s: 910 rss: 1907Mb L: 17/51121 MS: 2 ChangeBinInt-Custom-
#8202	NEW    cov: 1607 ft: 6096 corp: 485/305Kb lim: 65536 exec/s: 911 rss: 1908Mb L: 2/51121 MS: 4 ChangeBit-Custom-ChangeBit-Custom-
#8208	NEW    cov: 1607 ft: 6096 corp: 485/305Kb lim: 65536 exec/s: 912 rss: 1910Mb L: 11/51121 MS: 2 ChangeByte-Custom-
#8255	NEW    cov: 1607 ft: 6096 corp: 486/305Kb lim: 65536 exec/s: 917 rss: 1920Mb L: 18/51121 MS: 4 ChangeBit-Custom-ChangeBit-Custom-
#8261	NEW    cov: 1609 ft: 6124 corp: 484/305Kb lim: 65536 exec/s: 917 rss: 1921Mb L: 1/51121 MS: 2 EraseBytes-Custom-
#8288	NEW    cov: 1609 ft: 6124 corp: 484/305Kb lim: 65536 exec/s: 920 rss: 1927Mb L: 11/51121 MS: 4 ChangeBit-Custom-PersAutoDict-Custom- DE: "list"-
#8295	NEW    cov: 1609 ft: 6124 corp: 484/304Kb lim: 65536 exec/s: 921 rss: 1928Mb L: 248/51121 MS: 4 InsertRepeatedBytes-Custom-EraseBytes-Custom-
#8296	NEW    cov: 1609 ft: 6124 corp: 483/304Kb lim: 65536 exec/s: 921 rss: 1929Mb L: 19/51121 MS: 2 EraseBytes-Custom-
#8304	NEW    cov: 1609 ft: 6124 corp: 483/304Kb lim: 65536 exec/s: 922 rss: 1931Mb L: 4/51121 MS: 6 CopyPart-Custom-InsertByte-Custom-EraseBytes-Custom-
#8325	NEW    cov: 1609 ft: 6124 corp: 482/304Kb lim: 65536 exec/s: 925 rss: 1935Mb L: 4/51121 MS: 2 ChangeBinInt-Custom-
#8333	NEW    cov: 1609 ft: 6128 corp: 483/305Kb lim: 65536 exec/s: 925 rss: 1938Mb L: 1478/51121 MS: 6 PersAutoDict-Custom-ShuffleBytes-Custom-InsertByte-Custom- DE: "missing"-
#8343	NEW    cov: 1609 ft: 6129 corp: 484/306Kb lim: 65536 exec/s: 927 rss: 1940Mb L: 521/51121 MS: 10 InsertByte-Custom-ChangeBinInt-Custom-ShuffleBytes-Custom-PersAutoDict-Custom-ManualDict-Custom- DE: ":"-"icons"-
#8354	NEW    cov: 1609 ft: 6129 corp: 485/306Kb lim: 65536 exec/s: 928 rss: 1942Mb L: 2/51121 MS: 1 CustomCrossOver-
#8367	NEW    cov: 1609 ft: 6129 corp: 485/306Kb lim: 65536 exec/s: 929 rss: 1945Mb L: 14/51121 MS: 5 InsertRepeatedBytes-Custom-ChangeBinInt-Custom-CustomCrossOver-
#8368	NEW    cov: 1609 ft: 6129 corp: 482/306Kb lim: 65536 exec/s: 929 rss: 1945Mb L: 2/51121 MS: 2 EraseBytes-Custom-
#8375	NEW    cov: 1609 ft: 6129 corp: 482/306Kb lim: 65536 exec/s: 930 rss: 1947Mb L: 81/51121 MS: 4 CopyPart-Custom-CrossOver-Custom-
#8405	NEW    cov: 1609 ft: 6129 corp: 482/306Kb lim: 65536 exec/s: 933 rss: 1953Mb L: 16/51121 MS: 10 InsertByte-Custom-ShuffleBytes-Custom-ChangeBit-Custom-ChangeBit-Custom-CMP-Custom- DE: "\002\000\000\000\000\000\000\000"-
#8413	NEW    cov: 1609 ft: 6130 corp: 483/306Kb lim: 65536 exec/s: 934 rss: 1954Mb L: 76/51121 MS: 6 InsertRepeatedBytes-Custom-CMP-Custom-EraseBytes-Custom- DE: "\000\000\000\000\000\000\000\011"-
#8419	NEW    cov: 1609 ft: 6130 corp: 483/306Kb lim: 65536 exec/s: 935 rss: 1956Mb L: 4/51121 MS: 2 ShuffleBytes-Custom-
#8440	NEW    cov: 1609 ft: 6130 corp: 483/306Kb lim: 65536 exec/s: 937 rss: 1961Mb L: 25/51121 MS: 1 CustomCrossOver-
#8447	NEW    cov: 1609 ft: 6130 corp: 482/306Kb lim: 65536 exec/s: 938 rss: 1962Mb L: 4/51121 MS: 3 CustomCrossOver-CMP-Custom- DE: "\000\000"-
#8494	NEW    cov: 1609 ft: 6130 corp: 482/306Kb lim: 65536 exec/s: 849 rss: 1972Mb L: 2136/51121 MS: 4 ChangeByte-Custom-CrossOver-Custom-
#8497	NEW    cov: 1609 ft: 6130 corp: 483/306Kb lim: 65536 exec/s: 849 rss: 1973Mb L: 31/51121 MS: 6 InsertRepeatedBytes-Custom-CopyPart-Custom-PersAutoDict-Custom- DE: "compress"-
#8570	NEW    cov: 1609 ft: 6130 corp: 483/306Kb lim: 65536 exec/s: 857 rss: 1989Mb L: 9/51121 MS: 6 CMP-Custom-CopyPart-Custom-ChangeBinInt-Custom- DE: "merge"-
#8591	NEW    cov: 1609 ft: 6130 corp: 484/306Kb lim: 65536 exec/s: 859 rss: 1995Mb L: 5/51121 MS: 2 ChangeByte-Custom-
#8592	NEW    cov: 1609 ft: 6130 corp: 483/306Kb lim: 65536 exec/s: 859 rss: 1995Mb L: 4/51121 MS: 2 EraseBytes-Custom-
#8604	NEW    cov: 1609 ft: 6130 corp: 483/305Kb lim: 65536 exec/s: 860 rss: 1998Mb L: 512/51121 MS: 4 ManualDict-Custom-CopyPart-Custom- DE: "["-
#8929	RELOAD cov: 1609 ft: 6156 corp: 508/366Kb lim: 65536 exec/s: 892 rss: 2069Mb
#8940	NEW    cov: 1609 ft: 6156 corp: 508/366Kb lim: 65536 exec/s: 894 rss: 2072Mb L: 4/61977 MS: 2 InsertByte-Custom-
#8942	NEW    cov: 1609 ft: 6156 corp: 509/366Kb lim: 65536 exec/s: 894 rss: 2072Mb L: 5/61977 MS: 4 CopyPart-Custom-InsertByte-Custom-
#9027	NEW    cov: 1609 ft: 6157 corp: 510/366Kb lim: 65536 exec/s: 902 rss: 2091Mb L: 236/61977 MS: 9 CustomCrossOver-InsertByte-Custom-CopyPart-Custom-CMP-Custom-InsertRepeatedBytes-Custom- DE: "\000\000\000\000\000\000\000\000"-
#9038	NEW    cov: 1609 ft: 6157 corp: 511/366Kb lim: 65536 exec/s: 903 rss: 2094Mb L: 3/61977 MS: 2 CopyPart-Custom-
#9052	NEW    cov: 1609 ft: 6157 corp: 511/366Kb lim: 65536 exec/s: 905 rss: 2097Mb L: 68/61977 MS: 8 InsertByte-Custom-InsertRepeatedBytes-Custom-InsertByte-Custom-EraseBytes-Custom-
#9058	NEW    cov: 1609 ft: 6157 corp: 512/366Kb lim: 65536 exec/s: 905 rss: 2098Mb L: 2/61977 MS: 1 CustomCrossOver-
#9075	NEW    cov: 1609 ft: 6157 corp: 512/366Kb lim: 65536 exec/s: 907 rss: 2102Mb L: 5/61977 MS: 4 ChangeBit-Custom-EraseBytes-Custom-
#9107	NEW    cov: 1609 ft: 6157 corp: 513/366Kb lim: 65536 exec/s: 910 rss: 2109Mb L: 81/61977 MS: 4 ChangeByte-Custom-InsertRepeatedBytes-Custom-
#9121	NEW    cov: 1609 ft: 6157 corp: 514/367Kb lim: 65536 exec/s: 912 rss: 2112Mb L: 65/61977 MS: 5 PersAutoDict-Custom-CustomCrossOver-CustomCrossOver-CustomCrossOver- DE: "("-
#9132	NEW    cov: 1609 ft: 6157 corp: 514/367Kb lim: 65536 exec/s: 913 rss: 2115Mb L: 5/61977 MS: 2 CopyPart-Custom-
#9142	NEW    cov: 1609 ft: 6157 corp: 514/366Kb lim: 65536 exec/s: 914 rss: 2117Mb L: 122/61977 MS: 10 ShuffleBytes-Custom-InsertRepeatedBytes-Custom-CopyPart-Custom-ShuffleBytes-Custom-PersAutoDict-Custom- DE: "\036"-
#9154	NEW    cov: 1609 ft: 6157 corp: 514/366Kb lim: 65536 exec/s: 915 rss: 2120Mb L: 7/61977 MS: 3 PersAutoDict-Custom-CustomCrossOver- DE: "\001\022"-
#9185	NEW    cov: 1609 ft: 6157 corp: 513/366Kb lim: 65536 exec/s: 918 rss: 2126Mb L: 1/61977 MS: 2 EraseBytes-Custom-
#9214	NEW    cov: 1609 ft: 6157 corp: 513/366Kb lim: 65536 exec/s: 921 rss: 2133Mb L: 25/61977 MS: 8 CMP-Custom-InsertByte-Custom-ChangeBit-Custom-ShuffleBytes-Custom- DE: "\243\000\000\000\000\000\000\000"-
#9231	NEW    cov: 1609 ft: 6157 corp: 513/366Kb lim: 65536 exec/s: 923 rss: 2137Mb L: 5/61977 MS: 4 ShuffleBytes-Custom-ChangeByte-Custom-
#9233	NEW    cov: 1609 ft: 6157 corp: 514/366Kb lim: 65536 exec/s: 923 rss: 2137Mb L: 132/61977 MS: 4 InsertRepeatedBytes-Custom-CMP-Custom- DE: "extra"-
#9329	NEW    cov: 1609 ft: 6157 corp: 514/366Kb lim: 65536 exec/s: 932 rss: 2158Mb L: 17/61977 MS: 2 CrossOver-Custom-
#9347	NEW    cov: 1609 ft: 6157 corp: 514/366Kb lim: 65536 exec/s: 934 rss: 2163Mb L: 2/61977 MS: 3 CustomCrossOver-CustomCrossOver-CustomCrossOver-
#9385	NEW    cov: 1609 ft: 6157 corp: 513/366Kb lim: 65536 exec/s: 853 rss: 2171Mb L: 2/61977 MS: 6 ChangeBinInt-Custom-CrossOver-Custom-ChangeBit-Custom-
#9411	NEW    cov: 1609 ft: 6157 corp: 514/366Kb lim: 65536 exec/s: 855 rss: 2176Mb L: 6/61977 MS: 2 ShuffleBytes-Custom-
#9432	NEW    cov: 1609 ft: 6157 corp: 514/366Kb lim: 65536 exec/s: 857 rss: 2181Mb L: 2/61977 MS: 2 ChangeByte-Custom-
#9468	NEW    cov: 1609 ft: 6157 corp: 515/366Kb lim: 65536 exec/s: 860 rss: 2190Mb L: 3/61977 MS: 2 InsertByte-Custom-
#9506	NEW    cov: 1609 ft: 6157 corp: 515/366Kb lim: 65536 exec/s: 864 rss: 2200Mb L: 3/61977 MS: 6 InsertByte-Custom-ChangeByte-Custom-CopyPart-Custom-
#9524	NEW    cov: 1609 ft: 6158 corp: 516/367Kb lim: 65536 exec/s: 865 rss: 2204Mb L: 902/61977 MS: 4 CustomCrossOver-CrossOver-Custom-CustomCrossOver-
#9538	NEW    cov: 1609 ft: 6158 corp: 516/367Kb lim: 65536 exec/s: 867 rss: 2207Mb L: 2/61977 MS: 7 InsertByte-Custom-CrossOver-Custom-ChangeBit-Custom-CustomCrossOver-
#9539	NEW    cov: 1609 ft: 6158 corp: 516/367Kb lim: 65536 exec/s: 867 rss: 2207Mb L: 3/61977 MS: 2 EraseBytes-Custom-
#9550	NEW    cov: 1609 ft: 6158 corp: 516/367Kb lim: 65536 exec/s: 868 rss: 2209Mb L: 2/61977 MS: 2 EraseBytes-Custom-
#9579	NEW    cov: 1609 ft: 6158 corp: 516/367Kb lim: 65536 exec/s: 870 rss: 2216Mb L: 4/61977 MS: 5 CustomCrossOver-CustomCrossOver-ChangeBit-Custom-CustomCrossOver-
#9602	NEW    cov: 1609 ft: 6158 corp: 517/367Kb lim: 65536 exec/s: 872 rss: 2221Mb L: 19/61977 MS: 6 ChangeBit-Custom-PersAutoDict-Custom-CopyPart-Custom- DE: "or"-
#9658	NEW    cov: 1609 ft: 6158 corp: 517/367Kb lim: 65536 exec/s: 878 rss: 2233Mb L: 31/61977 MS: 2 ShuffleBytes-Custom-
#9661	NEW    cov: 1609 ft: 6158 corp: 517/367Kb lim: 65536 exec/s: 878 rss: 2234Mb L: 1/61977 MS: 5 CustomCrossOver-ShuffleBytes-Custom-EraseBytes-Custom-
#9673	NEW    cov: 1609 ft: 6158 corp: 518/367Kb lim: 65536 exec/s: 879 rss: 2237Mb L: 1/61977 MS: 3 CustomCrossOver-EraseBytes-Custom-
#9711	NEW    cov: 1609 ft: 6158 corp: 518/367Kb lim: 65536 exec/s: 882 rss: 2244Mb L: 2/61977 MS: 3 CustomCrossOver-CustomCrossOver-CustomCrossOver-
#9789	NEW    cov: 1609 ft: 6158 corp: 517/367Kb lim: 65536 exec/s: 889 rss: 2262Mb L: 4/61977 MS: 3 CustomCrossOver-CustomCrossOver-CustomCrossOver-
#9828	NEW    cov: 1609 ft: 6158 corp: 517/367Kb lim: 65536 exec/s: 893 rss: 2271Mb L: 73/61977 MS: 8 CopyPart-Custom-PersAutoDict-Custom-ShuffleBytes-Custom-InsertRepeatedBytes-Custom- DE: "then"-
#10170	RELOAD cov: 1609 ft: 6182 corp: 536/604Kb lim: 65536 exec/s: 924 rss: 2345Mb
#10266	NEW    cov: 1609 ft: 6183 corp: 537/604Kb lim: 65536 exec/s: 933 rss: 2365Mb L: 54/62104 MS: 2 ShuffleBytes-Custom-
#10268	NEW    cov: 1609 ft: 6187 corp: 536/588Kb lim: 65536 exec/s: 855 rss: 2366Mb L: 1025/62104 MS: 3 ChangeASCIIInt-Custom-CustomCrossOver-
#10278	NEW    cov: 1609 ft: 6187 corp: 536/588Kb lim: 65536 exec/s: 856 rss: 2368Mb L: 31496/62104 MS: 10 ManualDict-Custom-PersAutoDict-Custom-ChangeByte-Custom-PersAutoDict-Custom-ChangeBinInt-Custom- DE: "does-not-exist"-"\000\000"-"parallel"-
#10314	NEW    cov: 1609 ft: 6193 corp: 537/648Kb lim: 65536 exec/s: 859 rss: 2376Mb L: 61977/62104 MS: 2 ManualDict-Custom- DE: "sdbm"-
#10334	NEW    cov: 1609 ft: 6193 corp: 537/648Kb lim: 65536 exec/s: 861 rss: 2380Mb L: 1038/62104 MS: 10 ManualDict-Custom-ManualDict-Custom-ChangeByte-Custom-InsertRepeatedBytes-Custom-InsertRepeatedBytes-Custom- DE: "must be a table"-"docs"-
#10343	NEW    cov: 1609 ft: 6193 corp: 538/648Kb lim: 65536 exec/s: 861 rss: 2382Mb L: 4/62104 MS: 8 ChangeByte-Custom-ShuffleBytes-Custom-ChangeByte-Custom-InsertByte-Custom-
#10449	NEW    cov: 1609 ft: 6193 corp: 539/648Kb lim: 65536 exec/s: 870 rss: 2406Mb L: 1/62104 MS: 2 ChangeBit-Custom-
#10460	NEW    cov: 1609 ft: 6193 corp: 539/648Kb lim: 65536 exec/s: 871 rss: 2409Mb L: 2/62104 MS: 2 ShuffleBytes-Custom-
#10461	NEW    cov: 1609 ft: 6194 corp: 540/653Kb lim: 65536 exec/s: 871 rss: 2409Mb L: 4589/62104 MS: 2 EraseBytes-Custom-
#10466	NEW    cov: 1609 ft: 6195 corp: 541/653Kb lim: 65536 exec/s: 872 rss: 2410Mb L: 267/62104 MS: 10 ChangeBinInt-Custom-ShuffleBytes-Custom-ChangeBinInt-Custom-CopyPart-Custom-ShuffleBytes-Custom-
#10488	NEW    cov: 1609 ft: 6195 corp: 542/653Kb lim: 65536 exec/s: 874 rss: 2415Mb L: 2/62104 MS: 2 CustomCrossOver-CustomCrossOver-
#10509	NEW    cov: 1609 ft: 6198 corp: 543/653Kb lim: 65536 exec/s: 875 rss: 2420Mb L: 55/62104 MS: 2 InsertByte-Custom-
#10517	NEW    cov: 1609 ft: 6198 corp: 543/652Kb lim: 65536 exec/s: 876 rss: 2422Mb L: 3899/62104 MS: 6 ChangeByte-Custom-PersAutoDict-Custom-EraseBytes-Custom- DE: "step"-
#10524	NEW    cov: 1609 ft: 6198 corp: 543/652Kb lim: 65536 exec/s: 877 rss: 2424Mb L: 1/62104 MS: 4 EraseBytes-Custom-ChangeBit-Custom-
#10553	NEW    cov: 1609 ft: 6199 corp: 544/652Kb lim: 65536 exec/s: 879 rss: 2431Mb L: 61/62104 MS: 8 CMP-Custom-InsertRepeatedBytes-Custom-EraseBytes-Custom-ShuffleBytes-Custom- DE: "require"-
#10583	NEW    cov: 1609 ft: 6199 corp: 544/652Kb lim: 65536 exec/s: 881 rss: 2438Mb L: 11/62104 MS: 10 InsertByte-Custom-ChangeByte-Custom-ChangeByte-Custom-EraseBytes-Custom-ChangeBit-Custom-
#10584	NEW    cov: 1609 ft: 6199 corp: 544/652Kb lim: 65536 exec/s: 882 rss: 2438Mb L: 3/62104 MS: 2 ChangeByte-Custom-
#10704	NEW    cov: 1609 ft: 6199 corp: 545/652Kb lim: 65536 exec/s: 892 rss: 2465Mb L: 29/62104 MS: 10 ChangeBit-Custom-CopyPart-Custom-ChangeBit-Custom-InsertByte-Custom-CopyPart-Custom-
#10841	NEW    cov: 1609 ft: 6199 corp: 546/652Kb lim: 65536 exec/s: 903 rss: 2494Mb L: 1/62104 MS: 2 CustomCrossOver-CustomCrossOver-
#10918	NEW    cov: 1609 ft: 6199 corp: 546/651Kb lim: 65536 exec/s: 909 rss: 2510Mb L: 2/62104 MS: 2 CustomCrossOver-CustomCrossOver-
#10920	NEW    cov: 1609 ft: 6200 corp: 547/651Kb lim: 65536 exec/s: 910 rss: 2511Mb L: 268/62104 MS: 4 PersAutoDict-Custom-InsertRepeatedBytes-Custom- DE: "vault"-
#10971	NEW    cov: 1609 ft: 6200 corp: 548/651Kb lim: 65536 exec/s: 914 rss: 2521Mb L: 1/62104 MS: 2 ChangeByte-Custom-
#11041	NEW    cov: 1609 ft: 6201 corp: 548/651Kb lim: 65536 exec/s: 920 rss: 2536Mb L: 29/62104 MS: 10 ChangeByte-Custom-ManualDict-Custom-ChangeBinInt-Custom-CopyPart-Custom-InsertByte-Custom- DE: "\\r"-
#11282	RELOAD cov: 1609 ft: 6227 corp: 563/800Kb lim: 65536 exec/s: 867 rss: 2585Mb
#11322	NEW    cov: 1609 ft: 6227 corp: 563/800Kb lim: 65536 exec/s: 870 rss: 2594Mb L: 520/63900 MS: 8 CustomCrossOver-CrossOver-Custom-CustomCrossOver-ManualDict-Custom-InsertRepeatedBytes-Custom- DE: "animation"-
#11356	NEW    cov: 1609 ft: 6227 corp: 563/800Kb lim: 65536 exec/s: 873 rss: 2602Mb L: 28/63900 MS: 8 ChangeBit-Custom-InsertByte-Custom-ChangeBit-Custom-InsertByte-Custom-
#11362	NEW    cov: 1609 ft: 6230 corp: 564/859Kb lim: 65536 exec/s: 874 rss: 2603Mb L: 60586/63900 MS: 2 CopyPart-Custom-
#11513	NEW    cov: 1609 ft: 6230 corp: 565/859Kb lim: 65536 exec/s: 885 rss: 2635Mb L: 1/63900 MS: 2 ShuffleBytes-Custom-
#11519	NEW    cov: 1609 ft: 6230 corp: 565/859Kb lim: 65536 exec/s: 886 rss: 2635Mb L: 2/63900 MS: 2 EraseBytes-Custom-
#11524	NEW    cov: 1609 ft: 6233 corp: 566/871Kb lim: 65536 exec/s: 886 rss: 2636Mb L: 12028/63900 MS: 10 ManualDict-Custom-ChangeBit-Custom-ChangeBit-Custom-InsertRepeatedBytes-Custom-CopyPart-Custom- DE: "not-a-strategy"-
#11580	NEW    cov: 1609 ft: 6233 corp: 566/871Kb lim: 65536 exec/s: 890 rss: 2649Mb L: 3/63900 MS: 2 ShuffleBytes-Custom-
#11606	NEW    cov: 1609 ft: 6233 corp: 565/854Kb lim: 65536 exec/s: 892 rss: 2655Mb L: 16612/63900 MS: 2 EraseBytes-Custom-
#11663	NEW    cov: 1609 ft: 6233 corp: 566/854Kb lim: 65536 exec/s: 897 rss: 2667Mb L: 3/63900 MS: 4 EraseBytes-Custom-ShuffleBytes-Custom-
#11668	NEW    cov: 1609 ft: 6236 corp: 565/854Kb lim: 65536 exec/s: 897 rss: 2669Mb L: 2/63900 MS: 7 CustomCrossOver-CustomCrossOver-InsertRepeatedBytes-Custom-EraseBytes-Custom-CustomCrossOver-
#11670	NEW    cov: 1609 ft: 6238 corp: 565/823Kb lim: 65536 exec/s: 897 rss: 2669Mb L: 508/63900 MS: 3 CustomCrossOver-EraseBytes-Custom-
#11796	NEW    cov: 1609 ft: 6238 corp: 565/823Kb lim: 65536 exec/s: 907 rss: 2696Mb L: 30/63900 MS: 2 CrossOver-Custom-
#11819	NEW    cov: 1609 ft: 6238 corp: 565/822Kb lim: 65536 exec/s: 909 rss: 2701Mb L: 50108/63900 MS: 6 PersAutoDict-Custom-ChangeASCIIInt-Custom-EraseBytes-Custom- DE: "\000\001"-
#11848	NEW    cov: 1609 ft: 6243 corp: 565/822Kb lim: 65536 exec/s: 911 rss: 2708Mb L: 7/63900 MS: 6 ManualDict-Custom-CustomCrossOver-CustomCrossOver-ChangeByte-Custom- DE: "unpack"-
#11905	NEW    cov: 1609 ft: 6246 corp: 566/883Kb lim: 65536 exec/s: 915 rss: 2721Mb L: 61993/63900 MS: 4 CMP-Custom-ChangeByte-Custom- DE: "replace"-
#11914	NEW    cov: 1609 ft: 6246 corp: 567/883Kb lim: 65536 exec/s: 916 rss: 2723Mb L: 18/63900 MS: 4 CustomCrossOver-CustomCrossOver-CustomCrossOver-CustomCrossOver-
#11923	NEW    cov: 1609 ft: 6247 corp: 568/883Kb lim: 65536 exec/s: 917 rss: 2725Mb L: 110/63900 MS: 8 ShuffleBytes-Custom-ChangeByte-Custom-InsertRepeatedBytes-Custom-InsertRepeatedBytes-Custom-
#11930	NEW    cov: 1609 ft: 6247 corp: 569/883Kb lim: 65536 exec/s: 917 rss: 2726Mb L: 4/63900 MS: 2 CustomCrossOver-CustomCrossOver-
#11965	NEW    cov: 1609 ft: 6248 corp: 570/883Kb lim: 65536 exec/s: 920 rss: 2734Mb L: 123/63900 MS: 10 ChangeBit-Custom-ManualDict-Custom-ManualDict-Custom-ChangeBinInt-Custom-InsertRepeatedBytes-Custom- DE: "icons"-"spinner"-
#12003	NEW    cov: 1609 ft: 6248 corp: 570/883Kb lim: 65536 exec/s: 923 rss: 2742Mb L: 4/63900 MS: 6 ChangeByte-Custom-InsertByte-Custom-CopyPart-Custom-
#12045	NEW    cov: 1609 ft: 6248 corp: 570/883Kb lim: 65536 exec/s: 926 rss: 2750Mb L: 1/63900 MS: 4 CopyPart-Custom-CopyPart-Custom-
#12094	NEW    cov: 1609 ft: 6248 corp: 570/883Kb lim: 65536 exec/s: 863 rss: 2760Mb L: 2/63900 MS: 7 InsertByte-Custom-InsertByte-Custom-ChangeByte-Custom-CustomCrossOver-
#12128	NEW    cov: 1609 ft: 6248 corp: 570/883Kb lim: 65536 exec/s: 866 rss: 2767Mb L: 19/63900 MS: 8 PersAutoDict-Custom-InsertByte-Custom-ChangeBinInt-Custom-PersAutoDict-Custom- DE: "failures"-"\000\000"-
	NEW_FUNC[1/11]: 0x000000513bc0 in std::__detail::_Hash_node<std::pair<std::__cxx11::basic_string<char, std::char_traits<char>, std::allocator<char>> const, std::shared_ptr<beez::core::StepConfig const>>, true>::_M_next() const /usr/bin/../lib/gcc/x86_64-redhat-linux/16/../../../../include/c++/16/bits/hashtable_policy.h:367
	NEW_FUNC[2/11]: 0x000000513d50 in std::__detail::_Hashtable_alloc<std::allocator<std::__detail::_Hash_node<std::pair<std::__cxx11::basic_string<char, std::char_traits<char>, std::allocator<char>> const, std::shared_ptr<beez::core::StepConfig const>>, true>>>::_M_deallocate_node(std::__detail::_Hash_node<std::pair<std::__cxx11::basic_string<char, std::char_traits<char>, std::allocator<char>> const, std::shared_ptr<beez::core::StepConfig const>>, true>*) /usr/bin/../lib/gcc/x86_64-redhat-linux/16/../../../../include/c++/16/bits/hashtable_policy.h:1590
#12420	RELOAD cov: 1656 ft: 6359 corp: 586/1130Kb lim: 65536 exec/s: 887 rss: 2828Mb
#12431	NEW    cov: 1656 ft: 6359 corp: 586/1130Kb lim: 65536 exec/s: 887 rss: 2829Mb L: 2/64221 MS: 1 CustomCrossOver-
#12472	NEW    cov: 1656 ft: 6359 corp: 586/1130Kb lim: 65536 exec/s: 890 rss: 2838Mb L: 12/64221 MS: 2 ChangeBinInt-Custom-
#12498	NEW    cov: 1656 ft: 6359 corp: 587/1130Kb lim: 65536 exec/s: 892 rss: 2843Mb L: 4/64221 MS: 2 InsertByte-Custom-
#12574	NEW    cov: 1656 ft: 6359 corp: 587/1130Kb lim: 65536 exec/s: 898 rss: 2861Mb L: 2/64221 MS: 2 ChangeBit-Custom-
#12640	NEW    cov: 1656 ft: 6359 corp: 587/1130Kb lim: 65536 exec/s: 902 rss: 2875Mb L: 8/64221 MS: 2 InsertByte-Custom-
#12791	NEW    cov: 1656 ft: 6359 corp: 587/1130Kb lim: 65536 exec/s: 913 rss: 2908Mb L: 1/64221 MS: 2 ChangeByte-Custom-
#12895	NEW    cov: 1656 ft: 6359 corp: 587/1129Kb lim: 65536 exec/s: 921 rss: 2932Mb L: 1138/64221 MS: 8 EraseBytes-Custom-InsertByte-Custom-CMP-Custom-ChangeASCIIInt-Custom- DE: "temp"-
#12915	NEW    cov: 1656 ft: 6359 corp: 587/1129Kb lim: 65536 exec/s: 922 rss: 2936Mb L: 8/64221 MS: 10 PersAutoDict-Custom-InsertByte-Custom-ManualDict-Custom-EraseBytes-Custom-CopyPart-Custom- DE: "workflow"-"TOKEN"-
#12930	NEW    cov: 1656 ft: 6361 corp: 588/1193Kb lim: 65536 exec/s: 923 rss: 2940Mb L: 65097/65097 MS: 8 EraseBytes-Custom-CustomCrossOver-CustomCrossOver-InsertByte-Custom-CopyPart-Custom-
#12987	NEW    cov: 1656 ft: 6361 corp: 588/1193Kb lim: 65536 exec/s: 865 rss: 2951Mb L: 16/65097 MS: 4 ChangeBit-Custom-ChangeByte-Custom-
#13094	NEW    cov: 1656 ft: 6361 corp: 589/1193Kb lim: 65536 exec/s: 872 rss: 2975Mb L: 2/65097 MS: 4 EraseBytes-Custom-EraseBytes-Custom-
#13103	NEW    cov: 1656 ft: 6362 corp: 590/1193Kb lim: 65536 exec/s: 873 rss: 2977Mb L: 159/65097 MS: 8 InsertRepeatedBytes-Custom-CopyPart-Custom-ManualDict-Custom-ChangeBit-Custom- DE: "verbose"-
#13111	NEW    cov: 1656 ft: 6362 corp: 590/1193Kb lim: 65536 exec/s: 874 rss: 2979Mb L: 1/65097 MS: 6 ChangeBit-Custom-EraseBytes-Custom-ShuffleBytes-Custom-
#13147	NEW    cov: 1656 ft: 6362 corp: 590/1193Kb lim: 65536 exec/s: 876 rss: 2986Mb L: 2/65097 MS: 2 ChangeBinInt-Custom-
#13157	NEW    cov: 1656 ft: 6362 corp: 590/1193Kb lim: 65536 exec/s: 877 rss: 2989Mb L: 40/65097 MS: 7 EraseBytes-Custom-CustomCrossOver-CustomCrossOver-CustomCrossOver-CopyPart-Custom-
#13158	NEW    cov: 1656 ft: 6364 corp: 589/1189Kb lim: 65536 exec/s: 877 rss: 2989Mb L: 4098/65097 MS: 2 ManualDict-Custom- DE: "count"-
#13225	NEW    cov: 1656 ft: 6364 corp: 589/1185Kb lim: 65536 exec/s: 881 rss: 3003Mb L: 518/65097 MS: 4 CopyPart-Custom-ChangeBit-Custom-
#13261	NEW    cov: 1656 ft: 6364 corp: 589/1185Kb lim: 65536 exec/s: 884 rss: 3011Mb L: 2/65097 MS: 1 CustomCrossOver-
#13337	NEW    cov: 1656 ft: 6364 corp: 590/1185Kb lim: 65536 exec/s: 889 rss: 3027Mb L: 2/65097 MS: 2 ShuffleBytes-Custom-
#13598	RELOAD cov: 1656 ft: 6583 corp: 595/1326Kb lim: 65536 exec/s: 906 rss: 3081Mb
#13694	NEW    cov: 1656 ft: 6583 corp: 596/1326Kb lim: 65536 exec/s: 912 rss: 3101Mb L: 4/65097 MS: 2 ChangeBit-Custom-
#13698	NEW    cov: 1656 ft: 6583 corp: 596/1326Kb lim: 65536 exec/s: 913 rss: 3102Mb L: 3/65097 MS: 6 InsertRepeatedBytes-Custom-CustomCrossOver-InsertByte-Custom-CustomCrossOver-
#13745	NEW    cov: 1656 ft: 6583 corp: 596/1263Kb lim: 65536 exec/s: 916 rss: 3112Mb L: 5/65097 MS: 4 EraseBytes-Custom-InsertByte-Custom-
#13788	NEW    cov: 1656 ft: 6583 corp: 596/1263Kb lim: 65536 exec/s: 919 rss: 3122Mb L: 34/65097 MS: 6 InsertByte-Custom-EraseBytes-Custom-InsertRepeatedBytes-Custom-
#13894	NEW    cov: 1656 ft: 6583 corp: 596/1263Kb lim: 65536 exec/s: 868 rss: 3145Mb L: 6/65097 MS: 2 InsertByte-Custom-
#13925	NEW    cov: 1656 ft: 6583 corp: 596/1263Kb lim: 65536 exec/s: 870 rss: 3152Mb L: 59828/65097 MS: 2 ChangeBit-Custom-
#13930	NEW    cov: 1656 ft: 6583 corp: 596/1260Kb lim: 65536 exec/s: 870 rss: 3153Mb L: 57595/65097 MS: 10 ChangeByte-Custom-ChangeBinInt-Custom-ChangeASCIIInt-Custom-ChangeASCIIInt-Custom-EraseBytes-Custom-
#13943	NEW    cov: 1656 ft: 6583 corp: 596/1260Kb lim: 65536 exec/s: 871 rss: 3156Mb L: 35/65097 MS: 6 ShuffleBytes-Custom-ManualDict-Custom-ChangeBinInt-Custom- DE: "return"-
#13953	NEW    cov: 1656 ft: 6583 corp: 596/1242Kb lim: 65536 exec/s: 872 rss: 3158Mb L: 44801/65097 MS: 10 ManualDict-Custom-PersAutoDict-Custom-EraseBytes-Custom-ChangeASCIIInt-Custom-CopyPart-Custom- DE: "protect"-"function"-
#14115	NEW    cov: 1656 ft: 6583 corp: 597/1242Kb lim: 65536 exec/s: 882 rss: 3192Mb L: 2/65097 MS: 4 ShuffleBytes-Custom-InsertByte-Custom-
#14116	NEW    cov: 1656 ft: 6583 corp: 598/1242Kb lim: 65536 exec/s: 882 rss: 3192Mb L: 1/65097 MS: 2 ChangeByte-Custom-
#14134	NEW    cov: 1656 ft: 6583 corp: 598/1242Kb lim: 65536 exec/s: 883 rss: 3196Mb L: 2/65097 MS: 6 ChangeBit-Custom-ShuffleBytes-Custom-ShuffleBytes-Custom-
#14174	NEW    cov: 1656 ft: 6591 corp: 599/1242Kb lim: 65536 exec/s: 885 rss: 3205Mb L: 108/65097 MS: 10 ManualDict-Custom-InsertRepeatedBytes-Custom-CMP-Custom-ChangeBit-Custom-InsertByte-Custom- DE: "typo_section"-"copy"-
#14231	NEW    cov: 1656 ft: 6592 corp: 600/1301Kb lim: 65536 exec/s: 889 rss: 3216Mb L: 60589/65097 MS: 4 ChangeBit-Custom-ChangeByte-Custom-
#14241	NEW    cov: 1656 ft: 6592 corp: 600/1277Kb lim: 65536 exec/s: 890 rss: 3218Mb L: 24509/65097 MS: 10 ManualDict-Custom-CopyPart-Custom-InsertByte-Custom-InsertByte-Custom-EraseBytes-Custom- DE: "stress"-
#14259	NEW    cov: 1656 ft: 6592 corp: 600/1249Kb lim: 65536 exec/s: 891 rss: 3222Mb L: 31908/65097 MS: 6 ChangeBit-Custom-InsertRepeatedBytes-Custom-EraseBytes-Custom-
#14350	NEW    cov: 1656 ft: 6593 corp: 601/1249Kb lim: 65536 exec/s: 896 rss: 3240Mb L: 31/65097 MS: 2 ChangeBit-Custom-
#14354	NEW    cov: 1656 ft: 6593 corp: 601/1237Kb lim: 65536 exec/s: 897 rss: 3241Mb L: 1036/65097 MS: 8 ShuffleBytes-Custom-ChangeBinInt-Custom-ManualDict-Custom-InsertByte-Custom- DE: "generate"-
#14355	NEW    cov: 1656 ft: 6593 corp: 601/1237Kb lim: 65536 exec/s: 897 rss: 3241Mb L: 17/65097 MS: 2 ChangeBit-Custom-
#14426	NEW    cov: 1656 ft: 6595 corp: 602/1237Kb lim: 65536 exec/s: 901 rss: 3256Mb L: 61/65097 MS: 1 CustomCrossOver-
#14467	NEW    cov: 1656 ft: 6595 corp: 603/1237Kb lim: 65536 exec/s: 904 rss: 3265Mb L: 24/65097 MS: 2 InsertByte-Custom-
#14498	NEW    cov: 1656 ft: 6595 corp: 603/1237Kb lim: 65536 exec/s: 906 rss: 3272Mb L: 1053/65097 MS: 2 InsertRepeatedBytes-Custom-
#14534	NEW    cov: 1656 ft: 6676 corp: 604/1237Kb lim: 65536 exec/s: 908 rss: 3279Mb L: 2/65097 MS: 1 CustomCrossOver-
#14709	RELOAD cov: 1656 ft: 6711 corp: 616/1672Kb lim: 65536 exec/s: 919 rss: 3318Mb
#14745	NEW    cov: 1656 ft: 6711 corp: 616/1671Kb lim: 65536 exec/s: 921 rss: 3325Mb L: 64533/65418 MS: 2 CopyPart-Custom-
#14876	NEW    cov: 1656 ft: 6711 corp: 616/1671Kb lim: 65536 exec/s: 875 rss: 3353Mb L: 36/65418 MS: 1 CustomCrossOver-
#14884	NEW    cov: 1656 ft: 6711 corp: 616/1671Kb lim: 65536 exec/s: 875 rss: 3354Mb L: 66/65418 MS: 6 InsertByte-Custom-CMP-Custom-ManualDict-Custom- DE: "\000c"-"~="-
#14943	NEW    cov: 1656 ft: 6712 corp: 617/1673Kb lim: 65536 exec/s: 879 rss: 3367Mb L: 1320/65418 MS: 8 ChangeBinInt-Custom-ChangeBit-Custom-ChangeByte-Custom-ChangeByte-Custom-
#15042	NEW    cov: 1656 ft: 6713 corp: 617/1673Kb lim: 65536 exec/s: 884 rss: 3390Mb L: 12/65418 MS: 7 CustomCrossOver-ShuffleBytes-Custom-ChangeBit-Custom-CMP-Custom- DE: "\000\000\000\000"-
#15093	NEW    cov: 1656 ft: 6713 corp: 617/1673Kb lim: 65536 exec/s: 887 rss: 3401Mb L: 29/65418 MS: 2 ManualDict-Custom- DE: "nil"-
#15210	NEW    cov: 1656 ft: 6713 corp: 617/1673Kb lim: 65536 exec/s: 894 rss: 3428Mb L: 37432/65418 MS: 3 ChangeBit-Custom-CustomCrossOver-
#15255	NEW    cov: 1656 ft: 6717 corp: 618/1736Kb lim: 65536 exec/s: 897 rss: 3437Mb L: 65336/65418 MS: 10 ChangeByte-Custom-PersAutoDict-Custom-ManualDict-Custom-PersAutoDict-Custom-CMP-Custom- DE: "\010\000\000\000\000\000\000\000"-"input"-"wait_all"-"\377\377\377\377\377\377\377\000"-
#15301	NEW    cov: 1656 ft: 6717 corp: 619/1737Kb lim: 65536 exec/s: 900 rss: 3446Mb L: 33/65418 MS: 2 PersAutoDict-Custom- DE: "\020\000\000\000\000\000\000\000"-
#15305	NEW    cov: 1656 ft: 6717 corp: 620/1737Kb lim: 65536 exec/s: 900 rss: 3447Mb L: 13/65418 MS: 8 CopyPart-Custom-PersAutoDict-Custom-ChangeBit-Custom-InsertByte-Custom- DE: "function"-
#15312	NEW    cov: 1656 ft: 6718 corp: 621/1737Kb lim: 65536 exec/s: 900 rss: 3449Mb L: 19/65418 MS: 4 ChangeBit-Custom-ChangeBit-Custom-
#15319	NEW    cov: 1656 ft: 6718 corp: 622/1737Kb lim: 65536 exec/s: 901 rss: 3450Mb L: 2/65418 MS: 4 EraseBytes-Custom-ChangeByte-Custom-
#15324	NEW    cov: 1656 ft: 6718 corp: 622/1737Kb lim: 65536 exec/s: 901 rss: 3451Mb L: 53/65418 MS: 8 CustomCrossOver-CustomCrossOver-ShuffleBytes-Custom-PersAutoDict-Custom-InsertRepeatedBytes-Custom- DE: "\000\000\000\000\000\000\000\000"-
#15505	NEW    cov: 1656 ft: 6718 corp: 622/1737Kb lim: 65536 exec/s: 912 rss: 3488Mb L: 1/65418 MS: 2 ManualDict-Custom- DE: "["-
#15507	NEW    cov: 1656 ft: 6718 corp: 623/1737Kb lim: 65536 exec/s: 912 rss: 3488Mb L: 14/65418 MS: 4 CMP-Custom-ChangeBinInt-Custom- DE: "\377\377\377\037"-
#15511	NEW    cov: 1656 ft: 6720 corp: 623/1736Kb lim: 65536 exec/s: 912 rss: 3489Mb L: 28/65418 MS: 5 CrossOver-Custom-CustomCrossOver-CustomCrossOver-CustomCrossOver-
#15512	NEW    cov: 1656 ft: 6720 corp: 623/1736Kb lim: 65536 exec/s: 912 rss: 3490Mb L: 2/65418 MS: 2 ChangeBit-Custom-
#15548	NEW    cov: 1656 ft: 6720 corp: 623/1736Kb lim: 65536 exec/s: 914 rss: 3498Mb L: 2/65418 MS: 2 ShuffleBytes-Custom-
#15576	NEW    cov: 1656 ft: 6725 corp: 624/1737Kb lim: 65536 exec/s: 916 rss: 3503Mb L: 469/65418 MS: 6 ChangeBit-Custom-InsertRepeatedBytes-Custom-ShuffleBytes-Custom-
#15600	NEW    cov: 1656 ft: 6725 corp: 624/1737Kb lim: 65536 exec/s: 917 rss: 3509Mb L: 22/65418 MS: 8 PersAutoDict-Custom-EraseBytes-Custom-ChangeByte-Custom-PersAutoDict-Custom- DE: "\001\000\000\000"-"BEEZ_FZ_"-
#15805	RELOAD cov: 1656 ft: 6732 corp: 639/1816Kb lim: 65536 exec/s: 878 rss: 3555Mb
#15806	NEW    cov: 1656 ft: 6732 corp: 640/1818Kb lim: 65536 exec/s: 878 rss: 3555Mb L: 2049/65497 MS: 2 PersAutoDict-Custom- DE: "\000c"-
#15838	NEW    cov: 1656 ft: 6732 corp: 639/1818Kb lim: 65536 exec/s: 879 rss: 3561Mb L: 2/65497 MS: 3 CopyPart-Custom-CustomCrossOver-
#15872	NEW    cov: 1656 ft: 6735 corp: 640/1825Kb lim: 65536 exec/s: 881 rss: 3568Mb L: 7347/65497 MS: 8 ChangeBinInt-Custom-ManualDict-Custom-ShuffleBytes-Custom-CopyPart-Custom- DE: "Lua error"-
#15873	NEW    cov: 1656 ft: 6735 corp: 641/1825Kb lim: 65536 exec/s: 881 rss: 3568Mb L: 2/65497 MS: 1 CustomCrossOver-
#15904	NEW    cov: 1656 ft: 6736 corp: 641/1825Kb lim: 65536 exec/s: 883 rss: 3574Mb L: 52/65497 MS: 2 CopyPart-Custom-
#15905	NEW    cov: 1656 ft: 6737 corp: 641/1824Kb lim: 65536 exec/s: 883 rss: 3575Mb L: 256/65497 MS: 1 CustomCrossOver-
#15921	NEW    cov: 1656 ft: 6737 corp: 641/1824Kb lim: 65536 exec/s: 884 rss: 3578Mb L: 2/65497 MS: 2 ShuffleBytes-Custom-
#15935	NEW    cov: 1656 ft: 6738 corp: 642/1824Kb lim: 65536 exec/s: 885 rss: 3581Mb L: 13/65497 MS: 8 InsertByte-Custom-CopyPart-Custom-PersAutoDict-Custom-CMP-Custom- DE: ":"-"\001\000\000\000\000\000\000\001"-
#15958	NEW    cov: 1656 ft: 6738 corp: 642/1824Kb lim: 65536 exec/s: 886 rss: 3586Mb L: 23/65497 MS: 6 ManualDict-Custom-CopyPart-Custom-ChangeBit-Custom- DE: "step"-
#15983	NEW    cov: 1656 ft: 6738 corp: 642/1785Kb lim: 65536 exec/s: 887 rss: 3590Mb L: 7929/65497 MS: 9 CrossOver-Custom-ManualDict-Custom-ChangeBit-Custom-PersAutoDict-Custom-CustomCrossOver- DE: "workflow"-"SHELL"-
#15986	NEW    cov: 1656 ft: 6738 corp: 642/1781Kb lim: 65536 exec/s: 888 rss: 3591Mb L: 12745/65497 MS: 5 ShuffleBytes-Custom-CustomCrossOver-CrossOver-Custom-
#15992	NEW    cov: 1656 ft: 6740 corp: 643/1845Kb lim: 65536 exec/s: 888 rss: 3592Mb L: 65301/65497 MS: 2 ChangeByte-Custom-
#15993	NEW    cov: 1656 ft: 6740 corp: 644/1845Kb lim: 65536 exec/s: 888 rss: 3593Mb L: 2/65497 MS: 2 ShuffleBytes-Custom-
#15994	NEW    cov: 1656 ft: 6740 corp: 642/1845Kb lim: 65536 exec/s: 888 rss: 3593Mb L: 4/65497 MS: 2 InsertByte-Custom-
#16000	NEW    cov: 1656 ft: 6740 corp: 640/1845Kb lim: 65536 exec/s: 888 rss: 3594Mb L: 3/65497 MS: 1 CustomCrossOver-
#16001	NEW    cov: 1656 ft: 6740 corp: 640/1845Kb lim: 65536 exec/s: 888 rss: 3594Mb L: 1/65497 MS: 2 ChangeBit-Custom-
#16002	NEW    cov: 1656 ft: 6741 corp: 641/1909Kb lim: 65536 exec/s: 889 rss: 3595Mb L: 65498/65498 MS: 2 ChangeBit-Custom-
#16013	NEW    cov: 1656 ft: 6741 corp: 640/1909Kb lim: 65536 exec/s: 889 rss: 3597Mb L: 21/65498 MS: 2 ChangeBinInt-Custom-
#16109	NEW    cov: 1656 ft: 6741 corp: 640/1909Kb lim: 65536 exec/s: 894 rss: 3616Mb L: 65484/65498 MS: 2 CopyPart-Custom-
#16135	NEW    cov: 1656 ft: 6741 corp: 641/1909Kb lim: 65536 exec/s: 896 rss: 3622Mb L: 3/65498 MS: 2 InsertByte-Custom-
#16156	NEW    cov: 1656 ft: 6742 corp: 639/1908Kb lim: 65536 exec/s: 897 rss: 3626Mb L: 18/65498 MS: 2 ChangeBinInt-Custom-
#16178	NEW    cov: 1656 ft: 6742 corp: 639/1908Kb lim: 65536 exec/s: 898 rss: 3630Mb L: 4/65498 MS: 2 CustomCrossOver-CustomCrossOver-
#16304	NEW    cov: 1656 ft: 6742 corp: 640/1908Kb lim: 65536 exec/s: 905 rss: 3657Mb L: 1/65498 MS: 2 EraseBytes-Custom-
#16345	NEW    cov: 1656 ft: 6742 corp: 641/1908Kb lim: 65536 exec/s: 908 rss: 3665Mb L: 4/65498 MS: 2 EraseBytes-Custom-
#16346	NEW    cov: 1656 ft: 6745 corp: 641/1908Kb lim: 65536 exec/s: 908 rss: 3666Mb L: 10/65498 MS: 2 PersAutoDict-Custom- DE: "\001\000\000\000\000\000\000\023"-
#16384	pulse  cov: 1656 ft: 6745 corp: 641/1908Kb lim: 65536 exec/s: 910 rss: 3674Mb
#16408	NEW    cov: 1656 ft: 6745 corp: 641/1907Kb lim: 65536 exec/s: 911 rss: 3677Mb L: 192/65498 MS: 4 CMP-Custom-CopyPart-Custom- DE: "\011\000\000\000\000\000\000\000"-
#16414	NEW    cov: 1656 ft: 6746 corp: 642/1907Kb lim: 65536 exec/s: 911 rss: 3679Mb L: 254/65498 MS: 2 InsertRepeatedBytes-Custom-
#16481	NEW    cov: 1656 ft: 6746 corp: 642/1907Kb lim: 65536 exec/s: 915 rss: 3693Mb L: 25/65498 MS: 4 PersAutoDict-Custom-ChangeByte-Custom- DE: "indicator_spin_interval"-
#16482	NEW    cov: 1656 ft: 6746 corp: 642/1847Kb lim: 65536 exec/s: 915 rss: 3694Mb L: 1027/65498 MS: 2 InsertByte-Custom-
#16488	NEW    cov: 1656 ft: 6746 corp: 641/1847Kb lim: 65536 exec/s: 916 rss: 3695Mb L: 19/65498 MS: 1 CustomCrossOver-
#16643	NEW    cov: 1656 ft: 6746 corp: 641/1847Kb lim: 65536 exec/s: 924 rss: 3727Mb L: 8/65498 MS: 10 ShuffleBytes-Custom-ShuffleBytes-Custom-PersAutoDict-Custom-ChangeBinInt-Custom-InsertByte-Custom- DE: "mutate"-
#16937	RELOAD cov: 1656 ft: 6759 corp: 646/2111Kb lim: 65536 exec/s: 891 rss: 3792Mb
#17113	NEW    cov: 1656 ft: 6759 corp: 646/2111Kb lim: 65536 exec/s: 900 rss: 3832Mb L: 12/65527 MS: 2 ShuffleBytes-Custom-
#17116	NEW    cov: 1656 ft: 6760 corp: 647/2159Kb lim: 65536 exec/s: 900 rss: 3833Mb L: 49164/65527 MS: 6 ManualDict-Custom-ChangeBit-Custom-ChangeASCIIInt-Custom- DE: "percent"-
#17207	NEW    cov: 1656 ft: 6760 corp: 647/2159Kb lim: 65536 exec/s: 905 rss: 3849Mb L: 1/65527 MS: 2 ChangeBit-Custom-
#17282	NEW    cov: 1656 ft: 6760 corp: 648/2159Kb lim: 65536 exec/s: 909 rss: 3867Mb L: 17/65527 MS: 9 ShuffleBytes-Custom-InsertRepeatedBytes-Custom-ChangeByte-Custom-ChangeBinInt-Custom-CustomCrossOver-
#17299	NEW    cov: 1656 ft: 6760 corp: 648/2159Kb lim: 65536 exec/s: 910 rss: 3870Mb L: 27/65527 MS: 4 ChangeByte-Custom-PersAutoDict-Custom- DE: "\301\347\334'\000\000\000\000"-
#17323	NEW    cov: 1656 ft: 6760 corp: 648/2159Kb lim: 65536 exec/s: 911 rss: 3875Mb L: 24/65527 MS: 8 ChangeByte-Custom-ManualDict-Custom-CopyPart-Custom-PersAutoDict-Custom- DE: "beez.config"-"copy"-
#17380	NEW    cov: 1656 ft: 6760 corp: 648/2159Kb lim: 65536 exec/s: 914 rss: 3888Mb L: 2/65527 MS: 2 CustomCrossOver-CustomCrossOver-
#17414	NEW    cov: 1656 ft: 6761 corp: 648/2159Kb lim: 65536 exec/s: 916 rss: 3896Mb L: 2/65527 MS: 8 CopyPart-Custom-ChangeBit-Custom-ChangeByte-Custom-ChangeBinInt-Custom-
#17520	NEW    cov: 1656 ft: 6761 corp: 648/2159Kb lim: 65536 exec/s: 922 rss: 3917Mb L: 17/65527 MS: 2 ChangeByte-Custom-
#17521	NEW    cov: 1656 ft: 6764 corp: 648/2101Kb lim: 65536 exec/s: 922 rss: 3917Mb L: 1110/65527 MS: 2 CopyPart-Custom-
#17551	NEW    cov: 1656 ft: 6764 corp: 649/2101Kb lim: 65536 exec/s: 923 rss: 3924Mb L: 16/65527 MS: 8 CustomCrossOver-CustomCrossOver-InsertByte-Custom-ChangeByte-Custom-ChangeBinInt-Custom-
#17680	NEW    cov: 1656 ft: 6765 corp: 650/2105Kb lim: 65536 exec/s: 884 rss: 3952Mb L: 4127/65527 MS: 8 CopyPart-Custom-InsertByte-Custom-PersAutoDict-Custom-ShuffleBytes-Custom- DE: "\377\377\377\037"-
#17697	NEW    cov: 1656 ft: 6765 corp: 650/2105Kb lim: 65536 exec/s: 884 rss: 3956Mb L: 3/65527 MS: 4 InsertByte-Custom-ChangeBit-Custom-
#17860	NEW    cov: 1656 ft: 6765 corp: 649/2105Kb lim: 65536 exec/s: 893 rss: 3991Mb L: 2/65527 MS: 6 ChangeBit-Custom-EraseBytes-Custom-InsertByte-Custom-
#18039	RELOAD cov: 1656 ft: 6779 corp: 655/2226Kb lim: 65536 exec/s: 901 rss: 4030Mb
#18188	NEW    cov: 1656 ft: 6779 corp: 654/2226Kb lim: 65536 exec/s: 909 rss: 4056Mb L: 258/65536 MS: 8 EraseBytes-Custom-InsertByte-Custom-ManualDict-Custom-EraseBytes-Custom- DE: "initializers"-
#18235	NEW    cov: 1656 ft: 6779 corp: 654/2226Kb lim: 65536 exec/s: 911 rss: 4067Mb L: 2/65536 MS: 4 ChangeBit-Custom-ChangeBinInt-Custom-
#18261	NEW    cov: 1656 ft: 6779 corp: 655/2226Kb lim: 65536 exec/s: 913 rss: 4072Mb L: 1/65536 MS: 2 ChangeBinInt-Custom-
#18332	NEW    cov: 1656 ft: 6779 corp: 656/2226Kb lim: 65536 exec/s: 916 rss: 4088Mb L: 17/65536 MS: 1 CustomCrossOver-
#18389	NEW    cov: 1656 ft: 6779 corp: 656/2226Kb lim: 65536 exec/s: 919 rss: 4101Mb L: 5/65536 MS: 4 ChangeBit-Custom-EraseBytes-Custom-
#18410	NEW    cov: 1656 ft: 6779 corp: 657/2226Kb lim: 65536 exec/s: 920 rss: 4105Mb L: 7/65536 MS: 1 CustomCrossOver-
#18422	NEW    cov: 1656 ft: 6779 corp: 657/2226Kb lim: 65536 exec/s: 921 rss: 4108Mb L: 12/65536 MS: 4 ChangeByte-Custom-EraseBytes-Custom-
#18423	NEW    cov: 1656 ft: 6779 corp: 658/2226Kb lim: 65536 exec/s: 921 rss: 4108Mb L: 2/65536 MS: 2 ShuffleBytes-Custom-
#18434	NEW    cov: 1656 ft: 6779 corp: 659/2226Kb lim: 65536 exec/s: 921 rss: 4110Mb L: 17/65536 MS: 2 CopyPart-Custom-
#18435	NEW    cov: 1656 ft: 6779 corp: 659/2226Kb lim: 65536 exec/s: 921 rss: 4111Mb L: 4/65536 MS: 2 CMP-Custom- DE: "\377\022"-
#18444	NEW    cov: 1656 ft: 6779 corp: 659/2226Kb lim: 65536 exec/s: 922 rss: 4113Mb L: 16/65536 MS: 7 InsertRepeatedBytes-Custom-ManualDict-Custom-ChangeBinInt-Custom-CustomCrossOver- DE: "colors"-
#18445	NEW    cov: 1656 ft: 6779 corp: 659/2226Kb lim: 65536 exec/s: 922 rss: 4113Mb L: 4/65536 MS: 2 ShuffleBytes-Custom-
#18455	NEW    cov: 1656 ft: 6779 corp: 660/2226Kb lim: 65536 exec/s: 922 rss: 4116Mb L: 2/65536 MS: 7 CustomCrossOver-CrossOver-Custom-ShuffleBytes-Custom-CustomCrossOver-CustomCrossOver-
#18491	NEW    cov: 1656 ft: 6779 corp: 660/2226Kb lim: 65536 exec/s: 924 rss: 4124Mb L: 20/65536 MS: 2 ChangeByte-Custom-
#18514	NEW    cov: 1656 ft: 6779 corp: 660/2210Kb lim: 65536 exec/s: 881 rss: 4129Mb L: 17248/65536 MS: 6 InsertRepeatedBytes-Custom-ChangeBinInt-Custom-InsertRepeatedBytes-Custom-
#18549	NEW    cov: 1656 ft: 6779 corp: 661/2274Kb lim: 65536 exec/s: 883 rss: 4136Mb L: 65439/65536 MS: 10 ChangeBit-Custom-PersAutoDict-Custom-InsertRepeatedBytes-Custom-PersAutoDict-Custom-ChangeBinInt-Custom- DE: "("-"\000c"-
#18620	NEW    cov: 1656 ft: 6779 corp: 661/2274Kb lim: 65536 exec/s: 886 rss: 4152Mb L: 2/65536 MS: 2 CopyPart-Custom-
#18644	NEW    cov: 1656 ft: 6779 corp: 661/2274Kb lim: 65536 exec/s: 887 rss: 4157Mb L: 9/65536 MS: 6 ChangeBit-Custom-ChangeASCIIInt-Custom-CustomCrossOver-CustomCrossOver-
#18745	NEW    cov: 1656 ft: 6780 corp: 662/2283Kb lim: 65536 exec/s: 892 rss: 4177Mb L: 8573/65536 MS: 2 ChangeBinInt-Custom-
#18785	NEW    cov: 1656 ft: 6780 corp: 662/2279Kb lim: 65536 exec/s: 894 rss: 4186Mb L: 153/65536 MS: 10 PersAutoDict-Custom-ChangeBit-Custom-InsertRepeatedBytes-Custom-ChangeByte-Custom-ChangeBit-Custom- DE: "base"-
#18791	NEW    cov: 1656 ft: 6780 corp: 662/2279Kb lim: 65536 exec/s: 894 rss: 4188Mb L: 2/65536 MS: 2 CopyPart-Custom-
#18807	NEW    cov: 1656 ft: 6780 corp: 663/2279Kb lim: 65536 exec/s: 895 rss: 4191Mb L: 2/65536 MS: 2 CrossOver-Custom-
#18858	NEW    cov: 1656 ft: 6781 corp: 662/2279Kb lim: 65536 exec/s: 898 rss: 4202Mb L: 9/65536 MS: 2 ChangeBinInt-Custom-
#18932	NEW    cov: 1656 ft: 6781 corp: 662/2279Kb lim: 65536 exec/s: 901 rss: 4217Mb L: 4/65536 MS: 6 CustomCrossOver-InsertRepeatedBytes-Custom-ManualDict-Custom-CustomCrossOver- DE: "inline"-
#19122	RELOAD cov: 1656 ft: 6788 corp: 673/2326Kb lim: 65536 exec/s: 910 rss: 4259Mb
#19238	NEW    cov: 1656 ft: 6788 corp: 673/2326Kb lim: 65536 exec/s: 916 rss: 4282Mb L: 8628/65536 MS: 2 EraseBytes-Custom-
#19299	NEW    cov: 1656 ft: 6789 corp: 674/2326Kb lim: 65536 exec/s: 919 rss: 4294Mb L: 8/65536 MS: 2 ManualDict-Custom- DE: "length"-
#19305	NEW    cov: 1656 ft: 6789 corp: 674/2326Kb lim: 65536 exec/s: 919 rss: 4296Mb L: 260/65536 MS: 1 CustomCrossOver-
#19383	NEW    cov: 1656 ft: 6789 corp: 674/2309Kb lim: 65536 exec/s: 923 rss: 4312Mb L: 18954/65536 MS: 6 ChangeByte-Custom-CopyPart-Custom-CMP-Custom- DE: "sol"-
#19518	NEW    cov: 1656 ft: 6789 corp: 674/2309Kb lim: 65536 exec/s: 887 rss: 4341Mb L: 260/65536 MS: 10 ChangeBit-Custom-InsertRepeatedBytes-Custom-CopyPart-Custom-ShuffleBytes-Custom-InsertRepeatedBytes-Custom-
#19524	NEW    cov: 1656 ft: 6789 corp: 674/2309Kb lim: 65536 exec/s: 887 rss: 4342Mb L: 15/65536 MS: 2 InsertByte-Custom-
#19535	NEW    cov: 1656 ft: 6789 corp: 674/2309Kb lim: 65536 exec/s: 887 rss: 4344Mb L: 8/65536 MS: 2 InsertRepeatedBytes-Custom-
#19612	NEW    cov: 1656 ft: 6789 corp: 674/2308Kb lim: 65536 exec/s: 891 rss: 4361Mb L: 11202/65536 MS: 4 CopyPart-Custom-InsertByte-Custom-
#19613	NEW    cov: 1656 ft: 6789 corp: 675/2308Kb lim: 65536 exec/s: 891 rss: 4361Mb L: 1/65536 MS: 2 ShuffleBytes-Custom-
#19654	NEW    cov: 1656 ft: 6789 corp: 675/2308Kb lim: 65536 exec/s: 893 rss: 4371Mb L: 65505/65536 MS: 2 InsertRepeatedBytes-Custom-
#19668	NEW    cov: 1656 ft: 6789 corp: 675/2308Kb lim: 65536 exec/s: 894 rss: 4374Mb L: 1033/65536 MS: 6 InsertByte-Custom-CustomCrossOver-ChangeBit-Custom-CustomCrossOver-
#19741	NEW    cov: 1656 ft: 6789 corp: 675/2308Kb lim: 65536 exec/s: 897 rss: 4388Mb L: 16/65536 MS: 4 CustomCrossOver-ChangeBit-Custom-CustomCrossOver-
#19991	NEW    cov: 1656 ft: 6789 corp: 674/2308Kb lim: 65536 exec/s: 908 rss: 4439Mb L: 14/65536 MS: 10 ChangeByte-Custom-InsertByte-Custom-EraseBytes-Custom-InsertRepeatedBytes-Custom-ChangeBit-Custom-
#20003	NEW    cov: 1656 ft: 6789 corp: 674/2307Kb lim: 65536 exec/s: 909 rss: 4442Mb L: 3/65536 MS: 4 InsertByte-Custom-ChangeByte-Custom-
#20019	NEW    cov: 1656 ft: 6789 corp: 674/2307Kb lim: 65536 exec/s: 909 rss: 4445Mb L: 3/65536 MS: 2 ChangeBit-Custom-
#20188	RELOAD cov: 1656 ft: 6789 corp: 674/2309Kb lim: 65536 exec/s: 917 rss: 4482Mb
#20234	NEW    cov: 1656 ft: 6790 corp: 675/2373Kb lim: 65536 exec/s: 919 rss: 4492Mb L: 65469/65536 MS: 2 CMP-Custom- DE: "validat"-
#20236	NEW    cov: 1656 ft: 6790 corp: 674/2369Kb lim: 65536 exec/s: 919 rss: 4492Mb L: 4107/65536 MS: 3 ShuffleBytes-Custom-CustomCrossOver-
#20266	NEW    cov: 1656 ft: 6790 corp: 673/2369Kb lim: 65536 exec/s: 921 rss: 4498Mb L: 30/65536 MS: 7 CustomCrossOver-ChangeBit-Custom-CustomCrossOver-CustomCrossOver-InsertRepeatedBytes-Custom-
#20293	NEW    cov: 1656 ft: 6790 corp: 673/2369Kb lim: 65536 exec/s: 922 rss: 4503Mb L: 16/65536 MS: 4 ChangeBit-Custom-PersAutoDict-Custom- DE: "TERM"-
#20309	NEW    cov: 1656 ft: 6790 corp: 673/2369Kb lim: 65536 exec/s: 923 rss: 4507Mb L: 2/65536 MS: 2 InsertByte-Custom-
#20570	NEW    cov: 1656 ft: 6790 corp: 674/2369Kb lim: 65536 exec/s: 894 rss: 4564Mb L: 10/65536 MS: 2 ManualDict-Custom- DE: "colors"-
#20614	NEW    cov: 1656 ft: 6790 corp: 673/2369Kb lim: 65536 exec/s: 896 rss: 4574Mb L: 6/65536 MS: 8 CopyPart-Custom-InsertByte-Custom-ChangeBinInt-Custom-ChangeBit-Custom-
#20651	NEW    cov: 1656 ft: 6790 corp: 674/2369Kb lim: 65536 exec/s: 897 rss: 4583Mb L: 72/65536 MS: 4 EraseBytes-Custom-PersAutoDict-Custom- DE: "\000\000\000\003"-
#20684	NEW    cov: 1656 ft: 6790 corp: 674/2368Kb lim: 65536 exec/s: 899 rss: 4590Mb L: 3911/65536 MS: 6 ShuffleBytes-Custom-ShuffleBytes-Custom-ChangeBit-Custom-
#20725	NEW    cov: 1656 ft: 6791 corp: 675/2368Kb lim: 65536 exec/s: 901 rss: 4599Mb L: 4/65536 MS: 2 CopyPart-Custom-
#20751	NEW    cov: 1656 ft: 6791 corp: 675/2368Kb lim: 65536 exec/s: 902 rss: 4603Mb L: 7/65536 MS: 2 ManualDict-Custom- DE: "task-"-
#20788	NEW    cov: 1656 ft: 6791 corp: 675/2368Kb lim: 65536 exec/s: 903 rss: 4612Mb L: 17/65536 MS: 4 EraseBytes-Custom-InsertRepeatedBytes-Custom-
#20799	NEW    cov: 1656 ft: 6791 corp: 675/2368Kb lim: 65536 exec/s: 904 rss: 4614Mb L: 2/65536 MS: 2 ChangeBit-Custom-
#20851	NEW    cov: 1656 ft: 6791 corp: 676/2368Kb lim: 65536 exec/s: 906 rss: 4625Mb L: 4/65536 MS: 3 CopyPart-Custom-CustomCrossOver-
#20928	NEW    cov: 1656 ft: 6791 corp: 676/2368Kb lim: 65536 exec/s: 909 rss: 4640Mb L: 8579/65536 MS: 4 EraseBytes-Custom-InsertRepeatedBytes-Custom-
#20931	NEW    cov: 1656 ft: 6792 corp: 677/2368Kb lim: 65536 exec/s: 910 rss: 4641Mb L: 8/65536 MS: 6 ChangeBinInt-Custom-ChangeBit-Custom-ManualDict-Custom- DE: "themes"-
#20987	NEW    cov: 1656 ft: 6792 corp: 676/2368Kb lim: 65536 exec/s: 912 rss: 4652Mb L: 1/65536 MS: 2 ChangeByte-Custom-
#21211	RELOAD cov: 1656 ft: 6793 corp: 674/2332Kb lim: 65536 exec/s: 922 rss: 4700Mb
#21529	NEW    cov: 1656 ft: 6794 corp: 675/2332Kb lim: 65536 exec/s: 897 rss: 4764Mb L: 3/65536 MS: 6 ChangeBit-Custom-ChangeBinInt-Custom-InsertByte-Custom-
#21546	NEW    cov: 1656 ft: 6794 corp: 676/2383Kb lim: 65536 exec/s: 897 rss: 4769Mb L: 51591/65536 MS: 4 CopyPart-Custom-ManualDict-Custom- DE: "input"-
#21608	NEW    cov: 1656 ft: 6797 corp: 677/2443Kb lim: 65536 exec/s: 900 rss: 4782Mb L: 62080/65536 MS: 4 CopyPart-Custom-EraseBytes-Custom-
#21894	NEW    cov: 1656 ft: 6800 corp: 678/2457Kb lim: 65536 exec/s: 912 rss: 4845Mb L: 14336/65536 MS: 2 ChangeByte-Custom-
#21910	NEW    cov: 1656 ft: 6800 corp: 678/2457Kb lim: 65536 exec/s: 912 rss: 4848Mb L: 18/65536 MS: 2 ManualDict-Custom- DE: "not"-
#22124	NEW    cov: 1656 ft: 6800 corp: 678/2457Kb lim: 65536 exec/s: 921 rss: 4894Mb L: 195/65536 MS: 8 CopyPart-Custom-InsertRepeatedBytes-Custom-ChangeByte-Custom-InsertRepeatedBytes-Custom-
#22136	NEW    cov: 1656 ft: 6800 corp: 678/2456Kb lim: 65536 exec/s: 922 rss: 4897Mb L: 48/65536 MS: 4 ManualDict-Custom-ChangeBit-Custom- DE: "globby"-
#22255	RELOAD cov: 1656 ft: 6800 corp: 677/2376Kb lim: 65536 exec/s: 890 rss: 4922Mb
#22402	NEW    cov: 1656 ft: 6801 corp: 678/2376Kb lim: 65536 exec/s: 896 rss: 4953Mb L: 203/65536 MS: 4 ManualDict-Custom-InsertRepeatedBytes-Custom- DE: "workflow phase invocation is missing required field"-
#22481	NEW    cov: 1656 ft: 6801 corp: 678/2376Kb lim: 65536 exec/s: 899 rss: 4970Mb L: 22/65536 MS: 6 CustomCrossOver-CustomCrossOver-CopyPart-Custom-ShuffleBytes-Custom-
#22547	NEW    cov: 1656 ft: 6801 corp: 679/2376Kb lim: 65536 exec/s: 901 rss: 4985Mb L: 3/65536 MS: 2 CopyPart-Custom-
#22618	NEW    cov: 1656 ft: 6801 corp: 679/2376Kb lim: 65536 exec/s: 904 rss: 5000Mb L: 8/65536 MS: 2 InsertByte-Custom-
#22671	NEW    cov: 1656 ft: 6801 corp: 679/2376Kb lim: 65536 exec/s: 906 rss: 5012Mb L: 65409/65536 MS: 6 InsertRepeatedBytes-Custom-CopyPart-Custom-CopyPart-Custom-
#22705	NEW    cov: 1656 ft: 6801 corp: 679/2376Kb lim: 65536 exec/s: 908 rss: 5019Mb L: 22/65536 MS: 8 ChangeBit-Custom-ShuffleBytes-Custom-InsertByte-Custom-InsertRepeatedBytes-Custom-
#22845	NEW    cov: 1656 ft: 6806 corp: 680/2376Kb lim: 65536 exec/s: 913 rss: 5047Mb L: 207/65536 MS: 10 InsertByte-Custom-ChangeBinInt-Custom-InsertRepeatedBytes-Custom-ChangeBinInt-Custom-ShuffleBytes-Custom-
#22850	NEW    cov: 1656 ft: 6808 corp: 681/2377Kb lim: 65536 exec/s: 914 rss: 5048Mb L: 202/65536 MS: 10 ManualDict-Custom-InsertByte-Custom-ManualDict-Custom-ManualDict-Custom-InsertRepeatedBytes-Custom- DE: "run_log_file"-"fnv1a64"-"applyEnvironment"-
#22879	NEW    cov: 1656 ft: 6811 corp: 682/2377Kb lim: 65536 exec/s: 915 rss: 5055Mb L: 88/65536 MS: 8 PersAutoDict-Custom-EraseBytes-Custom-ChangeBinInt-Custom-CMP-Custom- DE: "blocks"-"\016\000\000\000\000\000\000\000"-
#22971	NEW    cov: 1656 ft: 6811 corp: 681/2377Kb lim: 65536 exec/s: 918 rss: 5076Mb L: 2/65536 MS: 2 CustomCrossOver-CustomCrossOver-
#22972	NEW    cov: 1656 ft: 6906 corp: 682/2377Kb lim: 65536 exec/s: 918 rss: 5076Mb L: 21/65536 MS: 2 ManualDict-Custom- DE: "step"-
#23069	NEW    cov: 1656 ft: 6906 corp: 683/2378Kb lim: 65536 exec/s: 922 rss: 5097Mb L: 1343/65536 MS: 4 CMP-Custom-InsertRepeatedBytes-Custom- DE: "\004\000"-
#23139	NEW    cov: 1656 ft: 6906 corp: 683/2378Kb lim: 65536 exec/s: 889 rss: 5112Mb L: 10/65536 MS: 10 ChangeByte-Custom-ManualDict-Custom-ChangeByte-Custom-EraseBytes-Custom-ManualDict-Custom- DE: "\\n"-"spinner"-
#23257	RELOAD cov: 1656 ft: 6906 corp: 682/2353Kb lim: 65536 exec/s: 894 rss: 5139Mb
#23353	NEW    cov: 1656 ft: 6906 corp: 682/2353Kb lim: 65536 exec/s: 898 rss: 5159Mb L: 1/65536 MS: 2 ChangeBit-Custom-
#23459	NEW    cov: 1656 ft: 6907 corp: 683/2417Kb lim: 65536 exec/s: 902 rss: 5183Mb L: 65469/65536 MS: 2 ChangeBinInt-Custom-
#23786	NEW    cov: 1656 ft: 6908 corp: 684/2417Kb lim: 65536 exec/s: 914 rss: 5252Mb L: 101/65536 MS: 4 ChangeBinInt-Custom-InsertByte-Custom-
#23890	NEW    cov: 1656 ft: 6909 corp: 685/2441Kb lim: 65536 exec/s: 918 rss: 5275Mb L: 24583/65536 MS: 8 ShuffleBytes-Custom-ShuffleBytes-Custom-ManualDict-Custom-ChangeBinInt-Custom- DE: "modernize"-
#23928	NEW    cov: 1656 ft: 6909 corp: 685/2441Kb lim: 65536 exec/s: 920 rss: 5284Mb L: 123/65536 MS: 6 EraseBytes-Custom-CopyPart-Custom-EraseBytes-Custom-
#24001	NEW    cov: 1656 ft: 6909 corp: 685/2440Kb lim: 65536 exec/s: 888 rss: 5299Mb L: 4094/65536 MS: 5 ShuffleBytes-Custom-ChangeASCIIInt-Custom-CustomCrossOver-
#24138	NEW    cov: 1656 ft: 6909 corp: 685/2440Kb lim: 65536 exec/s: 894 rss: 5327Mb L: 34/65536 MS: 4 InsertRepeatedBytes-Custom-ChangeByte-Custom-
#24175	NEW    cov: 1656 ft: 6909 corp: 685/2440Kb lim: 65536 exec/s: 895 rss: 5335Mb L: 4/65536 MS: 3 CustomCrossOver-ChangeByte-Custom-
#24305	RELOAD cov: 1656 ft: 6915 corp: 687/2429Kb lim: 65536 exec/s: 900 rss: 5363Mb
#24432	NEW    cov: 1656 ft: 6915 corp: 687/2429Kb lim: 65536 exec/s: 904 rss: 5388Mb L: 2/65536 MS: 3 CustomCrossOver-CopyPart-Custom-
#24486	NEW    cov: 1656 ft: 6915 corp: 687/2429Kb lim: 65536 exec/s: 906 rss: 5400Mb L: 21/65536 MS: 8 CMP-Custom-EraseBytes-Custom-ChangeBinInt-Custom-CopyPart-Custom- DE: "temp"-
#24538	NEW    cov: 1656 ft: 6915 corp: 688/2461Kb lim: 65536 exec/s: 908 rss: 5411Mb L: 32769/65536 MS: 4 InsertByte-Custom-InsertByte-Custom-
#24547	NEW    cov: 1656 ft: 6916 corp: 689/2461Kb lim: 65536 exec/s: 909 rss: 5414Mb L: 19/65536 MS: 6 CustomCrossOver-CustomCrossOver-InsertByte-Custom-EraseBytes-Custom-
#24680	NEW    cov: 1656 ft: 6916 corp: 689/2461Kb lim: 65536 exec/s: 914 rss: 5443Mb L: 4184/65536 MS: 6 PersAutoDict-Custom-CopyPart-Custom-EraseBytes-Custom- DE: "open_libraries"-
#24795	NEW    cov: 1656 ft: 6916 corp: 689/2461Kb lim: 65536 exec/s: 918 rss: 5463Mb L: 101/65536 MS: 9 ChangeByte-Custom-CopyPart-Custom-CrossOver-Custom-CustomCrossOver-CrossOver-Custom-
#24915	NEW    cov: 1656 ft: 6917 corp: 690/2461Kb lim: 65536 exec/s: 889 rss: 5488Mb L: 283/65536 MS: 10 EraseBytes-Custom-PersAutoDict-Custom-ChangeBinInt-Custom-ChangeBinInt-Custom-ChangeByte-Custom- DE: "\000\000\000\000"-
#24951	NEW    cov: 1656 ft: 6920 corp: 690/2461Kb lim: 65536 exec/s: 891 rss: 5497Mb L: 10/65536 MS: 2 EraseBytes-Custom-
#25022	NEW    cov: 1656 ft: 6920 corp: 691/2461Kb lim: 65536 exec/s: 893 rss: 5511Mb L: 1/65536 MS: 2 ChangeBit-Custom-
#25025	NEW    cov: 1656 ft: 6920 corp: 691/2459Kb lim: 65536 exec/s: 893 rss: 5512Mb L: 63615/65536 MS: 4 CustomCrossOver-CMP-Custom-CustomCrossOver- DE: "\377\377\377\027"-
#25028	NEW    cov: 1656 ft: 6923 corp: 690/2438Kb lim: 65536 exec/s: 893 rss: 5513Mb L: 127/65536 MS: 6 ManualDict-Custom-ShuffleBytes-Custom-InsertRepeatedBytes-Custom- DE: "enum-cache"-
#25029	NEW    cov: 1656 ft: 6923 corp: 689/2438Kb lim: 65536 exec/s: 893 rss: 5513Mb L: 1/65536 MS: 1 CustomCrossOver-
#25106	NEW    cov: 1656 ft: 6923 corp: 689/2437Kb lim: 65536 exec/s: 896 rss: 5528Mb L: 3/65536 MS: 4 InsertByte-Custom-ManualDict-Custom- DE: "]]"-
#25119	NEW    cov: 1656 ft: 6923 corp: 689/2437Kb lim: 65536 exec/s: 897 rss: 5531Mb L: 2/65536 MS: 6 EraseBytes-Custom-CopyPart-Custom-ChangeByte-Custom-
#25169	NEW    cov: 1656 ft: 6927 corp: 690/2439Kb lim: 65536 exec/s: 898 rss: 5542Mb L: 1615/65536 MS: 7 CustomCrossOver-CustomCrossOver-CustomCrossOver-ChangeBit-Custom-ChangeByte-Custom-
#25182	NEW    cov: 1656 ft: 6927 corp: 690/2407Kb lim: 65536 exec/s: 899 rss: 5545Mb L: 40/65536 MS: 6 InsertByte-Custom-ChangeBit-Custom-InsertByte-Custom-
#25329	RELOAD cov: 1656 ft: 6928 corp: 692/2404Kb lim: 65536 exec/s: 904 rss: 5576Mb
#25349	NEW    cov: 1656 ft: 6928 corp: 693/2404Kb lim: 65536 exec/s: 905 rss: 5579Mb L: 7/65536 MS: 10 EraseBytes-Custom-InsertByte-Custom-PersAutoDict-Custom-InsertByte-Custom-PersAutoDict-Custom- DE: "all"-"docs"-
#25370	NEW    cov: 1656 ft: 6928 corp: 693/2404Kb lim: 65536 exec/s: 906 rss: 5585Mb L: 17/65536 MS: 2 ChangeByte-Custom-
#25481	NEW    cov: 1656 ft: 6928 corp: 694/2404Kb lim: 65536 exec/s: 910 rss: 5609Mb L: 2/65536 MS: 2 ChangeBinInt-Custom-
#25512	NEW    cov: 1656 ft: 6928 corp: 694/2404Kb lim: 65536 exec/s: 911 rss: 5616Mb L: 15/65536 MS: 2 ManualDict-Custom- DE: "gzip"-
#25549	NEW    cov: 1656 ft: 6928 corp: 695/2420Kb lim: 65536 exec/s: 912 rss: 5623Mb L: 16747/65536 MS: 3 ChangeByte-Custom-CustomCrossOver-
#25552	NEW    cov: 1656 ft: 6928 corp: 695/2420Kb lim: 65536 exec/s: 912 rss: 5624Mb L: 4/65536 MS: 6 ChangeBit-Custom-CMP-Custom-ChangeByte-Custom- DE: "\000\001"-
#25553	NEW    cov: 1656 ft: 6928 corp: 696/2420Kb lim: 65536 exec/s: 912 rss: 5624Mb L: 17/65536 MS: 2 PersAutoDict-Custom- DE: "output_mode"-
#25554	NEW    cov: 1656 ft: 6928 corp: 695/2420Kb lim: 65536 exec/s: 912 rss: 5624Mb L: 2/65536 MS: 2 InsertByte-Custom-
#25594	NEW    cov: 1656 ft: 6928 corp: 696/2420Kb lim: 65536 exec/s: 914 rss: 5633Mb L: 16/65536 MS: 7 PersAutoDict-Custom-CustomCrossOver-ManualDict-Custom-CustomCrossOver-CustomCrossOver- DE: "hash"-"run_log"-
#25610	NEW    cov: 1656 ft: 6928 corp: 696/2420Kb lim: 65536 exec/s: 914 rss: 5636Mb L: 3/65536 MS: 1 CustomCrossOver-
#25613	NEW    cov: 1656 ft: 6928 corp: 697/2420Kb lim: 65536 exec/s: 914 rss: 5637Mb L: 9/65536 MS: 4 CustomCrossOver-CustomCrossOver-EraseBytes-Custom-
#25684	NEW    cov: 1656 ft: 6928 corp: 697/2420Kb lim: 65536 exec/s: 917 rss: 5653Mb L: 2/65536 MS: 2 ChangeByte-Custom-
#25809	NEW    cov: 1656 ft: 6933 corp: 696/2413Kb lim: 65536 exec/s: 889 rss: 5680Mb L: 3/65536 MS: 10 ManualDict-Custom-PersAutoDict-Custom-ShuffleBytes-Custom-ShuffleBytes-Custom-ChangeBit-Custom- DE: "do"-"=="-
#25980	NEW    cov: 1656 ft: 6933 corp: 696/2413Kb lim: 65536 exec/s: 895 rss: 5718Mb L: 17/65536 MS: 2 ChangeBinInt-Custom-
#25985	NEW    cov: 1656 ft: 6933 corp: 696/2413Kb lim: 65536 exec/s: 896 rss: 5719Mb L: 16/65536 MS: 8 ShuffleBytes-Custom-EraseBytes-Custom-ShuffleBytes-Custom-CustomCrossOver-CustomCrossOver-
#25991	NEW    cov: 1656 ft: 6933 corp: 696/2413Kb lim: 65536 exec/s: 896 rss: 5721Mb L: 12/65536 MS: 2 ManualDict-Custom- DE: "or"-
#26090	NEW    cov: 1656 ft: 6933 corp: 696/2413Kb lim: 65536 exec/s: 899 rss: 5742Mb L: 4101/65536 MS: 7 ChangeByte-Custom-ChangeByte-Custom-CustomCrossOver-PersAutoDict-Custom- DE: "mutate"-
#26329	RELOAD cov: 1656 ft: 6933 corp: 696/2393Kb lim: 65536 exec/s: 907 rss: 5793Mb
#26340	NEW    cov: 1656 ft: 6933 corp: 696/2392Kb lim: 65536 exec/s: 908 rss: 5794Mb L: 11922/65536 MS: 2 EraseBytes-Custom-
#26432	NEW    cov: 1656 ft: 6933 corp: 696/2392Kb lim: 65536 exec/s: 911 rss: 5814Mb L: 21/65536 MS: 4 CopyPart-Custom-EraseBytes-Custom-
#26461	NEW    cov: 1656 ft: 6933 corp: 696/2392Kb lim: 65536 exec/s: 912 rss: 5820Mb L: 80/65536 MS: 8 InsertByte-Custom-ChangeBinInt-Custom-ChangeASCIIInt-Custom-InsertByte-Custom-
#26537	NEW    cov: 1656 ft: 6933 corp: 697/2392Kb lim: 65536 exec/s: 915 rss: 5837Mb L: 2/65536 MS: 2 ChangeByte-Custom-
#26921	NEW    cov: 1656 ft: 6933 corp: 697/2392Kb lim: 65536 exec/s: 897 rss: 5921Mb L: 18/65536 MS: 8 ManualDict-Custom-InsertByte-Custom-ShuffleBytes-Custom-CopyPart-Custom- DE: "enum-cache"-
#26972	NEW    cov: 1656 ft: 6937 corp: 697/2392Kb lim: 65536 exec/s: 899 rss: 5932Mb L: 3/65536 MS: 2 ManualDict-Custom- DE: "\\n"-
#27208	NEW    cov: 1656 ft: 6937 corp: 697/2392Kb lim: 65536 exec/s: 906 rss: 5984Mb L: 18/65536 MS: 2 ChangeBinInt-Custom-
#27347	RELOAD cov: 1656 ft: 6937 corp: 697/2374Kb lim: 65536 exec/s: 911 rss: 6012Mb
#27423	NEW    cov: 1656 ft: 6937 corp: 697/2374Kb lim: 65536 exec/s: 914 rss: 6026Mb L: 9/65536 MS: 1 CustomCrossOver-
#27427	NEW    cov: 1656 ft: 6937 corp: 696/2374Kb lim: 65536 exec/s: 914 rss: 6027Mb L: 2/65536 MS: 6 ManualDict-Custom-CustomCrossOver-CustomCrossOver-ShuffleBytes-Custom- DE: "percent"-
#27472	NEW    cov: 1656 ft: 6937 corp: 696/2370Kb lim: 65536 exec/s: 915 rss: 6037Mb L: 8192/65536 MS: 8 CustomCrossOver-ShuffleBytes-Custom-CustomCrossOver-ManualDict-Custom-InsertByte-Custom- DE: "or"-
#27479	NEW    cov: 1656 ft: 6937 corp: 696/2370Kb lim: 65536 exec/s: 915 rss: 6039Mb L: 2/65536 MS: 2 CustomCrossOver-CustomCrossOver-
#27483	NEW    cov: 1656 ft: 6938 corp: 697/2370Kb lim: 65536 exec/s: 916 rss: 6040Mb L: 131/65536 MS: 6 CustomCrossOver-PersAutoDict-Custom-InsertRepeatedBytes-Custom-CustomCrossOver- DE: "\377\377\377\000"-
#27600	NEW    cov: 1656 ft: 6938 corp: 697/2370Kb lim: 65536 exec/s: 890 rss: 6066Mb L: 2/65536 MS: 4 CopyPart-Custom-ChangeBit-Custom-
#27625	NEW    cov: 1656 ft: 6938 corp: 697/2369Kb lim: 65536 exec/s: 891 rss: 6071Mb L: 220/65536 MS: 10 InsertRepeatedBytes-Custom-InsertRepeatedBytes-Custom-CMP-Custom-ChangeBit-Custom-InsertRepeatedBytes-Custom- DE: "\304\232\240!\000\000\000\000"-
#27669	NEW    cov: 1656 ft: 6938 corp: 698/2369Kb lim: 65536 exec/s: 892 rss: 6081Mb L: 3/65536 MS: 6 ShuffleBytes-Custom-CustomCrossOver-ChangeByte-Custom-CustomCrossOver-
#27684	NEW    cov: 1656 ft: 6939 corp: 699/2369Kb lim: 65536 exec/s: 893 rss: 6085Mb L: 65/65536 MS: 10 EraseBytes-Custom-ShuffleBytes-Custom-CopyPart-Custom-InsertRepeatedBytes-Custom-PersAutoDict-Custom- DE: "run_log_file"-
#27853	NEW    cov: 1656 ft: 6939 corp: 700/2370Kb lim: 65536 exec/s: 898 rss: 6119Mb L: 1064/65536 MS: 8 InsertRepeatedBytes-Custom-CopyPart-Custom-InsertByte-Custom-CMP-Custom- DE: "\001\001"-
#27884	NEW    cov: 1656 ft: 6939 corp: 701/2378Kb lim: 65536 exec/s: 899 rss: 6126Mb L: 8193/65536 MS: 2 CrossOver-Custom-
#27917	NEW    cov: 1656 ft: 6939 corp: 700/2314Kb lim: 65536 exec/s: 900 rss: 6133Mb L: 317/65536 MS: 6 InsertByte-Custom-CopyPart-Custom-InsertRepeatedBytes-Custom-
#28178	NEW    cov: 1656 ft: 6939 corp: 700/2314Kb lim: 65536 exec/s: 908 rss: 6185Mb L: 16/65536 MS: 2 InsertByte-Custom-
#28179	NEW    cov: 1656 ft: 6939 corp: 699/2313Kb lim: 65536 exec/s: 909 rss: 6185Mb L: 4/65536 MS: 2 CMP-Custom- DE: "\012\000"-
#28180	NEW    cov: 1656 ft: 6939 corp: 698/2313Kb lim: 65536 exec/s: 909 rss: 6186Mb L: 2/65536 MS: 2 ShuffleBytes-Custom-
#28181	NEW    cov: 1656 ft: 6939 corp: 698/2313Kb lim: 65536 exec/s: 909 rss: 6186Mb L: 2/65536 MS: 2 EraseBytes-Custom-
#28192	NEW    cov: 1656 ft: 6940 corp: 699/2374Kb lim: 65536 exec/s: 909 rss: 6189Mb L: 62081/65536 MS: 2 InsertByte-Custom-
#28368	RELOAD cov: 1656 ft: 6943 corp: 700/2406Kb lim: 65536 exec/s: 915 rss: 6224Mb
#28406	NEW    cov: 1656 ft: 6943 corp: 700/2406Kb lim: 65536 exec/s: 916 rss: 6232Mb L: 199/65536 MS: 6 PersAutoDict-Custom-ChangeBit-Custom-CopyPart-Custom- DE: "\001\005"-
#28458	NEW    cov: 1656 ft: 6943 corp: 700/2405Kb lim: 65536 exec/s: 918 rss: 6244Mb L: 17179/65536 MS: 4 ChangeByte-Custom-EraseBytes-Custom-
#28482	NEW    cov: 1656 ft: 6943 corp: 700/2405Kb lim: 65536 exec/s: 918 rss: 6249Mb L: 1/65536 MS: 8 EraseBytes-Custom-ChangeBit-Custom-ChangeBit-Custom-EraseBytes-Custom-
#28533	NEW    cov: 1656 ft: 6943 corp: 700/2405Kb lim: 65536 exec/s: 891 rss: 6260Mb L: 16/65536 MS: 2 ChangeByte-Custom-
#28706	NEW    cov: 1656 ft: 6943 corp: 701/2405Kb lim: 65536 exec/s: 897 rss: 6296Mb L: 55/65536 MS: 6 ManualDict-Custom-ShuffleBytes-Custom-CopyPart-Custom- DE: "step"-
#29017	NEW    cov: 1656 ft: 6943 corp: 701/2405Kb lim: 65536 exec/s: 906 rss: 6362Mb L: 1/65536 MS: 1 CustomCrossOver-
#29030	NEW    cov: 1656 ft: 6944 corp: 702/2406Kb lim: 65536 exec/s: 907 rss: 6364Mb L: 1026/65536 MS: 4 CopyPart-Custom-CustomCrossOver-CustomCrossOver-
#29155	NEW    cov: 1656 ft: 6944 corp: 703/2407Kb lim: 65536 exec/s: 911 rss: 6392Mb L: 118/65536 MS: 10 ShuffleBytes-Custom-InsertRepeatedBytes-Custom-PersAutoDict-Custom-CopyPart-Custom-PersAutoDict-Custom- DE: "never"-"\020\000\000\000\000\000\000\000"-
#29211	NEW    cov: 1656 ft: 6944 corp: 703/2407Kb lim: 65536 exec/s: 912 rss: 6403Mb L: 7/65536 MS: 2 ManualDict-Custom- DE: "\\t"-
#29360	RELOAD cov: 1656 ft: 6949 corp: 702/2438Kb lim: 65536 exec/s: 917 rss: 6435Mb
#29467	NEW    cov: 1656 ft: 6949 corp: 702/2438Kb lim: 65536 exec/s: 892 rss: 6457Mb L: 19/65536 MS: 4 CopyPart-Custom-CMP-Custom- DE: "\001\000\000\001"-
#29498	NEW    cov: 1656 ft: 6949 corp: 702/2438Kb lim: 65536 exec/s: 893 rss: 6464Mb L: 2/65536 MS: 2 CopyPart-Custom-
#29594	NEW    cov: 1656 ft: 6949 corp: 703/2438Kb lim: 65536 exec/s: 896 rss: 6484Mb L: 34/65536 MS: 2 ChangeByte-Custom-
#29716	NEW    cov: 1656 ft: 6949 corp: 704/2438Kb lim: 65536 exec/s: 900 rss: 6510Mb L: 18/65536 MS: 2 CustomCrossOver-CustomCrossOver-
#29722	NEW    cov: 1656 ft: 6949 corp: 704/2438Kb lim: 65536 exec/s: 900 rss: 6511Mb L: 3/65536 MS: 2 ChangeBit-Custom-
#29768	NEW    cov: 1656 ft: 6949 corp: 705/2438Kb lim: 65536 exec/s: 902 rss: 6522Mb L: 29/65536 MS: 2 PersAutoDict-Custom- DE: "typo_section"-
#29806	NEW    cov: 1656 ft: 6949 corp: 705/2438Kb lim: 65536 exec/s: 903 rss: 6531Mb L: 2/65536 MS: 3 CustomCrossOver-CustomCrossOver-CustomCrossOver-
#29938	NEW    cov: 1656 ft: 6949 corp: 704/2438Kb lim: 65536 exec/s: 907 rss: 6560Mb L: 33/65536 MS: 4 PersAutoDict-Custom-CopyPart-Custom- DE: "merge"-
#30014	NEW    cov: 1656 ft: 6949 corp: 705/2446Kb lim: 65536 exec/s: 909 rss: 6577Mb L: 8194/65536 MS: 2 ShuffleBytes-Custom-
#30135	RELOAD cov: 1656 ft: 6949 corp: 705/2446Kb lim: 65536 exec/s: 886 rss: 6603Mb
#30346	NEW    cov: 1656 ft: 6949 corp: 705/2446Kb lim: 65536 exec/s: 892 rss: 6643Mb L: 3/65536 MS: 2 EraseBytes-Custom-
#30349	NEW    cov: 1656 ft: 6949 corp: 705/2446Kb lim: 65536 exec/s: 892 rss: 6643Mb L: 8/65536 MS: 5 CustomCrossOver-ChangeByte-Custom-ChangeBit-Custom-
#30380	NEW    cov: 1656 ft: 6950 corp: 706/2446Kb lim: 65536 exec/s: 893 rss: 6643Mb L: 204/65536 MS: 2 InsertByte-Custom-
#30399	NEW    cov: 1656 ft: 6950 corp: 705/2446Kb lim: 65536 exec/s: 894 rss: 6643Mb L: 9/65536 MS: 8 PersAutoDict-Custom-EraseBytes-Custom-InsertByte-Custom-InsertByte-Custom- DE: "\\r"-
#30429	NEW    cov: 1656 ft: 6950 corp: 705/2446Kb lim: 65536 exec/s: 894 rss: 6643Mb L: 21/65536 MS: 10 EraseBytes-Custom-ChangeBinInt-Custom-PersAutoDict-Custom-ManualDict-Custom-ShuffleBytes-Custom- DE: "parallel"-"("-
#30436	NEW    cov: 1656 ft: 6950 corp: 706/2446Kb lim: 65536 exec/s: 895 rss: 6643Mb L: 23/65536 MS: 4 CopyPart-Custom-PersAutoDict-Custom- DE: "\377\036"-
#30797	NEW    cov: 1656 ft: 6950 corp: 706/2445Kb lim: 65536 exec/s: 905 rss: 6650Mb L: 32892/65536 MS: 2 EraseBytes-Custom-
#30882	RELOAD cov: 1656 ft: 6950 corp: 706/2439Kb lim: 65536 exec/s: 882 rss: 6651Mb
#31145	NEW    cov: 1656 ft: 6950 corp: 706/2439Kb lim: 65536 exec/s: 889 rss: 6668Mb L: 125/65536 MS: 6 PersAutoDict-Custom-InsertRepeatedBytes-Custom-PersAutoDict-Custom- DE: "\\t"-"length"-
#31216	NEW    cov: 1656 ft: 6950 corp: 706/2439Kb lim: 65536 exec/s: 891 rss: 6680Mb L: 64/65536 MS: 2 ChangeBinInt-Custom-
#31307	NEW    cov: 1656 ft: 6950 corp: 706/2439Kb lim: 65536 exec/s: 894 rss: 6680Mb L: 1/65536 MS: 2 ChangeByte-Custom-
#31479	NEW    cov: 1656 ft: 6950 corp: 706/2439Kb lim: 65536 exec/s: 874 rss: 6683Mb L: 2/65536 MS: 4 ChangeByte-Custom-EraseBytes-Custom-
#31580	RELOAD cov: 1656 ft: 6950 corp: 706/2439Kb lim: 65536 exec/s: 877 rss: 6683Mb
#31653	NEW    cov: 1656 ft: 6953 corp: 707/2439Kb lim: 65536 exec/s: 879 rss: 6683Mb L: 95/65536 MS: 6 InsertRepeatedBytes-Custom-ShuffleBytes-Custom-EraseBytes-Custom-
#31778	NEW    cov: 1656 ft: 6954 corp: 708/2439Kb lim: 65536 exec/s: 882 rss: 6684Mb L: 277/65536 MS: 10 ChangeByte-Custom-CopyPart-Custom-ShuffleBytes-Custom-ChangeBinInt-Custom-ChangeBit-Custom-
#31861	NEW    cov: 1656 ft: 6954 corp: 708/2439Kb lim: 65536 exec/s: 885 rss: 6686Mb L: 2/65536 MS: 5 InsertRepeatedBytes-Custom-CustomCrossOver-ChangeBit-Custom-
#32091	NEW    cov: 1656 ft: 6954 corp: 708/2439Kb lim: 65536 exec/s: 891 rss: 6692Mb L: 34/65536 MS: 10 ShuffleBytes-Custom-InsertRepeatedBytes-Custom-ChangeByte-Custom-EraseBytes-Custom-PersAutoDict-Custom- DE: "not-a-strategy"-
#32099	NEW    cov: 1656 ft: 6954 corp: 708/2439Kb lim: 65536 exec/s: 891 rss: 6693Mb L: 10/65536 MS: 4 CopyPart-Custom-CustomCrossOver-CustomCrossOver-
#32105	NEW    cov: 1656 ft: 6954 corp: 709/2456Kb lim: 65536 exec/s: 867 rss: 6693Mb L: 16666/65536 MS: 1 CustomCrossOver-
#32126	NEW    cov: 1656 ft: 6954 corp: 709/2456Kb lim: 65536 exec/s: 868 rss: 6693Mb L: 66/65536 MS: 2 ShuffleBytes-Custom-
#32314	RELOAD cov: 1656 ft: 6954 corp: 710/2454Kb lim: 65536 exec/s: 873 rss: 6693Mb
#32407	NEW    cov: 1656 ft: 6954 corp: 710/2452Kb lim: 65536 exec/s: 875 rss: 6693Mb L: 34/65536 MS: 6 InsertRepeatedBytes-Custom-ChangeByte-Custom-InsertByte-Custom-
#32408	NEW    cov: 1656 ft: 6954 corp: 710/2451Kb lim: 65536 exec/s: 875 rss: 6693Mb L: 255/65536 MS: 2 ChangeBit-Custom-
#32454	NEW    cov: 1656 ft: 6954 corp: 710/2451Kb lim: 65536 exec/s: 877 rss: 6693Mb L: 2/65536 MS: 1 CustomCrossOver-
#32607	NEW    cov: 1656 ft: 6954 corp: 710/2451Kb lim: 65536 exec/s: 881 rss: 6693Mb L: 40/65536 MS: 5 CustomCrossOver-CMP-Custom-CopyPart-Custom- DE: "rep"-
#32609	NEW    cov: 1656 ft: 6954 corp: 710/2451Kb lim: 65536 exec/s: 881 rss: 6693Mb L: 57358/65536 MS: 4 PersAutoDict-Custom-EraseBytes-Custom- DE: ":"-
#32700	NEW    cov: 1656 ft: 6954 corp: 710/2451Kb lim: 65536 exec/s: 883 rss: 6693Mb L: 21/65536 MS: 2 ManualDict-Custom- DE: "0x1e"-
#32702	NEW    cov: 1656 ft: 6954 corp: 710/2451Kb lim: 65536 exec/s: 883 rss: 6693Mb L: 16/65536 MS: 4 ChangeASCIIInt-Custom-ManualDict-Custom- DE: "glob"-
#32707	NEW    cov: 1656 ft: 6954 corp: 711/2451Kb lim: 65536 exec/s: 883 rss: 6693Mb L: 17/65536 MS: 9 CustomCrossOver-ChangeBinInt-Custom-CopyPart-Custom-ChangeBinInt-Custom-CopyPart-Custom-
#32768	pulse  cov: 1656 ft: 6954 corp: 711/2451Kb lim: 65536 exec/s: 862 rss: 6693Mb
#33022	RELOAD cov: 1656 ft: 6954 corp: 712/2459Kb lim: 65536 exec/s: 869 rss: 6693Mb
#33088	NEW    cov: 1656 ft: 6954 corp: 712/2459Kb lim: 65536 exec/s: 870 rss: 6693Mb L: 8/65536 MS: 2 ManualDict-Custom- DE: "0x"-
#33200	NEW    cov: 1656 ft: 6956 corp: 713/2459Kb lim: 65536 exec/s: 873 rss: 6709Mb L: 14/65536 MS: 4 CMP-Custom-ChangeBit-Custom- DE: "__gc"-
#33350	NEW    cov: 1656 ft: 6956 corp: 713/2459Kb lim: 65536 exec/s: 877 rss: 6740Mb L: 13/65536 MS: 10 ChangeBit-Custom-CopyPart-Custom-PersAutoDict-Custom-ChangeBit-Custom-InsertByte-Custom- DE: "metadata"-
#33365	NEW    cov: 1656 ft: 6956 corp: 714/2459Kb lim: 65536 exec/s: 878 rss: 6742Mb L: 1/65536 MS: 10 ChangeBit-Custom-ShuffleBytes-Custom-ChangeBinInt-Custom-EraseBytes-Custom-ChangeBit-Custom-
#33431	NEW    cov: 1656 ft: 6956 corp: 714/2396Kb lim: 65536 exec/s: 879 rss: 6756Mb L: 1023/65536 MS: 2 ChangeBit-Custom-
#33578	NEW    cov: 1656 ft: 6956 corp: 713/2396Kb lim: 65536 exec/s: 860 rss: 6784Mb L: 2/65536 MS: 4 EraseBytes-Custom-CopyPart-Custom-
#33615	NEW    cov: 1656 ft: 6956 corp: 713/2396Kb lim: 65536 exec/s: 861 rss: 6792Mb L: 8333/65536 MS: 4 CopyPart-Custom-ChangeASCIIInt-Custom-
#33729	NEW    cov: 1656 ft: 6956 corp: 714/2396Kb lim: 65536 exec/s: 864 rss: 6816Mb L: 1/65536 MS: 8 CopyPart-Custom-ChangeBit-Custom-EraseBytes-Custom-ManualDict-Custom- DE: ":"-
#33730	NEW    cov: 1656 ft: 6957 corp: 715/2459Kb lim: 65536 exec/s: 864 rss: 6817Mb L: 64525/65536 MS: 2 ManualDict-Custom- DE: "require"-
#33915	RELOAD cov: 1656 ft: 6957 corp: 713/2458Kb lim: 65536 exec/s: 869 rss: 6858Mb
#33976	NEW    cov: 1656 ft: 6957 corp: 713/2458Kb lim: 65536 exec/s: 871 rss: 6870Mb L: 19/65536 MS: 2 InsertByte-Custom-
#33977	NEW    cov: 1656 ft: 6957 corp: 713/2458Kb lim: 65536 exec/s: 871 rss: 6870Mb L: 3/65536 MS: 2 InsertByte-Custom-
#33979	NEW    cov: 1656 ft: 6957 corp: 713/2430Kb lim: 65536 exec/s: 871 rss: 6871Mb L: 2201/65536 MS: 4 ChangeByte-Custom-ChangeByte-Custom-
#34040	NEW    cov: 1656 ft: 6957 corp: 713/2430Kb lim: 65536 exec/s: 872 rss: 6882Mb L: 16/65536 MS: 2 ChangeByte-Custom-
#34161	NEW    cov: 1656 ft: 6957 corp: 714/2430Kb lim: 65536 exec/s: 875 rss: 6907Mb L: 17/65536 MS: 2 ShuffleBytes-Custom-
#34177	NEW    cov: 1656 ft: 6958 corp: 715/2494Kb lim: 65536 exec/s: 876 rss: 6909Mb L: 65286/65536 MS: 2 ChangeByte-Custom-
#34240	RELOAD cov: 1656 ft: 6958 corp: 716/2494Kb lim: 65536 exec/s: 760 rss: 6918Mb
#34389	NEW    cov: 1656 ft: 6958 corp: 716/2494Kb lim: 65536 exec/s: 764 rss: 6934Mb L: 6/65536 MS: 5 CustomCrossOver-CustomCrossOver-CustomCrossOver-ChangeBit-Custom-
#34396	NEW    cov: 1656 ft: 6958 corp: 716/2494Kb lim: 65536 exec/s: 764 rss: 6935Mb L: 2/65536 MS: 2 CustomCrossOver-CustomCrossOver-
#34482	NEW    cov: 1656 ft: 6958 corp: 716/2494Kb lim: 65536 exec/s: 766 rss: 6946Mb L: 8/65536 MS: 2 CrossOver-Custom-
#34525	NEW    cov: 1656 ft: 6959 corp: 717/2494Kb lim: 65536 exec/s: 767 rss: 6950Mb L: 308/65536 MS: 6 CopyPart-Custom-InsertRepeatedBytes-Custom-ChangeBinInt-Custom-
#34547	NEW    cov: 1656 ft: 6959 corp: 718/2494Kb lim: 65536 exec/s: 767 rss: 6952Mb L: 80/65536 MS: 4 ManualDict-Custom-InsertRepeatedBytes-Custom- DE: "\036"-
#34548	NEW    cov: 1656 ft: 6959 corp: 718/2494Kb lim: 65536 exec/s: 767 rss: 6952Mb L: 3/65536 MS: 2 ChangeBit-Custom-
#34554	NEW    cov: 1656 ft: 6959 corp: 717/2494Kb lim: 65536 exec/s: 767 rss: 6953Mb L: 3/65536 MS: 2 ShuffleBytes-Custom-
#34587	NEW    cov: 1656 ft: 6959 corp: 717/2494Kb lim: 65536 exec/s: 768 rss: 6956Mb L: 9/65536 MS: 6 EraseBytes-Custom-ChangeBit-Custom-ChangeByte-Custom-
#34606	NEW    cov: 1656 ft: 6960 corp: 718/2558Kb lim: 65536 exec/s: 769 rss: 6956Mb L: 65300/65536 MS: 8 InsertByte-Custom-ShuffleBytes-Custom-ChangeBinInt-Custom-ManualDict-Custom- DE: "enum-cache"-
#34633	NEW    cov: 1656 ft: 6961 corp: 718/2495Kb lim: 65536 exec/s: 769 rss: 6958Mb L: 260/65536 MS: 4 ChangeByte-Custom-EraseBytes-Custom-
#34928	RELOAD cov: 1656 ft: 6961 corp: 718/2494Kb lim: 65536 exec/s: 759 rss: 6959Mb
#35003	NEW    cov: 1656 ft: 6961 corp: 718/2494Kb lim: 65536 exec/s: 760 rss: 6959Mb L: 32639/65536 MS: 10 ChangeBinInt-Custom-ChangeASCIIInt-Custom-ChangeASCIIInt-Custom-ChangeBinInt-Custom-InsertByte-Custom-
#35064	NEW    cov: 1656 ft: 6964 corp: 719/2494Kb lim: 65536 exec/s: 762 rss: 6964Mb L: 4/65536 MS: 2 ShuffleBytes-Custom-
#35084	NEW    cov: 1656 ft: 6964 corp: 719/2494Kb lim: 65536 exec/s: 762 rss: 6969Mb L: 65405/65536 MS: 10 InsertRepeatedBytes-Custom-ChangeBinInt-Custom-ShuffleBytes-Custom-InsertRepeatedBytes-Custom-PersAutoDict-Custom- DE: "\002\000\000\000\000\000\000\000"-
#35099	NEW    cov: 1656 ft: 6967 corp: 720/2494Kb lim: 65536 exec/s: 763 rss: 6971Mb L: 14/65536 MS: 8 CrossOver-Custom-ShuffleBytes-Custom-CustomCrossOver-ManualDict-Custom-CustomCrossOver- DE: "dots"-
#35197	RELOAD cov: 1656 ft: 6968 corp: 721/2494Kb lim: 65536 exec/s: 748 rss: 6984Mb
#35219	NEW    cov: 1656 ft: 6971 corp: 720/2368Kb lim: 65536 exec/s: 749 rss: 6984Mb L: 103/65536 MS: 4 InsertRepeatedBytes-Custom-InsertRepeatedBytes-Custom-
#35220	NEW    cov: 1656 ft: 6977 corp: 721/2368Kb lim: 65536 exec/s: 749 rss: 6984Mb L: 26/65536 MS: 2 ChangeBinInt-Custom-
#35233	NEW    cov: 1656 ft: 6978 corp: 722/2368Kb lim: 65536 exec/s: 749 rss: 6984Mb L: 63/65536 MS: 6 CMP-Custom-PersAutoDict-Custom-PersAutoDict-Custom- DE: "\377\012"-"\301\347\334'\000\000\000\000"-"mergeSettingsFromLuaTable"-
#35244	NEW    cov: 1656 ft: 6978 corp: 723/2368Kb lim: 65536 exec/s: 749 rss: 6984Mb L: 14/65536 MS: 2 InsertRepeatedBytes-Custom-
#35257	NEW    cov: 1656 ft: 6986 corp: 724/2368Kb lim: 65536 exec/s: 750 rss: 6986Mb L: 119/65536 MS: 5 ShuffleBytes-Custom-ShuffleBytes-Custom-CustomCrossOver-
#35258	NEW    cov: 1656 ft: 6988 corp: 725/2374Kb lim: 65536 exec/s: 750 rss: 6987Mb L: 6183/65536 MS: 2 CopyPart-Custom-
#35259	NEW    cov: 1656 ft: 6988 corp: 725/2374Kb lim: 65536 exec/s: 750 rss: 6987Mb L: 5/65536 MS: 2 ChangeBit-Custom-
#35276	NEW    cov: 1656 ft: 6988 corp: 725/2374Kb lim: 65536 exec/s: 750 rss: 6992Mb L: 9/65536 MS: 3 CustomCrossOver-PersAutoDict-Custom- DE: "require"-
#35293	NEW    cov: 1656 ft: 6988 corp: 725/2374Kb lim: 65536 exec/s: 735 rss: 6994Mb L: 2/65536 MS: 2 CustomCrossOver-CustomCrossOver-
#35317	RELOAD cov: 1656 ft: 6988 corp: 725/2374Kb lim: 65536 exec/s: 654 rss: 6994Mb
#35340	NEW    cov: 1656 ft: 6988 corp: 726/2374Kb lim: 65536 exec/s: 654 rss: 6994Mb L: 4/65536 MS: 6 InsertByte-Custom-ChangeByte-Custom-CopyPart-Custom-
#35341	NEW    cov: 1656 ft: 6988 corp: 726/2374Kb lim: 65536 exec/s: 654 rss: 6994Mb L: 33018/65536 MS: 2 EraseBytes-Custom-
#35350	NEW    cov: 1656 ft: 6988 corp: 726/2372Kb lim: 65536 exec/s: 620 rss: 6994Mb L: 2059/65536 MS: 8 ChangeByte-Custom-PersAutoDict-Custom-ChangeASCIIInt-Custom-ManualDict-Custom- DE: "phase"-"zstd"-
#35459	NEW    cov: 1656 ft: 6988 corp: 727/2404Kb lim: 65536 exec/s: 412 rss: 6999Mb L: 32884/65536 MS: 5 ChangeByte-Custom-ChangeASCIIInt-Custom-CustomCrossOver-
#35462	NEW    cov: 1656 ft: 6988 corp: 727/2404Kb lim: 65536 exec/s: 412 rss: 7000Mb L: 18/65536 MS: 6 InsertByte-Custom-InsertRepeatedBytes-Custom-ChangeASCIIInt-Custom-
#35484	NEW    cov: 1656 ft: 6988 corp: 727/2404Kb lim: 65536 exec/s: 412 rss: 7004Mb L: 1/65536 MS: 4 ShuffleBytes-Custom-CopyPart-Custom-
#35555	NEW    cov: 1656 ft: 6988 corp: 727/2396Kb lim: 65536 exec/s: 413 rss: 7020Mb L: 24575/65536 MS: 1 CustomCrossOver-
#35644	NEW    cov: 1656 ft: 6988 corp: 725/2396Kb lim: 65536 exec/s: 414 rss: 7040Mb L: 8/65536 MS: 8 CopyPart-Custom-ShuffleBytes-Custom-EraseBytes-Custom-ManualDict-Custom- DE: "compile"-
#35820	NEW    cov: 1656 ft: 6988 corp: 723/2396Kb lim: 65536 exec/s: 416 rss: 7074Mb L: 2/65536 MS: 2 EraseBytes-Custom-
#35917	NEW    cov: 1656 ft: 6988 corp: 722/2396Kb lim: 65536 exec/s: 417 rss: 7093Mb L: 2/65536 MS: 2 CustomCrossOver-CustomCrossOver-
#35994	NEW    cov: 1656 ft: 6988 corp: 722/2396Kb lim: 65536 exec/s: 413 rss: 7109Mb L: 19/65536 MS: 4 InsertRepeatedBytes-Custom-CopyPart-Custom-
#36035	NEW    cov: 1656 ft: 6988 corp: 722/2396Kb lim: 65536 exec/s: 414 rss: 7118Mb L: 28/65536 MS: 2 InsertByte-Custom-
#36286	NEW    cov: 1656 ft: 6988 corp: 722/2396Kb lim: 65536 exec/s: 417 rss: 7170Mb L: 16/65536 MS: 2 ChangeBit-Custom-
#36332	NEW    cov: 1656 ft: 6988 corp: 722/2396Kb lim: 65536 exec/s: 417 rss: 7180Mb L: 2/65536 MS: 1 CustomCrossOver-
#36383	RELOAD cov: 1656 ft: 6988 corp: 722/2396Kb lim: 65536 exec/s: 418 rss: 7191Mb
#36995	NEW    cov: 1656 ft: 6988 corp: 722/2395Kb lim: 65536 exec/s: 420 rss: 7323Mb L: 187/65536 MS: 4 ChangeASCIIInt-Custom-CopyPart-Custom-
#37022	NEW    cov: 1656 ft: 6988 corp: 722/2395Kb lim: 65536 exec/s: 420 rss: 7329Mb L: 259/65536 MS: 4 InsertByte-Custom-ShuffleBytes-Custom-
#37078	NEW    cov: 1656 ft: 6988 corp: 722/2389Kb lim: 65536 exec/s: 421 rss: 7342Mb L: 2067/65536 MS: 2 PersAutoDict-Custom- DE: "\376\377\377\377\377\377\377\177"-
#37139	NEW    cov: 1656 ft: 6988 corp: 722/2389Kb lim: 65536 exec/s: 422 rss: 7352Mb L: 16598/65536 MS: 2 EraseBytes-Custom-
#37236	NEW    cov: 1656 ft: 6988 corp: 722/2388Kb lim: 65536 exec/s: 423 rss: 7370Mb L: 279/65536 MS: 4 CopyPart-Custom-CMP-Custom- DE: "\377\377\377o"-
#37257	NEW    cov: 1656 ft: 6988 corp: 722/2388Kb lim: 65536 exec/s: 423 rss: 7375Mb L: 2/65536 MS: 2 ChangeBinInt-Custom-
#37319	NEW    cov: 1656 ft: 6988 corp: 722/2388Kb lim: 65536 exec/s: 424 rss: 7389Mb L: 32/65536 MS: 4 ManualDict-Custom-CopyPart-Custom- DE: "load_dotenv"-
#37343	RELOAD cov: 1656 ft: 6988 corp: 722/2388Kb lim: 65536 exec/s: 424 rss: 7394Mb
#37346	NEW    cov: 1656 ft: 6988 corp: 722/2388Kb lim: 65536 exec/s: 424 rss: 7395Mb L: 17/65536 MS: 4 InsertByte-Custom-CustomCrossOver-CustomCrossOver-
#37447	NEW    cov: 1656 ft: 6988 corp: 722/2388Kb lim: 65536 exec/s: 425 rss: 7415Mb L: 1/65536 MS: 2 EraseBytes-Custom-
#37477	NEW    cov: 1656 ft: 6988 corp: 722/2388Kb lim: 65536 exec/s: 425 rss: 7422Mb L: 7/65536 MS: 10 ChangeByte-Custom-ChangeBit-Custom-CopyPart-Custom-ShuffleBytes-Custom-PersAutoDict-Custom- DE: "\\t"-
#37657	NEW    cov: 1656 ft: 6988 corp: 722/2388Kb lim: 65536 exec/s: 427 rss: 7460Mb L: 2/65536 MS: 9 ShuffleBytes-Custom-ShuffleBytes-Custom-CMP-Custom-CopyPart-Custom-CustomCrossOver- DE: "\000\000\000\000"-
#37689	NEW    cov: 1656 ft: 6988 corp: 722/2388Kb lim: 65536 exec/s: 428 rss: 7467Mb L: 6/65536 MS: 4 InsertByte-Custom-ChangeASCIIInt-Custom-
#37756	NEW    cov: 1656 ft: 6988 corp: 722/2365Kb lim: 65536 exec/s: 429 rss: 7480Mb L: 28888/65536 MS: 4 EraseBytes-Custom-InsertRepeatedBytes-Custom-
#37775	NEW    cov: 1656 ft: 6991 corp: 722/2365Kb lim: 65536 exec/s: 429 rss: 7484Mb L: 3/65536 MS: 5 CustomCrossOver-CustomCrossOver-PersAutoDict-Custom-CustomCrossOver- DE: "all"-
#37835	NEW    cov: 1656 ft: 6991 corp: 723/2374Kb lim: 65536 exec/s: 429 rss: 7496Mb L: 8658/65536 MS: 10 InsertByte-Custom-ChangeASCIIInt-Custom-ChangeASCIIInt-Custom-InsertRepeatedBytes-Custom-ShuffleBytes-Custom-
#38112	NEW    cov: 1656 ft: 6991 corp: 724/2374Kb lim: 65536 exec/s: 428 rss: 7556Mb L: 1/65536 MS: 4 ShuffleBytes-Custom-EraseBytes-Custom-
#38692	RELOAD cov: 1656 ft: 6992 corp: 724/2374Kb lim: 65536 exec/s: 434 rss: 7677Mb
#38918	NEW    cov: 1656 ft: 6992 corp: 724/2374Kb lim: 65536 exec/s: 437 rss: 7723Mb L: 16/65536 MS: 2 ChangeBit-Custom-
#38934	NEW    cov: 1656 ft: 6995 corp: 725/2378Kb lim: 65536 exec/s: 432 rss: 7727Mb L: 4093/65536 MS: 2 ChangeASCIIInt-Custom-
#39000	NEW    cov: 1656 ft: 6995 corp: 725/2378Kb lim: 65536 exec/s: 433 rss: 7739Mb L: 9/65536 MS: 2 ChangeByte-Custom-
#39526	NEW    cov: 1656 ft: 6995 corp: 725/2325Kb lim: 65536 exec/s: 439 rss: 7850Mb L: 2522/65536 MS: 2 EraseBytes-Custom-
#39578	NEW    cov: 1656 ft: 6995 corp: 725/2325Kb lim: 65536 exec/s: 439 rss: 7863Mb L: 20/65536 MS: 4 ChangeBit-Custom-CopyPart-Custom-
#39631	NEW    cov: 1656 ft: 6995 corp: 725/2325Kb lim: 65536 exec/s: 440 rss: 7874Mb L: 2/65536 MS: 4 InsertByte-Custom-CustomCrossOver-CustomCrossOver-
#39645	NEW    cov: 1656 ft: 6995 corp: 726/2325Kb lim: 65536 exec/s: 440 rss: 7878Mb L: 2/65536 MS: 7 ShuffleBytes-Custom-EraseBytes-Custom-InsertByte-Custom-CustomCrossOver-
#39672	NEW    cov: 1656 ft: 6996 corp: 727/2325Kb lim: 65536 exec/s: 440 rss: 7882Mb L: 200/65536 MS: 4 InsertRepeatedBytes-Custom-InsertRepeatedBytes-Custom-
#40039	RELOAD cov: 1656 ft: 6996 corp: 728/2307Kb lim: 65536 exec/s: 439 rss: 7960Mb
#40219	NEW    cov: 1656 ft: 6996 corp: 729/2307Kb lim: 65536 exec/s: 441 rss: 7996Mb L: 1/65536 MS: 10 EraseBytes-Custom-ChangeByte-Custom-ChangeByte-Custom-EraseBytes-Custom-ShuffleBytes-Custom-
#40642	NEW    cov: 1656 ft: 6996 corp: 729/2307Kb lim: 65536 exec/s: 446 rss: 8086Mb L: 22/65536 MS: 6 ChangeByte-Custom-EraseBytes-Custom-ChangeBit-Custom-
#40829	NEW    cov: 1656 ft: 6996 corp: 729/2307Kb lim: 65536 exec/s: 448 rss: 8127Mb L: 16/65536 MS: 2 CustomCrossOver-CustomCrossOver-
#41289	RELOAD cov: 1656 ft: 6996 corp: 730/2330Kb lim: 65536 exec/s: 448 rss: 8227Mb
#41671	NEW    cov: 1656 ft: 6996 corp: 730/2330Kb lim: 65536 exec/s: 452 rss: 8306Mb L: 16600/65536 MS: 4 ChangeBinInt-Custom-InsertByte-Custom-
#41964	NEW    cov: 1656 ft: 6996 corp: 730/2330Kb lim: 65536 exec/s: 456 rss: 8368Mb L: 66/65536 MS: 4 CustomCrossOver-CustomCrossOver-ChangeByte-Custom-
#41985	NEW    cov: 1656 ft: 6997 corp: 730/2310Kb lim: 65536 exec/s: 451 rss: 8372Mb L: 8201/65536 MS: 2 CMP-Custom- DE: "\027\000\000\000\000\000\000\000"-
#42062	NEW    cov: 1656 ft: 6997 corp: 730/2310Kb lim: 65536 exec/s: 452 rss: 8389Mb L: 4/65536 MS: 3 CustomCrossOver-ChangeByte-Custom-
	NEW_FUNC[1/3]: 0x000000503470 in std::vector<beez::core::WorkflowStage, std::allocator<beez::core::WorkflowStage>>::size() const /usr/bin/../lib/gcc/x86_64-redhat-linux/16/../../../../include/c++/16/bits/stl_vector.h:1108
	NEW_FUNC[2/3]: 0x0000005038e0 in std::__detail::_Node_const_iterator<std::pair<std::__cxx11::basic_string<char, std::char_traits<char>, std::allocator<char>> const, beez::core::Workflow>, false, true>::operator++() /usr/bin/../lib/gcc/x86_64-redhat-linux/16/../../../../include/c++/16/bits/hashtable_policy.h:506
#42238	NEW    cov: 1682 ft: 7070 corp: 731/2310Kb lim: 65536 exec/s: 454 rss: 8426Mb L: 18/65536 MS: 1 CustomCrossOver-
#42615	RELOAD cov: 1682 ft: 7097 corp: 731/2286Kb lim: 65536 exec/s: 458 rss: 8504Mb
#42757	NEW    cov: 1682 ft: 7097 corp: 731/2286Kb lim: 65536 exec/s: 459 rss: 8535Mb L: 18/65536 MS: 4 ChangeBinInt-Custom-InsertByte-Custom-
#42848	NEW    cov: 1682 ft: 7097 corp: 731/2286Kb lim: 65536 exec/s: 460 rss: 8556Mb L: 547/65536 MS: 2 PersAutoDict-Custom- DE: "do"-
#43049	NEW    cov: 1682 ft: 7097 corp: 730/2269Kb lim: 65536 exec/s: 457 rss: 8595Mb L: 16402/65536 MS: 2 ManualDict-Custom- DE: "adversarial-cache"-
#43179	NEW    cov: 1682 ft: 7098 corp: 731/2269Kb lim: 65536 exec/s: 459 rss: 8623Mb L: 7/65536 MS: 10 ManualDict-Custom-ShuffleBytes-Custom-EraseBytes-Custom-CopyPart-Custom-PersAutoDict-Custom- DE: "flags"-"\377\377\377o"-
#43318	NEW    cov: 1682 ft: 7099 corp: 732/2269Kb lim: 65536 exec/s: 460 rss: 8652Mb L: 6/65536 MS: 8 ShuffleBytes-Custom-PersAutoDict-Custom-ChangeBinInt-Custom-ShuffleBytes-Custom- DE: "\000\001"-
#43578	NEW    cov: 1682 ft: 7100 corp: 733/2269Kb lim: 65536 exec/s: 463 rss: 8706Mb L: 74/65536 MS: 10 InsertByte-Custom-InsertRepeatedBytes-Custom-ShuffleBytes-Custom-ShuffleBytes-Custom-ChangeBinInt-Custom-
#43930	RELOAD cov: 1682 ft: 7158 corp: 737/2301Kb lim: 65536 exec/s: 467 rss: 8783Mb
#44254	NEW    cov: 1682 ft: 7158 corp: 738/2301Kb lim: 65536 exec/s: 465 rss: 8850Mb L: 23/65536 MS: 8 ShuffleBytes-Custom-ChangeByte-Custom-ChangeBit-Custom-PersAutoDict-Custom- DE: "applyEnvironment"-
#44261	NEW    cov: 1682 ft: 7158 corp: 739/2301Kb lim: 65536 exec/s: 465 rss: 8851Mb L: 16/65536 MS: 4 PersAutoDict-Custom-CopyPart-Custom- DE: "sdbm"-
#44262	NEW    cov: 1682 ft: 7158 corp: 739/2301Kb lim: 65536 exec/s: 465 rss: 8852Mb L: 21/65536 MS: 2 PersAutoDict-Custom- DE: "never"-
#44268	NEW    cov: 1682 ft: 7158 corp: 738/2301Kb lim: 65536 exec/s: 465 rss: 8853Mb L: 31/65536 MS: 2 InsertByte-Custom-
#44271	NEW    cov: 1682 ft: 7158 corp: 738/2301Kb lim: 65536 exec/s: 466 rss: 8854Mb L: 22/65536 MS: 5 CustomCrossOver-ChangeBit-Custom-InsertRepeatedBytes-Custom-
#44282	NEW    cov: 1682 ft: 7158 corp: 739/2301Kb lim: 65536 exec/s: 466 rss: 8856Mb L: 25/65536 MS: 2 InsertByte-Custom-
#44378	NEW    cov: 1682 ft: 7158 corp: 740/2301Kb lim: 65536 exec/s: 467 rss: 8877Mb L: 11/65536 MS: 2 ChangeBinInt-Custom-
#44439	NEW    cov: 1682 ft: 7158 corp: 741/2301Kb lim: 65536 exec/s: 467 rss: 8891Mb L: 7/65536 MS: 2 PersAutoDict-Custom- DE: "select"-
#45062	RELOAD cov: 1682 ft: 7158 corp: 740/2277Kb lim: 65536 exec/s: 469 rss: 9029Mb
#45231	NEW    cov: 1682 ft: 7158 corp: 741/2277Kb lim: 65536 exec/s: 471 rss: 9066Mb L: 16/65536 MS: 8 ChangeBinInt-Custom-InsertByte-Custom-ChangeBit-Custom-ChangeByte-Custom-
#45718	NEW    cov: 1682 ft: 7159 corp: 742/2277Kb lim: 65536 exec/s: 476 rss: 9172Mb L: 15/65536 MS: 4 CopyPart-Custom-InsertByte-Custom-
#45769	NEW    cov: 1682 ft: 7159 corp: 742/2277Kb lim: 65536 exec/s: 476 rss: 9184Mb L: 17/65536 MS: 2 ShuffleBytes-Custom-
#46204	RELOAD cov: 1682 ft: 7160 corp: 742/2245Kb lim: 65536 exec/s: 476 rss: 9278Mb
#47110	NEW    cov: 1682 ft: 7160 corp: 742/2245Kb lim: 65536 exec/s: 480 rss: 9469Mb L: 16/65536 MS: 2 ChangeByte-Custom-
#47398	RELOAD cov: 1682 ft: 7160 corp: 743/2254Kb lim: 65536 exec/s: 483 rss: 9531Mb
#47833	NEW    cov: 1682 ft: 7161 corp: 744/2254Kb lim: 65536 exec/s: 488 rss: 9626Mb L: 12/65536 MS: 10 CopyPart-Custom-ChangeBit-Custom-PersAutoDict-Custom-InsertByte-Custom-CopyPart-Custom- DE: "flags"-
#48198	NEW    cov: 1682 ft: 7161 corp: 744/2254Kb lim: 65536 exec/s: 486 rss: 9704Mb L: 16453/65536 MS: 8 ChangeByte-Custom-InsertByte-Custom-CustomCrossOver-ManualDict-Custom-CustomCrossOver- DE: "ghost-step"-
	NEW_FUNC[1/52]: 0x000000500800 in std::__detail::_Node_const_iterator<std::pair<std::__cxx11::basic_string<char, std::char_traits<char>, std::allocator<char>> const, beez::core::Task>, false, true>::operator*() const /usr/bin/../lib/gcc/x86_64-redhat-linux/16/../../../../include/c++/16/bits/hashtable_policy.h:498
	NEW_FUNC[2/52]: 0x000000500c88 in std::tuple_element<0ul, std::pair<std::__cxx11::basic_string<char, std::char_traits<char>, std::allocator<char>> const, beez::core::Task>>::type const& std::get<0ul, std::__cxx11::basic_string<char, std::char_traits<char>, std::allocator<char>> const, beez::core::Task>(std::pair<std::__cxx11::basic_string<char, std::char_traits<char>, std::allocator<char>> const, beez::core::Task> const&) /usr/bin/../lib/gcc/x86_64-redhat-linux/16/../../../../include/c++/16/bits/stl_pair.h:1299
#48299	NEW    cov: 1880 ft: 7474 corp: 745/2254Kb lim: 65536 exec/s: 487 rss: 9726Mb L: 36/65536 MS: 2 CrossOver-Custom-
#48559	RELOAD cov: 1880 ft: 7748 corp: 747/2254Kb lim: 65536 exec/s: 490 rss: 9784Mb
#49050	NEW    cov: 1880 ft: 7748 corp: 748/2270Kb lim: 65536 exec/s: 490 rss: 9887Mb L: 16385/65536 MS: 2 PersAutoDict-Custom- DE: "["-
#49075	NEW    cov: 1880 ft: 7748 corp: 747/2270Kb lim: 65536 exec/s: 490 rss: 9892Mb L: 7/65536 MS: 8 CrossOver-Custom-CustomCrossOver-ChangeBinInt-Custom-ManualDict-Custom-CustomCrossOver- DE: "protect"-
#49076	NEW    cov: 1880 ft: 7748 corp: 747/2270Kb lim: 65536 exec/s: 490 rss: 9892Mb L: 2/65536 MS: 2 ChangeBinInt-Custom-
#49117	NEW    cov: 1880 ft: 7748 corp: 747/2270Kb lim: 65536 exec/s: 491 rss: 9900Mb L: 4/65536 MS: 2 CopyPart-Custom-
#49173	NEW    cov: 1880 ft: 7748 corp: 748/2270Kb lim: 65536 exec/s: 491 rss: 9911Mb L: 17/65536 MS: 2 ShuffleBytes-Custom-
#49478	NEW    cov: 1880 ft: 7946 corp: 749/2270Kb lim: 65536 exec/s: 494 rss: 9979Mb L: 40/65536 MS: 7 InsertByte-Custom-CustomCrossOver-CustomCrossOver-CustomCrossOver-InsertRepeatedBytes-Custom-
#49509	NEW    cov: 1880 ft: 7984 corp: 750/2270Kb lim: 65536 exec/s: 495 rss: 9986Mb L: 261/65536 MS: 2 CMP-Custom- DE: "temp"-
#49640	RELOAD cov: 1880 ft: 7988 corp: 752/2271Kb lim: 65536 exec/s: 496 rss: 10015Mb
#49701	NEW    cov: 1880 ft: 7988 corp: 750/2271Kb lim: 65536 exec/s: 497 rss: 10028Mb L: 2/65536 MS: 1 CustomCrossOver-
#49722	NEW    cov: 1880 ft: 7988 corp: 751/2273Kb lim: 65536 exec/s: 497 rss: 10032Mb L: 2050/65536 MS: 1 CustomCrossOver-
#49773	NEW    cov: 1880 ft: 7988 corp: 751/2265Kb lim: 65536 exec/s: 497 rss: 10042Mb L: 8233/65536 MS: 2 EraseBytes-Custom-
#49834	NEW    cov: 1880 ft: 7988 corp: 751/2265Kb lim: 65536 exec/s: 493 rss: 10055Mb L: 2/65536 MS: 2 CopyPart-Custom-
#50269	NEW    cov: 1880 ft: 7990 corp: 750/2265Kb lim: 65536 exec/s: 497 rss: 10148Mb L: 25/65536 MS: 8 CustomCrossOver-CustomCrossOver-ChangeBinInt-Custom-CrossOver-Custom-InsertByte-Custom-
#50472	NEW    cov: 1880 ft: 7991 corp: 751/2329Kb lim: 65536 exec/s: 499 rss: 10189Mb L: 65532/65536 MS: 6 ChangeByte-Custom-PersAutoDict-Custom-ChangeASCIIInt-Custom- DE: "Lua error"-
#50586	NEW    cov: 1880 ft: 7991 corp: 752/2329Kb lim: 65536 exec/s: 500 rss: 10211Mb L: 76/65536 MS: 8 InsertByte-Custom-CMP-Custom-ChangeByte-Custom-ChangeBinInt-Custom- DE: "\000\000\000\200"-
#50790	RELOAD cov: 1880 ft: 7991 corp: 754/2353Kb lim: 65536 exec/s: 502 rss: 10255Mb
#51240	NEW    cov: 1880 ft: 7991 corp: 754/2353Kb lim: 65536 exec/s: 502 rss: 10351Mb L: 513/65536 MS: 10 ChangeByte-Custom-CMP-Custom-InsertRepeatedBytes-Custom-PersAutoDict-Custom-ChangeByte-Custom- DE: "\000\000\000\000\000\000\000\011"-"algorithm"-
#51301	NEW    cov: 1880 ft: 7991 corp: 754/2353Kb lim: 65536 exec/s: 502 rss: 10363Mb L: 16/65536 MS: 2 ShuffleBytes-Custom-
#51302	NEW    cov: 1880 ft: 7992 corp: 755/2385Kb lim: 65536 exec/s: 502 rss: 10363Mb L: 32767/65536 MS: 1 CustomCrossOver-
#51354	NEW    cov: 1880 ft: 7992 corp: 754/2385Kb lim: 65536 exec/s: 503 rss: 10373Mb L: 1/65536 MS: 4 CopyPart-Custom-ShuffleBytes-Custom-
#51427	NEW    cov: 1880 ft: 7992 corp: 754/2359Kb lim: 65536 exec/s: 504 rss: 10388Mb L: 5946/65536 MS: 6 InsertByte-Custom-PersAutoDict-Custom-CopyPart-Custom- DE: "glob"-
#51429	NEW    cov: 1880 ft: 7992 corp: 754/2353Kb lim: 65536 exec/s: 504 rss: 10388Mb L: 7/65536 MS: 4 EraseBytes-Custom-PersAutoDict-Custom- DE: "blocks"-
#51684	RELOAD cov: 1880 ft: 7992 corp: 756/2354Kb lim: 65536 exec/s: 501 rss: 10445Mb
#52125	NEW    cov: 1880 ft: 7992 corp: 756/2354Kb lim: 65536 exec/s: 506 rss: 10543Mb L: 21/65536 MS: 2 PersAutoDict-Custom- DE: "then"-
#52378	NEW    cov: 1880 ft: 7992 corp: 756/2354Kb lim: 65536 exec/s: 508 rss: 10594Mb L: 31/65536 MS: 5 CustomCrossOver-CrossOver-Custom-PersAutoDict-Custom- DE: "cache_fs_metadata"-
#52390	NEW    cov: 1880 ft: 7992 corp: 756/2354Kb lim: 65536 exec/s: 508 rss: 10597Mb L: 3/65536 MS: 4 ShuffleBytes-Custom-ChangeBit-Custom-
#52403	NEW    cov: 1880 ft: 7992 corp: 756/2354Kb lim: 65536 exec/s: 508 rss: 10599Mb L: 9/65536 MS: 5 CMP-Custom-CMP-Custom-CustomCrossOver- DE: "tex"-"\242\000"-
#52495	NEW    cov: 1880 ft: 7992 corp: 757/2354Kb lim: 65536 exec/s: 504 rss: 10618Mb L: 106/65536 MS: 4 CopyPart-Custom-InsertRepeatedBytes-Custom-
#52541	NEW    cov: 1880 ft: 7992 corp: 757/2354Kb lim: 65536 exec/s: 505 rss: 10629Mb L: 2/65536 MS: 2 CopyPart-Custom-
#52706	RELOAD cov: 1880 ft: 7993 corp: 758/2325Kb lim: 65536 exec/s: 506 rss: 10665Mb
#52790	NEW    cov: 1880 ft: 7993 corp: 758/2325Kb lim: 65536 exec/s: 507 rss: 10681Mb L: 11/65536 MS: 8 PersAutoDict-Custom-CMP-Custom-ChangeBinInt-Custom-ChangeBit-Custom- DE: "animation"-"\001\001"-
#53081	NEW    cov: 1880 ft: 7993 corp: 758/2325Kb lim: 65536 exec/s: 510 rss: 10740Mb L: 1/65536 MS: 2 ChangeByte-Custom-
#53200	NEW    cov: 1880 ft: 7993 corp: 758/2325Kb lim: 65536 exec/s: 511 rss: 10765Mb L: 5/65536 MS: 8 EraseBytes-Custom-ShuffleBytes-Custom-CopyPart-Custom-ManualDict-Custom- DE: "zstd"-
#53291	NEW    cov: 1880 ft: 7993 corp: 758/2325Kb lim: 65536 exec/s: 512 rss: 10783Mb L: 24/65536 MS: 2 ManualDict-Custom- DE: "spawn"-
#53345	NEW    cov: 1880 ft: 7994 corp: 759/2327Kb lim: 65536 exec/s: 508 rss: 10794Mb L: 2344/65536 MS: 8 InsertRepeatedBytes-Custom-CopyPart-Custom-ChangeASCIIInt-Custom-InsertRepeatedBytes-Custom-
#53371	NEW    cov: 1880 ft: 7995 corp: 760/2327Kb lim: 65536 exec/s: 508 rss: 10800Mb L: 258/65536 MS: 2 PersAutoDict-Custom- DE: "TERM"-
#53387	NEW    cov: 1880 ft: 7995 corp: 760/2327Kb lim: 65536 exec/s: 508 rss: 10803Mb L: 2/65536 MS: 2 InsertByte-Custom-
#53407	NEW    cov: 1880 ft: 7995 corp: 761/2327Kb lim: 65536 exec/s: 508 rss: 10808Mb L: 20/65536 MS: 10 ChangeBinInt-Custom-InsertByte-Custom-InsertByte-Custom-ChangeByte-Custom-ChangeByte-Custom-
#53424	NEW    cov: 1880 ft: 7995 corp: 762/2327Kb lim: 65536 exec/s: 508 rss: 10811Mb L: 16/65536 MS: 4 CopyPart-Custom-ManualDict-Custom- DE: "elseif"-
#53647	RELOAD cov: 1880 ft: 7997 corp: 759/2389Kb lim: 65536 exec/s: 510 rss: 10861Mb
#53766	NEW    cov: 1880 ft: 7997 corp: 759/2389Kb lim: 65536 exec/s: 512 rss: 10883Mb L: 51/65536 MS: 7 InsertRepeatedBytes-Custom-ManualDict-Custom-PersAutoDict-Custom-CustomCrossOver- DE: "errors"-"or"-
#53889	NEW    cov: 1880 ft: 7997 corp: 758/2389Kb lim: 65536 exec/s: 513 rss: 10909Mb L: 2/65536 MS: 5 ManualDict-Custom-ChangeByte-Custom-CustomCrossOver- DE: "crc32"-
#53895	NEW    cov: 1880 ft: 7997 corp: 757/2389Kb lim: 65536 exec/s: 513 rss: 10911Mb L: 10/65536 MS: 1 CustomCrossOver-
#53956	NEW    cov: 1880 ft: 7997 corp: 757/2387Kb lim: 65536 exec/s: 513 rss: 10923Mb L: 22/65536 MS: 2 ManualDict-Custom- DE: "999999"-
#54182	NEW    cov: 1880 ft: 7997 corp: 755/2386Kb lim: 65536 exec/s: 511 rss: 10973Mb L: 13/65536 MS: 2 ManualDict-Custom- DE: "not-a-mode"-
#54287	NEW    cov: 1880 ft: 7997 corp: 753/2386Kb lim: 65536 exec/s: 512 rss: 10995Mb L: 3/65536 MS: 6 CustomCrossOver-InsertRepeatedBytes-Custom-CustomCrossOver-CustomCrossOver-CustomCrossOver-
#54591	RELOAD cov: 1880 ft: 7998 corp: 757/2370Kb lim: 65536 exec/s: 515 rss: 11061Mb
#55196	NEW    cov: 1880 ft: 7998 corp: 757/2370Kb lim: 65536 exec/s: 515 rss: 11192Mb L: 19/65536 MS: 10 EraseBytes-Custom-ChangeBit-Custom-ManualDict-Custom-ChangeByte-Custom-PersAutoDict-Custom- DE: "Lua error"-"pipeline"-
#55328	NEW    cov: 1880 ft: 7998 corp: 757/2370Kb lim: 65536 exec/s: 517 rss: 11221Mb L: 1/65536 MS: 4 ChangeByte-Custom-CopyPart-Custom-
#55407	RELOAD cov: 1880 ft: 7998 corp: 758/2361Kb lim: 65536 exec/s: 517 rss: 11238Mb
#55698	NEW    cov: 1880 ft: 7998 corp: 759/2361Kb lim: 65536 exec/s: 515 rss: 11299Mb L: 4/65536 MS: 2 PersAutoDict-Custom- DE: "0x"-
#55699	NEW    cov: 1880 ft: 7999 corp: 760/2361Kb lim: 65536 exec/s: 515 rss: 11299Mb L: 10/65536 MS: 2 CopyPart-Custom-
#56010	NEW    cov: 1880 ft: 7999 corp: 760/2361Kb lim: 65536 exec/s: 518 rss: 11365Mb L: 3/65536 MS: 2 InsertByte-Custom-
#56194	RELOAD cov: 1880 ft: 8000 corp: 762/2396Kb lim: 65536 exec/s: 520 rss: 11404Mb
#56324	NEW    cov: 1880 ft: 8000 corp: 762/2375Kb lim: 65536 exec/s: 521 rss: 11430Mb L: 40649/65536 MS: 10 ShuffleBytes-Custom-InsertRepeatedBytes-Custom-EraseBytes-Custom-CopyPart-Custom-ChangeASCIIInt-Custom-
#56750	NEW    cov: 1880 ft: 8001 corp: 763/2376Kb lim: 65536 exec/s: 520 rss: 11525Mb L: 432/65536 MS: 2 ChangeASCIIInt-Custom-
#56894	NEW    cov: 1880 ft: 8001 corp: 763/2376Kb lim: 65536 exec/s: 521 rss: 11556Mb L: 25/65536 MS: 8 InsertRepeatedBytes-Custom-CopyPart-Custom-InsertByte-Custom-ChangeByte-Custom-
#56995	RELOAD cov: 1880 ft: 8001 corp: 762/2360Kb lim: 65536 exec/s: 522 rss: 11578Mb
#57486	NEW    cov: 1880 ft: 8001 corp: 762/2360Kb lim: 65536 exec/s: 522 rss: 11682Mb L: 35/65536 MS: 1 CustomCrossOver-
#57648	NEW    cov: 1880 ft: 8001 corp: 760/2359Kb lim: 65536 exec/s: 524 rss: 11717Mb L: 2/65536 MS: 4 ChangeByte-Custom-InsertByte-Custom-
#57649	NEW    cov: 1880 ft: 8004 corp: 761/2360Kb lim: 65536 exec/s: 524 rss: 11717Mb L: 14/65536 MS: 2 ManualDict-Custom- DE: "not-a-mode"-
#57891	RELOAD cov: 1880 ft: 8004 corp: 761/2359Kb lim: 65536 exec/s: 526 rss: 11769Mb
#57898	NEW    cov: 1880 ft: 8004 corp: 761/2359Kb lim: 65536 exec/s: 526 rss: 11770Mb L: 25/65536 MS: 4 CopyPart-Custom-ManualDict-Custom- DE: "compact"-
#58434	NEW    cov: 1880 ft: 8005 corp: 762/2359Kb lim: 65536 exec/s: 526 rss: 11881Mb L: 8/65536 MS: 2 PersAutoDict-Custom- DE: "crc32"-
#58505	NEW    cov: 1880 ft: 8005 corp: 762/2359Kb lim: 65536 exec/s: 527 rss: 11881Mb L: 8/65536 MS: 2 ManualDict-Custom- DE: "logging"-
#58611	NEW    cov: 1880 ft: 8005 corp: 763/2359Kb lim: 65536 exec/s: 528 rss: 11881Mb L: 13/65536 MS: 2 PersAutoDict-Custom- DE: "max_threads"-
#58648	NEW    cov: 1880 ft: 8005 corp: 764/2359Kb lim: 65536 exec/s: 528 rss: 11881Mb L: 6/65536 MS: 4 EraseBytes-Custom-InsertByte-Custom-
#58812	RELOAD cov: 1880 ft: 8005 corp: 767/2367Kb lim: 65536 exec/s: 525 rss: 11881Mb
#58859	NEW    cov: 1880 ft: 8005 corp: 764/2367Kb lim: 65536 exec/s: 525 rss: 11881Mb L: 33/65536 MS: 4 ShuffleBytes-Custom-InsertRepeatedBytes-Custom-
#59071	NEW    cov: 1880 ft: 8005 corp: 764/2367Kb lim: 65536 exec/s: 527 rss: 11881Mb L: 17/65536 MS: 2 CustomCrossOver-CustomCrossOver-
#59304	NEW    cov: 1880 ft: 8011 corp: 764/2367Kb lim: 65536 exec/s: 529 rss: 11881Mb L: 114/65536 MS: 6 EraseBytes-Custom-ShuffleBytes-Custom-InsertRepeatedBytes-Custom-
#59684	RELOAD cov: 1880 ft: 8011 corp: 763/2359Kb lim: 65536 exec/s: 528 rss: 11881Mb
#59735	NEW    cov: 1880 ft: 8011 corp: 763/2358Kb lim: 65536 exec/s: 528 rss: 11881Mb L: 16587/65536 MS: 2 CopyPart-Custom-
#59742	NEW    cov: 1880 ft: 8014 corp: 764/2422Kb lim: 65536 exec/s: 528 rss: 11881Mb L: 65515/65536 MS: 4 InsertByte-Custom-InsertRepeatedBytes-Custom-
#59917	NEW    cov: 1880 ft: 8014 corp: 765/2422Kb lim: 65536 exec/s: 530 rss: 11881Mb L: 2/65536 MS: 10 EraseBytes-Custom-InsertByte-Custom-EraseBytes-Custom-ShuffleBytes-Custom-CopyPart-Custom-
#60039	NEW    cov: 1880 ft: 8014 corp: 765/2422Kb lim: 65536 exec/s: 531 rss: 11881Mb L: 159/65536 MS: 4 CMP-Custom-CopyPart-Custom- DE: "\377\377\377\377\377\377\377\016"-
#60100	NEW    cov: 1880 ft: 8014 corp: 765/2422Kb lim: 65536 exec/s: 531 rss: 11881Mb L: 21/65536 MS: 2 ChangeASCIIInt-Custom-
#60299	NEW    cov: 1880 ft: 8014 corp: 765/2388Kb lim: 65536 exec/s: 528 rss: 11881Mb L: 5921/65536 MS: 8 CMP-Custom-InsertRepeatedBytes-Custom-CopyPart-Custom-InsertRepeatedBytes-Custom- DE: "\030\000"-
#60493	RELOAD cov: 1880 ft: 8014 corp: 765/2388Kb lim: 65536 exec/s: 530 rss: 11881Mb
#61000	NEW    cov: 1880 ft: 8014 corp: 765/2388Kb lim: 65536 exec/s: 530 rss: 11881Mb L: 17/65536 MS: 4 ChangeByte-Custom-ChangeBit-Custom-
#61249	RELOAD cov: 1880 ft: 8014 corp: 766/2387Kb lim: 65536 exec/s: 532 rss: 11881Mb
#61251	NEW    cov: 1880 ft: 8014 corp: 766/2387Kb lim: 65536 exec/s: 532 rss: 11881Mb L: 4139/65536 MS: 4 EraseBytes-Custom-ChangeByte-Custom-
#61383	NEW    cov: 1880 ft: 8014 corp: 766/2387Kb lim: 65536 exec/s: 533 rss: 11881Mb L: 65352/65536 MS: 4 InsertRepeatedBytes-Custom-InsertByte-Custom-
#61384	NEW    cov: 1880 ft: 8016 corp: 767/2420Kb lim: 65536 exec/s: 533 rss: 11881Mb L: 33384/65536 MS: 2 InsertRepeatedBytes-Custom-
#61645	NEW    cov: 1880 ft: 8017 corp: 768/2420Kb lim: 65536 exec/s: 536 rss: 11881Mb L: 3/65536 MS: 2 CopyPart-Custom-
#61761	NEW    cov: 1880 ft: 8017 corp: 768/2420Kb lim: 65536 exec/s: 532 rss: 11881Mb L: 18/65536 MS: 2 InsertByte-Custom-
#61992	NEW    cov: 1880 ft: 8021 corp: 769/2423Kb lim: 65536 exec/s: 534 rss: 11881Mb L: 3168/65536 MS: 2 ChangeBinInt-Custom-
#62079	RELOAD cov: 1880 ft: 8021 corp: 769/2423Kb lim: 65536 exec/s: 477 rss: 11881Mb
#62321	NEW    cov: 1880 ft: 8021 corp: 769/2423Kb lim: 65536 exec/s: 479 rss: 11881Mb L: 5/65536 MS: 4 InsertByte-Custom-ShuffleBytes-Custom-
#62855	NEW    cov: 1880 ft: 8021 corp: 769/2423Kb lim: 65536 exec/s: 424 rss: 11881Mb L: 3/65536 MS: 3 InsertByte-Custom-CustomCrossOver-
#63053	NEW    cov: 1880 ft: 8021 corp: 769/2423Kb lim: 65536 exec/s: 426 rss: 11881Mb L: 2/65536 MS: 5 CrossOver-Custom-ChangeByte-Custom-CustomCrossOver-
#63064	NEW    cov: 1880 ft: 8022 corp: 770/2423Kb lim: 65536 exec/s: 426 rss: 11881Mb L: 433/65536 MS: 2 ChangeBinInt-Custom-
#63824	NEW    cov: 1880 ft: 8023 corp: 771/2423Kb lim: 65536 exec/s: 428 rss: 11881Mb L: 35/65536 MS: 6 CustomCrossOver-CopyPart-Custom-ChangeBinInt-Custom-CustomCrossOver-
#63999	NEW    cov: 1880 ft: 8023 corp: 771/2423Kb lim: 65536 exec/s: 429 rss: 11881Mb L: 18/65536 MS: 8 PersAutoDict-Custom-CustomCrossOver-InsertByte-Custom-CustomCrossOver-EraseBytes-Custom- DE: "pid"-
#64128	NEW    cov: 1880 ft: 8026 corp: 772/2424Kb lim: 65536 exec/s: 430 rss: 11881Mb L: 332/65536 MS: 8 ManualDict-Custom-ChangeBinInt-Custom-CMP-Custom-InsertRepeatedBytes-Custom- DE: "hide_cache_hits"-"beez"-
#64210	NEW    cov: 1880 ft: 8026 corp: 772/2424Kb lim: 65536 exec/s: 430 rss: 11881Mb L: 18/65536 MS: 2 CustomCrossOver-CustomCrossOver-
#64267	NEW    cov: 1880 ft: 8027 corp: 773/2471Kb lim: 65536 exec/s: 428 rss: 11881Mb L: 48065/65536 MS: 4 InsertRepeatedBytes-Custom-ShuffleBytes-Custom-
#65191	NEW    cov: 1880 ft: 8027 corp: 773/2471Kb lim: 65536 exec/s: 434 rss: 11881Mb L: 4/65536 MS: 2 ChangeBinInt-Custom-
#65193	NEW    cov: 1880 ft: 8027 corp: 773/2471Kb lim: 65536 exec/s: 434 rss: 11881Mb L: 1/65536 MS: 4 ChangeBinInt-Custom-ChangeBit-Custom-
#65424	NEW    cov: 1880 ft: 8027 corp: 773/2471Kb lim: 65536 exec/s: 433 rss: 11881Mb L: 3/65536 MS: 1 CustomCrossOver-
#65536	pulse  cov: 1880 ft: 8027 corp: 773/2471Kb lim: 65536 exec/s: 434 rss: 11881Mb
#65735	NEW    cov: 1880 ft: 8028 corp: 774/2535Kb lim: 65536 exec/s: 435 rss: 11881Mb L: 65409/65536 MS: 2 CMP-Custom- DE: "\377\377\377\377\377\377\377\005"-
#65743	NEW    cov: 1880 ft: 8028 corp: 774/2535Kb lim: 65536 exec/s: 435 rss: 11881Mb L: 132/65536 MS: 6 ChangeBit-Custom-PersAutoDict-Custom-InsertRepeatedBytes-Custom- DE: "count"-
#65880	RELOAD cov: 1880 ft: 8030 corp: 775/2535Kb lim: 65536 exec/s: 436 rss: 11881Mb
#65890	NEW    cov: 1880 ft: 8030 corp: 775/2535Kb lim: 65536 exec/s: 436 rss: 11881Mb L: 23/65536 MS: 10 CopyPart-Custom-EraseBytes-Custom-ChangeByte-Custom-ChangeBit-Custom-PersAutoDict-Custom- DE: "\377\377\377\377\377\377\377\377"-
#65913	NEW    cov: 1880 ft: 8032 corp: 776/2558Kb lim: 65536 exec/s: 436 rss: 11881Mb L: 23521/65536 MS: 6 EraseBytes-Custom-ChangeByte-Custom-ChangeBit-Custom-
#65942	NEW    cov: 1880 ft: 8032 corp: 776/2556Kb lim: 65536 exec/s: 436 rss: 11881Mb L: 1700/65536 MS: 6 EraseBytes-Custom-CustomCrossOver-CustomCrossOver-CopyPart-Custom-
#66423	NEW    cov: 1880 ft: 8032 corp: 776/2556Kb lim: 65536 exec/s: 436 rss: 11881Mb L: 29/65536 MS: 2 InsertRepeatedBytes-Custom-
#66442	NEW    cov: 1880 ft: 8032 corp: 776/2556Kb lim: 65536 exec/s: 437 rss: 11881Mb L: 1/65536 MS: 8 ShuffleBytes-Custom-ChangeBit-Custom-ChangeBit-Custom-EraseBytes-Custom-
#66687	NEW    cov: 1880 ft: 8032 corp: 776/2555Kb lim: 65536 exec/s: 438 rss: 11881Mb L: 45/65536 MS: 10 ShuffleBytes-Custom-InsertByte-Custom-EraseBytes-Custom-PersAutoDict-Custom-InsertRepeatedBytes-Custom- DE: "themes"-
#67087	RELOAD cov: 1880 ft: 8032 corp: 776/2555Kb lim: 65536 exec/s: 441 rss: 11881Mb
#67713	NEW    cov: 1880 ft: 8032 corp: 776/2555Kb lim: 65536 exec/s: 442 rss: 11881Mb L: 33/65536 MS: 1 CustomCrossOver-
#67739	NEW    cov: 1880 ft: 8047 corp: 777/2555Kb lim: 65536 exec/s: 442 rss: 11881Mb L: 32/65536 MS: 2 EraseBytes-Custom-
#67746	NEW    cov: 1880 ft: 8047 corp: 777/2555Kb lim: 65536 exec/s: 442 rss: 11881Mb L: 21/65536 MS: 4 ChangeBit-Custom-InsertByte-Custom-
#67848	NEW    cov: 1880 ft: 8047 corp: 777/2555Kb lim: 65536 exec/s: 443 rss: 11881Mb L: 2/65536 MS: 4 ChangeBit-Custom-EraseBytes-Custom-
#68031	NEW    cov: 1880 ft: 8047 corp: 777/2555Kb lim: 65536 exec/s: 444 rss: 11881Mb L: 32777/65536 MS: 5 ChangeByte-Custom-InsertByte-Custom-CustomCrossOver-
#68087	NEW    cov: 1880 ft: 8047 corp: 778/2555Kb lim: 65536 exec/s: 445 rss: 11881Mb L: 16/65536 MS: 2 ChangeBit-Custom-
#68315	RELOAD cov: 1880 ft: 8047 corp: 779/2555Kb lim: 65536 exec/s: 446 rss: 11881Mb
#68455	NEW    cov: 1880 ft: 8047 corp: 779/2555Kb lim: 65536 exec/s: 444 rss: 11881Mb L: 13/65536 MS: 10 InsertByte-Custom-ChangeBit-Custom-ManualDict-Custom-EraseBytes-Custom-ChangeByte-Custom- DE: "run_log_file"-
#69043	NEW    cov: 1880 ft: 8188 corp: 780/2555Kb lim: 65536 exec/s: 448 rss: 11881Mb L: 127/65536 MS: 6 InsertRepeatedBytes-Custom-PersAutoDict-Custom-CopyPart-Custom- DE: "animation"-
#69061	NEW    cov: 1880 ft: 8217 corp: 781/2555Kb lim: 65536 exec/s: 448 rss: 11881Mb L: 20/65536 MS: 4 CMP-Custom-CustomCrossOver-CustomCrossOver- DE: "tex"-
#69067	NEW    cov: 1880 ft: 8217 corp: 780/2555Kb lim: 65536 exec/s: 448 rss: 11881Mb L: 2/65536 MS: 1 CustomCrossOver-
#69073	NEW    cov: 1880 ft: 8217 corp: 780/2555Kb lim: 65536 exec/s: 448 rss: 11881Mb L: 2/65536 MS: 2 EraseBytes-Custom-
#69521	RELOAD cov: 1880 ft: 8223 corp: 782/2557Kb lim: 65536 exec/s: 448 rss: 11881Mb
#69602	NEW    cov: 1880 ft: 8228 corp: 783/2557Kb lim: 65536 exec/s: 449 rss: 11881Mb L: 514/65536 MS: 2 ChangeBinInt-Custom-
#70057	NEW    cov: 1880 ft: 8229 corp: 784/2557Kb lim: 65536 exec/s: 451 rss: 11881Mb L: 67/65536 MS: 10 ChangeByte-Custom-ChangeByte-Custom-InsertRepeatedBytes-Custom-ManualDict-Custom-ChangeBit-Custom- DE: "fnv1a32"-
#70387	NEW    cov: 1880 ft: 8232 corp: 784/2535Kb lim: 65536 exec/s: 454 rss: 11928Mb L: 8759/65536 MS: 10 CopyPart-Custom-ShuffleBytes-Custom-ChangeBinInt-Custom-InsertByte-Custom-ManualDict-Custom- DE: ".cache-custom"-
#70723	RELOAD cov: 1880 ft: 8232 corp: 785/2535Kb lim: 65536 exec/s: 453 rss: 11997Mb
#70871	NEW    cov: 1880 ft: 8232 corp: 786/2535Kb lim: 65536 exec/s: 454 rss: 12028Mb L: 60/65536 MS: 4 InsertByte-Custom-CustomCrossOver-CustomCrossOver-
#70902	NEW    cov: 1880 ft: 8232 corp: 787/2535Kb lim: 65536 exec/s: 454 rss: 12035Mb L: 2/65536 MS: 2 ChangeBinInt-Custom-
#71097	NEW    cov: 1880 ft: 8232 corp: 788/2535Kb lim: 65536 exec/s: 455 rss: 12076Mb L: 236/65536 MS: 10 ChangeBit-Custom-InsertRepeatedBytes-Custom-PersAutoDict-Custom-ShuffleBytes-Custom-InsertRepeatedBytes-Custom- DE: "does-not-exist"-
#71173	NEW    cov: 1880 ft: 8232 corp: 788/2535Kb lim: 65536 exec/s: 456 rss: 12094Mb L: 67/65536 MS: 2 InsertRepeatedBytes-Custom-
#71199	NEW    cov: 1880 ft: 8232 corp: 788/2535Kb lim: 65536 exec/s: 456 rss: 12098Mb L: 2/65536 MS: 2 ChangeBit-Custom-
#71336	NEW    cov: 1880 ft: 8233 corp: 789/2535Kb lim: 65536 exec/s: 457 rss: 12128Mb L: 62/65536 MS: 2 CustomCrossOver-CustomCrossOver-
#71442	NEW    cov: 1880 ft: 8234 corp: 790/2568Kb lim: 65536 exec/s: 457 rss: 12152Mb L: 33199/65536 MS: 2 InsertRepeatedBytes-Custom-
#71479	NEW    cov: 1880 ft: 8239 corp: 789/2507Kb lim: 65536 exec/s: 458 rss: 12160Mb L: 33071/65536 MS: 3 InsertByte-Custom-CustomCrossOver-
#71580	NEW    cov: 1880 ft: 8239 corp: 789/2507Kb lim: 65536 exec/s: 455 rss: 12180Mb L: 17/65536 MS: 2 ChangeBinInt-Custom-
#71647	NEW    cov: 1880 ft: 8239 corp: 789/2507Kb lim: 65536 exec/s: 456 rss: 12193Mb L: 1/65536 MS: 4 ShuffleBytes-Custom-EraseBytes-Custom-
#71684	NEW    cov: 1880 ft: 8239 corp: 789/2501Kb lim: 65536 exec/s: 456 rss: 12202Mb L: 8647/65536 MS: 4 CMP-Custom-PersAutoDict-Custom- DE: "\003\000"-"0x1e"-
#71934	RELOAD cov: 1880 ft: 8239 corp: 790/2506Kb lim: 65536 exec/s: 458 rss: 12254Mb
#72041	NEW    cov: 1880 ft: 8239 corp: 790/2506Kb lim: 65536 exec/s: 458 rss: 12276Mb L: 2/65536 MS: 2 CustomCrossOver-CustomCrossOver-
#72231	NEW    cov: 1880 ft: 8239 corp: 790/2506Kb lim: 65536 exec/s: 460 rss: 12316Mb L: 19/65536 MS: 10 InsertByte-Custom-PersAutoDict-Custom-EraseBytes-Custom-CopyPart-Custom-InsertByte-Custom- DE: "vault"-
#72648	NEW    cov: 1880 ft: 8239 corp: 790/2506Kb lim: 65536 exec/s: 459 rss: 12403Mb L: 2/65536 MS: 2 CustomCrossOver-CustomCrossOver-
#72690	NEW    cov: 1880 ft: 8239 corp: 790/2506Kb lim: 65536 exec/s: 460 rss: 12412Mb L: 2/65536 MS: 2 CustomCrossOver-CustomCrossOver-
#72695	NEW    cov: 1880 ft: 8242 corp: 791/2506Kb lim: 65536 exec/s: 460 rss: 12413Mb L: 137/65536 MS: 10 InsertRepeatedBytes-Custom-InsertByte-Custom-CopyPart-Custom-ManualDict-Custom-ChangeBinInt-Custom- DE: "0x"-
#72892	NEW    cov: 1880 ft: 8242 corp: 792/2506Kb lim: 65536 exec/s: 461 rss: 12456Mb L: 26/65536 MS: 4 ChangeByte-Custom-CMP-Custom- DE: "\017\000\000\000\000\000\000\000"-
#73163	RELOAD cov: 1880 ft: 8243 corp: 794/2506Kb lim: 65536 exec/s: 463 rss: 12512Mb
#73275	NEW    cov: 1880 ft: 8243 corp: 794/2506Kb lim: 65536 exec/s: 463 rss: 12535Mb L: 1/65536 MS: 3 CustomCrossOver-EraseBytes-Custom-
#73276	NEW    cov: 1880 ft: 8243 corp: 793/2506Kb lim: 65536 exec/s: 463 rss: 12536Mb L: 9/65536 MS: 2 InsertByte-Custom-
#73312	NEW    cov: 1880 ft: 8243 corp: 793/2506Kb lim: 65536 exec/s: 464 rss: 12544Mb L: 4/65536 MS: 2 CMP-Custom- DE: "\012\000"-
#73463	NEW    cov: 1880 ft: 8243 corp: 794/2506Kb lim: 65536 exec/s: 464 rss: 12575Mb L: 31/65536 MS: 2 InsertByte-Custom-
#73595	NEW    cov: 1880 ft: 8243 corp: 794/2506Kb lim: 65536 exec/s: 465 rss: 12603Mb L: 15/65536 MS: 4 CMP-Custom-ChangeBit-Custom- DE: "sol."-
#73912	NEW    cov: 1880 ft: 8243 corp: 794/2506Kb lim: 65536 exec/s: 464 rss: 12669Mb L: 77/65536 MS: 4 InsertRepeatedBytes-Custom-ChangeBinInt-Custom-
#73918	NEW    cov: 1880 ft: 8243 corp: 795/2522Kb lim: 65536 exec/s: 464 rss: 12671Mb L: 16386/65536 MS: 2 ChangeASCIIInt-Custom-
#73919	NEW    cov: 1880 ft: 8244 corp: 796/2523Kb lim: 65536 exec/s: 464 rss: 12671Mb L: 1055/65536 MS: 1 CustomCrossOver-
#73921	NEW    cov: 1880 ft: 8244 corp: 795/2522Kb lim: 65536 exec/s: 464 rss: 12672Mb L: 3/65536 MS: 4 PersAutoDict-Custom-ChangeBit-Custom- DE: "\036"-
#73942	NEW    cov: 1880 ft: 8244 corp: 796/2522Kb lim: 65536 exec/s: 465 rss: 12676Mb L: 3/65536 MS: 2 ChangeBinInt-Custom-
#73952	NEW    cov: 1880 ft: 8244 corp: 796/2522Kb lim: 65536 exec/s: 465 rss: 12678Mb L: 1/65536 MS: 5 CustomCrossOver-CustomCrossOver-CustomCrossOver-CustomCrossOver-CustomCrossOver-
#74021	NEW    cov: 1880 ft: 8245 corp: 796/2514Kb lim: 65536 exec/s: 465 rss: 12692Mb L: 16412/65536 MS: 8 ChangeBinInt-Custom-ManualDict-Custom-ManualDict-Custom-ShuffleBytes-Custom- DE: "log_steps"-"not-a-strategy"-
#74142	NEW    cov: 1880 ft: 8245 corp: 796/2514Kb lim: 65536 exec/s: 466 rss: 12718Mb L: 16/65536 MS: 2 ShuffleBytes-Custom-
#74276	RELOAD cov: 1880 ft: 8245 corp: 797/2514Kb lim: 65536 exec/s: 467 rss: 12747Mb
#74297	NEW    cov: 1880 ft: 8245 corp: 798/2515Kb lim: 65536 exec/s: 467 rss: 12752Mb L: 513/65536 MS: 2 InsertByte-Custom-
#74830	NEW    cov: 1880 ft: 8246 corp: 798/2467Kb lim: 65536 exec/s: 467 rss: 12864Mb L: 16412/65536 MS: 4 ChangeBit-Custom-CustomCrossOver-CustomCrossOver-
#74901	NEW    cov: 1880 ft: 8248 corp: 799/2467Kb lim: 65536 exec/s: 468 rss: 12879Mb L: 117/65536 MS: 2 InsertRepeatedBytes-Custom-
#75197	NEW    cov: 1880 ft: 8249 corp: 800/2472Kb lim: 65536 exec/s: 469 rss: 12940Mb L: 4699/65536 MS: 2 CopyPart-Custom-
#75220	NEW    cov: 1880 ft: 8256 corp: 801/2472Kb lim: 65536 exec/s: 470 rss: 12944Mb L: 27/65536 MS: 5 CrossOver-Custom-CustomCrossOver-CopyPart-Custom-
#75492	NEW    cov: 1880 ft: 8256 corp: 801/2472Kb lim: 65536 exec/s: 471 rss: 13000Mb L: 13/65536 MS: 2 ChangeBit-Custom-
#75496	NEW    cov: 1880 ft: 8256 corp: 801/2472Kb lim: 65536 exec/s: 471 rss: 13000Mb L: 99/65536 MS: 8 ManualDict-Custom-PersAutoDict-Custom-EraseBytes-Custom-InsertRepeatedBytes-Custom- DE: "crc32"-"animation"-
#75762	NEW    cov: 1880 ft: 8256 corp: 800/2472Kb lim: 65536 exec/s: 470 rss: 13056Mb L: 4/65536 MS: 2 ChangeBit-Custom-
#75830	NEW    cov: 1880 ft: 8256 corp: 800/2472Kb lim: 65536 exec/s: 470 rss: 13070Mb L: 17/65536 MS: 6 ChangeBit-Custom-PersAutoDict-Custom-PersAutoDict-Custom- DE: "parallel"-"unpack"-
#75832	NEW    cov: 1880 ft: 8257 corp: 801/2472Kb lim: 65536 exec/s: 471 rss: 13071Mb L: 957/65536 MS: 3 ChangeBinInt-Custom-CustomCrossOver-
#76458	NEW    cov: 1880 ft: 8257 corp: 801/2472Kb lim: 65536 exec/s: 474 rss: 13198Mb L: 22/65536 MS: 2 ManualDict-Custom- DE: "pin_threads_to_cores"-
#76562	RELOAD cov: 1880 ft: 8257 corp: 800/2472Kb lim: 65536 exec/s: 475 rss: 13219Mb
#76674	NEW    cov: 1880 ft: 8257 corp: 800/2472Kb lim: 65536 exec/s: 476 rss: 13241Mb L: 65514/65536 MS: 4 InsertByte-Custom-CopyPart-Custom-
#77313	NEW    cov: 1881 ft: 8258 corp: 801/2536Kb lim: 65536 exec/s: 477 rss: 13374Mb L: 65416/65536 MS: 8 ChangeBinInt-Custom-PersAutoDict-Custom-ChangeASCIIInt-Custom-ChangeASCIIInt-Custom- DE: "task-"-
#77680	RELOAD cov: 1881 ft: 8306 corp: 804/2530Kb lim: 65536 exec/s: 479 rss: 13431Mb
#77701	NEW    cov: 1881 ft: 8410 corp: 804/2526Kb lim: 65536 exec/s: 479 rss: 13431Mb L: 76/65536 MS: 1 CustomCrossOver-
#77847	NEW    cov: 1881 ft: 8410 corp: 804/2526Kb lim: 65536 exec/s: 477 rss: 13431Mb L: 5/65536 MS: 2 InsertByte-Custom-
#78037	NEW    cov: 1881 ft: 8410 corp: 804/2526Kb lim: 65536 exec/s: 478 rss: 13431Mb L: 5/65536 MS: 10 ShuffleBytes-Custom-ChangeBit-Custom-InsertByte-Custom-CopyPart-Custom-ShuffleBytes-Custom-
#78138	NEW    cov: 1881 ft: 8410 corp: 804/2526Kb lim: 65536 exec/s: 479 rss: 13431Mb L: 20/65536 MS: 2 CMP-Custom- DE: "list"-
#78249	NEW    cov: 1881 ft: 8410 corp: 804/2526Kb lim: 65536 exec/s: 480 rss: 13431Mb L: 2/65536 MS: 2 CopyPart-Custom-
#78510	NEW    cov: 1881 ft: 8410 corp: 804/2526Kb lim: 65536 exec/s: 481 rss: 13431Mb L: 13/65536 MS: 2 ChangeBit-Custom-
#78511	NEW    cov: 1881 ft: 8410 corp: 804/2466Kb lim: 65536 exec/s: 481 rss: 13431Mb L: 76/65536 MS: 2 ShuffleBytes-Custom-
#78641	RELOAD cov: 1881 ft: 8410 corp: 804/2465Kb lim: 65536 exec/s: 482 rss: 13431Mb
#79201	NEW    cov: 1881 ft: 8410 corp: 804/2458Kb lim: 65536 exec/s: 482 rss: 13431Mb L: 1839/65536 MS: 7 CustomCrossOver-CustomCrossOver-CustomCrossOver-CMP-Custom-PersAutoDict-Custom- DE: "\301\203\035D\004\000\000\000"-"\001\000\000\000\000\000\000\023"-
#79242	NEW    cov: 1881 ft: 8410 corp: 804/2458Kb lim: 65536 exec/s: 483 rss: 13431Mb L: 19/65536 MS: 2 EraseBytes-Custom-
#79323	RELOAD cov: 1881 ft: 8410 corp: 805/2458Kb lim: 65536 exec/s: 480 rss: 13431Mb
#79426	NEW    cov: 1881 ft: 8410 corp: 804/2458Kb lim: 65536 exec/s: 481 rss: 13431Mb L: 10/65536 MS: 6 CopyPart-Custom-CMP-Custom-ChangeByte-Custom- DE: "request"-
#79762	NEW    cov: 1881 ft: 8410 corp: 805/2458Kb lim: 65536 exec/s: 483 rss: 13431Mb L: 18/65536 MS: 2 CopyPart-Custom-
