INFO: found LLVMFuzzerCustomMutator (0x4d05e8). Disabling -len_control by default.
Dictionary: 286 entries
INFO: Running with entropic power schedule (0xFF, 100).
INFO: Seed: 875781595
INFO: Loaded 1 modules   (4931 inline 8-bit counters): 4931 [0x1494dbc, 0x14960ff), 
INFO: Loaded 1 PC tables (4931 PCs): 4931 [0x11acb48,0x11bff78), 
INFO:       87 files found in report/fuzz/corpus/lua_dsl
INFO: seed corpus: files: 87 min: 18b max: 1590b total: 18107b rss: 30Mb
#88	INITED cov: 1400 ft: 3518 corp: 56/9487b exec/s: 0 rss: 55Mb
#89	NEW    cov: 1400 ft: 3524 corp: 54/9221b lim: 65536 exec/s: 0 rss: 56Mb L: 18/1078 MS: 1 CustomCrossOver-
#90	NEW    cov: 1400 ft: 3526 corp: 55/9273b lim: 65536 exec/s: 0 rss: 56Mb L: 52/1078 MS: 1 CustomCrossOver-
#91	NEW    cov: 1401 ft: 3535 corp: 56/9291b lim: 65536 exec/s: 0 rss: 56Mb L: 18/1078 MS: 1 CustomCrossOver-
#92	NEW    cov: 1401 ft: 3535 corp: 57/9416b lim: 65536 exec/s: 0 rss: 56Mb L: 125/1078 MS: 2 ChangeBinInt-Custom-
#93	NEW    cov: 1401 ft: 3535 corp: 58/9558b lim: 65536 exec/s: 0 rss: 57Mb L: 142/1078 MS: 1 CustomCrossOver-
#94	NEW    cov: 1401 ft: 3546 corp: 59/9883b lim: 65536 exec/s: 0 rss: 57Mb L: 325/1078 MS: 2 ChangeByte-Custom-
#95	NEW    cov: 1401 ft: 3554 corp: 60/9940b lim: 65536 exec/s: 0 rss: 57Mb L: 57/1078 MS: 2 ChangeBit-Custom-
#96	NEW    cov: 1401 ft: 3555 corp: 61/10179b lim: 65536 exec/s: 0 rss: 57Mb L: 239/1078 MS: 2 ChangeBit-Custom-
#97	NEW    cov: 1401 ft: 3559 corp: 62/10317b lim: 65536 exec/s: 0 rss: 57Mb L: 138/1078 MS: 1 CustomCrossOver-
#99	NEW    cov: 1401 ft: 3563 corp: 63/10978b lim: 65536 exec/s: 0 rss: 58Mb L: 661/1078 MS: 3 CustomCrossOver-ChangeBinInt-Custom-
#100	NEW    cov: 1401 ft: 3563 corp: 63/10857b lim: 65536 exec/s: 0 rss: 58Mb L: 17/1078 MS: 2 EraseBytes-Custom-
#101	NEW    cov: 1401 ft: 3563 corp: 64/10883b lim: 65536 exec/s: 0 rss: 58Mb L: 26/1078 MS: 1 CustomCrossOver-
#102	NEW    cov: 1401 ft: 3563 corp: 65/10907b lim: 65536 exec/s: 0 rss: 58Mb L: 24/1078 MS: 2 InsertByte-Custom-
#103	NEW    cov: 1401 ft: 3564 corp: 66/10974b lim: 65536 exec/s: 0 rss: 59Mb L: 67/1078 MS: 1 CustomCrossOver-
#104	NEW    cov: 1401 ft: 3564 corp: 67/11002b lim: 65536 exec/s: 0 rss: 59Mb L: 28/1078 MS: 1 CustomCrossOver-
#107	NEW    cov: 1401 ft: 3566 corp: 68/12158b lim: 65536 exec/s: 0 rss: 60Mb L: 1156/1156 MS: 5 ChangeByte-Custom-CustomCrossOver-ChangeBit-Custom-
#110	NEW    cov: 1401 ft: 3567 corp: 69/12365b lim: 65536 exec/s: 0 rss: 60Mb L: 207/1156 MS: 5 CustomCrossOver-InsertRepeatedBytes-Custom-ShuffleBytes-Custom-
#111	NEW    cov: 1401 ft: 3567 corp: 70/12415b lim: 65536 exec/s: 0 rss: 60Mb L: 50/1156 MS: 2 CopyPart-Custom-
#112	NEW    cov: 1419 ft: 3756 corp: 69/12282b lim: 65536 exec/s: 0 rss: 61Mb L: 19/1156 MS: 2 ChangeByte-Custom-
#117	NEW    cov: 1419 ft: 3757 corp: 70/12960b lim: 65536 exec/s: 0 rss: 62Mb L: 678/1156 MS: 9 CustomCrossOver-ChangeByte-Custom-CrossOver-Custom-CrossOver-Custom-ChangeBinInt-Custom-
#118	NEW    cov: 1419 ft: 3757 corp: 71/13064b lim: 65536 exec/s: 0 rss: 62Mb L: 104/1156 MS: 2 InsertRepeatedBytes-Custom-
#119	NEW    cov: 1419 ft: 3757 corp: 71/12967b lim: 65536 exec/s: 0 rss: 62Mb L: 84/1156 MS: 1 CustomCrossOver-
#120	NEW    cov: 1419 ft: 3757 corp: 70/12727b lim: 65536 exec/s: 0 rss: 63Mb L: 66/1156 MS: 2 ManualDict-Custom- DE: "artifacts"-
#121	NEW    cov: 1419 ft: 3758 corp: 71/12865b lim: 65536 exec/s: 0 rss: 63Mb L: 138/1156 MS: 1 CustomCrossOver-
#122	NEW    cov: 1419 ft: 3759 corp: 72/12969b lim: 65536 exec/s: 0 rss: 63Mb L: 104/1156 MS: 1 CustomCrossOver-
#124	NEW    cov: 1419 ft: 3763 corp: 72/12829b lim: 65536 exec/s: 0 rss: 64Mb L: 75/1156 MS: 4 CopyPart-Custom-PersAutoDict-Custom- DE: "artifacts"-
#127	NEW    cov: 1419 ft: 3767 corp: 73/14036b lim: 65536 exec/s: 0 rss: 64Mb L: 1207/1207 MS: 6 InsertRepeatedBytes-Custom-ChangeBit-Custom-CopyPart-Custom-
#128	NEW    cov: 1419 ft: 3786 corp: 74/14530b lim: 65536 exec/s: 0 rss: 65Mb L: 494/1207 MS: 2 ChangeBinInt-Custom-
#129	NEW    cov: 1419 ft: 3786 corp: 75/14655b lim: 65536 exec/s: 0 rss: 65Mb L: 125/1207 MS: 2 ChangeBit-Custom-
#130	NEW    cov: 1419 ft: 3887 corp: 74/14412b lim: 65536 exec/s: 0 rss: 65Mb L: 23/1207 MS: 1 CustomCrossOver-
#135	NEW    cov: 1419 ft: 3893 corp: 75/14677b lim: 65536 exec/s: 0 rss: 66Mb L: 265/1207 MS: 6 CustomCrossOver-CustomCrossOver-CustomCrossOver-CustomCrossOver-ChangeBinInt-Custom-
#137	NEW    cov: 1419 ft: 3895 corp: 74/13831b lim: 65536 exec/s: 0 rss: 67Mb L: 493/1207 MS: 2 CustomCrossOver-CustomCrossOver-
#139	NEW    cov: 1419 ft: 3896 corp: 75/14156b lim: 65536 exec/s: 0 rss: 67Mb L: 325/1207 MS: 2 CustomCrossOver-CustomCrossOver-
#140	NEW    cov: 1419 ft: 3896 corp: 76/14174b lim: 65536 exec/s: 0 rss: 67Mb L: 18/1207 MS: 2 ChangeBinInt-Custom-
#142	NEW    cov: 1419 ft: 3896 corp: 77/14223b lim: 65536 exec/s: 0 rss: 68Mb L: 49/1207 MS: 3 ChangeBinInt-Custom-CustomCrossOver-
#143	NEW    cov: 1419 ft: 3896 corp: 77/14215b lim: 65536 exec/s: 0 rss: 68Mb L: 18/1207 MS: 1 CustomCrossOver-
#147	NEW    cov: 1419 ft: 3896 corp: 78/14282b lim: 65536 exec/s: 0 rss: 69Mb L: 67/1207 MS: 7 ChangeBinInt-Custom-CustomCrossOver-ShuffleBytes-Custom-CMP-Custom- DE: "\001\000\000\000"-
#148	NEW    cov: 1419 ft: 3902 corp: 78/14207b lim: 65536 exec/s: 0 rss: 69Mb L: 50/1207 MS: 2 InsertByte-Custom-
#149	NEW    cov: 1419 ft: 3902 corp: 79/14266b lim: 65536 exec/s: 0 rss: 69Mb L: 59/1207 MS: 2 CMP-Custom- DE: "\012\000"-
#150	NEW    cov: 1419 ft: 3902 corp: 80/14404b lim: 65536 exec/s: 0 rss: 70Mb L: 138/1207 MS: 2 EraseBytes-Custom-
#151	NEW    cov: 1419 ft: 3905 corp: 81/14638b lim: 65536 exec/s: 0 rss: 70Mb L: 234/1207 MS: 1 CustomCrossOver-
#153	NEW    cov: 1419 ft: 3905 corp: 81/14628b lim: 65536 exec/s: 0 rss: 70Mb L: 57/1207 MS: 4 ChangeBinInt-Custom-CMP-Custom- DE: "_LOA"-
#154	NEW    cov: 1419 ft: 3905 corp: 81/14605b lim: 65536 exec/s: 0 rss: 70Mb L: 18/1207 MS: 1 CustomCrossOver-
#155	NEW    cov: 1419 ft: 3907 corp: 81/14166b lim: 65536 exec/s: 0 rss: 71Mb L: 54/1207 MS: 2 PersAutoDict-Custom- DE: "_LOA"-
#156	NEW    cov: 1419 ft: 3907 corp: 82/14199b lim: 65536 exec/s: 0 rss: 71Mb L: 33/1207 MS: 2 InsertByte-Custom-
#157	NEW    cov: 1419 ft: 3907 corp: 82/14171b lim: 65536 exec/s: 0 rss: 71Mb L: 28/1207 MS: 2 InsertByte-Custom-
#158	NEW    cov: 1419 ft: 3909 corp: 83/14405b lim: 65536 exec/s: 0 rss: 71Mb L: 234/1207 MS: 1 CustomCrossOver-
#161	NEW    cov: 1419 ft: 3927 corp: 84/14552b lim: 65536 exec/s: 0 rss: 72Mb L: 147/1207 MS: 5 CustomCrossOver-InsertRepeatedBytes-Custom-ShuffleBytes-Custom-
#162	NEW    cov: 1419 ft: 3931 corp: 85/14603b lim: 65536 exec/s: 0 rss: 72Mb L: 51/1207 MS: 2 CMP-Custom- DE: "\010\000"-
#163	NEW    cov: 1419 ft: 3931 corp: 85/14537b lim: 65536 exec/s: 0 rss: 72Mb L: 18/1207 MS: 2 ShuffleBytes-Custom-
#164	NEW    cov: 1419 ft: 3934 corp: 83/14122b lim: 65536 exec/s: 0 rss: 73Mb L: 18/1207 MS: 1 CustomCrossOver-
#165	NEW    cov: 1419 ft: 3934 corp: 83/14093b lim: 65536 exec/s: 0 rss: 73Mb L: 21/1207 MS: 1 CustomCrossOver-
#167	NEW    cov: 1419 ft: 3934 corp: 84/14167b lim: 65536 exec/s: 0 rss: 74Mb L: 74/1207 MS: 4 ManualDict-Custom-ChangeBinInt-Custom- DE: "fnv1a32"-
#168	NEW    cov: 1419 ft: 3937 corp: 84/13963b lim: 65536 exec/s: 0 rss: 74Mb L: 30/1207 MS: 2 PersAutoDict-Custom- DE: "\001\000\000\000"-
#169	NEW    cov: 1419 ft: 3937 corp: 84/13951b lim: 65536 exec/s: 0 rss: 74Mb L: 45/1207 MS: 2 EraseBytes-Custom-
#171	NEW    cov: 1419 ft: 3937 corp: 84/13908b lim: 65536 exec/s: 0 rss: 74Mb L: 24/1207 MS: 3 CustomCrossOver-ChangeASCIIInt-Custom-
#173	NEW    cov: 1419 ft: 3937 corp: 85/13952b lim: 65536 exec/s: 0 rss: 75Mb L: 44/1207 MS: 4 CMP-Custom-InsertRepeatedBytes-Custom- DE: "pid"-
#175	NEW    cov: 1419 ft: 3937 corp: 86/13987b lim: 65536 exec/s: 0 rss: 75Mb L: 35/1207 MS: 4 InsertByte-Custom-CMP-Custom- DE: "\000\000\000\000\000\000\000\000"-
#176	NEW    cov: 1419 ft: 3937 corp: 87/14005b lim: 65536 exec/s: 0 rss: 75Mb L: 18/1207 MS: 2 ChangeByte-Custom-
#177	NEW    cov: 1419 ft: 3937 corp: 87/13987b lim: 65536 exec/s: 0 rss: 76Mb L: 21/1207 MS: 2 EraseBytes-Custom-
#180	NEW    cov: 1420 ft: 3938 corp: 88/15217b lim: 65536 exec/s: 0 rss: 76Mb L: 1230/1230 MS: 5 ChangeASCIIInt-Custom-InsertRepeatedBytes-Custom-CustomCrossOver-
#181	NEW    cov: 1420 ft: 3939 corp: 89/15283b lim: 65536 exec/s: 0 rss: 77Mb L: 66/1230 MS: 2 ShuffleBytes-Custom-
#183	NEW    cov: 1420 ft: 3939 corp: 89/15241b lim: 65536 exec/s: 0 rss: 77Mb L: 67/1230 MS: 2 CustomCrossOver-CustomCrossOver-
#184	NEW    cov: 1420 ft: 3941 corp: 89/15165b lim: 65536 exec/s: 0 rss: 78Mb L: 62/1230 MS: 2 InsertByte-Custom-
#185	NEW    cov: 1420 ft: 3941 corp: 90/15188b lim: 65536 exec/s: 0 rss: 78Mb L: 23/1230 MS: 1 CustomCrossOver-
#187	NEW    cov: 1420 ft: 3945 corp: 90/14395b lim: 65536 exec/s: 0 rss: 78Mb L: 363/1230 MS: 4 InsertRepeatedBytes-Custom-ChangeBinInt-Custom-
#188	NEW    cov: 1420 ft: 3957 corp: 91/14461b lim: 65536 exec/s: 0 rss: 79Mb L: 66/1230 MS: 1 CustomCrossOver-
#189	NEW    cov: 1420 ft: 3958 corp: 92/14515b lim: 65536 exec/s: 0 rss: 79Mb L: 54/1230 MS: 2 ChangeBit-Custom-
#190	NEW    cov: 1420 ft: 3970 corp: 93/14594b lim: 65536 exec/s: 0 rss: 79Mb L: 79/1230 MS: 2 InsertRepeatedBytes-Custom-
#191	NEW    cov: 1420 ft: 3971 corp: 94/14666b lim: 65536 exec/s: 0 rss: 80Mb L: 72/1230 MS: 2 EraseBytes-Custom-
#192	NEW    cov: 1420 ft: 3971 corp: 95/14716b lim: 65536 exec/s: 0 rss: 80Mb L: 50/1230 MS: 2 PersAutoDict-Custom- DE: "_LOA"-
#193	NEW    cov: 1420 ft: 3971 corp: 95/14678b lim: 65536 exec/s: 0 rss: 80Mb L: 66/1230 MS: 1 CustomCrossOver-
#194	NEW    cov: 1420 ft: 3972 corp: 96/14730b lim: 65536 exec/s: 0 rss: 80Mb L: 52/1230 MS: 2 CopyPart-Custom-
#195	NEW    cov: 1420 ft: 3979 corp: 97/15057b lim: 65536 exec/s: 0 rss: 81Mb L: 327/1230 MS: 2 CMP-Custom- DE: "\030\000"-
#196	NEW    cov: 1420 ft: 3989 corp: 97/14864b lim: 65536 exec/s: 0 rss: 81Mb L: 80/1230 MS: 2 InsertByte-Custom-
#198	NEW    cov: 1420 ft: 3989 corp: 97/14851b lim: 65536 exec/s: 0 rss: 81Mb L: 53/1230 MS: 3 CrossOver-Custom-CustomCrossOver-
#199	NEW    cov: 1420 ft: 3989 corp: 98/14875b lim: 65536 exec/s: 0 rss: 81Mb L: 24/1230 MS: 1 CustomCrossOver-
#200	NEW    cov: 1420 ft: 3992 corp: 99/15200b lim: 65536 exec/s: 0 rss: 82Mb L: 325/1230 MS: 1 CustomCrossOver-
#201	NEW    cov: 1420 ft: 3992 corp: 100/15330b lim: 65536 exec/s: 0 rss: 82Mb L: 130/1230 MS: 2 InsertRepeatedBytes-Custom-
#207	NEW    cov: 1420 ft: 3993 corp: 101/15824b lim: 65536 exec/s: 0 rss: 83Mb L: 494/1230 MS: 2 InsertByte-Custom-
#218	NEW    cov: 1420 ft: 3993 corp: 100/15773b lim: 65536 exec/s: 0 rss: 86Mb L: 22/1230 MS: 2 PersAutoDict-Custom- DE: "_LOA"-
#219	NEW    cov: 1420 ft: 3993 corp: 101/15790b lim: 65536 exec/s: 0 rss: 86Mb L: 17/1230 MS: 2 ChangeBit-Custom-
#220	NEW    cov: 1420 ft: 3993 corp: 101/15607b lim: 65536 exec/s: 0 rss: 86Mb L: 131/1230 MS: 2 InsertRepeatedBytes-Custom-
#221	NEW    cov: 1420 ft: 3993 corp: 101/15496b lim: 65536 exec/s: 0 rss: 87Mb L: 123/1230 MS: 2 InsertRepeatedBytes-Custom-
#223	NEW    cov: 1420 ft: 3993 corp: 102/15514b lim: 65536 exec/s: 0 rss: 87Mb L: 18/1230 MS: 3 CrossOver-Custom-CustomCrossOver-
#226	NEW    cov: 1420 ft: 3993 corp: 103/15547b lim: 65536 exec/s: 0 rss: 88Mb L: 33/1230 MS: 4 CustomCrossOver-CustomCrossOver-EraseBytes-Custom-
#232	NEW    cov: 1420 ft: 3994 corp: 104/16Kb lim: 65536 exec/s: 0 rss: 89Mb L: 1230/1230 MS: 1 CustomCrossOver-
#233	NEW    cov: 1420 ft: 3994 corp: 104/16Kb lim: 65536 exec/s: 0 rss: 90Mb L: 17/1230 MS: 1 CustomCrossOver-
#234	NEW    cov: 1420 ft: 3995 corp: 103/16Kb lim: 65536 exec/s: 0 rss: 90Mb L: 37/1230 MS: 2 EraseBytes-Custom-
#235	NEW    cov: 1420 ft: 3995 corp: 102/16333b lim: 65536 exec/s: 0 rss: 90Mb L: 18/1230 MS: 1 CustomCrossOver-
#237	NEW    cov: 1420 ft: 3998 corp: 103/16Kb lim: 65536 exec/s: 0 rss: 91Mb L: 603/1230 MS: 4 InsertByte-Custom-ChangeBit-Custom-
#239	NEW    cov: 1420 ft: 4010 corp: 104/16Kb lim: 65536 exec/s: 0 rss: 91Mb L: 112/1230 MS: 4 ManualDict-Custom-CrossOver-Custom- DE: "inline"-
#240	NEW    cov: 1420 ft: 4024 corp: 105/17Kb lim: 65536 exec/s: 0 rss: 91Mb L: 1208/1230 MS: 2 ShuffleBytes-Custom-
#241	NEW    cov: 1420 ft: 4024 corp: 105/17Kb lim: 65536 exec/s: 0 rss: 92Mb L: 37/1230 MS: 1 CustomCrossOver-
#242	NEW    cov: 1420 ft: 4024 corp: 105/17Kb lim: 65536 exec/s: 0 rss: 92Mb L: 71/1230 MS: 2 PersAutoDict-Custom- DE: "inline"-
#243	NEW    cov: 1420 ft: 4027 corp: 106/17Kb lim: 65536 exec/s: 0 rss: 92Mb L: 29/1230 MS: 2 InsertByte-Custom-
#244	NEW    cov: 1420 ft: 4027 corp: 106/17Kb lim: 65536 exec/s: 0 rss: 92Mb L: 44/1230 MS: 1 CustomCrossOver-
#245	NEW    cov: 1420 ft: 4031 corp: 106/16Kb lim: 65536 exec/s: 0 rss: 93Mb L: 18/1230 MS: 1 CustomCrossOver-
#246	NEW    cov: 1420 ft: 4031 corp: 107/16Kb lim: 65536 exec/s: 0 rss: 93Mb L: 18/1230 MS: 2 ChangeByte-Custom-
#248	NEW    cov: 1420 ft: 4032 corp: 108/16Kb lim: 65536 exec/s: 0 rss: 93Mb L: 244/1230 MS: 4 ChangeByte-Custom-CopyPart-Custom-
#249	NEW    cov: 1420 ft: 4032 corp: 109/16Kb lim: 65536 exec/s: 0 rss: 94Mb L: 26/1230 MS: 2 CMP-Custom- DE: "\244^b\221\376\177\000\000"-
#251	NEW    cov: 1420 ft: 4035 corp: 110/17Kb lim: 65536 exec/s: 0 rss: 94Mb L: 494/1230 MS: 3 ChangeByte-Custom-CustomCrossOver-
#252	NEW    cov: 1420 ft: 4035 corp: 111/17Kb lim: 65536 exec/s: 0 rss: 94Mb L: 37/1230 MS: 2 ChangeBit-Custom-
#253	NEW    cov: 1420 ft: 4039 corp: 112/17Kb lim: 65536 exec/s: 0 rss: 95Mb L: 494/1230 MS: 2 ChangeByte-Custom-
#254	NEW    cov: 1423 ft: 4059 corp: 113/17Kb lim: 65536 exec/s: 0 rss: 95Mb L: 142/1230 MS: 2 InsertRepeatedBytes-Custom-
#255	NEW    cov: 1423 ft: 4061 corp: 113/17Kb lim: 65536 exec/s: 0 rss: 95Mb L: 19/1230 MS: 2 ChangeBit-Custom-
#258	NEW    cov: 1423 ft: 4063 corp: 113/17Kb lim: 65536 exec/s: 0 rss: 96Mb L: 33/1230 MS: 4 CrossOver-Custom-CustomCrossOver-CustomCrossOver-
#260	NEW    cov: 1423 ft: 4065 corp: 114/18Kb lim: 65536 exec/s: 0 rss: 96Mb L: 185/1230 MS: 4 EraseBytes-Custom-ShuffleBytes-Custom-
#261	NEW    cov: 1423 ft: 4066 corp: 115/18Kb lim: 65536 exec/s: 0 rss: 97Mb L: 52/1230 MS: 2 InsertByte-Custom-
#263	NEW    cov: 1423 ft: 4066 corp: 116/18Kb lim: 65536 exec/s: 0 rss: 97Mb L: 503/1230 MS: 4 ChangeBit-Custom-CopyPart-Custom-
#264	NEW    cov: 1423 ft: 4066 corp: 117/18Kb lim: 65536 exec/s: 0 rss: 97Mb L: 77/1230 MS: 2 CrossOver-Custom-
#268	NEW    cov: 1423 ft: 4066 corp: 118/18Kb lim: 65536 exec/s: 0 rss: 98Mb L: 36/1230 MS: 8 ChangeBinInt-Custom-ChangeBit-Custom-CopyPart-Custom-InsertByte-Custom-
#269	NEW    cov: 1423 ft: 4066 corp: 119/18Kb lim: 65536 exec/s: 0 rss: 98Mb L: 265/1230 MS: 1 CustomCrossOver-
#270	NEW    cov: 1423 ft: 4066 corp: 119/18Kb lim: 65536 exec/s: 0 rss: 99Mb L: 17/1230 MS: 1 CustomCrossOver-
#275	NEW    cov: 1423 ft: 4066 corp: 119/18Kb lim: 65536 exec/s: 0 rss: 100Mb L: 144/1230 MS: 8 ChangeBit-Custom-ChangeASCIIInt-Custom-CustomCrossOver-CustomCrossOver-CrossOver-Custom-
#276	NEW    cov: 1423 ft: 4066 corp: 120/19Kb lim: 65536 exec/s: 0 rss: 100Mb L: 115/1230 MS: 2 EraseBytes-Custom-
#278	NEW    cov: 1423 ft: 4068 corp: 121/19Kb lim: 65536 exec/s: 0 rss: 101Mb L: 84/1230 MS: 4 ChangeBinInt-Custom-CMP-Custom- DE: "\020\000\000\000"-
#279	NEW    cov: 1423 ft: 4070 corp: 122/19Kb lim: 65536 exec/s: 0 rss: 101Mb L: 327/1230 MS: 1 CustomCrossOver-
#284	NEW    cov: 1423 ft: 4070 corp: 122/18Kb lim: 65536 exec/s: 0 rss: 102Mb L: 59/1230 MS: 5 CustomCrossOver-CustomCrossOver-CustomCrossOver-CustomCrossOver-CustomCrossOver-
#291	NEW    cov: 1423 ft: 4073 corp: 123/19Kb lim: 65536 exec/s: 0 rss: 104Mb L: 298/1230 MS: 3 CustomCrossOver-PersAutoDict-Custom- DE: "_LOA"-
#293	NEW    cov: 1423 ft: 4074 corp: 123/19Kb lim: 65536 exec/s: 0 rss: 104Mb L: 165/1230 MS: 4 ManualDict-Custom-ManualDict-Custom- DE: "initializers"-"enabled"-
#294	NEW    cov: 1423 ft: 4074 corp: 122/18Kb lim: 65536 exec/s: 0 rss: 104Mb L: 33/1230 MS: 1 CustomCrossOver-
#295	NEW    cov: 1423 ft: 4079 corp: 123/19Kb lim: 65536 exec/s: 0 rss: 105Mb L: 503/1230 MS: 2 CrossOver-Custom-
#297	NEW    cov: 1423 ft: 4079 corp: 124/19Kb lim: 65536 exec/s: 0 rss: 105Mb L: 50/1230 MS: 4 CopyPart-Custom-InsertByte-Custom-
#301	NEW    cov: 1423 ft: 4079 corp: 125/19Kb lim: 65536 exec/s: 0 rss: 106Mb L: 78/1230 MS: 8 ChangeBinInt-Custom-PersAutoDict-Custom-ChangeBit-Custom-PersAutoDict-Custom- DE: "\244^b\221\376\177\000\000"-"\030\000"-
#302	NEW    cov: 1423 ft: 4079 corp: 125/19Kb lim: 65536 exec/s: 0 rss: 106Mb L: 37/1230 MS: 2 CMP-Custom- DE: "diff"-
#303	NEW    cov: 1423 ft: 4079 corp: 126/19Kb lim: 65536 exec/s: 0 rss: 106Mb L: 303/1230 MS: 2 PersAutoDict-Custom- DE: "_LOA"-
#304	NEW    cov: 1423 ft: 4079 corp: 126/19Kb lim: 65536 exec/s: 0 rss: 106Mb L: 25/1230 MS: 2 ChangeByte-Custom-
#308	NEW    cov: 1423 ft: 4079 corp: 126/19Kb lim: 65536 exec/s: 0 rss: 107Mb L: 24/1230 MS: 6 InsertRepeatedBytes-Custom-CustomCrossOver-ShuffleBytes-Custom-CustomCrossOver-
#309	NEW    cov: 1423 ft: 4079 corp: 127/19Kb lim: 65536 exec/s: 0 rss: 108Mb L: 17/1230 MS: 2 EraseBytes-Custom-
#310	NEW    cov: 1423 ft: 4079 corp: 128/19Kb lim: 65536 exec/s: 0 rss: 108Mb L: 75/1230 MS: 2 ChangeBinInt-Custom-
#311	NEW    cov: 1423 ft: 4079 corp: 126/19Kb lim: 65536 exec/s: 0 rss: 108Mb L: 19/1230 MS: 2 ManualDict-Custom- DE: "count"-
#314	NEW    cov: 1423 ft: 4080 corp: 127/20Kb lim: 65536 exec/s: 0 rss: 109Mb L: 446/1230 MS: 6 CopyPart-Custom-InsertRepeatedBytes-Custom-EraseBytes-Custom-
#319	NEW    cov: 1423 ft: 4080 corp: 128/20Kb lim: 65536 exec/s: 0 rss: 110Mb L: 542/1230 MS: 8 CustomCrossOver-ShuffleBytes-Custom-CustomCrossOver-CMP-Custom-EraseBytes-Custom- DE: "sol."-
#320	NEW    cov: 1423 ft: 4081 corp: 128/20Kb lim: 65536 exec/s: 0 rss: 110Mb L: 29/1230 MS: 2 ChangeBit-Custom-
#323	NEW    cov: 1423 ft: 4090 corp: 129/22Kb lim: 65536 exec/s: 0 rss: 111Mb L: 1726/1726 MS: 6 InsertByte-Custom-ManualDict-Custom-ManualDict-Custom- DE: "verbose"-"glob"-
#326	NEW    cov: 1423 ft: 4090 corp: 130/22Kb lim: 65536 exec/s: 0 rss: 112Mb L: 180/1726 MS: 6 ChangeBinInt-Custom-ChangeByte-Custom-EraseBytes-Custom-
#327	NEW    cov: 1423 ft: 4090 corp: 130/22Kb lim: 65536 exec/s: 0 rss: 112Mb L: 18/1726 MS: 2 CMP-Custom- DE: "\001\000\000\002"-
#328	NEW    cov: 1423 ft: 4092 corp: 131/22Kb lim: 65536 exec/s: 0 rss: 112Mb L: 52/1726 MS: 2 ManualDict-Custom- DE: "missing-b"-
#329	NEW    cov: 1423 ft: 4092 corp: 132/23Kb lim: 65536 exec/s: 0 rss: 113Mb L: 494/1726 MS: 1 CustomCrossOver-
#330	NEW    cov: 1423 ft: 4092 corp: 132/23Kb lim: 65536 exec/s: 0 rss: 113Mb L: 20/1726 MS: 2 ChangeBinInt-Custom-
#332	NEW    cov: 1423 ft: 4093 corp: 133/23Kb lim: 65536 exec/s: 0 rss: 113Mb L: 52/1726 MS: 3 ChangeByte-Custom-CustomCrossOver-
#333	NEW    cov: 1423 ft: 4093 corp: 133/22Kb lim: 65536 exec/s: 0 rss: 114Mb L: 52/1726 MS: 1 CustomCrossOver-
#337	NEW    cov: 1423 ft: 4093 corp: 133/22Kb lim: 65536 exec/s: 0 rss: 114Mb L: 115/1726 MS: 4 CustomCrossOver-CustomCrossOver-CustomCrossOver-CustomCrossOver-
#338	NEW    cov: 1423 ft: 4093 corp: 134/22Kb lim: 65536 exec/s: 0 rss: 115Mb L: 26/1726 MS: 2 ChangeBinInt-Custom-
#339	NEW    cov: 1423 ft: 4093 corp: 135/22Kb lim: 65536 exec/s: 0 rss: 115Mb L: 47/1726 MS: 2 CopyPart-Custom-
#340	NEW    cov: 1423 ft: 4093 corp: 136/22Kb lim: 65536 exec/s: 0 rss: 115Mb L: 59/1726 MS: 1 CustomCrossOver-
#341	NEW    cov: 1423 ft: 4100 corp: 137/23Kb lim: 65536 exec/s: 0 rss: 115Mb L: 840/1726 MS: 2 ChangeBinInt-Custom-
#342	NEW    cov: 1423 ft: 4105 corp: 137/23Kb lim: 65536 exec/s: 0 rss: 115Mb L: 132/1726 MS: 2 InsertByte-Custom-
#345	NEW    cov: 1423 ft: 4105 corp: 137/23Kb lim: 65536 exec/s: 0 rss: 116Mb L: 197/1726 MS: 6 PersAutoDict-Custom-InsertRepeatedBytes-Custom-PersAutoDict-Custom- DE: "\244^b\221\376\177\000\000"-"\012\000"-
#346	NEW    cov: 1423 ft: 4105 corp: 137/23Kb lim: 65536 exec/s: 0 rss: 116Mb L: 20/1726 MS: 1 CustomCrossOver-
#350	NEW    cov: 1423 ft: 4106 corp: 138/24Kb lim: 65536 exec/s: 0 rss: 117Mb L: 1958/1958 MS: 8 InsertRepeatedBytes-Custom-CopyPart-Custom-InsertRepeatedBytes-Custom-CrossOver-Custom-
#351	NEW    cov: 1423 ft: 4106 corp: 138/24Kb lim: 65536 exec/s: 0 rss: 117Mb L: 24/1958 MS: 2 ShuffleBytes-Custom-
#352	NEW    cov: 1423 ft: 4113 corp: 139/25Kb lim: 65536 exec/s: 0 rss: 118Mb L: 304/1958 MS: 2 ChangeByte-Custom-
#353	NEW    cov: 1423 ft: 4115 corp: 140/25Kb lim: 65536 exec/s: 0 rss: 118Mb L: 197/1958 MS: 2 EraseBytes-Custom-
#354	NEW    cov: 1423 ft: 4115 corp: 141/25Kb lim: 65536 exec/s: 0 rss: 118Mb L: 18/1958 MS: 1 CustomCrossOver-
#356	NEW    cov: 1423 ft: 4116 corp: 142/25Kb lim: 65536 exec/s: 0 rss: 119Mb L: 112/1958 MS: 2 CustomCrossOver-CustomCrossOver-
#361	NEW    cov: 1423 ft: 4117 corp: 143/25Kb lim: 65536 exec/s: 0 rss: 120Mb L: 327/1958 MS: 6 InsertRepeatedBytes-Custom-CustomCrossOver-CustomCrossOver-CustomCrossOver-CustomCrossOver-
#362	NEW    cov: 1423 ft: 4117 corp: 143/25Kb lim: 65536 exec/s: 0 rss: 120Mb L: 22/1958 MS: 1 CustomCrossOver-
#363	NEW    cov: 1423 ft: 4117 corp: 143/25Kb lim: 65536 exec/s: 0 rss: 120Mb L: 63/1958 MS: 2 InsertRepeatedBytes-Custom-
#364	NEW    cov: 1423 ft: 4118 corp: 144/26Kb lim: 65536 exec/s: 0 rss: 120Mb L: 222/1958 MS: 2 CrossOver-Custom-
#365	NEW    cov: 1423 ft: 4118 corp: 145/26Kb lim: 65536 exec/s: 0 rss: 121Mb L: 50/1958 MS: 1 CustomCrossOver-
#366	NEW    cov: 1423 ft: 4118 corp: 145/26Kb lim: 65536 exec/s: 0 rss: 121Mb L: 19/1958 MS: 2 ChangeBit-Custom-
#367	NEW    cov: 1423 ft: 4126 corp: 145/26Kb lim: 65536 exec/s: 0 rss: 121Mb L: 20/1958 MS: 2 CMP-Custom- DE: "\000\037"-
#371	NEW    cov: 1423 ft: 4127 corp: 144/26Kb lim: 65536 exec/s: 0 rss: 122Mb L: 22/1958 MS: 6 CustomCrossOver-ShuffleBytes-Custom-CMP-Custom-CustomCrossOver- DE: "\026\000\000\000\000\000\000\000"-
#375	NEW    cov: 1423 ft: 4127 corp: 144/25Kb lim: 65536 exec/s: 0 rss: 123Mb L: 24/1958 MS: 5 CustomCrossOver-CustomCrossOver-CustomCrossOver-ShuffleBytes-Custom-
#378	NEW    cov: 1423 ft: 4127 corp: 145/26Kb lim: 65536 exec/s: 0 rss: 124Mb L: 67/1958 MS: 5 CustomCrossOver-CrossOver-Custom-PersAutoDict-Custom- DE: "artifacts"-
#379	NEW    cov: 1423 ft: 4127 corp: 145/26Kb lim: 65536 exec/s: 0 rss: 124Mb L: 37/1958 MS: 1 CustomCrossOver-
#380	NEW    cov: 1423 ft: 4129 corp: 146/26Kb lim: 65536 exec/s: 0 rss: 124Mb L: 405/1958 MS: 2 InsertRepeatedBytes-Custom-
#386	NEW    cov: 1423 ft: 4130 corp: 146/26Kb lim: 65536 exec/s: 0 rss: 126Mb L: 52/1958 MS: 1 CustomCrossOver-
#388	NEW    cov: 1423 ft: 4139 corp: 147/26Kb lim: 65536 exec/s: 0 rss: 126Mb L: 33/1958 MS: 2 CustomCrossOver-CustomCrossOver-
#389	NEW    cov: 1423 ft: 4143 corp: 148/26Kb lim: 65536 exec/s: 0 rss: 126Mb L: 514/1958 MS: 2 InsertRepeatedBytes-Custom-
#390	NEW    cov: 1423 ft: 4143 corp: 148/26Kb lim: 65536 exec/s: 0 rss: 127Mb L: 98/1958 MS: 2 InsertRepeatedBytes-Custom-
#396	NEW    cov: 1423 ft: 4143 corp: 148/26Kb lim: 65536 exec/s: 0 rss: 128Mb L: 52/1958 MS: 2 PersAutoDict-Custom- DE: "\020\000\000\000"-
#397	NEW    cov: 1423 ft: 4143 corp: 149/26Kb lim: 65536 exec/s: 0 rss: 128Mb L: 52/1958 MS: 2 ChangeByte-Custom-
#398	NEW    cov: 1423 ft: 4143 corp: 150/27Kb lim: 65536 exec/s: 0 rss: 128Mb L: 18/1958 MS: 2 CopyPart-Custom-
#399	NEW    cov: 1423 ft: 4143 corp: 151/27Kb lim: 65536 exec/s: 0 rss: 129Mb L: 31/1958 MS: 2 CMP-Custom- DE: "\002\000"-
#400	NEW    cov: 1423 ft: 4143 corp: 152/27Kb lim: 65536 exec/s: 0 rss: 129Mb L: 33/1958 MS: 2 CMP-Custom- DE: "\377\017"-
#406	NEW    cov: 1423 ft: 4143 corp: 152/26Kb lim: 65536 exec/s: 0 rss: 130Mb L: 37/1958 MS: 1 CustomCrossOver-
#407	NEW    cov: 1423 ft: 4147 corp: 153/26Kb lim: 65536 exec/s: 0 rss: 130Mb L: 21/1958 MS: 1 CustomCrossOver-
#408	NEW    cov: 1423 ft: 4148 corp: 154/26Kb lim: 65536 exec/s: 0 rss: 131Mb L: 60/1958 MS: 2 PersAutoDict-Custom- DE: "\000\000\000\000\000\000\000\000"-
#409	NEW    cov: 1423 ft: 4154 corp: 154/26Kb lim: 65536 exec/s: 0 rss: 131Mb L: 56/1958 MS: 2 CMP-Custom- DE: "\000\000\000\000\000\000\000\243"-
#415	NEW    cov: 1423 ft: 4154 corp: 155/26Kb lim: 65536 exec/s: 0 rss: 132Mb L: 114/1958 MS: 2 EraseBytes-Custom-
#427	NEW    cov: 1423 ft: 4154 corp: 156/26Kb lim: 65536 exec/s: 0 rss: 135Mb L: 67/1958 MS: 3 CustomCrossOver-ChangeBit-Custom-
#433	NEW    cov: 1423 ft: 4163 corp: 157/26Kb lim: 65536 exec/s: 0 rss: 137Mb L: 422/1958 MS: 2 InsertRepeatedBytes-Custom-
#436	NEW    cov: 1423 ft: 4164 corp: 158/27Kb lim: 65536 exec/s: 0 rss: 137Mb L: 654/1958 MS: 5 EraseBytes-Custom-CustomCrossOver-CrossOver-Custom-
#441	NEW    cov: 1423 ft: 4164 corp: 157/26Kb lim: 65536 exec/s: 0 rss: 139Mb L: 253/1958 MS: 10 InsertByte-Custom-ManualDict-Custom-ChangeBinInt-Custom-ChangeBinInt-Custom-PersAutoDict-Custom- DE: "phase"-"\000\000\000\000\000\000\000\243"-
#447	NEW    cov: 1423 ft: 4164 corp: 157/26Kb lim: 65536 exec/s: 0 rss: 140Mb L: 298/1958 MS: 1 CustomCrossOver-
#448	NEW    cov: 1423 ft: 4164 corp: 156/26Kb lim: 65536 exec/s: 0 rss: 140Mb L: 18/1958 MS: 2 CMP-Custom- DE: "\027\000\000\000"-
#450	NEW    cov: 1423 ft: 4165 corp: 155/26Kb lim: 65536 exec/s: 0 rss: 141Mb L: 127/1958 MS: 4 ChangeBinInt-Custom-InsertRepeatedBytes-Custom-
#456	NEW    cov: 1423 ft: 4165 corp: 154/26Kb lim: 65536 exec/s: 0 rss: 142Mb L: 68/1958 MS: 2 CMP-Custom- DE: "\377\377\377\377\032\336\304\374"-
#457	NEW    cov: 1423 ft: 4165 corp: 155/26Kb lim: 65536 exec/s: 0 rss: 142Mb L: 257/1958 MS: 2 InsertRepeatedBytes-Custom-
#464	NEW    cov: 1423 ft: 4165 corp: 156/27Kb lim: 65536 exec/s: 0 rss: 144Mb L: 594/1958 MS: 4 ChangeByte-Custom-ChangeBinInt-Custom-
#467	NEW    cov: 1423 ft: 4165 corp: 157/27Kb lim: 65536 exec/s: 0 rss: 145Mb L: 26/1958 MS: 5 ChangeBinInt-Custom-ChangeByte-Custom-CustomCrossOver-
#470	NEW    cov: 1423 ft: 4165 corp: 158/27Kb lim: 65536 exec/s: 0 rss: 145Mb L: 190/1958 MS: 6 CopyPart-Custom-InsertRepeatedBytes-Custom-InsertByte-Custom-
#472	NEW    cov: 1423 ft: 4165 corp: 158/27Kb lim: 65536 exec/s: 0 rss: 146Mb L: 63/1958 MS: 3 ChangeBinInt-Custom-CustomCrossOver-
#474	NEW    cov: 1423 ft: 4165 corp: 159/27Kb lim: 65536 exec/s: 0 rss: 146Mb L: 240/1958 MS: 4 ChangeBit-Custom-ChangeBit-Custom-
#475	NEW    cov: 1423 ft: 4169 corp: 159/27Kb lim: 65536 exec/s: 0 rss: 146Mb L: 328/1958 MS: 2 ShuffleBytes-Custom-
#477	NEW    cov: 1423 ft: 4506 corp: 160/27Kb lim: 65536 exec/s: 0 rss: 147Mb L: 167/1958 MS: 4 ChangeByte-Custom-PersAutoDict-Custom- DE: "\002\000"-
#478	NEW    cov: 1423 ft: 4506 corp: 161/27Kb lim: 65536 exec/s: 0 rss: 147Mb L: 54/1958 MS: 2 EraseBytes-Custom-
#481	NEW    cov: 1423 ft: 4508 corp: 162/27Kb lim: 65536 exec/s: 0 rss: 148Mb L: 228/1958 MS: 6 ShuffleBytes-Custom-ManualDict-Custom-InsertRepeatedBytes-Custom- DE: "truecolor"-
#482	NEW    cov: 1423 ft: 4508 corp: 163/27Kb lim: 65536 exec/s: 0 rss: 148Mb L: 115/1958 MS: 1 CustomCrossOver-
#488	NEW    cov: 1423 ft: 4508 corp: 164/27Kb lim: 65536 exec/s: 0 rss: 149Mb L: 22/1958 MS: 1 CustomCrossOver-
#489	NEW    cov: 1423 ft: 4514 corp: 165/28Kb lim: 65536 exec/s: 0 rss: 150Mb L: 509/1958 MS: 2 ManualDict-Custom- DE: "braced"-
#490	NEW    cov: 1423 ft: 4514 corp: 166/28Kb lim: 65536 exec/s: 0 rss: 150Mb L: 75/1958 MS: 2 ChangeBit-Custom-
#492	NEW    cov: 1423 ft: 4514 corp: 164/28Kb lim: 65536 exec/s: 0 rss: 150Mb L: 18/1958 MS: 3 ManualDict-Custom-CustomCrossOver- DE: "not"-
#493	NEW    cov: 1423 ft: 4514 corp: 164/28Kb lim: 65536 exec/s: 0 rss: 150Mb L: 19/1958 MS: 1 CustomCrossOver-
#494	NEW    cov: 1423 ft: 4515 corp: 165/28Kb lim: 65536 exec/s: 0 rss: 151Mb L: 104/1958 MS: 2 EraseBytes-Custom-
#496	NEW    cov: 1423 ft: 4515 corp: 166/28Kb lim: 65536 exec/s: 0 rss: 151Mb L: 33/1958 MS: 2 CustomCrossOver-CustomCrossOver-
#497	NEW    cov: 1423 ft: 4515 corp: 166/28Kb lim: 65536 exec/s: 0 rss: 151Mb L: 18/1958 MS: 1 CustomCrossOver-
#500	NEW    cov: 1423 ft: 4516 corp: 167/28Kb lim: 65536 exec/s: 0 rss: 152Mb L: 53/1958 MS: 5 ChangeBinInt-Custom-CustomCrossOver-PersAutoDict-Custom- DE: "\010\000"-
#501	NEW    cov: 1423 ft: 4516 corp: 167/28Kb lim: 65536 exec/s: 0 rss: 152Mb L: 18/1958 MS: 2 ChangeBit-Custom-
#502	NEW    cov: 1424 ft: 4528 corp: 168/28Kb lim: 65536 exec/s: 0 rss: 152Mb L: 22/1958 MS: 2 PersAutoDict-Custom- DE: "inline"-
#503	NEW    cov: 1424 ft: 4528 corp: 169/28Kb lim: 65536 exec/s: 0 rss: 153Mb L: 228/1958 MS: 2 CMP-Custom- DE: "user"-
#508	NEW    cov: 1424 ft: 4528 corp: 169/28Kb lim: 65536 exec/s: 0 rss: 154Mb L: 43/1958 MS: 10 ChangeByte-Custom-InsertRepeatedBytes-Custom-ChangeByte-Custom-ShuffleBytes-Custom-ChangeBinInt-Custom-
#509	NEW    cov: 1424 ft: 4528 corp: 170/28Kb lim: 65536 exec/s: 0 rss: 154Mb L: 20/1958 MS: 1 CustomCrossOver-
#510	NEW    cov: 1424 ft: 4529 corp: 171/28Kb lim: 65536 exec/s: 0 rss: 154Mb L: 222/1958 MS: 1 CustomCrossOver-
#517	NEW    cov: 1424 ft: 4530 corp: 172/28Kb lim: 65536 exec/s: 0 rss: 156Mb L: 28/1958 MS: 4 ChangeBit-Custom-ChangeByte-Custom-
#519	NEW    cov: 1424 ft: 4530 corp: 172/28Kb lim: 65536 exec/s: 0 rss: 156Mb L: 127/1958 MS: 3 InsertRepeatedBytes-Custom-CustomCrossOver-
#532	NEW    cov: 1424 ft: 4530 corp: 172/28Kb lim: 65536 exec/s: 0 rss: 159Mb L: 38/1958 MS: 5 CMP-Custom-CustomCrossOver-InsertByte-Custom- DE: "=\000\000\000\000\000\000\000"-
#533	NEW    cov: 1424 ft: 4534 corp: 173/28Kb lim: 65536 exec/s: 0 rss: 160Mb L: 301/1958 MS: 1 CustomCrossOver-
#534	NEW    cov: 1424 ft: 4534 corp: 173/28Kb lim: 65536 exec/s: 0 rss: 160Mb L: 17/1958 MS: 2 EraseBytes-Custom-
#535	NEW    cov: 1424 ft: 4534 corp: 173/28Kb lim: 65536 exec/s: 0 rss: 160Mb L: 22/1958 MS: 2 ManualDict-Custom- DE: "do"-
#536	NEW    cov: 1424 ft: 4536 corp: 174/29Kb lim: 65536 exec/s: 0 rss: 160Mb L: 299/1958 MS: 2 ShuffleBytes-Custom-
#537	NEW    cov: 1424 ft: 4536 corp: 174/29Kb lim: 65536 exec/s: 0 rss: 161Mb L: 20/1958 MS: 1 CustomCrossOver-
#538	NEW    cov: 1424 ft: 4537 corp: 173/29Kb lim: 65536 exec/s: 0 rss: 161Mb L: 56/1958 MS: 2 InsertRepeatedBytes-Custom-
#539	NEW    cov: 1424 ft: 4537 corp: 174/29Kb lim: 65536 exec/s: 0 rss: 161Mb L: 33/1958 MS: 2 CopyPart-Custom-
#542	NEW    cov: 1424 ft: 4538 corp: 175/29Kb lim: 65536 exec/s: 0 rss: 162Mb L: 172/1958 MS: 5 ChangeBit-Custom-CustomCrossOver-CrossOver-Custom-
#545	NEW    cov: 1424 ft: 4538 corp: 176/29Kb lim: 65536 exec/s: 0 rss: 162Mb L: 22/1958 MS: 5 CopyPart-Custom-InsertRepeatedBytes-Custom-CustomCrossOver-
#552	NEW    cov: 1424 ft: 4538 corp: 176/29Kb lim: 65536 exec/s: 0 rss: 164Mb L: 19/1958 MS: 4 CMP-Custom-ChangeBit-Custom- DE: "\011\000"-
#559	NEW    cov: 1424 ft: 4539 corp: 176/29Kb lim: 65536 exec/s: 0 rss: 166Mb L: 1208/1958 MS: 3 ManualDict-Custom-CustomCrossOver- DE: "spinner"-
#561	NEW    cov: 1424 ft: 4539 corp: 176/29Kb lim: 65536 exec/s: 0 rss: 166Mb L: 22/1958 MS: 4 ShuffleBytes-Custom-EraseBytes-Custom-
#562	NEW    cov: 1424 ft: 4539 corp: 175/29Kb lim: 65536 exec/s: 0 rss: 167Mb L: 10/1958 MS: 2 EraseBytes-Custom-
#566	NEW    cov: 1424 ft: 4539 corp: 174/29Kb lim: 65536 exec/s: 0 rss: 168Mb L: 23/1958 MS: 4 CustomCrossOver-CustomCrossOver-CustomCrossOver-CustomCrossOver-
#567	NEW    cov: 1424 ft: 4539 corp: 174/29Kb lim: 65536 exec/s: 0 rss: 168Mb L: 542/1958 MS: 1 CustomCrossOver-
#568	NEW    cov: 1424 ft: 4540 corp: 174/29Kb lim: 65536 exec/s: 0 rss: 168Mb L: 53/1958 MS: 2 InsertByte-Custom-
#569	NEW    cov: 1424 ft: 4549 corp: 175/31Kb lim: 65536 exec/s: 0 rss: 168Mb L: 2932/2932 MS: 2 InsertRepeatedBytes-Custom-
#570	NEW    cov: 1424 ft: 4549 corp: 174/31Kb lim: 65536 exec/s: 0 rss: 168Mb L: 19/2932 MS: 2 InsertByte-Custom-
#575	NEW    cov: 1424 ft: 4550 corp: 175/32Kb lim: 65536 exec/s: 0 rss: 170Mb L: 452/2932 MS: 10 ChangeBit-Custom-ChangeBit-Custom-EraseBytes-Custom-ChangeBinInt-Custom-InsertRepeatedBytes-Custom-
#578	NEW    cov: 1424 ft: 4550 corp: 175/32Kb lim: 65536 exec/s: 0 rss: 170Mb L: 37/2932 MS: 5 InsertByte-Custom-InsertByte-Custom-CustomCrossOver-
#584	NEW    cov: 1424 ft: 4550 corp: 176/32Kb lim: 65536 exec/s: 0 rss: 172Mb L: 52/2932 MS: 1 CustomCrossOver-
#585	NEW    cov: 1424 ft: 4550 corp: 177/32Kb lim: 65536 exec/s: 0 rss: 172Mb L: 10/2932 MS: 2 EraseBytes-Custom-
#586	NEW    cov: 1424 ft: 4550 corp: 177/32Kb lim: 65536 exec/s: 0 rss: 172Mb L: 40/2932 MS: 2 EraseBytes-Custom-
#587	NEW    cov: 1424 ft: 4550 corp: 177/32Kb lim: 65536 exec/s: 0 rss: 172Mb L: 361/2932 MS: 2 CrossOver-Custom-
#593	NEW    cov: 1424 ft: 4551 corp: 177/31Kb lim: 65536 exec/s: 0 rss: 174Mb L: 114/2932 MS: 1 CustomCrossOver-
#598	NEW    cov: 1424 ft: 4555 corp: 178/32Kb lim: 65536 exec/s: 0 rss: 175Mb L: 275/2932 MS: 9 CopyPart-Custom-CustomCrossOver-ChangeBinInt-Custom-CopyPart-Custom-InsertByte-Custom-
#602	NEW    cov: 1424 ft: 4555 corp: 178/32Kb lim: 65536 exec/s: 0 rss: 176Mb L: 53/2932 MS: 4 CustomCrossOver-CustomCrossOver-CustomCrossOver-CustomCrossOver-
#603	NEW    cov: 1424 ft: 4555 corp: 177/32Kb lim: 65536 exec/s: 0 rss: 176Mb L: 20/2932 MS: 2 ChangeBinInt-Custom-
#604	NEW    cov: 1424 ft: 4555 corp: 177/32Kb lim: 65536 exec/s: 0 rss: 176Mb L: 189/2932 MS: 2 EraseBytes-Custom-
#606	NEW    cov: 1424 ft: 4555 corp: 178/32Kb lim: 65536 exec/s: 0 rss: 177Mb L: 33/2932 MS: 2 CustomCrossOver-CustomCrossOver-
#609	NEW    cov: 1424 ft: 4555 corp: 177/31Kb lim: 65536 exec/s: 0 rss: 177Mb L: 57/2932 MS: 5 CustomCrossOver-ShuffleBytes-Custom-ChangeASCIIInt-Custom-
#611	NEW    cov: 1424 ft: 4558 corp: 178/32Kb lim: 65536 exec/s: 0 rss: 178Mb L: 773/2932 MS: 4 PersAutoDict-Custom-ManualDict-Custom- DE: "_LOA"-"minimal-valid"-
#620	NEW    cov: 1424 ft: 4558 corp: 179/32Kb lim: 65536 exec/s: 0 rss: 180Mb L: 33/2932 MS: 4 CustomCrossOver-CustomCrossOver-CustomCrossOver-CustomCrossOver-
#621	NEW    cov: 1424 ft: 4558 corp: 178/32Kb lim: 65536 exec/s: 0 rss: 180Mb L: 22/2932 MS: 1 CustomCrossOver-
#624	NEW    cov: 1429 ft: 4592 corp: 179/32Kb lim: 65536 exec/s: 0 rss: 181Mb L: 121/2932 MS: 6 PersAutoDict-Custom-InsertRepeatedBytes-Custom-CMP-Custom- DE: "count"-"PBO\036\000\000\000\000"-
#627	NEW    cov: 1429 ft: 4592 corp: 179/32Kb lim: 65536 exec/s: 0 rss: 182Mb L: 63/2932 MS: 6 ChangeByte-Custom-ChangeBinInt-Custom-ChangeBinInt-Custom-
#628	NEW    cov: 1429 ft: 4592 corp: 180/32Kb lim: 65536 exec/s: 0 rss: 182Mb L: 17/2932 MS: 1 CustomCrossOver-
#629	NEW    cov: 1429 ft: 4592 corp: 180/32Kb lim: 65536 exec/s: 0 rss: 182Mb L: 24/2932 MS: 2 CopyPart-Custom-
#631	NEW    cov: 1429 ft: 4592 corp: 180/32Kb lim: 65536 exec/s: 0 rss: 183Mb L: 26/2932 MS: 2 CustomCrossOver-CustomCrossOver-
#637	NEW    cov: 1429 ft: 4593 corp: 181/32Kb lim: 65536 exec/s: 0 rss: 184Mb L: 451/2932 MS: 2 ChangeByte-Custom-
#638	NEW    cov: 1429 ft: 4593 corp: 180/32Kb lim: 65536 exec/s: 0 rss: 184Mb L: 22/2932 MS: 2 ShuffleBytes-Custom-
#639	NEW    cov: 1429 ft: 4593 corp: 179/32Kb lim: 65536 exec/s: 0 rss: 185Mb L: 17/2932 MS: 2 EraseBytes-Custom-
#640	NEW    cov: 1429 ft: 4597 corp: 179/32Kb lim: 65536 exec/s: 0 rss: 185Mb L: 377/2932 MS: 2 InsertByte-Custom-
#650	NEW    cov: 1429 ft: 4597 corp: 179/32Kb lim: 65536 exec/s: 0 rss: 187Mb L: 49/2932 MS: 8 ManualDict-Custom-CustomCrossOver-EraseBytes-Custom-CustomCrossOver-ShuffleBytes-Custom- DE: "22"-
#656	NEW    cov: 1429 ft: 4598 corp: 180/32Kb lim: 65536 exec/s: 0 rss: 188Mb L: 116/2932 MS: 2 ChangeBinInt-Custom-
#657	NEW    cov: 1429 ft: 4598 corp: 181/32Kb lim: 65536 exec/s: 0 rss: 188Mb L: 149/2932 MS: 2 InsertByte-Custom-
#658	NEW    cov: 1429 ft: 4600 corp: 181/32Kb lim: 65536 exec/s: 0 rss: 188Mb L: 19/2932 MS: 2 ChangeByte-Custom-
#659	NEW    cov: 1429 ft: 4600 corp: 181/32Kb lim: 65536 exec/s: 0 rss: 189Mb L: 26/2932 MS: 1 CustomCrossOver-
#660	NEW    cov: 1429 ft: 4600 corp: 181/32Kb lim: 65536 exec/s: 0 rss: 189Mb L: 113/2932 MS: 2 InsertByte-Custom-
#666	NEW    cov: 1429 ft: 4600 corp: 181/32Kb lim: 65536 exec/s: 0 rss: 190Mb L: 18/2932 MS: 2 CopyPart-Custom-
#669	NEW    cov: 1429 ft: 4600 corp: 182/32Kb lim: 65536 exec/s: 0 rss: 191Mb L: 18/2932 MS: 6 ShuffleBytes-Custom-ChangeByte-Custom-ChangeBinInt-Custom-
#670	NEW    cov: 1429 ft: 4601 corp: 182/32Kb lim: 65536 exec/s: 0 rss: 191Mb L: 514/2932 MS: 2 CMP-Custom- DE: "\006\000"-
#672	NEW    cov: 1429 ft: 4601 corp: 183/32Kb lim: 65536 exec/s: 0 rss: 192Mb L: 112/2932 MS: 2 CustomCrossOver-CustomCrossOver-
#677	NEW    cov: 1429 ft: 4601 corp: 184/32Kb lim: 65536 exec/s: 0 rss: 193Mb L: 83/2932 MS: 10 CopyPart-Custom-EraseBytes-Custom-ChangeBinInt-Custom-InsertByte-Custom-CopyPart-Custom-
#679	NEW    cov: 1429 ft: 4602 corp: 185/32Kb lim: 65536 exec/s: 0 rss: 193Mb L: 315/2932 MS: 4 PersAutoDict-Custom-ChangeBinInt-Custom- DE: "minimal-valid"-
#686	NEW    cov: 1429 ft: 4602 corp: 185/32Kb lim: 65536 exec/s: 0 rss: 195Mb L: 90/2932 MS: 4 ChangeBinInt-Custom-EraseBytes-Custom-
#687	NEW    cov: 1429 ft: 4603 corp: 183/32Kb lim: 65536 exec/s: 0 rss: 195Mb L: 19/2932 MS: 1 CustomCrossOver-
#690	NEW    cov: 1429 ft: 4606 corp: 184/33Kb lim: 65536 exec/s: 0 rss: 196Mb L: 300/2932 MS: 6 ShuffleBytes-Custom-ShuffleBytes-Custom-InsertByte-Custom-
#698	NEW    cov: 1429 ft: 4606 corp: 184/33Kb lim: 65536 exec/s: 0 rss: 197Mb L: 62/2932 MS: 5 CrossOver-Custom-CustomCrossOver-InsertByte-Custom-
#700	NEW    cov: 1429 ft: 4606 corp: 183/31Kb lim: 65536 exec/s: 0 rss: 198Mb L: 122/2932 MS: 3 CustomCrossOver-CopyPart-Custom-
#701	NEW    cov: 1429 ft: 4608 corp: 184/31Kb lim: 65536 exec/s: 0 rss: 198Mb L: 217/2932 MS: 1 CustomCrossOver-
#704	NEW    cov: 1429 ft: 4608 corp: 184/31Kb lim: 65536 exec/s: 0 rss: 199Mb L: 138/2932 MS: 6 CopyPart-Custom-InsertByte-Custom-CMP-Custom- DE: "data"-
#708	NEW    cov: 1429 ft: 4608 corp: 184/31Kb lim: 65536 exec/s: 0 rss: 200Mb L: 48/2932 MS: 6 CMP-Custom-CustomCrossOver-CustomCrossOver-ChangeBinInt-Custom- DE: "\242\000\000\000\000\000\000\000"-
#709	NEW    cov: 1429 ft: 4613 corp: 185/31Kb lim: 65536 exec/s: 0 rss: 200Mb L: 65/2932 MS: 2 InsertByte-Custom-
#710	NEW    cov: 1429 ft: 4618 corp: 185/31Kb lim: 65536 exec/s: 0 rss: 200Mb L: 22/2932 MS: 2 ManualDict-Custom- DE: "sdbm"-
#711	NEW    cov: 1429 ft: 4624 corp: 186/31Kb lim: 65536 exec/s: 0 rss: 200Mb L: 19/2932 MS: 2 PersAutoDict-Custom- DE: "braced"-
#713	NEW    cov: 1429 ft: 4624 corp: 186/31Kb lim: 65536 exec/s: 0 rss: 201Mb L: 21/2932 MS: 4 InsertByte-Custom-PersAutoDict-Custom- DE: "22"-
#714	NEW    cov: 1429 ft: 4624 corp: 186/31Kb lim: 65536 exec/s: 0 rss: 201Mb L: 495/2932 MS: 2 CopyPart-Custom-
#719	NEW    cov: 1429 ft: 4626 corp: 187/33Kb lim: 65536 exec/s: 0 rss: 202Mb L: 1751/2932 MS: 10 ChangeByte-Custom-ChangeBit-Custom-PersAutoDict-Custom-ManualDict-Custom-PersAutoDict-Custom- DE: "\012\000"-"fnv1a32"-"\012\000"-
#721	NEW    cov: 1429 ft: 4626 corp: 187/32Kb lim: 65536 exec/s: 0 rss: 203Mb L: 275/2932 MS: 4 ChangeBinInt-Custom-PersAutoDict-Custom- DE: "\377\377\377\377\032\336\304\374"-
#722	NEW    cov: 1429 ft: 4626 corp: 188/32Kb lim: 65536 exec/s: 0 rss: 203Mb L: 18/2932 MS: 1 CustomCrossOver-
#723	NEW    cov: 1429 ft: 4626 corp: 188/32Kb lim: 65536 exec/s: 0 rss: 203Mb L: 19/2932 MS: 1 CustomCrossOver-
#724	NEW    cov: 1429 ft: 4629 corp: 189/33Kb lim: 65536 exec/s: 0 rss: 203Mb L: 935/2932 MS: 2 InsertRepeatedBytes-Custom-
#725	NEW    cov: 1429 ft: 4629 corp: 187/33Kb lim: 65536 exec/s: 0 rss: 204Mb L: 19/2932 MS: 2 ChangeBit-Custom-
#736	NEW    cov: 1429 ft: 4629 corp: 187/33Kb lim: 65536 exec/s: 736 rss: 206Mb L: 19/2932 MS: 2 ShuffleBytes-Custom-
#739	NEW    cov: 1429 ft: 4629 corp: 186/32Kb lim: 65536 exec/s: 739 rss: 207Mb L: 261/2932 MS: 6 EraseBytes-Custom-EraseBytes-Custom-InsertRepeatedBytes-Custom-
#742	NEW    cov: 1429 ft: 4629 corp: 185/32Kb lim: 65536 exec/s: 742 rss: 207Mb L: 135/2932 MS: 5 CustomCrossOver-InsertRepeatedBytes-Custom-CrossOver-Custom-
#743	NEW    cov: 1429 ft: 4629 corp: 185/32Kb lim: 65536 exec/s: 743 rss: 208Mb L: 18/2932 MS: 1 CustomCrossOver-
#745	NEW    cov: 1429 ft: 4635 corp: 185/32Kb lim: 65536 exec/s: 745 rss: 208Mb L: 161/2932 MS: 4 ManualDict-Custom-InsertRepeatedBytes-Custom- DE: ">"-
#746	NEW    cov: 1429 ft: 4635 corp: 186/32Kb lim: 65536 exec/s: 746 rss: 208Mb L: 67/2932 MS: 2 CMP-Custom- DE: "__gc"-
#747	NEW    cov: 1429 ft: 4641 corp: 185/32Kb lim: 65536 exec/s: 747 rss: 208Mb L: 36/2932 MS: 2 ManualDict-Custom- DE: "braced"-
#748	NEW    cov: 1429 ft: 4655 corp: 186/32Kb lim: 65536 exec/s: 748 rss: 209Mb L: 37/2932 MS: 2 ChangeASCIIInt-Custom-
#749	NEW    cov: 1429 ft: 4657 corp: 186/32Kb lim: 65536 exec/s: 749 rss: 209Mb L: 25/2932 MS: 2 PersAutoDict-Custom- DE: ">"-
#750	NEW    cov: 1429 ft: 4657 corp: 185/32Kb lim: 65536 exec/s: 750 rss: 209Mb L: 90/2932 MS: 2 ManualDict-Custom- DE: "step"-
#751	NEW    cov: 1429 ft: 4662 corp: 184/31Kb lim: 65536 exec/s: 751 rss: 209Mb L: 37/2932 MS: 2 ChangeBinInt-Custom-
#752	NEW    cov: 1429 ft: 4662 corp: 184/31Kb lim: 65536 exec/s: 752 rss: 209Mb L: 89/2932 MS: 2 ChangeByte-Custom-
#753	NEW    cov: 1429 ft: 4663 corp: 183/31Kb lim: 65536 exec/s: 753 rss: 210Mb L: 19/2932 MS: 2 ChangeBinInt-Custom-
#756	NEW    cov: 1429 ft: 4663 corp: 183/30Kb lim: 65536 exec/s: 756 rss: 210Mb L: 299/2932 MS: 6 ShuffleBytes-Custom-ChangeByte-Custom-ManualDict-Custom- DE: "protect"-
#757	NEW    cov: 1429 ft: 4663 corp: 184/30Kb lim: 65536 exec/s: 757 rss: 211Mb L: 20/2932 MS: 2 ChangeByte-Custom-
#758	NEW    cov: 1429 ft: 4663 corp: 185/31Kb lim: 65536 exec/s: 758 rss: 211Mb L: 129/2932 MS: 2 PersAutoDict-Custom- DE: "\001\000\000\000"-
#759	NEW    cov: 1429 ft: 4663 corp: 185/30Kb lim: 65536 exec/s: 759 rss: 211Mb L: 84/2932 MS: 2 ShuffleBytes-Custom-
#760	NEW    cov: 1429 ft: 4664 corp: 185/30Kb lim: 65536 exec/s: 760 rss: 211Mb L: 22/2932 MS: 2 CopyPart-Custom-
#761	NEW    cov: 1429 ft: 4664 corp: 185/30Kb lim: 65536 exec/s: 761 rss: 212Mb L: 28/2932 MS: 2 InsertRepeatedBytes-Custom-
#763	NEW    cov: 1429 ft: 4666 corp: 186/31Kb lim: 65536 exec/s: 763 rss: 212Mb L: 649/2932 MS: 3 CustomCrossOver-InsertRepeatedBytes-Custom-
#764	NEW    cov: 1429 ft: 4670 corp: 187/31Kb lim: 65536 exec/s: 764 rss: 212Mb L: 299/2932 MS: 1 CustomCrossOver-
#772	NEW    cov: 1429 ft: 4670 corp: 188/31Kb lim: 65536 exec/s: 772 rss: 214Mb L: 25/2932 MS: 4 CustomCrossOver-CopyPart-Custom-CustomCrossOver-
#774	NEW    cov: 1429 ft: 4671 corp: 189/31Kb lim: 65536 exec/s: 774 rss: 214Mb L: 37/2932 MS: 4 CopyPart-Custom-ChangeBinInt-Custom-
#775	NEW    cov: 1429 ft: 4671 corp: 190/31Kb lim: 65536 exec/s: 775 rss: 215Mb L: 22/2932 MS: 1 CustomCrossOver-
#779	NEW    cov: 1429 ft: 4671 corp: 190/31Kb lim: 65536 exec/s: 779 rss: 216Mb L: 74/2932 MS: 8 CopyPart-Custom-ChangeByte-Custom-ShuffleBytes-Custom-InsertRepeatedBytes-Custom-
#782	NEW    cov: 1429 ft: 4672 corp: 191/31Kb lim: 65536 exec/s: 782 rss: 216Mb L: 46/2932 MS: 6 CMP-Custom-ShuffleBytes-Custom-InsertByte-Custom- DE: "elseif"-
#783	NEW    cov: 1429 ft: 4672 corp: 191/31Kb lim: 65536 exec/s: 783 rss: 216Mb L: 18/2932 MS: 1 CustomCrossOver-
#784	NEW    cov: 1429 ft: 4673 corp: 192/31Kb lim: 65536 exec/s: 784 rss: 217Mb L: 19/2932 MS: 1 CustomCrossOver-
#790	NEW    cov: 1429 ft: 4674 corp: 192/31Kb lim: 65536 exec/s: 790 rss: 218Mb L: 21/2932 MS: 2 ChangeByte-Custom-
#791	NEW    cov: 1429 ft: 4674 corp: 193/31Kb lim: 65536 exec/s: 791 rss: 218Mb L: 19/2932 MS: 2 InsertByte-Custom-
#807	NEW    cov: 1429 ft: 4674 corp: 194/31Kb lim: 65536 exec/s: 807 rss: 222Mb L: 19/2932 MS: 1 CustomCrossOver-
#808	NEW    cov: 1429 ft: 4674 corp: 195/31Kb lim: 65536 exec/s: 808 rss: 222Mb L: 37/2932 MS: 1 CustomCrossOver-
#814	NEW    cov: 1429 ft: 4680 corp: 194/31Kb lim: 65536 exec/s: 814 rss: 224Mb L: 19/2932 MS: 2 EraseBytes-Custom-
#815	NEW    cov: 1429 ft: 4680 corp: 194/31Kb lim: 65536 exec/s: 815 rss: 224Mb L: 12/2932 MS: 2 EraseBytes-Custom-
#816	NEW    cov: 1429 ft: 4680 corp: 195/32Kb lim: 65536 exec/s: 816 rss: 224Mb L: 779/2932 MS: 2 EraseBytes-Custom-
#817	NEW    cov: 1429 ft: 4686 corp: 196/33Kb lim: 65536 exec/s: 817 rss: 224Mb L: 1186/2932 MS: 2 EraseBytes-Custom-
#818	NEW    cov: 1429 ft: 4686 corp: 196/33Kb lim: 65536 exec/s: 818 rss: 225Mb L: 189/2932 MS: 2 ChangeBinInt-Custom-
#824	NEW    cov: 1429 ft: 4686 corp: 196/33Kb lim: 65536 exec/s: 824 rss: 226Mb L: 17/2932 MS: 2 EraseBytes-Custom-
#828	NEW    cov: 1429 ft: 4686 corp: 197/33Kb lim: 65536 exec/s: 828 rss: 227Mb L: 20/2932 MS: 7 CopyPart-Custom-PersAutoDict-Custom-EraseBytes-Custom-CustomCrossOver- DE: "count"-
#830	NEW    cov: 1429 ft: 4686 corp: 197/33Kb lim: 65536 exec/s: 830 rss: 227Mb L: 538/2932 MS: 4 ManualDict-Custom-CopyPart-Custom- DE: "Lua error"-
Loaded 1024/1389 files from report/fuzz/corpus/lua_dsl
	NEW_FUNC[1/4]: 0x00000050bc50 in std::shared_ptr<beez::core::StepConfig const>::~shared_ptr() /usr/bin/../lib/gcc/x86_64-redhat-linux/16/../../../../include/c++/16/bits/shared_ptr.h:175
	NEW_FUNC[2/4]: 0x00000050bd20 in std::__shared_ptr<beez::core::StepConfig const, (__gnu_cxx::_Lock_policy)2>::~__shared_ptr() /usr/bin/../lib/gcc/x86_64-redhat-linux/16/../../../../include/c++/16/bits/shared_ptr_base.h:1610
	NEW_FUNC[1/37]: 0x000000502910 in std::__detail::_Node_const_iterator<std::pair<std::__cxx11::basic_string<char, std::char_traits<char>, std::allocator<char>> const, beez::core::Workflow>, false, true>::operator*() const /usr/bin/../lib/gcc/x86_64-redhat-linux/16/../../../../include/c++/16/bits/hashtable_policy.h:498
	NEW_FUNC[2/37]: 0x000000502d98 in std::tuple_element<0ul, std::pair<std::__cxx11::basic_string<char, std::char_traits<char>, std::allocator<char>> const, beez::core::Workflow>>::type const& std::get<0ul, std::__cxx11::basic_string<char, std::char_traits<char>, std::allocator<char>> const, beez::core::Workflow>(std::pair<std::__cxx11::basic_string<char, std::char_traits<char>, std::allocator<char>> const, beez::core::Workflow> const&) /usr/bin/../lib/gcc/x86_64-redhat-linux/16/../../../../include/c++/16/bits/stl_pair.h:1299
#1978	RELOAD cov: 1606 ft: 5348 corp: 287/41Kb lim: 65536 exec/s: 989 rss: 494Mb
#1984	NEW    cov: 1606 ft: 5348 corp: 287/41Kb lim: 65536 exec/s: 992 rss: 495Mb L: 11/2122 MS: 2 ChangeByte-Custom-
#1985	NEW    cov: 1606 ft: 5348 corp: 288/41Kb lim: 65536 exec/s: 992 rss: 495Mb L: 12/2122 MS: 2 EraseBytes-Custom-
#1986	NEW    cov: 1606 ft: 5348 corp: 288/41Kb lim: 65536 exec/s: 993 rss: 495Mb L: 46/2122 MS: 2 CopyPart-Custom-
#1987	NEW    cov: 1606 ft: 5348 corp: 287/40Kb lim: 65536 exec/s: 993 rss: 495Mb L: 25/2122 MS: 2 CMP-Custom- DE: "b\000\000\000"-
#1988	NEW    cov: 1606 ft: 5348 corp: 286/40Kb lim: 65536 exec/s: 994 rss: 496Mb L: 14/2122 MS: 1 CustomCrossOver-
#1995	NEW    cov: 1606 ft: 5351 corp: 286/40Kb lim: 65536 exec/s: 997 rss: 498Mb L: 112/2122 MS: 4 InsertRepeatedBytes-Custom-PersAutoDict-Custom- DE: "elseif"-
#1996	NEW    cov: 1606 ft: 5351 corp: 287/40Kb lim: 65536 exec/s: 998 rss: 498Mb L: 95/2122 MS: 2 EraseBytes-Custom-
#1997	NEW    cov: 1606 ft: 5351 corp: 287/40Kb lim: 65536 exec/s: 998 rss: 498Mb L: 19/2122 MS: 1 CustomCrossOver-
#2000	NEW    cov: 1606 ft: 5351 corp: 287/40Kb lim: 65536 exec/s: 1000 rss: 499Mb L: 132/2122 MS: 6 EraseBytes-Custom-InsertRepeatedBytes-Custom-CMP-Custom- DE: "so"-
#2006	NEW    cov: 1606 ft: 5351 corp: 287/40Kb lim: 65536 exec/s: 1003 rss: 500Mb L: 14/2122 MS: 2 InsertByte-Custom-
#2012	NEW    cov: 1606 ft: 5351 corp: 288/40Kb lim: 65536 exec/s: 1006 rss: 502Mb L: 28/2122 MS: 2 ChangeBinInt-Custom-
#2020	NEW    cov: 1606 ft: 5351 corp: 288/40Kb lim: 65536 exec/s: 1010 rss: 504Mb L: 145/2122 MS: 6 EraseBytes-Custom-EraseBytes-Custom-InsertRepeatedBytes-Custom-
#2021	NEW    cov: 1606 ft: 5351 corp: 289/40Kb lim: 65536 exec/s: 1010 rss: 504Mb L: 10/2122 MS: 2 ChangeBit-Custom-
#2022	NEW    cov: 1606 ft: 5351 corp: 290/40Kb lim: 65536 exec/s: 1011 rss: 504Mb L: 15/2122 MS: 2 CMP-Custom- DE: "\001 "-
#2038	NEW    cov: 1606 ft: 5351 corp: 290/40Kb lim: 65536 exec/s: 1019 rss: 508Mb L: 12/2122 MS: 2 ChangeBit-Custom-
#2039	NEW    cov: 1606 ft: 5351 corp: 290/40Kb lim: 65536 exec/s: 1019 rss: 508Mb L: 17/2122 MS: 2 InsertByte-Custom-
#2041	NEW    cov: 1606 ft: 5351 corp: 290/40Kb lim: 65536 exec/s: 1020 rss: 508Mb L: 10/2122 MS: 4 CopyPart-Custom-ChangeBinInt-Custom-
#2042	NEW    cov: 1606 ft: 5351 corp: 290/40Kb lim: 65536 exec/s: 1021 rss: 509Mb L: 17/2122 MS: 2 ShuffleBytes-Custom-
#2048	pulse  cov: 1606 ft: 5351 corp: 289/40Kb lim: 65536 exec/s: 1024 rss: 510Mb
#2048	NEW    cov: 1606 ft: 5351 corp: 290/40Kb lim: 65536 exec/s: 1024 rss: 510Mb L: 9/2122 MS: 2 PersAutoDict-Custom- DE: "elseif"-
#2054	NEW    cov: 1606 ft: 5351 corp: 290/40Kb lim: 65536 exec/s: 1027 rss: 511Mb L: 14/2122 MS: 2 EraseBytes-Custom-
#2060	NEW    cov: 1606 ft: 5351 corp: 290/40Kb lim: 65536 exec/s: 1030 rss: 513Mb L: 43/2122 MS: 2 ChangeByte-Custom-
#2061	NEW    cov: 1606 ft: 5353 corp: 291/41Kb lim: 65536 exec/s: 1030 rss: 513Mb L: 183/2122 MS: 2 ChangeByte-Custom-
#2067	NEW    cov: 1606 ft: 5353 corp: 291/41Kb lim: 65536 exec/s: 1033 rss: 514Mb L: 12/2122 MS: 2 ChangeBit-Custom-
#2085	NEW    cov: 1606 ft: 5609 corp: 292/41Kb lim: 65536 exec/s: 1042 rss: 518Mb L: 36/2122 MS: 4 CustomCrossOver-ShuffleBytes-Custom-CustomCrossOver-
#2093	NEW    cov: 1606 ft: 5612 corp: 292/41Kb lim: 65536 exec/s: 1046 rss: 520Mb L: 1063/2122 MS: 4 PersAutoDict-Custom-CustomCrossOver-CustomCrossOver- DE: "diff"-
#2094	NEW    cov: 1606 ft: 5618 corp: 293/41Kb lim: 65536 exec/s: 1047 rss: 520Mb L: 9/2122 MS: 2 ShuffleBytes-Custom-
#2095	NEW    cov: 1606 ft: 5618 corp: 293/41Kb lim: 65536 exec/s: 1047 rss: 521Mb L: 66/2122 MS: 2 CrossOver-Custom-
#2101	NEW    cov: 1606 ft: 5620 corp: 293/41Kb lim: 65536 exec/s: 1050 rss: 522Mb L: 18/2122 MS: 2 CopyPart-Custom-
#2104	NEW    cov: 1606 ft: 5621 corp: 294/41Kb lim: 65536 exec/s: 1052 rss: 522Mb L: 95/2122 MS: 6 InsertRepeatedBytes-Custom-ChangeBit-Custom-ChangeByte-Custom-
#2115	NEW    cov: 1606 ft: 5627 corp: 293/41Kb lim: 65536 exec/s: 1057 rss: 525Mb L: 12/2122 MS: 1 CustomCrossOver-
#2116	NEW    cov: 1606 ft: 5627 corp: 292/41Kb lim: 65536 exec/s: 1058 rss: 525Mb L: 9/2122 MS: 2 PersAutoDict-Custom- DE: "\006\000"-
#2118	NEW    cov: 1606 ft: 5627 corp: 292/41Kb lim: 65536 exec/s: 1059 rss: 525Mb L: 10/2122 MS: 2 CustomCrossOver-CustomCrossOver-
#2124	NEW    cov: 1606 ft: 5627 corp: 292/41Kb lim: 65536 exec/s: 1062 rss: 527Mb L: 14/2122 MS: 2 ChangeBinInt-Custom-
#2131	NEW    cov: 1606 ft: 5627 corp: 292/41Kb lim: 65536 exec/s: 1065 rss: 528Mb L: 16/2122 MS: 3 CMP-Custom-CustomCrossOver- DE: "\001\000\000\000\000\000\000\011"-
#2141	NEW    cov: 1606 ft: 5627 corp: 291/41Kb lim: 65536 exec/s: 1070 rss: 531Mb L: 13/2122 MS: 7 CustomCrossOver-ChangeBinInt-Custom-CustomCrossOver-ChangeBit-Custom-CustomCrossOver-
#2167	NEW    cov: 1606 ft: 5627 corp: 291/41Kb lim: 65536 exec/s: 1083 rss: 536Mb L: 18/2122 MS: 2 ManualDict-Custom- DE: "\037"-
#2168	NEW    cov: 1606 ft: 5627 corp: 292/41Kb lim: 65536 exec/s: 1084 rss: 536Mb L: 12/2122 MS: 2 ChangeBit-Custom-
#2171	NEW    cov: 1606 ft: 5627 corp: 292/41Kb lim: 65536 exec/s: 1085 rss: 537Mb L: 26/2122 MS: 6 ChangeBinInt-Custom-ChangeBit-Custom-InsertByte-Custom-
#2178	NEW    cov: 1606 ft: 5627 corp: 293/41Kb lim: 65536 exec/s: 1089 rss: 539Mb L: 260/2122 MS: 4 ChangeBit-Custom-ManualDict-Custom- DE: "scope"-
#2200	NEW    cov: 1606 ft: 5627 corp: 293/41Kb lim: 65536 exec/s: 1100 rss: 544Mb L: 38/2122 MS: 4 PersAutoDict-Custom-InsertByte-Custom- DE: "\006\000"-
#2202	NEW    cov: 1606 ft: 5627 corp: 294/41Kb lim: 65536 exec/s: 1101 rss: 544Mb L: 16/2122 MS: 4 InsertByte-Custom-InsertByte-Custom-
#2204	NEW    cov: 1606 ft: 5628 corp: 294/41Kb lim: 65536 exec/s: 1102 rss: 545Mb L: 11/2122 MS: 3 CustomCrossOver-EraseBytes-Custom-
#2205	NEW    cov: 1606 ft: 5628 corp: 294/41Kb lim: 65536 exec/s: 1102 rss: 545Mb L: 13/2122 MS: 2 ManualDict-Custom- DE: "\\t"-
#2207	NEW    cov: 1606 ft: 5628 corp: 294/41Kb lim: 65536 exec/s: 1103 rss: 546Mb L: 1196/2122 MS: 4 ChangeASCIIInt-Custom-PersAutoDict-Custom- DE: "b\000\000\000"-
#2219	NEW    cov: 1606 ft: 5628 corp: 294/41Kb lim: 65536 exec/s: 1109 rss: 548Mb L: 128/2122 MS: 3 CustomCrossOver-InsertRepeatedBytes-Custom-
#2240	NEW    cov: 1606 ft: 5628 corp: 294/41Kb lim: 65536 exec/s: 1120 rss: 553Mb L: 46/2122 MS: 2 CMP-Custom- DE: "\033\000\000\000\000\000\000\000"-
#2241	NEW    cov: 1606 ft: 5628 corp: 294/40Kb lim: 65536 exec/s: 1120 rss: 553Mb L: 38/2122 MS: 2 ChangeByte-Custom-
#2242	NEW    cov: 1606 ft: 5628 corp: 293/40Kb lim: 65536 exec/s: 1121 rss: 554Mb L: 39/2122 MS: 2 CopyPart-Custom-
#2248	NEW    cov: 1606 ft: 5628 corp: 294/40Kb lim: 65536 exec/s: 1124 rss: 555Mb L: 12/2122 MS: 2 ShuffleBytes-Custom-
#2262	NEW    cov: 1606 ft: 5629 corp: 295/41Kb lim: 65536 exec/s: 1131 rss: 558Mb L: 99/2122 MS: 8 ManualDict-Custom-EraseBytes-Custom-CMP-Custom-ChangeBinInt-Custom- DE: "[["-"template"-
#2274	NEW    cov: 1606 ft: 5633 corp: 296/41Kb lim: 65536 exec/s: 1137 rss: 561Mb L: 505/2122 MS: 2 CustomCrossOver-CustomCrossOver-
#2283	NEW    cov: 1606 ft: 5633 corp: 296/41Kb lim: 65536 exec/s: 1141 rss: 563Mb L: 70/2122 MS: 8 ManualDict-Custom-ShuffleBytes-Custom-InsertRepeatedBytes-Custom-CMP-Custom- DE: "spinner"-"\001\000\000\000"-
#2289	NEW    cov: 1606 ft: 5633 corp: 296/41Kb lim: 65536 exec/s: 1144 rss: 565Mb L: 13/2122 MS: 2 InsertByte-Custom-
#2295	NEW    cov: 1606 ft: 5633 corp: 297/41Kb lim: 65536 exec/s: 1147 rss: 566Mb L: 17/2122 MS: 2 InsertByte-Custom-
#2296	NEW    cov: 1606 ft: 5633 corp: 297/41Kb lim: 65536 exec/s: 1148 rss: 566Mb L: 26/2122 MS: 2 EraseBytes-Custom-
#2297	NEW    cov: 1606 ft: 5633 corp: 298/41Kb lim: 65536 exec/s: 1148 rss: 566Mb L: 10/2122 MS: 1 CustomCrossOver-
#2303	NEW    cov: 1606 ft: 5633 corp: 298/41Kb lim: 65536 exec/s: 1151 rss: 568Mb L: 31/2122 MS: 2 ChangeBit-Custom-
#2320	NEW    cov: 1606 ft: 5633 corp: 299/41Kb lim: 65536 exec/s: 1160 rss: 572Mb L: 10/2122 MS: 3 CopyPart-Custom-CustomCrossOver-
#2329	NEW    cov: 1606 ft: 5633 corp: 300/41Kb lim: 65536 exec/s: 1164 rss: 574Mb L: 16/2122 MS: 8 ChangeBinInt-Custom-ChangeBit-Custom-EraseBytes-Custom-EraseBytes-Custom-
#2330	NEW    cov: 1606 ft: 5633 corp: 301/41Kb lim: 65536 exec/s: 1165 rss: 574Mb L: 109/2122 MS: 2 ChangeBit-Custom-
#2336	NEW    cov: 1606 ft: 5633 corp: 302/41Kb lim: 65536 exec/s: 1168 rss: 575Mb L: 16/2122 MS: 1 CustomCrossOver-
#2340	NEW    cov: 1606 ft: 5633 corp: 302/41Kb lim: 65536 exec/s: 1170 rss: 576Mb L: 862/2122 MS: 8 ChangeBit-Custom-ChangeBit-Custom-ChangeByte-Custom-ShuffleBytes-Custom-
#2355	NEW    cov: 1606 ft: 5633 corp: 302/40Kb lim: 65536 exec/s: 1177 rss: 580Mb L: 355/2122 MS: 10 ChangeASCIIInt-Custom-EraseBytes-Custom-ShuffleBytes-Custom-InsertByte-Custom-InsertByte-Custom-
#2356	NEW    cov: 1606 ft: 5633 corp: 302/40Kb lim: 65536 exec/s: 1178 rss: 580Mb L: 18/2122 MS: 1 CustomCrossOver-
#2364	NEW    cov: 1606 ft: 5633 corp: 302/40Kb lim: 65536 exec/s: 1182 rss: 582Mb L: 29/2122 MS: 6 ManualDict-Custom-PersAutoDict-Custom-ManualDict-Custom- DE: "gzip"-"\020\000\000\000"-"0x"-
#2386	NEW    cov: 1606 ft: 5633 corp: 302/40Kb lim: 65536 exec/s: 795 rss: 586Mb L: 16/2122 MS: 4 ShuffleBytes-Custom-PersAutoDict-Custom- DE: "user"-
#2400	NEW    cov: 1606 ft: 5633 corp: 302/40Kb lim: 65536 exec/s: 800 rss: 590Mb L: 275/2122 MS: 7 CustomCrossOver-ManualDict-Custom-CMP-Custom-CMP-Custom- DE: "designated"-"\000\000\000\001"-"\001\000"-
#2401	NEW    cov: 1606 ft: 5633 corp: 302/40Kb lim: 65536 exec/s: 800 rss: 590Mb L: 17/2122 MS: 2 InsertByte-Custom-
#2417	NEW    cov: 1606 ft: 5633 corp: 303/40Kb lim: 65536 exec/s: 805 rss: 594Mb L: 19/2122 MS: 1 CustomCrossOver-
#2428	NEW    cov: 1606 ft: 5633 corp: 301/40Kb lim: 65536 exec/s: 809 rss: 596Mb L: 12/2122 MS: 2 InsertByte-Custom-
#2430	NEW    cov: 1606 ft: 5633 corp: 301/40Kb lim: 65536 exec/s: 810 rss: 597Mb L: 965/2122 MS: 4 EraseBytes-Custom-InsertByte-Custom-
#2432	NEW    cov: 1606 ft: 5633 corp: 301/40Kb lim: 65536 exec/s: 810 rss: 597Mb L: 12/2122 MS: 4 CopyPart-Custom-ChangeByte-Custom-
#2442	NEW    cov: 1606 ft: 5633 corp: 301/40Kb lim: 65536 exec/s: 814 rss: 599Mb L: 21/2122 MS: 8 ChangeBinInt-Custom-CustomCrossOver-ChangeBit-Custom-ManualDict-Custom-CustomCrossOver- DE: "mode"-
#2443	NEW    cov: 1606 ft: 5639 corp: 302/40Kb lim: 65536 exec/s: 814 rss: 599Mb L: 21/2122 MS: 2 ManualDict-Custom- DE: "\037"-
#2451	NEW    cov: 1606 ft: 5641 corp: 303/42Kb lim: 65536 exec/s: 817 rss: 602Mb L: 1789/2122 MS: 6 ChangeByte-Custom-InsertRepeatedBytes-Custom-InsertByte-Custom-
#2454	NEW    cov: 1606 ft: 5641 corp: 303/42Kb lim: 65536 exec/s: 818 rss: 602Mb L: 5/2122 MS: 5 CrossOver-Custom-CustomCrossOver-EraseBytes-Custom-
#2464	NEW    cov: 1606 ft: 5641 corp: 303/42Kb lim: 65536 exec/s: 821 rss: 604Mb L: 18/2122 MS: 10 ManualDict-Custom-ChangeBinInt-Custom-ChangeBinInt-Custom-ChangeBit-Custom-ShuffleBytes-Custom- DE: "ipairs"-
#2480	NEW    cov: 1606 ft: 5642 corp: 304/42Kb lim: 65536 exec/s: 826 rss: 607Mb L: 115/2122 MS: 1 CustomCrossOver-
#2488	NEW    cov: 1606 ft: 5643 corp: 303/41Kb lim: 65536 exec/s: 829 rss: 609Mb L: 25/2122 MS: 6 ChangeByte-Custom-InsertByte-Custom-ChangeBinInt-Custom-
#2489	NEW    cov: 1606 ft: 5643 corp: 302/41Kb lim: 65536 exec/s: 829 rss: 610Mb L: 15/2122 MS: 2 InsertRepeatedBytes-Custom-
#2490	NEW    cov: 1606 ft: 5643 corp: 303/41Kb lim: 65536 exec/s: 830 rss: 610Mb L: 9/2122 MS: 2 ChangeByte-Custom-
#2491	NEW    cov: 1606 ft: 5643 corp: 303/41Kb lim: 65536 exec/s: 830 rss: 610Mb L: 15/2122 MS: 2 ManualDict-Custom- DE: "999999"-
#2517	NEW    cov: 1606 ft: 5643 corp: 303/41Kb lim: 65536 exec/s: 839 rss: 616Mb L: 144/2122 MS: 2 InsertRepeatedBytes-Custom-
#2528	NEW    cov: 1606 ft: 5643 corp: 302/41Kb lim: 65536 exec/s: 842 rss: 618Mb L: 9/2122 MS: 2 ChangeByte-Custom-
#2529	NEW    cov: 1606 ft: 5647 corp: 303/42Kb lim: 65536 exec/s: 843 rss: 619Mb L: 1037/2122 MS: 2 ChangeBinInt-Custom-
#2538	NEW    cov: 1606 ft: 5648 corp: 304/43Kb lim: 65536 exec/s: 846 rss: 620Mb L: 1087/2122 MS: 8 CMP-Custom-PersAutoDict-Custom-ChangeBit-Custom-ChangeByte-Custom- DE: "\020\000\000\000"-"\027\000\000\000"-
#2574	NEW    cov: 1606 ft: 5648 corp: 304/43Kb lim: 65536 exec/s: 858 rss: 629Mb L: 26/2122 MS: 2 ChangeASCIIInt-Custom-
#2575	NEW    cov: 1606 ft: 5648 corp: 305/43Kb lim: 65536 exec/s: 858 rss: 629Mb L: 9/2122 MS: 1 CustomCrossOver-
#2581	NEW    cov: 1606 ft: 5648 corp: 306/43Kb lim: 65536 exec/s: 860 rss: 631Mb L: 10/2122 MS: 1 CustomCrossOver-
#2583	NEW    cov: 1606 ft: 5649 corp: 307/43Kb lim: 65536 exec/s: 861 rss: 631Mb L: 72/2122 MS: 4 InsertByte-Custom-ManualDict-Custom- DE: "\036"-
#2589	NEW    cov: 1606 ft: 5649 corp: 306/43Kb lim: 65536 exec/s: 863 rss: 632Mb L: 9/2122 MS: 2 ShuffleBytes-Custom-
#2610	NEW    cov: 1606 ft: 5649 corp: 307/43Kb lim: 65536 exec/s: 870 rss: 637Mb L: 15/2122 MS: 2 ChangeByte-Custom-
#2616	NEW    cov: 1606 ft: 5649 corp: 308/43Kb lim: 65536 exec/s: 872 rss: 639Mb L: 18/2122 MS: 2 EraseBytes-Custom-
#2619	NEW    cov: 1606 ft: 5649 corp: 309/44Kb lim: 65536 exec/s: 873 rss: 640Mb L: 9/2122 MS: 4 CMP-Custom-CustomCrossOver-CustomCrossOver- DE: "\200\377\377\377\377\377\377\376"-
#2648	NEW    cov: 1606 ft: 5649 corp: 310/44Kb lim: 65536 exec/s: 882 rss: 646Mb L: 10/2122 MS: 6 ManualDict-Custom-InsertRepeatedBytes-Custom-CustomCrossOver-CustomCrossOver- DE: "assert"-
#2649	NEW    cov: 1606 ft: 5649 corp: 310/44Kb lim: 65536 exec/s: 883 rss: 646Mb L: 16/2122 MS: 2 InsertByte-Custom-
#2650	NEW    cov: 1606 ft: 5649 corp: 309/43Kb lim: 65536 exec/s: 883 rss: 646Mb L: 9/2122 MS: 1 CustomCrossOver-
#2669	NEW    cov: 1606 ft: 5650 corp: 310/46Kb lim: 65536 exec/s: 889 rss: 651Mb L: 2632/2632 MS: 8 ChangeBinInt-Custom-CMP-Custom-ChangeASCIIInt-Custom-ManualDict-Custom- DE: "\001\000\000e"-"not_a_real_key"-
#2677	NEW    cov: 1606 ft: 5650 corp: 310/46Kb lim: 65536 exec/s: 892 rss: 653Mb L: 21/2632 MS: 3 CustomCrossOver-CustomCrossOver-CustomCrossOver-
#2683	NEW    cov: 1606 ft: 5650 corp: 309/46Kb lim: 65536 exec/s: 894 rss: 654Mb L: 6/2632 MS: 2 EraseBytes-Custom-
#2686	NEW    cov: 1606 ft: 5650 corp: 309/46Kb lim: 65536 exec/s: 895 rss: 655Mb L: 35/2632 MS: 6 CopyPart-Custom-ManualDict-Custom-ChangeBit-Custom- DE: "not-a-table"-
#2687	NEW    cov: 1606 ft: 5662 corp: 310/46Kb lim: 65536 exec/s: 895 rss: 655Mb L: 21/2632 MS: 1 CustomCrossOver-
#2688	NEW    cov: 1606 ft: 5665 corp: 310/46Kb lim: 65536 exec/s: 896 rss: 656Mb L: 17/2632 MS: 2 ChangeByte-Custom-
#2693	NEW    cov: 1606 ft: 5665 corp: 310/46Kb lim: 65536 exec/s: 897 rss: 657Mb L: 971/2632 MS: 10 ShuffleBytes-Custom-ChangeASCIIInt-Custom-PersAutoDict-Custom-ChangeBit-Custom-ChangeASCIIInt-Custom- DE: "so"-
#2695	NEW    cov: 1606 ft: 5665 corp: 311/46Kb lim: 65536 exec/s: 898 rss: 657Mb L: 13/2632 MS: 2 CustomCrossOver-CustomCrossOver-
#2696	NEW    cov: 1606 ft: 5666 corp: 312/47Kb lim: 65536 exec/s: 898 rss: 657Mb L: 1667/2632 MS: 2 EraseBytes-Custom-
#2698	NEW    cov: 1606 ft: 5710 corp: 313/48Kb lim: 65536 exec/s: 899 rss: 658Mb L: 149/2632 MS: 4 InsertRepeatedBytes-Custom-ChangeByte-Custom-
#2700	NEW    cov: 1606 ft: 5717 corp: 313/48Kb lim: 65536 exec/s: 900 rss: 658Mb L: 45/2632 MS: 4 ShuffleBytes-Custom-CMP-Custom- DE: "\000\000\000\000\025\011\2720"-
#2701	NEW    cov: 1606 ft: 5717 corp: 311/46Kb lim: 65536 exec/s: 900 rss: 658Mb L: 24/2632 MS: 2 ChangeASCIIInt-Custom-
#2719	NEW    cov: 1606 ft: 5717 corp: 311/46Kb lim: 65536 exec/s: 906 rss: 662Mb L: 11/2632 MS: 6 EraseBytes-Custom-ChangeByte-Custom-InsertByte-Custom-
#2723	NEW    cov: 1606 ft: 5718 corp: 312/46Kb lim: 65536 exec/s: 907 rss: 664Mb L: 154/2632 MS: 8 ChangeBinInt-Custom-ShuffleBytes-Custom-ChangeBinInt-Custom-InsertRepeatedBytes-Custom-
#2735	NEW    cov: 1606 ft: 5718 corp: 312/46Kb lim: 65536 exec/s: 911 rss: 666Mb L: 15/2632 MS: 4 ChangeBit-Custom-ChangeBinInt-Custom-
#2747	NEW    cov: 1606 ft: 5728 corp: 313/51Kb lim: 65536 exec/s: 915 rss: 669Mb L: 4848/4848 MS: 3 CustomCrossOver-CopyPart-Custom-
#2752	NEW    cov: 1606 ft: 5728 corp: 312/51Kb lim: 65536 exec/s: 917 rss: 670Mb L: 11/4848 MS: 7 CrossOver-Custom-CustomCrossOver-ChangeByte-Custom-CustomCrossOver-CustomCrossOver-
#2769	NEW    cov: 1606 ft: 5728 corp: 312/51Kb lim: 65536 exec/s: 923 rss: 674Mb L: 35/4848 MS: 3 CustomCrossOver-CrossOver-Custom-
#2775	NEW    cov: 1606 ft: 5728 corp: 311/51Kb lim: 65536 exec/s: 925 rss: 675Mb L: 9/4848 MS: 1 CustomCrossOver-
#2786	NEW    cov: 1606 ft: 5728 corp: 311/51Kb lim: 65536 exec/s: 928 rss: 677Mb L: 37/4848 MS: 2 CopyPart-Custom-
#2792	NEW    cov: 1606 ft: 5728 corp: 312/51Kb lim: 65536 exec/s: 930 rss: 679Mb L: 38/4848 MS: 1 CustomCrossOver-
#2793	NEW    cov: 1606 ft: 5728 corp: 312/51Kb lim: 65536 exec/s: 931 rss: 679Mb L: 27/4848 MS: 2 ChangeBinInt-Custom-
#2809	NEW    cov: 1606 ft: 5729 corp: 313/51Kb lim: 65536 exec/s: 936 rss: 682Mb L: 117/4848 MS: 1 CustomCrossOver-
#2811	NEW    cov: 1606 ft: 5729 corp: 314/51Kb lim: 65536 exec/s: 937 rss: 683Mb L: 526/4848 MS: 4 ManualDict-Custom-CopyPart-Custom- DE: "log_level"-
#2819	NEW    cov: 1606 ft: 5729 corp: 314/51Kb lim: 65536 exec/s: 939 rss: 685Mb L: 15/4848 MS: 6 ManualDict-Custom-EraseBytes-Custom-InsertByte-Custom- DE: "phase"-
#2820	NEW    cov: 1606 ft: 5729 corp: 314/51Kb lim: 65536 exec/s: 940 rss: 685Mb L: 16/4848 MS: 1 CustomCrossOver-
#2821	NEW    cov: 1606 ft: 5729 corp: 314/51Kb lim: 65536 exec/s: 940 rss: 685Mb L: 36/4848 MS: 2 InsertByte-Custom-
#2837	NEW    cov: 1606 ft: 5729 corp: 315/51Kb lim: 65536 exec/s: 945 rss: 689Mb L: 18/4848 MS: 1 CustomCrossOver-
#2840	NEW    cov: 1606 ft: 5729 corp: 314/51Kb lim: 65536 exec/s: 946 rss: 689Mb L: 11/4848 MS: 6 InsertByte-Custom-ChangeByte-Custom-EraseBytes-Custom-
#2841	NEW    cov: 1606 ft: 5729 corp: 315/51Kb lim: 65536 exec/s: 947 rss: 690Mb L: 12/4848 MS: 2 ChangeBit-Custom-
#2843	NEW    cov: 1606 ft: 5729 corp: 315/51Kb lim: 65536 exec/s: 947 rss: 690Mb L: 50/4848 MS: 4 InsertRepeatedBytes-Custom-ShuffleBytes-Custom-
#3583	RELOAD cov: 1606 ft: 5890 corp: 371/72Kb lim: 65536 exec/s: 895 rss: 860Mb
#3616	NEW    cov: 1606 ft: 5890 corp: 371/71Kb lim: 65536 exec/s: 904 rss: 868Mb L: 350/7639 MS: 6 CMP-Custom-ShuffleBytes-Custom-ManualDict-Custom- DE: "\016\000\000\000"-"function"-
#3682	NEW    cov: 1606 ft: 5890 corp: 371/71Kb lim: 65536 exec/s: 920 rss: 882Mb L: 12/7639 MS: 2 EraseBytes-Custom-
#3689	NEW    cov: 1606 ft: 5890 corp: 371/71Kb lim: 65536 exec/s: 922 rss: 883Mb L: 150/7639 MS: 4 ManualDict-Custom-InsertRepeatedBytes-Custom- DE: "spinner"-
#3691	NEW    cov: 1606 ft: 5890 corp: 370/71Kb lim: 65536 exec/s: 922 rss: 884Mb L: 7/7639 MS: 4 CopyPart-Custom-EraseBytes-Custom-
#3692	NEW    cov: 1606 ft: 5890 corp: 371/71Kb lim: 65536 exec/s: 923 rss: 884Mb L: 10/7639 MS: 2 ChangeBit-Custom-
#3713	NEW    cov: 1606 ft: 5890 corp: 372/71Kb lim: 65536 exec/s: 928 rss: 888Mb L: 12/7639 MS: 2 ChangeBinInt-Custom-
#3717	NEW    cov: 1606 ft: 5891 corp: 373/73Kb lim: 65536 exec/s: 929 rss: 889Mb L: 1600/7639 MS: 8 InsertByte-Custom-PersAutoDict-Custom-InsertRepeatedBytes-Custom-EraseBytes-Custom- DE: "22"-
#3736	NEW    cov: 1606 ft: 5893 corp: 374/73Kb lim: 65536 exec/s: 934 rss: 893Mb L: 29/7639 MS: 8 ShuffleBytes-Custom-ChangeBit-Custom-CopyPart-Custom-PersAutoDict-Custom- DE: "\010\000"-
#3739	NEW    cov: 1606 ft: 5893 corp: 375/73Kb lim: 65536 exec/s: 934 rss: 894Mb L: 14/7639 MS: 4 ShuffleBytes-Custom-CustomCrossOver-CustomCrossOver-
#3741	NEW    cov: 1606 ft: 5893 corp: 373/73Kb lim: 65536 exec/s: 935 rss: 894Mb L: 10/7639 MS: 3 ChangeByte-Custom-CustomCrossOver-
#3742	NEW    cov: 1606 ft: 5893 corp: 371/73Kb lim: 65536 exec/s: 935 rss: 895Mb L: 7/7639 MS: 2 ShuffleBytes-Custom-
#3751	NEW    cov: 1606 ft: 5893 corp: 372/77Kb lim: 65536 exec/s: 937 rss: 896Mb L: 4699/7639 MS: 8 CopyPart-Custom-ChangeBit-Custom-InsertRepeatedBytes-Custom-EraseBytes-Custom-
#3762	NEW    cov: 1606 ft: 5893 corp: 371/77Kb lim: 65536 exec/s: 940 rss: 899Mb L: 7/7639 MS: 1 CustomCrossOver-
#3773	NEW    cov: 1606 ft: 5893 corp: 371/76Kb lim: 65536 exec/s: 943 rss: 902Mb L: 515/7639 MS: 2 PersAutoDict-Custom- DE: "\377\017"-
#3775	NEW    cov: 1606 ft: 5893 corp: 371/76Kb lim: 65536 exec/s: 943 rss: 902Mb L: 141/7639 MS: 3 ChangeBit-Custom-CustomCrossOver-
#3799	NEW    cov: 1606 ft: 5897 corp: 372/82Kb lim: 65536 exec/s: 949 rss: 907Mb L: 6274/7639 MS: 8 ShuffleBytes-Custom-ChangeByte-Custom-ChangeByte-Custom-CopyPart-Custom-
#3817	NEW    cov: 1606 ft: 5897 corp: 372/82Kb lim: 65536 exec/s: 954 rss: 912Mb L: 524/7639 MS: 6 ChangeBinInt-Custom-CopyPart-Custom-ChangeASCIIInt-Custom-
#3818	NEW    cov: 1606 ft: 5897 corp: 372/82Kb lim: 65536 exec/s: 954 rss: 912Mb L: 5/7639 MS: 2 EraseBytes-Custom-
#3819	NEW    cov: 1606 ft: 5897 corp: 372/82Kb lim: 65536 exec/s: 954 rss: 912Mb L: 3/7639 MS: 2 EraseBytes-Custom-
#3846	NEW    cov: 1606 ft: 5897 corp: 372/82Kb lim: 65536 exec/s: 961 rss: 918Mb L: 16/7639 MS: 4 ChangeBinInt-Custom-EraseBytes-Custom-
#3852	NEW    cov: 1606 ft: 5897 corp: 373/82Kb lim: 65536 exec/s: 963 rss: 920Mb L: 37/7639 MS: 2 EraseBytes-Custom-
#3872	NEW    cov: 1606 ft: 5897 corp: 374/83Kb lim: 65536 exec/s: 968 rss: 924Mb L: 1533/7639 MS: 8 CrossOver-Custom-ChangeByte-Custom-CustomCrossOver-CustomCrossOver-EraseBytes-Custom-
#3886	NEW    cov: 1606 ft: 5897 corp: 374/83Kb lim: 65536 exec/s: 971 rss: 928Mb L: 35/7639 MS: 6 PersAutoDict-Custom-CMP-Custom-CustomCrossOver-CustomCrossOver- DE: "\001\000\000\000"-"\001\000\000\003"-
#3890	NEW    cov: 1606 ft: 5900 corp: 373/83Kb lim: 65536 exec/s: 972 rss: 929Mb L: 164/7639 MS: 7 ChangeBit-Custom-ChangeBinInt-Custom-CrossOver-Custom-CustomCrossOver-
#3891	NEW    cov: 1606 ft: 5900 corp: 374/83Kb lim: 65536 exec/s: 972 rss: 929Mb L: 9/7639 MS: 2 ShuffleBytes-Custom-
#3906	NEW    cov: 1606 ft: 5903 corp: 375/84Kb lim: 65536 exec/s: 976 rss: 932Mb L: 1085/7639 MS: 10 ManualDict-Custom-CopyPart-Custom-ChangeByte-Custom-CopyPart-Custom-ChangeByte-Custom- DE: "<"-
#3917	NEW    cov: 1606 ft: 5903 corp: 376/84Kb lim: 65536 exec/s: 979 rss: 935Mb L: 4/7639 MS: 2 ShuffleBytes-Custom-
#3923	NEW    cov: 1606 ft: 5904 corp: 376/84Kb lim: 65536 exec/s: 980 rss: 936Mb L: 62/7639 MS: 1 CustomCrossOver-
#3928	NEW    cov: 1606 ft: 5905 corp: 377/84Kb lim: 65536 exec/s: 982 rss: 937Mb L: 269/7639 MS: 10 ManualDict-Custom-ChangeBinInt-Custom-CopyPart-Custom-InsertRepeatedBytes-Custom-InsertByte-Custom- DE: "seed"-
#3937	NEW    cov: 1606 ft: 5905 corp: 375/84Kb lim: 65536 exec/s: 984 rss: 939Mb L: 40/7639 MS: 8 InsertRepeatedBytes-Custom-ChangeBinInt-Custom-ChangeBit-Custom-EraseBytes-Custom-
#3954	NEW    cov: 1606 ft: 5905 corp: 375/84Kb lim: 65536 exec/s: 988 rss: 943Mb L: 26/7639 MS: 4 ChangeBinInt-Custom-EraseBytes-Custom-
#3963	NEW    cov: 1606 ft: 5905 corp: 375/84Kb lim: 65536 exec/s: 990 rss: 945Mb L: 8/7639 MS: 8 CMP-Custom-CMP-Custom-ShuffleBytes-Custom-EraseBytes-Custom- DE: "clone"-"sol."-
#3985	NEW    cov: 1606 ft: 5906 corp: 375/84Kb lim: 65536 exec/s: 996 rss: 950Mb L: 84/7639 MS: 3 CrossOver-Custom-CustomCrossOver-
#3997	NEW    cov: 1606 ft: 5907 corp: 376/91Kb lim: 65536 exec/s: 999 rss: 953Mb L: 7505/7639 MS: 4 ChangeBinInt-Custom-CopyPart-Custom-
#4018	NEW    cov: 1606 ft: 5907 corp: 376/91Kb lim: 65536 exec/s: 1004 rss: 959Mb L: 87/7639 MS: 2 ChangeBit-Custom-
#4023	NEW    cov: 1606 ft: 5907 corp: 376/91Kb lim: 65536 exec/s: 1005 rss: 960Mb L: 107/7639 MS: 9 PersAutoDict-Custom-CrossOver-Custom-InsertRepeatedBytes-Custom-InsertByte-Custom-CustomCrossOver- DE: "__gc"-
#4036	NEW    cov: 1606 ft: 5911 corp: 377/91Kb lim: 65536 exec/s: 1009 rss: 963Mb L: 260/7639 MS: 6 PersAutoDict-Custom-ChangeBinInt-Custom-CopyPart-Custom- DE: ">"-
#4037	NEW    cov: 1606 ft: 5911 corp: 377/91Kb lim: 65536 exec/s: 1009 rss: 963Mb L: 142/7639 MS: 2 InsertByte-Custom-
#4053	NEW    cov: 1606 ft: 5911 corp: 377/91Kb lim: 65536 exec/s: 1013 rss: 967Mb L: 10/7639 MS: 1 CustomCrossOver-
#4062	NEW    cov: 1606 ft: 5911 corp: 377/91Kb lim: 65536 exec/s: 1015 rss: 969Mb L: 30/7639 MS: 8 CMP-Custom-ManualDict-Custom-PersAutoDict-Custom-ChangeBinInt-Custom- DE: "rawset"-"PATH"-"data"-
#4063	NEW    cov: 1606 ft: 5911 corp: 376/91Kb lim: 65536 exec/s: 1015 rss: 969Mb L: 12/7639 MS: 1 CustomCrossOver-
#4087	NEW    cov: 1606 ft: 5911 corp: 376/91Kb lim: 65536 exec/s: 1021 rss: 974Mb L: 90/7639 MS: 8 ChangeBinInt-Custom-ShuffleBytes-Custom-ChangeBinInt-Custom-CopyPart-Custom-
#4096	pulse  cov: 1606 ft: 5911 corp: 376/91Kb lim: 65536 exec/s: 1024 rss: 976Mb
#4100	NEW    cov: 1606 ft: 5911 corp: 376/91Kb lim: 65536 exec/s: 1025 rss: 976Mb L: 19/7639 MS: 4 CustomCrossOver-CrossOver-Custom-CustomCrossOver-
#4111	NEW    cov: 1606 ft: 5911 corp: 376/91Kb lim: 65536 exec/s: 822 rss: 979Mb L: 23/7639 MS: 1 CustomCrossOver-
#4113	NEW    cov: 1606 ft: 5911 corp: 376/91Kb lim: 65536 exec/s: 822 rss: 979Mb L: 1563/7639 MS: 3 ChangeASCIIInt-Custom-CustomCrossOver-
#4119	NEW    cov: 1606 ft: 5911 corp: 376/91Kb lim: 65536 exec/s: 823 rss: 981Mb L: 101/7639 MS: 2 EraseBytes-Custom-
#4125	NEW    cov: 1606 ft: 5911 corp: 377/91Kb lim: 65536 exec/s: 825 rss: 982Mb L: 5/7639 MS: 2 ChangeBinInt-Custom-
#4156	NEW    cov: 1606 ft: 5911 corp: 378/91Kb lim: 65536 exec/s: 831 rss: 989Mb L: 9/7639 MS: 2 ChangeBit-Custom-
#4163	NEW    cov: 1606 ft: 5911 corp: 377/91Kb lim: 65536 exec/s: 832 rss: 990Mb L: 9/7639 MS: 4 CMP-Custom-CopyPart-Custom- DE: "\001\000\000\000"-
#4204	NEW    cov: 1606 ft: 5911 corp: 377/91Kb lim: 65536 exec/s: 840 rss: 1000Mb L: 333/7639 MS: 2 ChangeBinInt-Custom-
#4226	NEW    cov: 1606 ft: 5911 corp: 376/91Kb lim: 65536 exec/s: 845 rss: 1004Mb L: 9/7639 MS: 3 EraseBytes-Custom-CustomCrossOver-
#4233	NEW    cov: 1606 ft: 5911 corp: 376/91Kb lim: 65536 exec/s: 846 rss: 1006Mb L: 56/7639 MS: 4 ChangeBit-Custom-CopyPart-Custom-
#4235	NEW    cov: 1606 ft: 5911 corp: 377/91Kb lim: 65536 exec/s: 847 rss: 1006Mb L: 24/7639 MS: 3 CustomCrossOver-ShuffleBytes-Custom-
#4252	NEW    cov: 1606 ft: 5911 corp: 377/91Kb lim: 65536 exec/s: 850 rss: 1010Mb L: 15/7639 MS: 4 CopyPart-Custom-PersAutoDict-Custom- DE: "\036"-
#4255	NEW    cov: 1606 ft: 5911 corp: 377/91Kb lim: 65536 exec/s: 851 rss: 1011Mb L: 24/7639 MS: 4 InsertByte-Custom-CustomCrossOver-CustomCrossOver-
#4267	NEW    cov: 1606 ft: 5911 corp: 377/91Kb lim: 65536 exec/s: 853 rss: 1013Mb L: 142/7639 MS: 3 ChangeByte-Custom-CustomCrossOver-
#4281	NEW    cov: 1606 ft: 5911 corp: 377/91Kb lim: 65536 exec/s: 856 rss: 1016Mb L: 13/7639 MS: 6 CustomCrossOver-InsertRepeatedBytes-Custom-CustomCrossOver-EraseBytes-Custom-
#4283	NEW    cov: 1606 ft: 5915 corp: 378/92Kb lim: 65536 exec/s: 856 rss: 1017Mb L: 1886/7639 MS: 4 ShuffleBytes-Custom-CrossOver-Custom-
#4289	NEW    cov: 1606 ft: 5915 corp: 378/92Kb lim: 65536 exec/s: 857 rss: 1018Mb L: 25/7639 MS: 2 PersAutoDict-Custom- DE: "gzip"-
#4313	NEW    cov: 1606 ft: 5915 corp: 376/92Kb lim: 65536 exec/s: 862 rss: 1024Mb L: 8/7639 MS: 6 ChangeByte-Custom-CustomCrossOver-EraseBytes-Custom-CustomCrossOver-
#4315	NEW    cov: 1606 ft: 5916 corp: 376/92Kb lim: 65536 exec/s: 863 rss: 1025Mb L: 277/7639 MS: 3 CustomCrossOver-EraseBytes-Custom-
#4346	NEW    cov: 1606 ft: 5916 corp: 377/92Kb lim: 65536 exec/s: 869 rss: 1031Mb L: 11/7639 MS: 2 ChangeBit-Custom-
#4347	NEW    cov: 1606 ft: 5916 corp: 377/92Kb lim: 65536 exec/s: 869 rss: 1031Mb L: 20/7639 MS: 1 CustomCrossOver-
#4368	NEW    cov: 1606 ft: 5916 corp: 378/92Kb lim: 65536 exec/s: 873 rss: 1037Mb L: 6/7639 MS: 2 EraseBytes-Custom-
#4379	NEW    cov: 1606 ft: 5916 corp: 377/92Kb lim: 65536 exec/s: 875 rss: 1039Mb L: 10/7639 MS: 2 ChangeByte-Custom-
#4380	NEW    cov: 1606 ft: 5916 corp: 377/92Kb lim: 65536 exec/s: 876 rss: 1039Mb L: 17/7639 MS: 2 ShuffleBytes-Custom-
#4401	NEW    cov: 1606 ft: 5916 corp: 378/92Kb lim: 65536 exec/s: 880 rss: 1044Mb L: 9/7639 MS: 2 EraseBytes-Custom-
#4427	NEW    cov: 1606 ft: 5917 corp: 379/92Kb lim: 65536 exec/s: 885 rss: 1049Mb L: 35/7639 MS: 2 ChangeASCIIInt-Custom-
#4447	NEW    cov: 1606 ft: 5917 corp: 379/92Kb lim: 65536 exec/s: 889 rss: 1054Mb L: 65/7639 MS: 10 CopyPart-Custom-PersAutoDict-Custom-CopyPart-Custom-CMP-Custom-InsertRepeatedBytes-Custom- DE: "enabled"-"__gc"-
#4462	NEW    cov: 1606 ft: 5917 corp: 378/87Kb lim: 65536 exec/s: 892 rss: 1057Mb L: 4504/7639 MS: 10 ChangeByte-Custom-ShuffleBytes-Custom-ChangeBinInt-Custom-ChangeByte-Custom-ChangeBit-Custom-
#4470	NEW    cov: 1606 ft: 5917 corp: 379/87Kb lim: 65536 exec/s: 894 rss: 1059Mb L: 13/7639 MS: 4 CustomCrossOver-CopyPart-Custom-CustomCrossOver-
#4475	NEW    cov: 1606 ft: 5917 corp: 379/87Kb lim: 65536 exec/s: 895 rss: 1060Mb L: 7/7639 MS: 7 PersAutoDict-Custom-CustomCrossOver-PersAutoDict-Custom-CustomCrossOver-CustomCrossOver- DE: "Lua error"-"artifacts"-
#4489	NEW    cov: 1606 ft: 5917 corp: 379/87Kb lim: 65536 exec/s: 897 rss: 1063Mb L: 10/7639 MS: 8 PersAutoDict-Custom-EraseBytes-Custom-EraseBytes-Custom-ChangeBinInt-Custom- DE: "assert"-
#4490	NEW    cov: 1606 ft: 5921 corp: 380/87Kb lim: 65536 exec/s: 898 rss: 1064Mb L: 38/7639 MS: 1 CustomCrossOver-
#5038	RELOAD cov: 1606 ft: 5950 corp: 409/115Kb lim: 65536 exec/s: 839 rss: 1187Mb
#5066	NEW    cov: 1606 ft: 5951 corp: 410/115Kb lim: 65536 exec/s: 844 rss: 1194Mb L: 101/21292 MS: 6 InsertRepeatedBytes-Custom-InsertRepeatedBytes-Custom-ShuffleBytes-Custom-
#5067	NEW    cov: 1606 ft: 5951 corp: 410/115Kb lim: 65536 exec/s: 844 rss: 1194Mb L: 7/21292 MS: 2 ChangeByte-Custom-
#5073	NEW    cov: 1606 ft: 5954 corp: 411/115Kb lim: 65536 exec/s: 845 rss: 1195Mb L: 2/21292 MS: 2 EraseBytes-Custom-
#5079	NEW    cov: 1606 ft: 5957 corp: 412/115Kb lim: 65536 exec/s: 846 rss: 1197Mb L: 33/21292 MS: 2 CrossOver-Custom-
#5080	NEW    cov: 1606 ft: 5957 corp: 410/115Kb lim: 65536 exec/s: 846 rss: 1197Mb L: 8/21292 MS: 2 ShuffleBytes-Custom-
#5091	NEW    cov: 1606 ft: 5957 corp: 411/115Kb lim: 65536 exec/s: 848 rss: 1199Mb L: 8/21292 MS: 2 PersAutoDict-Custom- DE: "<"-
#5117	NEW    cov: 1606 ft: 5960 corp: 412/115Kb lim: 65536 exec/s: 852 rss: 1205Mb L: 372/21292 MS: 1 CustomCrossOver-
#5123	NEW    cov: 1606 ft: 5960 corp: 412/115Kb lim: 65536 exec/s: 853 rss: 1207Mb L: 7/21292 MS: 2 ChangeBinInt-Custom-
#5125	NEW    cov: 1606 ft: 5960 corp: 412/115Kb lim: 65536 exec/s: 854 rss: 1207Mb L: 7/21292 MS: 3 InsertByte-Custom-CustomCrossOver-
#5157	NEW    cov: 1606 ft: 5960 corp: 411/115Kb lim: 65536 exec/s: 859 rss: 1214Mb L: 7/21292 MS: 4 ChangeByte-Custom-ChangeByte-Custom-
#5158	NEW    cov: 1606 ft: 5961 corp: 411/115Kb lim: 65536 exec/s: 859 rss: 1214Mb L: 10/21292 MS: 2 ChangeBinInt-Custom-
#5163	NEW    cov: 1606 ft: 5961 corp: 411/115Kb lim: 65536 exec/s: 860 rss: 1216Mb L: 55/21292 MS: 10 CopyPart-Custom-ShuffleBytes-Custom-EraseBytes-Custom-ManualDict-Custom-ManualDict-Custom- DE: "off"-"output_mode"-
#5174	NEW    cov: 1606 ft: 5961 corp: 411/115Kb lim: 65536 exec/s: 862 rss: 1218Mb L: 34/21292 MS: 2 ChangeBinInt-Custom-
#5185	NEW    cov: 1606 ft: 5962 corp: 412/115Kb lim: 65536 exec/s: 864 rss: 1221Mb L: 149/21292 MS: 2 InsertRepeatedBytes-Custom-
#5207	NEW    cov: 1606 ft: 5962 corp: 413/115Kb lim: 65536 exec/s: 867 rss: 1225Mb L: 135/21292 MS: 3 CustomCrossOver-ChangeBinInt-Custom-
#5208	NEW    cov: 1606 ft: 5962 corp: 414/115Kb lim: 65536 exec/s: 868 rss: 1226Mb L: 149/21292 MS: 2 ShuffleBytes-Custom-
#5216	NEW    cov: 1606 ft: 5963 corp: 412/115Kb lim: 65536 exec/s: 869 rss: 1227Mb L: 4/21292 MS: 5 CopyPart-Custom-CrossOver-Custom-CustomCrossOver-
#5227	NEW    cov: 1606 ft: 5963 corp: 413/115Kb lim: 65536 exec/s: 871 rss: 1230Mb L: 6/21292 MS: 2 EraseBytes-Custom-
#5238	NEW    cov: 1606 ft: 5963 corp: 413/115Kb lim: 65536 exec/s: 873 rss: 1232Mb L: 5/21292 MS: 2 ChangeByte-Custom-
#5243	NEW    cov: 1606 ft: 5963 corp: 413/115Kb lim: 65536 exec/s: 873 rss: 1233Mb L: 9/21292 MS: 10 CMP-Custom-PersAutoDict-Custom-CMP-Custom-ChangeBinInt-Custom-EraseBytes-Custom- DE: "sol.so"-"\020\000\000\000"-"post"-
#5259	NEW    cov: 1606 ft: 5963 corp: 414/115Kb lim: 65536 exec/s: 876 rss: 1238Mb L: 5/21292 MS: 2 ChangeBit-Custom-
#5271	NEW    cov: 1606 ft: 5963 corp: 414/115Kb lim: 65536 exec/s: 878 rss: 1241Mb L: 9/21292 MS: 2 CustomCrossOver-CustomCrossOver-
#5305	NEW    cov: 1606 ft: 5963 corp: 414/115Kb lim: 65536 exec/s: 884 rss: 1249Mb L: 77/21292 MS: 6 CustomCrossOver-CustomCrossOver-ChangeByte-Custom-CMP-Custom- DE: "\001\000\000\000\000\000\000L"-
#5311	NEW    cov: 1606 ft: 5963 corp: 415/115Kb lim: 65536 exec/s: 885 rss: 1250Mb L: 18/21292 MS: 2 InsertByte-Custom-
#5318	NEW    cov: 1606 ft: 5963 corp: 415/115Kb lim: 65536 exec/s: 886 rss: 1252Mb L: 15/21292 MS: 4 EraseBytes-Custom-InsertByte-Custom-
#5321	NEW    cov: 1606 ft: 5963 corp: 414/115Kb lim: 65536 exec/s: 886 rss: 1253Mb L: 31/21292 MS: 6 ShuffleBytes-Custom-ManualDict-Custom-CMP-Custom- DE: "spinner"-"\002\000\000\000\000\000\000\000"-
#5347	NEW    cov: 1606 ft: 5963 corp: 413/115Kb lim: 65536 exec/s: 891 rss: 1259Mb L: 5/21292 MS: 1 CustomCrossOver-
#5388	NEW    cov: 1606 ft: 5963 corp: 414/116Kb lim: 65536 exec/s: 898 rss: 1268Mb L: 255/21292 MS: 2 InsertRepeatedBytes-Custom-
#5424	NEW    cov: 1606 ft: 5963 corp: 415/116Kb lim: 65536 exec/s: 904 rss: 1276Mb L: 97/21292 MS: 2 InsertByte-Custom-
#5426	NEW    cov: 1606 ft: 5964 corp: 416/116Kb lim: 65536 exec/s: 904 rss: 1277Mb L: 28/21292 MS: 4 InsertByte-Custom-CopyPart-Custom-
#5432	NEW    cov: 1606 ft: 5964 corp: 416/116Kb lim: 65536 exec/s: 905 rss: 1279Mb L: 69/21292 MS: 2 ManualDict-Custom- DE: "false"-
#5453	NEW    cov: 1606 ft: 5964 corp: 416/115Kb lim: 65536 exec/s: 908 rss: 1284Mb L: 28/21292 MS: 2 ShuffleBytes-Custom-
#5462	NEW    cov: 1606 ft: 5964 corp: 416/115Kb lim: 65536 exec/s: 910 rss: 1286Mb L: 230/21292 MS: 8 ChangeBinInt-Custom-CopyPart-Custom-PersAutoDict-Custom-CopyPart-Custom- DE: "designated"-
#5483	NEW    cov: 1606 ft: 5964 corp: 416/115Kb lim: 65536 exec/s: 913 rss: 1291Mb L: 36/21292 MS: 1 CustomCrossOver-
#5495	NEW    cov: 1606 ft: 5965 corp: 417/115Kb lim: 65536 exec/s: 915 rss: 1294Mb L: 49/21292 MS: 4 PersAutoDict-Custom-ManualDict-Custom- DE: "protect"-"globby"-
#5511	NEW    cov: 1606 ft: 5965 corp: 418/115Kb lim: 65536 exec/s: 918 rss: 1297Mb L: 53/21292 MS: 2 ManualDict-Custom- DE: "then"-
#5512	NEW    cov: 1606 ft: 5965 corp: 419/115Kb lim: 65536 exec/s: 918 rss: 1298Mb L: 8/21292 MS: 2 ShuffleBytes-Custom-
#5513	NEW    cov: 1606 ft: 5965 corp: 420/115Kb lim: 65536 exec/s: 918 rss: 1298Mb L: 6/21292 MS: 1 CustomCrossOver-
#5514	NEW    cov: 1606 ft: 5965 corp: 421/115Kb lim: 65536 exec/s: 919 rss: 1298Mb L: 7/21292 MS: 2 ChangeByte-Custom-
#5517	NEW    cov: 1606 ft: 5965 corp: 422/115Kb lim: 65536 exec/s: 919 rss: 1299Mb L: 5/21292 MS: 6 EraseBytes-Custom-ChangeByte-Custom-EraseBytes-Custom-
#5523	NEW    cov: 1606 ft: 5965 corp: 420/115Kb lim: 65536 exec/s: 920 rss: 1300Mb L: 15/21292 MS: 2 EraseBytes-Custom-
#5532	NEW    cov: 1606 ft: 5965 corp: 420/115Kb lim: 65536 exec/s: 922 rss: 1302Mb L: 15/21292 MS: 8 ChangeBit-Custom-ChangeByte-Custom-ManualDict-Custom-ManualDict-Custom- DE: "inputs"-"]"-
#5543	NEW    cov: 1606 ft: 5965 corp: 421/115Kb lim: 65536 exec/s: 923 rss: 1305Mb L: 13/21292 MS: 2 ChangeBinInt-Custom-
#5564	NEW    cov: 1606 ft: 5965 corp: 421/115Kb lim: 65536 exec/s: 927 rss: 1310Mb L: 5/21292 MS: 2 CopyPart-Custom-
#5565	NEW    cov: 1606 ft: 5965 corp: 421/115Kb lim: 65536 exec/s: 927 rss: 1310Mb L: 25/21292 MS: 2 ManualDict-Custom- DE: "duplicate"-
#5568	NEW    cov: 1606 ft: 5965 corp: 422/115Kb lim: 65536 exec/s: 928 rss: 1311Mb L: 6/21292 MS: 5 ChangeBit-Custom-CrossOver-Custom-CustomCrossOver-
#5570	NEW    cov: 1606 ft: 5965 corp: 422/115Kb lim: 65536 exec/s: 928 rss: 1311Mb L: 16/21292 MS: 4 ChangeBit-Custom-ChangeBit-Custom-
#5571	NEW    cov: 1606 ft: 5965 corp: 420/115Kb lim: 65536 exec/s: 928 rss: 1312Mb L: 4/21292 MS: 2 ChangeBit-Custom-
#5578	NEW    cov: 1606 ft: 5965 corp: 420/115Kb lim: 65536 exec/s: 929 rss: 1314Mb L: 54/21292 MS: 3 CMP-Custom-CustomCrossOver- DE: "\377\000"-
#5585	NEW    cov: 1606 ft: 5969 corp: 421/124Kb lim: 65536 exec/s: 930 rss: 1315Mb L: 8720/21292 MS: 4 InsertRepeatedBytes-Custom-CMP-Custom- DE: "\243\000\000\000\000\000\000\000"-
#5635	NEW    cov: 1606 ft: 5969 corp: 421/123Kb lim: 65536 exec/s: 939 rss: 1326Mb L: 57/21292 MS: 10 InsertByte-Custom-EraseBytes-Custom-ChangeBit-Custom-ChangeByte-Custom-CMP-Custom- DE: "\017\000\000\000\000\000\000\000"-
#5637	NEW    cov: 1606 ft: 5970 corp: 422/124Kb lim: 65536 exec/s: 939 rss: 1327Mb L: 395/21292 MS: 4 InsertByte-Custom-CopyPart-Custom-
#5641	NEW    cov: 1606 ft: 5970 corp: 423/128Kb lim: 65536 exec/s: 940 rss: 1328Mb L: 4423/21292 MS: 8 CMP-Custom-ManualDict-Custom-ManualDict-Custom-EraseBytes-Custom- DE: "regex_replace"-"else"-"name"-
#5647	NEW    cov: 1606 ft: 5970 corp: 424/128Kb lim: 65536 exec/s: 941 rss: 1329Mb L: 6/21292 MS: 1 CustomCrossOver-
#5654	NEW    cov: 1606 ft: 5975 corp: 425/142Kb lim: 65536 exec/s: 942 rss: 1331Mb L: 13968/21292 MS: 4 ChangeASCIIInt-Custom-CopyPart-Custom-
#5661	NEW    cov: 1606 ft: 5975 corp: 426/142Kb lim: 65536 exec/s: 943 rss: 1332Mb L: 66/21292 MS: 3 EraseBytes-Custom-CustomCrossOver-
#5680	NEW    cov: 1606 ft: 5975 corp: 426/142Kb lim: 65536 exec/s: 946 rss: 1337Mb L: 12/21292 MS: 8 ChangeBinInt-Custom-CMP-Custom-ManualDict-Custom-EraseBytes-Custom- DE: "\002\000"-"missing-b"-
#5697	NEW    cov: 1606 ft: 5975 corp: 427/142Kb lim: 65536 exec/s: 949 rss: 1341Mb L: 13/21292 MS: 4 ChangeBit-Custom-ShuffleBytes-Custom-
#5702	NEW    cov: 1606 ft: 5975 corp: 427/142Kb lim: 65536 exec/s: 950 rss: 1341Mb L: 4/21292 MS: 10 CMP-Custom-EraseBytes-Custom-EraseBytes-Custom-EraseBytes-Custom-EraseBytes-Custom- DE: "\002\000\000\000\000\000\000\000"-
#5707	NEW    cov: 1606 ft: 5975 corp: 428/142Kb lim: 65536 exec/s: 951 rss: 1342Mb L: 10/21292 MS: 10 CopyPart-Custom-ChangeBit-Custom-ChangeBit-Custom-ShuffleBytes-Custom-ChangeByte-Custom-
#5712	NEW    cov: 1606 ft: 5975 corp: 428/142Kb lim: 65536 exec/s: 952 rss: 1344Mb L: 279/21292 MS: 8 ChangeBinInt-Custom-ManualDict-Custom-CustomCrossOver-CustomCrossOver-CopyPart-Custom- DE: "verbose"-
#5723	NEW    cov: 1606 ft: 5975 corp: 428/142Kb lim: 65536 exec/s: 953 rss: 1346Mb L: 6/21292 MS: 1 CustomCrossOver-
#5724	NEW    cov: 1606 ft: 5975 corp: 428/142Kb lim: 65536 exec/s: 954 rss: 1347Mb L: 15/21292 MS: 2 ChangeBit-Custom-
#5734	NEW    cov: 1606 ft: 5975 corp: 428/142Kb lim: 65536 exec/s: 955 rss: 1349Mb L: 13/21292 MS: 10 ChangeASCIIInt-Custom-InsertByte-Custom-ChangeBit-Custom-ChangeByte-Custom-ChangeBinInt-Custom-
#5745	NEW    cov: 1606 ft: 5977 corp: 429/142Kb lim: 65536 exec/s: 957 rss: 1351Mb L: 530/21292 MS: 2 ChangeBit-Custom-
#5754	NEW    cov: 1606 ft: 5977 corp: 430/142Kb lim: 65536 exec/s: 959 rss: 1354Mb L: 18/21292 MS: 8 EraseBytes-Custom-ChangeByte-Custom-ShuffleBytes-Custom-InsertByte-Custom-
#5756	NEW    cov: 1606 ft: 5977 corp: 430/142Kb lim: 65536 exec/s: 959 rss: 1354Mb L: 74/21292 MS: 4 EraseBytes-Custom-ManualDict-Custom- DE: "never"-
#5782	NEW    cov: 1606 ft: 5977 corp: 430/142Kb lim: 65536 exec/s: 963 rss: 1360Mb L: 6/21292 MS: 2 ShuffleBytes-Custom-
#5783	NEW    cov: 1606 ft: 5977 corp: 430/142Kb lim: 65536 exec/s: 963 rss: 1360Mb L: 6/21292 MS: 1 CustomCrossOver-
#5789	NEW    cov: 1606 ft: 5977 corp: 431/142Kb lim: 65536 exec/s: 964 rss: 1362Mb L: 16/21292 MS: 1 CustomCrossOver-
#5807	NEW    cov: 1606 ft: 5983 corp: 432/143Kb lim: 65536 exec/s: 967 rss: 1365Mb L: 1101/21292 MS: 6 ShuffleBytes-Custom-ManualDict-Custom-ManualDict-Custom- DE: "USER"-"pending configure_step"-
#5864	NEW    cov: 1606 ft: 5985 corp: 433/152Kb lim: 65536 exec/s: 977 rss: 1379Mb L: 8735/21292 MS: 4 ChangeByte-Custom-ChangeBinInt-Custom-
#5865	NEW    cov: 1606 ft: 5985 corp: 433/152Kb lim: 65536 exec/s: 977 rss: 1379Mb L: 4/21292 MS: 2 ChangeByte-Custom-
#5870	NEW    cov: 1606 ft: 6008 corp: 434/152Kb lim: 65536 exec/s: 978 rss: 1380Mb L: 97/21292 MS: 10 CrossOver-Custom-ChangeBit-Custom-ShuffleBytes-Custom-InsertRepeatedBytes-Custom-ChangeBinInt-Custom-
#5871	NEW    cov: 1606 ft: 6008 corp: 434/152Kb lim: 65536 exec/s: 838 rss: 1381Mb L: 9/21292 MS: 1 CustomCrossOver-
#6297	RELOAD cov: 1606 ft: 6039 corp: 445/173Kb lim: 65536 exec/s: 899 rss: 1476Mb
#6309	NEW    cov: 1606 ft: 6039 corp: 445/173Kb lim: 65536 exec/s: 901 rss: 1479Mb L: 16/28447 MS: 4 ChangeBit-Custom-CMP-Custom- DE: "post"-
#6345	NEW    cov: 1606 ft: 6039 corp: 445/173Kb lim: 65536 exec/s: 906 rss: 1487Mb L: 4/28447 MS: 2 ChangeBinInt-Custom-
#6346	NEW    cov: 1606 ft: 6039 corp: 446/173Kb lim: 65536 exec/s: 906 rss: 1487Mb L: 2/28447 MS: 2 EraseBytes-Custom-
#6353	NEW    cov: 1606 ft: 6043 corp: 447/174Kb lim: 65536 exec/s: 907 rss: 1488Mb L: 1079/28447 MS: 4 InsertRepeatedBytes-Custom-ManualDict-Custom- DE: "phase"-
#6365	NEW    cov: 1606 ft: 6043 corp: 447/174Kb lim: 65536 exec/s: 909 rss: 1491Mb L: 1171/28447 MS: 3 ChangeBinInt-Custom-CustomCrossOver-
#6381	NEW    cov: 1606 ft: 6043 corp: 447/174Kb lim: 65536 exec/s: 911 rss: 1494Mb L: 50/28447 MS: 2 PersAutoDict-Custom- DE: "\001\000\000\000"-
#6397	NEW    cov: 1606 ft: 6043 corp: 448/174Kb lim: 65536 exec/s: 913 rss: 1498Mb L: 8/28447 MS: 2 ManualDict-Custom- DE: "if"-
#6403	NEW    cov: 1606 ft: 6044 corp: 449/174Kb lim: 65536 exec/s: 914 rss: 1500Mb L: 82/28447 MS: 2 PersAutoDict-Custom- DE: "_LOA"-
#6422	NEW    cov: 1606 ft: 6044 corp: 448/165Kb lim: 65536 exec/s: 917 rss: 1504Mb L: 111/28447 MS: 8 ChangeBinInt-Custom-InsertByte-Custom-CMP-Custom-EraseBytes-Custom- DE: "\036\000\000\000"-
#6426	NEW    cov: 1606 ft: 6044 corp: 448/165Kb lim: 65536 exec/s: 918 rss: 1505Mb L: 45/28447 MS: 8 ShuffleBytes-Custom-EraseBytes-Custom-CopyPart-Custom-ChangeByte-Custom-
#6454	NEW    cov: 1606 ft: 6045 corp: 449/165Kb lim: 65536 exec/s: 922 rss: 1511Mb L: 38/28447 MS: 4 ManualDict-Custom-CustomCrossOver-CustomCrossOver- DE: "fnv1a32"-
#6500	NEW    cov: 1606 ft: 6045 corp: 448/165Kb lim: 65536 exec/s: 928 rss: 1522Mb L: 2/28447 MS: 1 CustomCrossOver-
#6501	NEW    cov: 1606 ft: 6045 corp: 448/165Kb lim: 65536 exec/s: 928 rss: 1522Mb L: 6/28447 MS: 1 CustomCrossOver-
#6509	NEW    cov: 1606 ft: 6045 corp: 448/165Kb lim: 65536 exec/s: 929 rss: 1524Mb L: 25/28447 MS: 6 CMP-Custom-CrossOver-Custom-InsertByte-Custom- DE: "\000\000\000\000\000\000\000\010"-
#6555	NEW    cov: 1606 ft: 6045 corp: 448/165Kb lim: 65536 exec/s: 936 rss: 1533Mb L: 9/28447 MS: 2 ManualDict-Custom- DE: "pipeline"-
#6583	NEW    cov: 1606 ft: 6046 corp: 449/165Kb lim: 65536 exec/s: 940 rss: 1539Mb L: 7/28447 MS: 5 CustomCrossOver-EraseBytes-Custom-EraseBytes-Custom-
#6585	NEW    cov: 1606 ft: 6046 corp: 449/165Kb lim: 65536 exec/s: 940 rss: 1540Mb L: 2156/28447 MS: 4 CopyPart-Custom-InsertByte-Custom-
#6599	NEW    cov: 1606 ft: 6046 corp: 449/165Kb lim: 65536 exec/s: 942 rss: 1543Mb L: 22/28447 MS: 8 InsertByte-Custom-PersAutoDict-Custom-ChangeBinInt-Custom-ChangeBit-Custom- DE: "\\t"-
#6604	NEW    cov: 1606 ft: 6046 corp: 450/165Kb lim: 65536 exec/s: 943 rss: 1544Mb L: 3/28447 MS: 6 CustomCrossOver-ShuffleBytes-Custom-CustomCrossOver-CustomCrossOver-CustomCrossOver-
#6617	NEW    cov: 1606 ft: 6046 corp: 450/165Kb lim: 65536 exec/s: 945 rss: 1547Mb L: 19/28447 MS: 6 ManualDict-Custom-ChangeByte-Custom-CMP-Custom- DE: "table"-"\000\000\000\001\000\000\000\001"-
#6641	NEW    cov: 1606 ft: 6046 corp: 450/165Kb lim: 65536 exec/s: 948 rss: 1552Mb L: 132/28447 MS: 8 InsertRepeatedBytes-Custom-ChangeASCIIInt-Custom-InsertByte-Custom-InsertRepeatedBytes-Custom-
#6644	NEW    cov: 1606 ft: 6050 corp: 450/165Kb lim: 65536 exec/s: 949 rss: 1553Mb L: 9/28447 MS: 6 EraseBytes-Custom-InsertByte-Custom-ShuffleBytes-Custom-
#6656	NEW    cov: 1606 ft: 6050 corp: 450/165Kb lim: 65536 exec/s: 950 rss: 1555Mb L: 902/28447 MS: 4 ChangeASCIIInt-Custom-ShuffleBytes-Custom-
#6680	NEW    cov: 1606 ft: 6050 corp: 451/165Kb lim: 65536 exec/s: 954 rss: 1561Mb L: 15/28447 MS: 8 ShuffleBytes-Custom-CMP-Custom-InsertByte-Custom-InsertByte-Custom- DE: "\240^b\221\376\177\000\000"-
#6702	NEW    cov: 1606 ft: 6050 corp: 451/165Kb lim: 65536 exec/s: 957 rss: 1566Mb L: 20/28447 MS: 4 EraseBytes-Custom-CMP-Custom- DE: "pcall"-
#6708	NEW    cov: 1606 ft: 6050 corp: 451/165Kb lim: 65536 exec/s: 958 rss: 1567Mb L: 6/28447 MS: 2 ChangeByte-Custom-
#6717	NEW    cov: 1606 ft: 6050 corp: 451/165Kb lim: 65536 exec/s: 959 rss: 1569Mb L: 8505/28447 MS: 8 ChangeBinInt-Custom-ShuffleBytes-Custom-ManualDict-Custom-EraseBytes-Custom- DE: ":"-
#6727	NEW    cov: 1606 ft: 6050 corp: 451/165Kb lim: 65536 exec/s: 961 rss: 1571Mb L: 39/28447 MS: 8 CustomCrossOver-EraseBytes-Custom-ChangeByte-Custom-PersAutoDict-Custom-CustomCrossOver- DE: "not"-
#6737	NEW    cov: 1606 ft: 6051 corp: 452/165Kb lim: 65536 exec/s: 962 rss: 1574Mb L: 20/28447 MS: 10 ManualDict-Custom-PersAutoDict-Custom-ChangeBinInt-Custom-EraseBytes-Custom-InsertByte-Custom- DE: "0x"-"so"-
#6751	NEW    cov: 1606 ft: 6051 corp: 452/165Kb lim: 65536 exec/s: 964 rss: 1577Mb L: 6/28447 MS: 6 ChangeBinInt-Custom-ShuffleBytes-Custom-CustomCrossOver-CustomCrossOver-
#6752	NEW    cov: 1606 ft: 6051 corp: 452/165Kb lim: 65536 exec/s: 964 rss: 1577Mb L: 6/28447 MS: 2 ChangeByte-Custom-
#6824	NEW    cov: 1606 ft: 6051 corp: 452/164Kb lim: 65536 exec/s: 853 rss: 1592Mb L: 121/28447 MS: 4 ChangeBit-Custom-EraseBytes-Custom-
#6894	NEW    cov: 1606 ft: 6051 corp: 453/164Kb lim: 65536 exec/s: 861 rss: 1609Mb L: 20/28447 MS: 10 ManualDict-Custom-PersAutoDict-Custom-CopyPart-Custom-PersAutoDict-Custom-EraseBytes-Custom- DE: "code"-"pipeline"-"<"-
#6900	NEW    cov: 1606 ft: 6051 corp: 454/164Kb lim: 65536 exec/s: 862 rss: 1610Mb L: 5/28447 MS: 2 CopyPart-Custom-
#6901	NEW    cov: 1606 ft: 6051 corp: 455/164Kb lim: 65536 exec/s: 862 rss: 1610Mb L: 11/28447 MS: 2 InsertByte-Custom-
#6924	NEW    cov: 1606 ft: 6052 corp: 456/165Kb lim: 65536 exec/s: 865 rss: 1615Mb L: 632/28447 MS: 6 PersAutoDict-Custom-ChangeBit-Custom-InsertByte-Custom- DE: "user"-
#6931	NEW    cov: 1606 ft: 6052 corp: 456/165Kb lim: 65536 exec/s: 866 rss: 1617Mb L: 5/28447 MS: 3 ManualDict-Custom-CustomCrossOver- DE: "HOME"-
#6932	NEW    cov: 1606 ft: 6052 corp: 454/163Kb lim: 65536 exec/s: 866 rss: 1617Mb L: 4/28447 MS: 2 ChangeBit-Custom-
#6992	NEW    cov: 1606 ft: 6052 corp: 454/163Kb lim: 65536 exec/s: 874 rss: 1631Mb L: 32/28447 MS: 10 ChangeBinInt-Custom-InsertByte-Custom-CMP-Custom-EraseBytes-Custom-PersAutoDict-Custom- DE: "\002\000\000\000"-"data"-
#6999	NEW    cov: 1606 ft: 6052 corp: 455/163Kb lim: 65536 exec/s: 874 rss: 1633Mb L: 11/28447 MS: 4 ChangeBit-Custom-PersAutoDict-Custom- DE: "\036\000\000\000"-
#7000	NEW    cov: 1606 ft: 6052 corp: 455/163Kb lim: 65536 exec/s: 875 rss: 1633Mb L: 4/28447 MS: 2 EraseBytes-Custom-
#7003	NEW    cov: 1606 ft: 6052 corp: 455/163Kb lim: 65536 exec/s: 875 rss: 1633Mb L: 6/28447 MS: 4 CustomCrossOver-ManualDict-Custom-CustomCrossOver- DE: "default"-
#7038	NEW    cov: 1606 ft: 6052 corp: 455/163Kb lim: 65536 exec/s: 879 rss: 1642Mb L: 18/28447 MS: 7 CustomCrossOver-InsertRepeatedBytes-Custom-CustomCrossOver-CrossOver-Custom-CustomCrossOver-
#7039	NEW    cov: 1606 ft: 6052 corp: 455/163Kb lim: 65536 exec/s: 879 rss: 1642Mb L: 9/28447 MS: 2 ChangeBit-Custom-
#7075	NEW    cov: 1607 ft: 6054 corp: 456/163Kb lim: 65536 exec/s: 884 rss: 1650Mb L: 5/28447 MS: 2 PersAutoDict-Custom- DE: "\036"-
#7081	NEW    cov: 1607 ft: 6069 corp: 457/213Kb lim: 65536 exec/s: 885 rss: 1651Mb L: 51121/51121 MS: 2 CMP-Custom- DE: "b\000\000\000"-
#7097	NEW    cov: 1607 ft: 6069 corp: 458/213Kb lim: 65536 exec/s: 887 rss: 1655Mb L: 2/51121 MS: 2 CopyPart-Custom-
#7100	NEW    cov: 1607 ft: 6070 corp: 459/214Kb lim: 65536 exec/s: 887 rss: 1655Mb L: 210/51121 MS: 6 InsertRepeatedBytes-Custom-ChangeBinInt-Custom-InsertRepeatedBytes-Custom-
#7127	NEW    cov: 1607 ft: 6070 corp: 459/214Kb lim: 65536 exec/s: 890 rss: 1662Mb L: 9/51121 MS: 4 ChangeBinInt-Custom-EraseBytes-Custom-
#7163	NEW    cov: 1607 ft: 6070 corp: 460/214Kb lim: 65536 exec/s: 895 rss: 1670Mb L: 12/51121 MS: 2 PersAutoDict-Custom- DE: "\000\000\000\000\000\000\000\010"-
#7179	NEW    cov: 1607 ft: 6070 corp: 461/214Kb lim: 65536 exec/s: 897 rss: 1674Mb L: 5/51121 MS: 2 ChangeBinInt-Custom-
#7193	NEW    cov: 1607 ft: 6070 corp: 462/214Kb lim: 65536 exec/s: 899 rss: 1677Mb L: 33/51121 MS: 8 InsertRepeatedBytes-Custom-EraseBytes-Custom-InsertByte-Custom-InsertRepeatedBytes-Custom-
#7195	NEW    cov: 1607 ft: 6070 corp: 462/213Kb lim: 65536 exec/s: 899 rss: 1677Mb L: 86/51121 MS: 4 CopyPart-Custom-InsertByte-Custom-
#7203	NEW    cov: 1607 ft: 6077 corp: 463/215Kb lim: 65536 exec/s: 900 rss: 1679Mb L: 1442/51121 MS: 6 CopyPart-Custom-EraseBytes-Custom-ChangeASCIIInt-Custom-
#7602	RELOAD cov: 1607 ft: 6128 corp: 474/296Kb lim: 65536 exec/s: 950 rss: 1770Mb
#7609	NEW    cov: 1607 ft: 6128 corp: 473/296Kb lim: 65536 exec/s: 951 rss: 1771Mb L: 19/51121 MS: 4 ManualDict-Custom-InsertByte-Custom- DE: "assert"-
#7655	NEW    cov: 1607 ft: 6128 corp: 473/296Kb lim: 65536 exec/s: 956 rss: 1782Mb L: 6/51121 MS: 2 InsertByte-Custom-
#7660	NEW    cov: 1607 ft: 6128 corp: 474/296Kb lim: 65536 exec/s: 851 rss: 1783Mb L: 11/51121 MS: 10 ChangeBinInt-Custom-ChangeBit-Custom-EraseBytes-Custom-ChangeByte-Custom-EraseBytes-Custom-
#7661	NEW    cov: 1607 ft: 6128 corp: 473/296Kb lim: 65536 exec/s: 851 rss: 1783Mb L: 38/51121 MS: 2 InsertRepeatedBytes-Custom-
#7662	NEW    cov: 1607 ft: 6128 corp: 472/296Kb lim: 65536 exec/s: 851 rss: 1783Mb L: 3/51121 MS: 2 ChangeBit-Custom-
#7673	NEW    cov: 1607 ft: 6128 corp: 473/296Kb lim: 65536 exec/s: 852 rss: 1785Mb L: 2/51121 MS: 2 ChangeBit-Custom-
#7679	NEW    cov: 1607 ft: 6129 corp: 474/296Kb lim: 65536 exec/s: 853 rss: 1786Mb L: 83/51121 MS: 2 InsertByte-Custom-
#7695	NEW    cov: 1607 ft: 6129 corp: 474/296Kb lim: 65536 exec/s: 855 rss: 1790Mb L: 2/51121 MS: 2 ShuffleBytes-Custom-
#7771	NEW    cov: 1607 ft: 6129 corp: 475/296Kb lim: 65536 exec/s: 863 rss: 1806Mb L: 2/51121 MS: 2 EraseBytes-Custom-
#7775	NEW    cov: 1607 ft: 6129 corp: 473/296Kb lim: 65536 exec/s: 863 rss: 1807Mb L: 2/51121 MS: 7 CopyPart-Custom-EraseBytes-Custom-CustomCrossOver-EraseBytes-Custom-
#7780	NEW    cov: 1607 ft: 6129 corp: 473/296Kb lim: 65536 exec/s: 864 rss: 1808Mb L: 3/51121 MS: 6 ChangeByte-Custom-CustomCrossOver-CustomCrossOver-CustomCrossOver-CustomCrossOver-
#7808	NEW    cov: 1607 ft: 6129 corp: 473/296Kb lim: 65536 exec/s: 867 rss: 1815Mb L: 26/51121 MS: 6 InsertByte-Custom-InsertByte-Custom-InsertRepeatedBytes-Custom-
#7812	NEW    cov: 1607 ft: 6129 corp: 473/296Kb lim: 65536 exec/s: 868 rss: 1816Mb L: 521/51121 MS: 8 ShuffleBytes-Custom-ChangeBinInt-Custom-ChangeBit-Custom-EraseBytes-Custom-
#7868	NEW    cov: 1607 ft: 6129 corp: 473/296Kb lim: 65536 exec/s: 874 rss: 1827Mb L: 8/51121 MS: 1 CustomCrossOver-
#7901	NEW    cov: 1607 ft: 6129 corp: 474/296Kb lim: 65536 exec/s: 877 rss: 1834Mb L: 17/51121 MS: 6 PersAutoDict-Custom-ChangeBinInt-Custom-ManualDict-Custom- DE: "\242\000\000\000\000\000\000\000"-"description"-
#7931	NEW    cov: 1607 ft: 6129 corp: 474/296Kb lim: 65536 exec/s: 881 rss: 1841Mb L: 17/51121 MS: 10 ShuffleBytes-Custom-CopyPart-Custom-InsertRepeatedBytes-Custom-EraseBytes-Custom-EraseBytes-Custom-
#7957	NEW    cov: 1607 ft: 6129 corp: 474/296Kb lim: 65536 exec/s: 884 rss: 1846Mb L: 4/51121 MS: 2 ChangeBinInt-Custom-
#7958	NEW    cov: 1607 ft: 6129 corp: 474/296Kb lim: 65536 exec/s: 884 rss: 1847Mb L: 4/51121 MS: 2 PersAutoDict-Custom- DE: "do"-
#7986	NEW    cov: 1607 ft: 6129 corp: 474/282Kb lim: 65536 exec/s: 887 rss: 1853Mb L: 14047/51121 MS: 6 PersAutoDict-Custom-ShuffleBytes-Custom-PersAutoDict-Custom- DE: "name"-"pcall"-
#8008	NEW    cov: 1607 ft: 6129 corp: 474/282Kb lim: 65536 exec/s: 889 rss: 1858Mb L: 3/51121 MS: 2 CustomCrossOver-CustomCrossOver-
#8019	NEW    cov: 1607 ft: 6129 corp: 474/282Kb lim: 65536 exec/s: 891 rss: 1860Mb L: 65/51121 MS: 2 CMP-Custom- DE: "\376\377\377\377\377\377\377\177"-
#8040	NEW    cov: 1607 ft: 6129 corp: 475/282Kb lim: 65536 exec/s: 893 rss: 1865Mb L: 2/51121 MS: 1 CustomCrossOver-
#8066	NEW    cov: 1607 ft: 6130 corp: 476/282Kb lim: 65536 exec/s: 896 rss: 1871Mb L: 8/51121 MS: 1 CustomCrossOver-
#8087	NEW    cov: 1607 ft: 6130 corp: 477/282Kb lim: 65536 exec/s: 898 rss: 1876Mb L: 16/51121 MS: 2 CMP-Custom- DE: "not enough me"-
#8093	NEW    cov: 1607 ft: 6130 corp: 478/282Kb lim: 65536 exec/s: 899 rss: 1877Mb L: 3/51121 MS: 1 CustomCrossOver-
#8129	NEW    cov: 1607 ft: 6130 corp: 478/282Kb lim: 65536 exec/s: 903 rss: 1886Mb L: 31/51121 MS: 2 ManualDict-Custom- DE: "not_a_real_key"-
#8141	NEW    cov: 1607 ft: 6130 corp: 478/282Kb lim: 65536 exec/s: 904 rss: 1888Mb L: 8758/51121 MS: 4 ShuffleBytes-Custom-PersAutoDict-Custom- DE: "\033\000\000\000\000\000\000\000"-
#8153	NEW    cov: 1607 ft: 6130 corp: 477/282Kb lim: 65536 exec/s: 905 rss: 1891Mb L: 6/51121 MS: 3 CustomCrossOver-PersAutoDict-Custom- DE: "\377\000"-
#8167	NEW    cov: 1607 ft: 6132 corp: 478/308Kb lim: 65536 exec/s: 907 rss: 1894Mb L: 26423/51121 MS: 7 CrossOver-Custom-CustomCrossOver-CopyPart-Custom-CrossOver-Custom-
#8173	NEW    cov: 1607 ft: 6132 corp: 478/308Kb lim: 65536 exec/s: 908 rss: 1895Mb L: 31/51121 MS: 2 ShuffleBytes-Custom-
#8192	pulse  cov: 1607 ft: 6132 corp: 478/308Kb lim: 65536 exec/s: 910 rss: 1899Mb
#8246	NEW    cov: 1607 ft: 6132 corp: 478/308Kb lim: 65536 exec/s: 916 rss: 1912Mb L: 17/51121 MS: 6 InsertByte-Custom-CMP-Custom-CMP-Custom- DE: "\001\000\000\000\000\000\000\017"-"\000\031"-
#8277	NEW    cov: 1607 ft: 6132 corp: 477/308Kb lim: 65536 exec/s: 919 rss: 1918Mb L: 2/51121 MS: 1 CustomCrossOver-
#8334	NEW    cov: 1607 ft: 6132 corp: 477/308Kb lim: 65536 exec/s: 926 rss: 1930Mb L: 4/51121 MS: 4 ShuffleBytes-Custom-ShuffleBytes-Custom-
#8341	NEW    cov: 1607 ft: 6132 corp: 478/308Kb lim: 65536 exec/s: 926 rss: 1932Mb L: 3/51121 MS: 3 ChangeByte-Custom-CustomCrossOver-
#8367	NEW    cov: 1607 ft: 6132 corp: 479/308Kb lim: 65536 exec/s: 929 rss: 1938Mb L: 2/51121 MS: 2 ChangeBit-Custom-
#8384	NEW    cov: 1607 ft: 6132 corp: 479/308Kb lim: 65536 exec/s: 931 rss: 1942Mb L: 3/51121 MS: 2 CustomCrossOver-CustomCrossOver-
#8388	NEW    cov: 1607 ft: 6136 corp: 480/339Kb lim: 65536 exec/s: 932 rss: 1942Mb L: 32280/51121 MS: 8 InsertByte-Custom-ManualDict-Custom-ChangeASCIIInt-Custom-CMP-Custom- DE: "max_threads"-"d\000"-
#8450	NEW    cov: 1607 ft: 6136 corp: 480/339Kb lim: 65536 exec/s: 938 rss: 1956Mb L: 12/51121 MS: 4 PersAutoDict-Custom-CopyPart-Custom- DE: "inline"-
#8458	NEW    cov: 1607 ft: 6139 corp: 480/339Kb lim: 65536 exec/s: 939 rss: 1958Mb L: 19/51121 MS: 6 ManualDict-Custom-PersAutoDict-Custom-ManualDict-Custom- DE: "repeat"-"\037"-"require"-
#8475	NEW    cov: 1607 ft: 6139 corp: 480/339Kb lim: 65536 exec/s: 941 rss: 1962Mb L: 5/51121 MS: 3 CrossOver-Custom-CustomCrossOver-
#8481	NEW    cov: 1607 ft: 6139 corp: 480/339Kb lim: 65536 exec/s: 942 rss: 1963Mb L: 2/51121 MS: 1 CustomCrossOver-
#8814	RELOAD cov: 1609 ft: 6155 corp: 493/381Kb lim: 65536 exec/s: 881 rss: 2036Mb
#8941	NEW    cov: 1609 ft: 6155 corp: 492/381Kb lim: 65536 exec/s: 894 rss: 2064Mb L: 10/61977 MS: 4 CopyPart-Custom-ManualDict-Custom- DE: "inline"-
#8987	NEW    cov: 1609 ft: 6155 corp: 492/381Kb lim: 65536 exec/s: 898 rss: 2075Mb L: 69/61977 MS: 2 InsertRepeatedBytes-Custom-
#9006	NEW    cov: 1609 ft: 6156 corp: 493/387Kb lim: 65536 exec/s: 900 rss: 2079Mb L: 6137/61977 MS: 6 PersAutoDict-Custom-CustomCrossOver-CustomCrossOver-ChangeBinInt-Custom- DE: "assert"-
#9007	NEW    cov: 1609 ft: 6156 corp: 493/387Kb lim: 65536 exec/s: 900 rss: 2079Mb L: 2/61977 MS: 1 CustomCrossOver-
#9018	NEW    cov: 1609 ft: 6156 corp: 493/387Kb lim: 65536 exec/s: 901 rss: 2081Mb L: 2071/61977 MS: 2 CopyPart-Custom-
#9059	NEW    cov: 1609 ft: 6156 corp: 494/387Kb lim: 65536 exec/s: 905 rss: 2090Mb L: 3/61977 MS: 2 ShuffleBytes-Custom-
#9064	NEW    cov: 1609 ft: 6156 corp: 494/387Kb lim: 65536 exec/s: 906 rss: 2091Mb L: 125/61977 MS: 10 InsertRepeatedBytes-Custom-CopyPart-Custom-PersAutoDict-Custom-CopyPart-Custom-PersAutoDict-Custom- DE: "enabled"-"inputs"-
#9116	NEW    cov: 1609 ft: 6159 corp: 495/387Kb lim: 65536 exec/s: 911 rss: 2102Mb L: 13/61977 MS: 4 ChangeBinInt-Custom-InsertByte-Custom-
#9140	NEW    cov: 1609 ft: 6159 corp: 494/387Kb lim: 65536 exec/s: 914 rss: 2108Mb L: 39/61977 MS: 8 InsertByte-Custom-CopyPart-Custom-ShuffleBytes-Custom-CopyPart-Custom-
#9147	NEW    cov: 1609 ft: 6159 corp: 494/387Kb lim: 65536 exec/s: 914 rss: 2109Mb L: 16/61977 MS: 4 ChangeBit-Custom-InsertByte-Custom-
#9153	NEW    cov: 1609 ft: 6159 corp: 494/387Kb lim: 65536 exec/s: 915 rss: 2110Mb L: 37/61977 MS: 2 ManualDict-Custom- DE: "adversarial-cache"-
#9166	NEW    cov: 1609 ft: 6159 corp: 494/387Kb lim: 65536 exec/s: 916 rss: 2113Mb L: 17/61977 MS: 5 ShuffleBytes-Custom-EraseBytes-Custom-CustomCrossOver-
#9186	NEW    cov: 1609 ft: 6159 corp: 494/387Kb lim: 65536 exec/s: 918 rss: 2118Mb L: 18/61977 MS: 10 ManualDict-Custom-ShuffleBytes-Custom-EraseBytes-Custom-ChangeByte-Custom-PersAutoDict-Custom- DE: ")"-"inline"-
#9238	NEW    cov: 1609 ft: 6159 corp: 494/387Kb lim: 65536 exec/s: 923 rss: 2129Mb L: 2/61977 MS: 4 EraseBytes-Custom-ChangeBit-Custom-
#9240	NEW    cov: 1609 ft: 6160 corp: 495/387Kb lim: 65536 exec/s: 924 rss: 2129Mb L: 11/61977 MS: 4 ShuffleBytes-Custom-PersAutoDict-Custom- DE: "=\000\000\000\000\000\000\000"-
#9270	NEW    cov: 1609 ft: 6160 corp: 495/387Kb lim: 65536 exec/s: 927 rss: 2136Mb L: 4/61977 MS: 6 CustomCrossOver-CustomCrossOver-CustomCrossOver-CustomCrossOver-CMP-Custom- DE: "to_l"-
#9271	NEW    cov: 1609 ft: 6160 corp: 494/387Kb lim: 65536 exec/s: 927 rss: 2136Mb L: 2/61977 MS: 2 ShuffleBytes-Custom-
#9295	NEW    cov: 1609 ft: 6160 corp: 495/404Kb lim: 65536 exec/s: 929 rss: 2141Mb L: 17107/61977 MS: 8 CopyPart-Custom-CMP-Custom-ChangeBinInt-Custom-EraseBytes-Custom- DE: "to_l"-
#9329	NEW    cov: 1609 ft: 6160 corp: 496/404Kb lim: 65536 exec/s: 932 rss: 2148Mb L: 2/61977 MS: 6 CMP-Custom-CustomCrossOver-CustomCrossOver-EraseBytes-Custom- DE: "\243\000\000\000\000\000\000\000"-
#9345	NEW    cov: 1609 ft: 6160 corp: 496/404Kb lim: 65536 exec/s: 934 rss: 2152Mb L: 2/61977 MS: 2 CopyPart-Custom-
#9346	NEW    cov: 1609 ft: 6160 corp: 496/402Kb lim: 65536 exec/s: 934 rss: 2152Mb L: 65/61977 MS: 2 EraseBytes-Custom-
#9482	NEW    cov: 1609 ft: 6160 corp: 497/402Kb lim: 65536 exec/s: 862 rss: 2181Mb L: 3/61977 MS: 2 ShuffleBytes-Custom-
#9504	NEW    cov: 1609 ft: 6160 corp: 497/402Kb lim: 65536 exec/s: 864 rss: 2185Mb L: 16/61977 MS: 4 ShuffleBytes-Custom-ChangeBit-Custom-
#9543	NEW    cov: 1609 ft: 6161 corp: 498/402Kb lim: 65536 exec/s: 867 rss: 2194Mb L: 56/61977 MS: 8 ManualDict-Custom-ChangeByte-Custom-PersAutoDict-Custom-InsertByte-Custom- DE: "protect"-"protect"-
#9554	NEW    cov: 1609 ft: 6161 corp: 499/402Kb lim: 65536 exec/s: 868 rss: 2196Mb L: 2/61977 MS: 2 ChangeByte-Custom-
#9585	NEW    cov: 1609 ft: 6161 corp: 499/402Kb lim: 65536 exec/s: 871 rss: 2202Mb L: 18/61977 MS: 2 CopyPart-Custom-
#9596	NEW    cov: 1609 ft: 6161 corp: 499/402Kb lim: 65536 exec/s: 872 rss: 2205Mb L: 2/61977 MS: 2 ChangeBit-Custom-
#9631	NEW    cov: 1609 ft: 6161 corp: 499/402Kb lim: 65536 exec/s: 875 rss: 2213Mb L: 128/61977 MS: 10 ChangeBit-Custom-InsertByte-Custom-ChangeBinInt-Custom-InsertRepeatedBytes-Custom-ManualDict-Custom- DE: "clean"-
#9635	NEW    cov: 1609 ft: 6161 corp: 499/402Kb lim: 65536 exec/s: 875 rss: 2214Mb L: 2/61977 MS: 6 EraseBytes-Custom-InsertRepeatedBytes-Custom-CustomCrossOver-CustomCrossOver-
#9647	NEW    cov: 1609 ft: 6161 corp: 498/402Kb lim: 65536 exec/s: 877 rss: 2216Mb L: 3/61977 MS: 4 EraseBytes-Custom-ChangeByte-Custom-
#9653	NEW    cov: 1609 ft: 6161 corp: 497/402Kb lim: 65536 exec/s: 877 rss: 2218Mb L: 262/61977 MS: 1 CustomCrossOver-
#9704	NEW    cov: 1609 ft: 6161 corp: 497/402Kb lim: 65536 exec/s: 882 rss: 2229Mb L: 8/61977 MS: 2 InsertByte-Custom-
#9717	NEW    cov: 1609 ft: 6161 corp: 498/402Kb lim: 65536 exec/s: 883 rss: 2232Mb L: 4/61977 MS: 6 ChangeBinInt-Custom-CopyPart-Custom-ShuffleBytes-Custom-
#10056	RELOAD cov: 1609 ft: 6183 corp: 522/609Kb lim: 65536 exec/s: 914 rss: 2306Mb
#10107	NEW    cov: 1609 ft: 6183 corp: 522/609Kb lim: 65536 exec/s: 918 rss: 2317Mb L: 4/62104 MS: 2 ChangeByte-Custom-
#10141	NEW    cov: 1609 ft: 6184 corp: 523/615Kb lim: 65536 exec/s: 921 rss: 2325Mb L: 6136/62104 MS: 6 CustomCrossOver-CustomCrossOver-ChangeByte-Custom-ChangeBit-Custom-
#10167	NEW    cov: 1609 ft: 6184 corp: 522/615Kb lim: 65536 exec/s: 924 rss: 2330Mb L: 2/62104 MS: 2 ShuffleBytes-Custom-
#10184	NEW    cov: 1609 ft: 6184 corp: 522/615Kb lim: 65536 exec/s: 925 rss: 2334Mb L: 2/62104 MS: 4 InsertByte-Custom-EraseBytes-Custom-
#10192	NEW    cov: 1609 ft: 6184 corp: 521/615Kb lim: 65536 exec/s: 926 rss: 2336Mb L: 2/62104 MS: 3 CustomCrossOver-CustomCrossOver-CustomCrossOver-
#10198	NEW    cov: 1609 ft: 6184 corp: 519/615Kb lim: 65536 exec/s: 927 rss: 2337Mb L: 3/62104 MS: 2 ShuffleBytes-Custom-
#10240	NEW    cov: 1609 ft: 6184 corp: 519/615Kb lim: 65536 exec/s: 930 rss: 2347Mb L: 10/62104 MS: 4 CopyPart-Custom-ChangeBinInt-Custom-
#10251	NEW    cov: 1609 ft: 6184 corp: 519/615Kb lim: 65536 exec/s: 931 rss: 2350Mb L: 3/62104 MS: 2 ShuffleBytes-Custom-
#10275	NEW    cov: 1609 ft: 6184 corp: 520/615Kb lim: 65536 exec/s: 934 rss: 2355Mb L: 1/62104 MS: 6 ManualDict-Custom-CustomCrossOver-CustomCrossOver-EraseBytes-Custom- DE: "TMPDIR"-
#10282	NEW    cov: 1609 ft: 6184 corp: 520/615Kb lim: 65536 exec/s: 934 rss: 2357Mb L: 2/62104 MS: 3 CustomCrossOver-ChangeByte-Custom-
#10393	NEW    cov: 1609 ft: 6184 corp: 521/615Kb lim: 65536 exec/s: 866 rss: 2381Mb L: 1/62104 MS: 2 EraseBytes-Custom-
#10408	NEW    cov: 1609 ft: 6184 corp: 521/614Kb lim: 65536 exec/s: 867 rss: 2385Mb L: 596/62104 MS: 10 ShuffleBytes-Custom-ShuffleBytes-Custom-PersAutoDict-Custom-ManualDict-Custom-InsertRepeatedBytes-Custom- DE: "HOME"-"Lua error"-
#10476	NEW    cov: 1609 ft: 6184 corp: 521/614Kb lim: 65536 exec/s: 873 rss: 2399Mb L: 2/62104 MS: 3 CustomCrossOver-CustomCrossOver-CustomCrossOver-
#10477	NEW    cov: 1609 ft: 6184 corp: 522/614Kb lim: 65536 exec/s: 873 rss: 2399Mb L: 2/62104 MS: 2 ChangeBit-Custom-
#10487	NEW    cov: 1609 ft: 6186 corp: 523/615Kb lim: 65536 exec/s: 873 rss: 2401Mb L: 219/62104 MS: 10 ChangeBit-Custom-ChangeBinInt-Custom-ManualDict-Custom-InsertByte-Custom-PersAutoDict-Custom- DE: "fnv1a64"-"\377\377\377\377\032\336\304\374"-
#10494	NEW    cov: 1609 ft: 6186 corp: 523/615Kb lim: 65536 exec/s: 874 rss: 2403Mb L: 3/62104 MS: 4 CopyPart-Custom-ChangeByte-Custom-
#10497	NEW    cov: 1609 ft: 6186 corp: 523/614Kb lim: 65536 exec/s: 874 rss: 2404Mb L: 19/62104 MS: 6 InsertByte-Custom-ChangeByte-Custom-ShuffleBytes-Custom-
#10503	NEW    cov: 1609 ft: 6186 corp: 524/614Kb lim: 65536 exec/s: 875 rss: 2405Mb L: 1/62104 MS: 2 ChangeBit-Custom-
#10529	NEW    cov: 1609 ft: 6187 corp: 525/615Kb lim: 65536 exec/s: 877 rss: 2410Mb L: 37/62104 MS: 2 InsertByte-Custom-
#10545	NEW    cov: 1609 ft: 6187 corp: 526/618Kb lim: 65536 exec/s: 878 rss: 2414Mb L: 4008/62104 MS: 1 CustomCrossOver-
#10581	NEW    cov: 1609 ft: 6187 corp: 526/618Kb lim: 65536 exec/s: 881 rss: 2422Mb L: 2/62104 MS: 1 CustomCrossOver-
#10619	NEW    cov: 1609 ft: 6188 corp: 527/679Kb lim: 65536 exec/s: 884 rss: 2431Mb L: 62143/62143 MS: 4 CopyPart-Custom-CustomCrossOver-CustomCrossOver-
#10625	NEW    cov: 1609 ft: 6188 corp: 528/679Kb lim: 65536 exec/s: 885 rss: 2432Mb L: 1/62143 MS: 2 ChangeBit-Custom-
#10651	NEW    cov: 1609 ft: 6188 corp: 528/679Kb lim: 65536 exec/s: 887 rss: 2437Mb L: 4/62143 MS: 2 ChangeASCIIInt-Custom-
#10680	NEW    cov: 1609 ft: 6188 corp: 528/679Kb lim: 65536 exec/s: 890 rss: 2443Mb L: 30/62143 MS: 8 ChangeByte-Custom-ChangeBit-Custom-CopyPart-Custom-ManualDict-Custom- DE: "[["-
#10773	NEW    cov: 1609 ft: 6188 corp: 529/679Kb lim: 65536 exec/s: 897 rss: 2464Mb L: 1/62143 MS: 6 EraseBytes-Custom-InsertByte-Custom-EraseBytes-Custom-
#10816	NEW    cov: 1609 ft: 6188 corp: 529/619Kb lim: 65536 exec/s: 901 rss: 2473Mb L: 96/62104 MS: 6 ShuffleBytes-Custom-CopyPart-Custom-InsertRepeatedBytes-Custom-
#10834	NEW    cov: 1609 ft: 6188 corp: 529/618Kb lim: 65536 exec/s: 902 rss: 2477Mb L: 1929/62104 MS: 6 InsertRepeatedBytes-Custom-ChangeBit-Custom-EraseBytes-Custom-
#10835	NEW    cov: 1609 ft: 6188 corp: 530/618Kb lim: 65536 exec/s: 902 rss: 2477Mb L: 16/62104 MS: 2 ShuffleBytes-Custom-
#10901	NEW    cov: 1609 ft: 6188 corp: 530/618Kb lim: 65536 exec/s: 908 rss: 2493Mb L: 2/62104 MS: 2 EraseBytes-Custom-
#10907	NEW    cov: 1609 ft: 6188 corp: 531/618Kb lim: 65536 exec/s: 908 rss: 2494Mb L: 1/62104 MS: 2 CopyPart-Custom-
#10908	NEW    cov: 1609 ft: 6188 corp: 531/618Kb lim: 65536 exec/s: 909 rss: 2494Mb L: 8/62104 MS: 2 ManualDict-Custom- DE: "silent"-
#11293	RELOAD cov: 1609 ft: 6197 corp: 544/733Kb lim: 65536 exec/s: 868 rss: 2575Mb
#11345	NEW    cov: 1609 ft: 6197 corp: 543/733Kb lim: 65536 exec/s: 872 rss: 2586Mb L: 2/63900 MS: 2 CustomCrossOver-CustomCrossOver-
#11427	NEW    cov: 1609 ft: 6197 corp: 543/733Kb lim: 65536 exec/s: 879 rss: 2602Mb L: 34/63900 MS: 4 CopyPart-Custom-CopyPart-Custom-
#11468	NEW    cov: 1609 ft: 6197 corp: 543/733Kb lim: 65536 exec/s: 882 rss: 2612Mb L: 3/63900 MS: 2 ShuffleBytes-Custom-
#11532	NEW    cov: 1609 ft: 6197 corp: 544/733Kb lim: 65536 exec/s: 887 rss: 2625Mb L: 34/63900 MS: 8 ManualDict-Custom-EraseBytes-Custom-ChangeBinInt-Custom-CopyPart-Custom- DE: "inputs"-
#11581	NEW    cov: 1609 ft: 6197 corp: 544/733Kb lim: 65536 exec/s: 890 rss: 2636Mb L: 2/63900 MS: 8 EraseBytes-Custom-CopyPart-Custom-ChangeBit-Custom-CopyPart-Custom-
#11625	NEW    cov: 1609 ft: 6197 corp: 544/733Kb lim: 65536 exec/s: 894 rss: 2646Mb L: 8/63900 MS: 8 CopyPart-Custom-ChangeBinInt-Custom-ChangeBit-Custom-PersAutoDict-Custom- DE: "999999"-
#11677	NEW    cov: 1609 ft: 6197 corp: 544/733Kb lim: 65536 exec/s: 898 rss: 2657Mb L: 1031/63900 MS: 4 ChangeASCIIInt-Custom-InsertRepeatedBytes-Custom-
#11688	NEW    cov: 1609 ft: 6197 corp: 544/733Kb lim: 65536 exec/s: 899 rss: 2659Mb L: 26/63900 MS: 2 EraseBytes-Custom-
#11705	NEW    cov: 1609 ft: 6197 corp: 544/732Kb lim: 65536 exec/s: 900 rss: 2663Mb L: 32800/63900 MS: 4 CMP-Custom-CopyPart-Custom- DE: "\003\000\000\000"-
#11715	NEW    cov: 1609 ft: 6198 corp: 545/736Kb lim: 65536 exec/s: 901 rss: 2665Mb L: 3590/63900 MS: 10 InsertByte-Custom-ChangeBit-Custom-ManualDict-Custom-ShuffleBytes-Custom-CopyPart-Custom- DE: "buildSettings"-
#11776	NEW    cov: 1609 ft: 6198 corp: 545/736Kb lim: 65536 exec/s: 905 rss: 2679Mb L: 40/63900 MS: 2 ChangeByte-Custom-
#11778	NEW    cov: 1609 ft: 6198 corp: 545/735Kb lim: 65536 exec/s: 906 rss: 2679Mb L: 4194/63900 MS: 3 CustomCrossOver-EraseBytes-Custom-
#11825	NEW    cov: 1609 ft: 6198 corp: 545/735Kb lim: 65536 exec/s: 909 rss: 2689Mb L: 4170/63900 MS: 4 CopyPart-Custom-InsertByte-Custom-
#11901	NEW    cov: 1609 ft: 6200 corp: 546/736Kb lim: 65536 exec/s: 915 rss: 2705Mb L: 1037/63900 MS: 2 ChangeBinInt-Custom-
#11946	NEW    cov: 1609 ft: 6202 corp: 546/736Kb lim: 65536 exec/s: 918 rss: 2715Mb L: 2/63900 MS: 10 InsertByte-Custom-ChangeBit-Custom-InsertByte-Custom-EraseBytes-Custom-ChangeByte-Custom-
#11951	NEW    cov: 1609 ft: 6202 corp: 546/736Kb lim: 65536 exec/s: 919 rss: 2716Mb L: 8273/63900 MS: 10 InsertByte-Custom-ShuffleBytes-Custom-ChangeBinInt-Custom-CopyPart-Custom-EraseBytes-Custom-
#11958	NEW    cov: 1609 ft: 6202 corp: 546/736Kb lim: 65536 exec/s: 919 rss: 2718Mb L: 5/63900 MS: 3 ShuffleBytes-Custom-CustomCrossOver-
#12021	NEW    cov: 1609 ft: 6207 corp: 547/736Kb lim: 65536 exec/s: 924 rss: 2731Mb L: 53/63900 MS: 6 InsertRepeatedBytes-Custom-PersAutoDict-Custom-ShuffleBytes-Custom- DE: "\002\000\000\000\000\000\000\000"-
#12022	NEW    cov: 1609 ft: 6207 corp: 547/736Kb lim: 65536 exec/s: 924 rss: 2732Mb L: 23/63900 MS: 2 EraseBytes-Custom-
#12041	NEW    cov: 1609 ft: 6207 corp: 547/736Kb lim: 65536 exec/s: 926 rss: 2736Mb L: 31/63900 MS: 8 InsertRepeatedBytes-Custom-ChangeByte-Custom-ChangeByte-Custom-ManualDict-Custom- DE: "artifacts"-
#12079	NEW    cov: 1609 ft: 6207 corp: 548/736Kb lim: 65536 exec/s: 929 rss: 2745Mb L: 1/63900 MS: 5 EraseBytes-Custom-ChangeBinInt-Custom-CustomCrossOver-
#12121	NEW    cov: 1609 ft: 6207 corp: 548/736Kb lim: 65536 exec/s: 932 rss: 2753Mb L: 9/63900 MS: 4 CMP-Custom-CMP-Custom- DE: "__gc"-"\036\000\000\000"-
#12137	NEW    cov: 1609 ft: 6207 corp: 548/736Kb lim: 65536 exec/s: 933 rss: 2756Mb L: 2/63900 MS: 2 CopyPart-Custom-
#12151	NEW    cov: 1609 ft: 6207 corp: 548/736Kb lim: 65536 exec/s: 867 rss: 2759Mb L: 25/63900 MS: 7 ShuffleBytes-Custom-EraseBytes-Custom-ShuffleBytes-Custom-CustomCrossOver-
#12162	NEW    cov: 1609 ft: 6208 corp: 549/737Kb lim: 65536 exec/s: 868 rss: 2761Mb L: 1031/63900 MS: 2 ChangeASCIIInt-Custom-
#12173	NEW    cov: 1609 ft: 6209 corp: 550/800Kb lim: 65536 exec/s: 869 rss: 2763Mb L: 64221/64221 MS: 2 CopyPart-Custom-
#12180	NEW    cov: 1609 ft: 6209 corp: 550/800Kb lim: 65536 exec/s: 870 rss: 2765Mb L: 4/64221 MS: 4 ChangeByte-Custom-InsertByte-Custom-
#12181	NEW    cov: 1609 ft: 6209 corp: 550/800Kb lim: 65536 exec/s: 870 rss: 2765Mb L: 4/64221 MS: 1 CustomCrossOver-
#12196	NEW    cov: 1609 ft: 6209 corp: 550/800Kb lim: 65536 exec/s: 871 rss: 2768Mb L: 247/64221 MS: 10 PersAutoDict-Custom-InsertRepeatedBytes-Custom-ChangeBit-Custom-PersAutoDict-Custom-ChangeBit-Custom- DE: "\033\000\000\000\000\000\000\000"-"\033\000\000\000\000\000\000\000"-
#12197	NEW    cov: 1609 ft: 6209 corp: 551/800Kb lim: 65536 exec/s: 871 rss: 2769Mb L: 21/64221 MS: 2 CopyPart-Custom-
#12198	NEW    cov: 1609 ft: 6209 corp: 551/800Kb lim: 65536 exec/s: 871 rss: 2769Mb L: 10/64221 MS: 2 CopyPart-Custom-
#12200	NEW    cov: 1609 ft: 6210 corp: 552/800Kb lim: 65536 exec/s: 871 rss: 2769Mb L: 129/64221 MS: 4 InsertRepeatedBytes-Custom-InsertByte-Custom-
#12204	NEW    cov: 1609 ft: 6210 corp: 552/800Kb lim: 65536 exec/s: 871 rss: 2770Mb L: 21/64221 MS: 8 ChangeByte-Custom-ChangeBinInt-Custom-ChangeBinInt-Custom-CopyPart-Custom-
#12210	NEW    cov: 1609 ft: 6212 corp: 553/802Kb lim: 65536 exec/s: 872 rss: 2772Mb L: 1769/64221 MS: 2 InsertRepeatedBytes-Custom-
#12452	RELOAD cov: 1609 ft: 6218 corp: 568/908Kb lim: 65536 exec/s: 889 rss: 2821Mb
#12463	NEW    cov: 1609 ft: 6218 corp: 568/908Kb lim: 65536 exec/s: 890 rss: 2822Mb L: 524/63989 MS: 1 CustomCrossOver-
#12469	NEW    cov: 1609 ft: 6218 corp: 568/908Kb lim: 65536 exec/s: 890 rss: 2823Mb L: 58/63989 MS: 2 InsertRepeatedBytes-Custom-
#12483	NEW    cov: 1609 ft: 6218 corp: 568/908Kb lim: 65536 exec/s: 891 rss: 2826Mb L: 78/63989 MS: 8 ChangeBinInt-Custom-InsertByte-Custom-InsertByte-Custom-EraseBytes-Custom-
	NEW_FUNC[1/11]: 0x000000513bc0 in std::__detail::_Hash_node<std::pair<std::__cxx11::basic_string<char, std::char_traits<char>, std::allocator<char>> const, std::shared_ptr<beez::core::StepConfig const>>, true>::_M_next() const /usr/bin/../lib/gcc/x86_64-redhat-linux/16/../../../../include/c++/16/bits/hashtable_policy.h:367
	NEW_FUNC[2/11]: 0x000000513d50 in std::__detail::_Hashtable_alloc<std::allocator<std::__detail::_Hash_node<std::pair<std::__cxx11::basic_string<char, std::char_traits<char>, std::allocator<char>> const, std::shared_ptr<beez::core::StepConfig const>>, true>>>::_M_deallocate_node(std::__detail::_Hash_node<std::pair<std::__cxx11::basic_string<char, std::char_traits<char>, std::allocator<char>> const, std::shared_ptr<beez::core::StepConfig const>>, true>*) /usr/bin/../lib/gcc/x86_64-redhat-linux/16/../../../../include/c++/16/bits/hashtable_policy.h:1590
#12505	NEW    cov: 1656 ft: 6306 corp: 569/915Kb lim: 65536 exec/s: 893 rss: 2830Mb L: 7969/63989 MS: 4 EraseBytes-Custom-PersAutoDict-Custom- DE: "\006\000"-
#12506	NEW    cov: 1656 ft: 6306 corp: 568/915Kb lim: 65536 exec/s: 893 rss: 2830Mb L: 1/63989 MS: 2 ChangeBit-Custom-
#12622	NEW    cov: 1656 ft: 6307 corp: 568/906Kb lim: 65536 exec/s: 901 rss: 2855Mb L: 16526/63989 MS: 2 ChangeBit-Custom-
#12639	NEW    cov: 1656 ft: 6307 corp: 568/906Kb lim: 65536 exec/s: 902 rss: 2858Mb L: 2/63989 MS: 4 ChangeBit-Custom-ChangeBit-Custom-
#12645	NEW    cov: 1656 ft: 6307 corp: 567/906Kb lim: 65536 exec/s: 903 rss: 2860Mb L: 2/63989 MS: 2 ChangeByte-Custom-
#12646	NEW    cov: 1656 ft: 6307 corp: 567/906Kb lim: 65536 exec/s: 903 rss: 2860Mb L: 18/63989 MS: 2 InsertByte-Custom-
#12658	NEW    cov: 1656 ft: 6307 corp: 567/905Kb lim: 65536 exec/s: 904 rss: 2863Mb L: 1033/63989 MS: 4 PersAutoDict-Custom-ChangeBinInt-Custom- DE: "if"-
#12743	NEW    cov: 1656 ft: 6308 corp: 568/924Kb lim: 65536 exec/s: 910 rss: 2880Mb L: 19881/63989 MS: 10 ChangeASCIIInt-Custom-ChangeASCIIInt-Custom-ChangeBit-Custom-EraseBytes-Custom-InsertRepeatedBytes-Custom-
#12749	NEW    cov: 1656 ft: 6308 corp: 568/924Kb lim: 65536 exec/s: 910 rss: 2882Mb L: 2/63989 MS: 2 ChangeBit-Custom-
#12920	NEW    cov: 1656 ft: 6309 corp: 568/924Kb lim: 65536 exec/s: 922 rss: 2919Mb L: 1027/63989 MS: 2 InsertByte-Custom-
#12946	NEW    cov: 1656 ft: 6309 corp: 569/924Kb lim: 65536 exec/s: 924 rss: 2925Mb L: 2/63989 MS: 2 ChangeBinInt-Custom-
#12952	NEW    cov: 1656 ft: 6309 corp: 569/924Kb lim: 65536 exec/s: 925 rss: 2927Mb L: 37/63989 MS: 2 ShuffleBytes-Custom-
#13231	NEW    cov: 1656 ft: 6310 corp: 570/924Kb lim: 65536 exec/s: 882 rss: 2985Mb L: 8/63989 MS: 8 ChangeBit-Custom-PersAutoDict-Custom-InsertByte-Custom-EraseBytes-Custom- DE: "\000\000\000\000\025\011\2720"-
#13636	RELOAD cov: 1656 ft: 6583 corp: 582/1130Kb lim: 65536 exec/s: 909 rss: 3070Mb
#13648	NEW    cov: 1656 ft: 6583 corp: 582/1130Kb lim: 65536 exec/s: 909 rss: 3072Mb L: 2/65097 MS: 3 CMP-Custom-CustomCrossOver- DE: "\012\000\000\000\000\000\000\000"-
#13683	NEW    cov: 1656 ft: 6654 corp: 583/1130Kb lim: 65536 exec/s: 912 rss: 3079Mb L: 15/65097 MS: 10 ManualDict-Custom-ShuffleBytes-Custom-EraseBytes-Custom-CopyPart-Custom-CopyPart-Custom- DE: "future"-
#13696	NEW    cov: 1656 ft: 6654 corp: 583/1130Kb lim: 65536 exec/s: 913 rss: 3082Mb L: 2/65097 MS: 4 CustomCrossOver-CopyPart-Custom-CustomCrossOver-
#13703	NEW    cov: 1656 ft: 6654 corp: 582/1130Kb lim: 65536 exec/s: 913 rss: 3083Mb L: 3/65097 MS: 4 ChangeByte-Custom-CopyPart-Custom-
#13705	NEW    cov: 1656 ft: 6654 corp: 583/1130Kb lim: 65536 exec/s: 913 rss: 3084Mb L: 1/65097 MS: 4 EraseBytes-Custom-EraseBytes-Custom-
#13861	NEW    cov: 1656 ft: 6656 corp: 584/1130Kb lim: 65536 exec/s: 924 rss: 3118Mb L: 65/65097 MS: 2 ChangeBinInt-Custom-
#13872	NEW    cov: 1656 ft: 6656 corp: 584/1130Kb lim: 65536 exec/s: 924 rss: 3119Mb L: 4/65097 MS: 2 ChangeByte-Custom-
#13906	NEW    cov: 1656 ft: 6656 corp: 585/1130Kb lim: 65536 exec/s: 927 rss: 3127Mb L: 22/65097 MS: 8 CMP-Custom-ChangeBit-Custom-ShuffleBytes-Custom-ManualDict-Custom- DE: "\377\377\377\377\377\377\377\377"-"not-a-table"-
#13982	NEW    cov: 1656 ft: 6656 corp: 585/1130Kb lim: 65536 exec/s: 932 rss: 3143Mb L: 2/65097 MS: 2 ChangeByte-Custom-
#13983	NEW    cov: 1656 ft: 6656 corp: 585/1130Kb lim: 65536 exec/s: 932 rss: 3144Mb L: 7/65097 MS: 1 CustomCrossOver-
#13985	NEW    cov: 1656 ft: 6656 corp: 586/1130Kb lim: 65536 exec/s: 932 rss: 3144Mb L: 1/65097 MS: 4 ShuffleBytes-Custom-ManualDict-Custom- DE: "}"-
#14013	NEW    cov: 1656 ft: 6656 corp: 586/1130Kb lim: 65536 exec/s: 875 rss: 3150Mb L: 1031/65097 MS: 6 ChangeBit-Custom-EraseBytes-Custom-CopyPart-Custom-
#14032	NEW    cov: 1656 ft: 6657 corp: 587/1130Kb lim: 65536 exec/s: 877 rss: 3153Mb L: 3/65097 MS: 8 ShuffleBytes-Custom-CopyPart-Custom-ChangeBit-Custom-ShuffleBytes-Custom-
#14144	NEW    cov: 1656 ft: 6657 corp: 587/1130Kb lim: 65536 exec/s: 884 rss: 3178Mb L: 3/65097 MS: 4 EraseBytes-Custom-ShuffleBytes-Custom-
#14160	NEW    cov: 1656 ft: 6657 corp: 587/1130Kb lim: 65536 exec/s: 885 rss: 3181Mb L: 66/65097 MS: 1 CustomCrossOver-
#14185	NEW    cov: 1656 ft: 6658 corp: 588/1130Kb lim: 65536 exec/s: 886 rss: 3187Mb L: 3/65097 MS: 10 PersAutoDict-Custom-ChangeBinInt-Custom-CopyPart-Custom-EraseBytes-Custom-InsertByte-Custom- DE: "so"-
#14218	NEW    cov: 1656 ft: 6660 corp: 589/1130Kb lim: 65536 exec/s: 888 rss: 3193Mb L: 128/65097 MS: 6 InsertRepeatedBytes-Custom-InsertByte-Custom-ChangeBit-Custom-
#14225	NEW    cov: 1656 ft: 6660 corp: 590/1163Kb lim: 65536 exec/s: 889 rss: 3194Mb L: 34083/65097 MS: 4 PersAutoDict-Custom-EraseBytes-Custom- DE: "}"-
#14258	NEW    cov: 1656 ft: 6660 corp: 590/1163Kb lim: 65536 exec/s: 891 rss: 3200Mb L: 130/65097 MS: 6 ShuffleBytes-Custom-ChangeByte-Custom-CopyPart-Custom-
#14297	NEW    cov: 1656 ft: 6661 corp: 591/1164Kb lim: 65536 exec/s: 893 rss: 3209Mb L: 596/65097 MS: 5 EraseBytes-Custom-CustomCrossOver-CustomCrossOver-CustomCrossOver-
#14303	NEW    cov: 1656 ft: 6661 corp: 591/1164Kb lim: 65536 exec/s: 893 rss: 3211Mb L: 25/65097 MS: 2 EraseBytes-Custom-
#14334	NEW    cov: 1656 ft: 6661 corp: 591/1164Kb lim: 65536 exec/s: 895 rss: 3215Mb L: 1037/65097 MS: 1 CustomCrossOver-
#14347	NEW    cov: 1656 ft: 6661 corp: 592/1164Kb lim: 65536 exec/s: 896 rss: 3218Mb L: 3/65097 MS: 6 CopyPart-Custom-EraseBytes-Custom-ChangeBit-Custom-
#14375	NEW    cov: 1656 ft: 6661 corp: 592/1164Kb lim: 65536 exec/s: 898 rss: 3224Mb L: 1/65097 MS: 6 ChangeByte-Custom-EraseBytes-Custom-ChangeBit-Custom-
#14451	NEW    cov: 1656 ft: 6661 corp: 592/1164Kb lim: 65536 exec/s: 903 rss: 3241Mb L: 4/65097 MS: 2 CopyPart-Custom-
#14469	NEW    cov: 1656 ft: 6663 corp: 593/1164Kb lim: 65536 exec/s: 904 rss: 3245Mb L: 65/65097 MS: 6 CopyPart-Custom-ChangeBit-Custom-PersAutoDict-Custom- DE: "phase"-
#14891	RELOAD cov: 1656 ft: 6733 corp: 602/1518Kb lim: 65536 exec/s: 930 rss: 3338Mb
#14908	NEW    cov: 1656 ft: 6733 corp: 602/1513Kb lim: 65536 exec/s: 931 rss: 3339Mb L: 26623/65418 MS: 4 ChangeBit-Custom-EraseBytes-Custom-
#14949	NEW    cov: 1656 ft: 6733 corp: 602/1513Kb lim: 65536 exec/s: 934 rss: 3347Mb L: 2/65418 MS: 1 CustomCrossOver-
#15019	NEW    cov: 1656 ft: 6734 corp: 603/1516Kb lim: 65536 exec/s: 883 rss: 3362Mb L: 3781/65418 MS: 10 InsertRepeatedBytes-Custom-ChangeBinInt-Custom-EraseBytes-Custom-ChangeBit-Custom-CopyPart-Custom-
#15039	NEW    cov: 1656 ft: 6734 corp: 604/1516Kb lim: 65536 exec/s: 884 rss: 3366Mb L: 2/65418 MS: 7 CustomCrossOver-InsertRepeatedBytes-Custom-InsertByte-Custom-CustomCrossOver-CustomCrossOver-
#15069	NEW    cov: 1656 ft: 6734 corp: 604/1516Kb lim: 65536 exec/s: 886 rss: 3372Mb L: 31/65418 MS: 10 CMP-Custom-ManualDict-Custom-ChangeBit-Custom-ShuffleBytes-Custom-ManualDict-Custom- DE: "\000\000\000\000\000\000\000\027"-"missing-a"-"table"-
#15102	NEW    cov: 1656 ft: 6734 corp: 604/1516Kb lim: 65536 exec/s: 888 rss: 3380Mb L: 61587/65418 MS: 6 PersAutoDict-Custom-ChangeBinInt-Custom-CopyPart-Custom- DE: ">"-
#15109	NEW    cov: 1656 ft: 6734 corp: 604/1516Kb lim: 65536 exec/s: 888 rss: 3382Mb L: 20/65418 MS: 4 ChangeBit-Custom-ChangeBinInt-Custom-
#15112	NEW    cov: 1656 ft: 6734 corp: 604/1516Kb lim: 65536 exec/s: 888 rss: 3382Mb L: 4/65418 MS: 6 CopyPart-Custom-InsertByte-Custom-ManualDict-Custom- DE: "if"-
#15143	NEW    cov: 1656 ft: 6737 corp: 605/1575Kb lim: 65536 exec/s: 890 rss: 3390Mb L: 60586/65418 MS: 2 ChangeASCIIInt-Custom-
#15245	NEW    cov: 1656 ft: 6737 corp: 605/1575Kb lim: 65536 exec/s: 896 rss: 3410Mb L: 17/65418 MS: 4 ChangeBinInt-Custom-InsertByte-Custom-
#15374	NEW    cov: 1656 ft: 6737 corp: 605/1574Kb lim: 65536 exec/s: 904 rss: 3437Mb L: 8676/65418 MS: 8 InsertByte-Custom-CopyPart-Custom-EraseBytes-Custom-CopyPart-Custom-
#15419	NEW    cov: 1656 ft: 6790 corp: 605/1571Kb lim: 65536 exec/s: 907 rss: 3446Mb L: 4329/65418 MS: 7 InsertByte-Custom-CopyPart-Custom-CustomCrossOver-CustomCrossOver-CustomCrossOver-
#15436	NEW    cov: 1656 ft: 6790 corp: 605/1563Kb lim: 65536 exec/s: 908 rss: 3450Mb L: 14336/65418 MS: 3 CustomCrossOver-ManualDict-Custom- DE: "hash"-
#15463	NEW    cov: 1656 ft: 6791 corp: 606/1622Kb lim: 65536 exec/s: 909 rss: 3456Mb L: 60726/65418 MS: 4 InsertRepeatedBytes-Custom-InsertRepeatedBytes-Custom-
#15486	NEW    cov: 1656 ft: 6791 corp: 606/1622Kb lim: 65536 exec/s: 910 rss: 3461Mb L: 127/65418 MS: 6 ChangeByte-Custom-PersAutoDict-Custom-InsertRepeatedBytes-Custom- DE: "999999"-
#15525	NEW    cov: 1656 ft: 6792 corp: 607/1622Kb lim: 65536 exec/s: 913 rss: 3470Mb L: 37/65418 MS: 8 CopyPart-Custom-EraseBytes-Custom-CopyPart-Custom-ShuffleBytes-Custom-
#15549	NEW    cov: 1656 ft: 6792 corp: 607/1622Kb lim: 65536 exec/s: 914 rss: 3475Mb L: 2/65418 MS: 7 ChangeByte-Custom-CrossOver-Custom-CustomCrossOver-ChangeByte-Custom-
#15593	NEW    cov: 1656 ft: 6795 corp: 608/1678Kb lim: 65536 exec/s: 917 rss: 3484Mb L: 57626/65418 MS: 8 CMP-Custom-InsertRepeatedBytes-Custom-InsertRepeatedBytes-Custom-ChangeByte-Custom- DE: "\002\000"-
#15618	NEW    cov: 1656 ft: 6795 corp: 608/1678Kb lim: 65536 exec/s: 918 rss: 3490Mb L: 3/65418 MS: 8 ChangeByte-Custom-InsertByte-Custom-CustomCrossOver-PersAutoDict-Custom-CustomCrossOver- DE: "\002\000\000\000\000\000\000\000"-
#15630	NEW    cov: 1656 ft: 6795 corp: 609/1678Kb lim: 65536 exec/s: 919 rss: 3492Mb L: 70/65418 MS: 4 CopyPart-Custom-InsertByte-Custom-
#15686	NEW    cov: 1656 ft: 6795 corp: 609/1678Kb lim: 65536 exec/s: 922 rss: 3505Mb L: 4/65418 MS: 2 CopyPart-Custom-
#15687	NEW    cov: 1656 ft: 6795 corp: 610/1678Kb lim: 65536 exec/s: 922 rss: 3506Mb L: 10/65418 MS: 2 ChangeBinInt-Custom-
#15718	NEW    cov: 1656 ft: 6795 corp: 611/1678Kb lim: 65536 exec/s: 924 rss: 3512Mb L: 9/65418 MS: 2 ChangeBit-Custom-
#15719	NEW    cov: 1656 ft: 6795 corp: 611/1678Kb lim: 65536 exec/s: 924 rss: 3512Mb L: 4/65418 MS: 2 InsertByte-Custom-
#15737	NEW    cov: 1656 ft: 6795 corp: 611/1678Kb lim: 65536 exec/s: 925 rss: 3515Mb L: 2/65418 MS: 4 CustomCrossOver-ChangeASCIIInt-Custom-CustomCrossOver-
#15750	NEW    cov: 1656 ft: 6795 corp: 610/1678Kb lim: 65536 exec/s: 926 rss: 3518Mb L: 3/65418 MS: 5 PersAutoDict-Custom-InsertByte-Custom-CustomCrossOver- DE: "log_level"-
#15761	NEW    cov: 1656 ft: 6795 corp: 610/1678Kb lim: 65536 exec/s: 927 rss: 3520Mb L: 1/65418 MS: 2 ChangeByte-Custom-
#15763	NEW    cov: 1656 ft: 6795 corp: 611/1678Kb lim: 65536 exec/s: 927 rss: 3521Mb L: 6/65418 MS: 4 InsertByte-Custom-ShuffleBytes-Custom-
#15764	NEW    cov: 1656 ft: 6795 corp: 611/1678Kb lim: 65536 exec/s: 927 rss: 3521Mb L: 31/65418 MS: 2 ShuffleBytes-Custom-
#15765	NEW    cov: 1656 ft: 6795 corp: 611/1677Kb lim: 65536 exec/s: 927 rss: 3521Mb L: 20/65418 MS: 2 ManualDict-Custom- DE: "999999"-
#15772	NEW    cov: 1656 ft: 6796 corp: 612/1678Kb lim: 65536 exec/s: 927 rss: 3523Mb L: 183/65418 MS: 2 CustomCrossOver-CustomCrossOver-
#15809	NEW    cov: 1656 ft: 6796 corp: 612/1678Kb lim: 65536 exec/s: 929 rss: 3529Mb L: 5/65418 MS: 4 CopyPart-Custom-InsertByte-Custom-
#16015	RELOAD cov: 1656 ft: 6804 corp: 615/1791Kb lim: 65536 exec/s: 889 rss: 3575Mb
#16020	NEW    cov: 1656 ft: 6806 corp: 616/1792Kb lim: 65536 exec/s: 890 rss: 3575Mb L: 1149/65497 MS: 10 ManualDict-Custom-InsertByte-Custom-CMP-Custom-ChangeASCIIInt-Custom-InsertRepeatedBytes-Custom- DE: "rejects numeric entries"-"copy"-
#16047	NEW    cov: 1656 ft: 6806 corp: 616/1792Kb lim: 65536 exec/s: 891 rss: 3581Mb L: 2/65497 MS: 4 EraseBytes-Custom-ChangeBit-Custom-
#16058	NEW    cov: 1656 ft: 6806 corp: 617/1792Kb lim: 65536 exec/s: 892 rss: 3583Mb L: 2/65497 MS: 2 ShuffleBytes-Custom-
#16068	NEW    cov: 1656 ft: 6806 corp: 618/1792Kb lim: 65536 exec/s: 892 rss: 3585Mb L: 7/65497 MS: 10 ManualDict-Custom-PersAutoDict-Custom-EraseBytes-Custom-EraseBytes-Custom-ChangeBit-Custom- DE: "progress"-"\010\000"-
#16122	NEW    cov: 1656 ft: 6806 corp: 619/1792Kb lim: 65536 exec/s: 895 rss: 3597Mb L: 1/65497 MS: 8 ChangeByte-Custom-ShuffleBytes-Custom-InsertByte-Custom-EraseBytes-Custom-
#16128	NEW    cov: 1656 ft: 6807 corp: 620/1792Kb lim: 65536 exec/s: 896 rss: 3598Mb L: 79/65497 MS: 2 InsertRepeatedBytes-Custom-
#16168	NEW    cov: 1656 ft: 6808 corp: 621/1792Kb lim: 65536 exec/s: 898 rss: 3606Mb L: 23/65497 MS: 10 ChangeByte-Custom-ChangeBinInt-Custom-InsertByte-Custom-CMP-Custom-InsertByte-Custom- DE: "sol.so"-
#16185	NEW    cov: 1656 ft: 6808 corp: 621/1792Kb lim: 65536 exec/s: 899 rss: 3610Mb L: 69/65497 MS: 3 CustomCrossOver-CrossOver-Custom-
#16286	NEW    cov: 1656 ft: 6808 corp: 620/1792Kb lim: 65536 exec/s: 904 rss: 3631Mb L: 2/65497 MS: 2 ChangeByte-Custom-
#16322	NEW    cov: 1656 ft: 6808 corp: 620/1792Kb lim: 65536 exec/s: 906 rss: 3639Mb L: 1/65497 MS: 2 ChangeBit-Custom-
#16366	NEW    cov: 1656 ft: 6808 corp: 620/1792Kb lim: 65536 exec/s: 909 rss: 3649Mb L: 1/65497 MS: 5 CustomCrossOver-CustomCrossOver-CustomCrossOver-EraseBytes-Custom-
#16384	pulse  cov: 1656 ft: 6808 corp: 620/1792Kb lim: 65536 exec/s: 910 rss: 3653Mb
#16388	NEW    cov: 1656 ft: 6808 corp: 621/1792Kb lim: 65536 exec/s: 910 rss: 3654Mb L: 47/65497 MS: 4 ManualDict-Custom-InsertByte-Custom- DE: "duplicate"-
#16404	NEW    cov: 1656 ft: 6809 corp: 622/1793Kb lim: 65536 exec/s: 911 rss: 3658Mb L: 173/65497 MS: 2 EraseBytes-Custom-
#16419	NEW    cov: 1656 ft: 6809 corp: 622/1793Kb lim: 65536 exec/s: 912 rss: 3662Mb L: 25/65497 MS: 10 ShuffleBytes-Custom-PersAutoDict-Custom-ChangeBit-Custom-ChangeByte-Custom-ManualDict-Custom- DE: "\001\000\000\000\000\000\000L"-"dots"-
#16435	NEW    cov: 1656 ft: 6809 corp: 621/1791Kb lim: 65536 exec/s: 913 rss: 3665Mb L: 2/65497 MS: 2 ShuffleBytes-Custom-
#16450	NEW    cov: 1656 ft: 6809 corp: 621/1790Kb lim: 65536 exec/s: 913 rss: 3668Mb L: 41/65497 MS: 10 ChangeBinInt-Custom-CMP-Custom-CMP-Custom-EraseBytes-Custom-CMP-Custom- DE: "cwd"-"\000\001"-"join"-
#16467	NEW    cov: 1656 ft: 6809 corp: 621/1790Kb lim: 65536 exec/s: 914 rss: 3671Mb L: 10/65497 MS: 4 CrossOver-Custom-ManualDict-Custom- DE: "select"-
#16654	NEW    cov: 1656 ft: 6809 corp: 621/1790Kb lim: 65536 exec/s: 925 rss: 3710Mb L: 32/65497 MS: 2 CustomCrossOver-CustomCrossOver-
#16721	NEW    cov: 1656 ft: 6809 corp: 622/1823Kb lim: 65536 exec/s: 928 rss: 3724Mb L: 34128/65497 MS: 4 CMP-Custom-EraseBytes-Custom- DE: "\000\000\000\000"-
#16727	NEW    cov: 1656 ft: 6809 corp: 623/1823Kb lim: 65536 exec/s: 929 rss: 3725Mb L: 83/65497 MS: 2 ChangeByte-Custom-
#16728	NEW    cov: 1656 ft: 6809 corp: 623/1822Kb lim: 65536 exec/s: 929 rss: 3726Mb L: 107/65497 MS: 2 InsertRepeatedBytes-Custom-
#16737	NEW    cov: 1656 ft: 6809 corp: 623/1822Kb lim: 65536 exec/s: 929 rss: 3728Mb L: 25/65497 MS: 8 CopyPart-Custom-ShuffleBytes-Custom-CMP-Custom-InsertByte-Custom- DE: "sol.sol:"-
#16743	NEW    cov: 1656 ft: 6809 corp: 622/1822Kb lim: 65536 exec/s: 930 rss: 3729Mb L: 35/65497 MS: 2 PersAutoDict-Custom- DE: "braced"-
#16820	NEW    cov: 1656 ft: 6809 corp: 622/1822Kb lim: 65536 exec/s: 885 rss: 3745Mb L: 29/65497 MS: 4 ChangeBit-Custom-CMP-Custom- DE: "diff"-
#16886	NEW    cov: 1656 ft: 6809 corp: 623/1822Kb lim: 65536 exec/s: 888 rss: 3758Mb L: 2/65497 MS: 1 CustomCrossOver-
#16887	NEW    cov: 1656 ft: 6809 corp: 624/1822Kb lim: 65536 exec/s: 888 rss: 3758Mb L: 1/65497 MS: 2 CopyPart-Custom-
#16894	NEW    cov: 1656 ft: 6809 corp: 624/1822Kb lim: 65536 exec/s: 889 rss: 3760Mb L: 3/65497 MS: 3 CustomCrossOver-InsertByte-Custom-
#16905	NEW    cov: 1656 ft: 6809 corp: 624/1822Kb lim: 65536 exec/s: 889 rss: 3762Mb L: 2/65497 MS: 1 CustomCrossOver-
#17115	RELOAD cov: 1656 ft: 6837 corp: 637/2084Kb lim: 65536 exec/s: 900 rss: 3808Mb
#17146	NEW    cov: 1656 ft: 6838 corp: 638/2100Kb lim: 65536 exec/s: 902 rss: 3814Mb L: 16613/65527 MS: 2 PersAutoDict-Custom- DE: "]"-
#17182	NEW    cov: 1656 ft: 6838 corp: 638/2100Kb lim: 65536 exec/s: 904 rss: 3822Mb L: 2/65527 MS: 2 ShuffleBytes-Custom-
#17228	NEW    cov: 1656 ft: 6838 corp: 639/2100Kb lim: 65536 exec/s: 906 rss: 3831Mb L: 1/65527 MS: 2 EraseBytes-Custom-
#17234	NEW    cov: 1656 ft: 6838 corp: 639/2100Kb lim: 65536 exec/s: 907 rss: 3833Mb L: 35/65527 MS: 1 CustomCrossOver-
#17267	NEW    cov: 1656 ft: 6839 corp: 637/2100Kb lim: 65536 exec/s: 908 rss: 3840Mb L: 2/65527 MS: 5 CMP-Custom-CustomCrossOver-ShuffleBytes-Custom- DE: "sol.sol::"-
#17278	NEW    cov: 1656 ft: 6839 corp: 637/2100Kb lim: 65536 exec/s: 909 rss: 3843Mb L: 6/65527 MS: 2 ShuffleBytes-Custom-
#17279	NEW    cov: 1656 ft: 6839 corp: 637/2100Kb lim: 65536 exec/s: 909 rss: 3843Mb L: 21/65527 MS: 2 ChangeBit-Custom-
#17295	NEW    cov: 1656 ft: 6839 corp: 637/2100Kb lim: 65536 exec/s: 910 rss: 3846Mb L: 39/65527 MS: 2 InsertByte-Custom-
#17431	NEW    cov: 1656 ft: 6839 corp: 637/2100Kb lim: 65536 exec/s: 917 rss: 3876Mb L: 4/65527 MS: 2 CopyPart-Custom-
#17561	NEW    cov: 1656 ft: 6840 corp: 638/2100Kb lim: 65536 exec/s: 924 rss: 3903Mb L: 114/65527 MS: 10 InsertByte-Custom-ChangeBinInt-Custom-ChangeBit-Custom-ShuffleBytes-Custom-ChangeByte-Custom-
#17902	NEW    cov: 1656 ft: 6840 corp: 638/2100Kb lim: 65536 exec/s: 895 rss: 3978Mb L: 2/65527 MS: 2 CopyPart-Custom-
#17923	NEW    cov: 1656 ft: 6840 corp: 638/2100Kb lim: 65536 exec/s: 896 rss: 3983Mb L: 24511/65527 MS: 2 InsertByte-Custom-
#17924	NEW    cov: 1656 ft: 6840 corp: 637/2100Kb lim: 65536 exec/s: 896 rss: 3983Mb L: 2/65527 MS: 2 ShuffleBytes-Custom-
#17962	NEW    cov: 1656 ft: 6841 corp: 637/2098Kb lim: 65536 exec/s: 898 rss: 3992Mb L: 2043/65527 MS: 6 ChangeBinInt-Custom-PersAutoDict-Custom-EraseBytes-Custom- DE: "name"-
#17976	NEW    cov: 1656 ft: 6841 corp: 637/2098Kb lim: 65536 exec/s: 898 rss: 3995Mb L: 17/65527 MS: 7 CustomCrossOver-ChangeByte-Custom-ChangeBinInt-Custom-ChangeBinInt-Custom-
#18175	RELOAD cov: 1656 ft: 6856 corp: 644/2325Kb lim: 65536 exec/s: 908 rss: 4039Mb
#18241	NEW    cov: 1656 ft: 6856 corp: 645/2325Kb lim: 65536 exec/s: 912 rss: 4050Mb L: 1/65536 MS: 2 EraseBytes-Custom-
#18242	NEW    cov: 1656 ft: 6860 corp: 643/2259Kb lim: 65536 exec/s: 912 rss: 4051Mb L: 22/65536 MS: 2 ManualDict-Custom- DE: "phase-"-
#18308	NEW    cov: 1656 ft: 6860 corp: 643/2258Kb lim: 65536 exec/s: 915 rss: 4066Mb L: 346/65536 MS: 2 InsertRepeatedBytes-Custom-
#18474	NEW    cov: 1656 ft: 6860 corp: 643/2258Kb lim: 65536 exec/s: 923 rss: 4102Mb L: 2/65536 MS: 2 ChangeBinInt-Custom-
#18484	NEW    cov: 1656 ft: 6860 corp: 643/2258Kb lim: 65536 exec/s: 924 rss: 4105Mb L: 17/65536 MS: 10 InsertByte-Custom-ChangeBit-Custom-CMP-Custom-InsertByte-Custom-ChangeBit-Custom- DE: "\377\377\377\377\024\011\2724"-
#18601	NEW    cov: 1656 ft: 6860 corp: 644/2259Kb lim: 65536 exec/s: 885 rss: 4129Mb L: 1023/65536 MS: 2 CustomCrossOver-CustomCrossOver-
#18602	NEW    cov: 1656 ft: 6860 corp: 644/2234Kb lim: 65536 exec/s: 885 rss: 4129Mb L: 32727/65536 MS: 2 InsertByte-Custom-
#18686	NEW    cov: 1656 ft: 6860 corp: 645/2234Kb lim: 65536 exec/s: 889 rss: 4147Mb L: 9/65536 MS: 8 EraseBytes-Custom-ChangeBit-Custom-InsertByte-Custom-ChangeBinInt-Custom-
#18727	NEW    cov: 1656 ft: 6860 corp: 645/2234Kb lim: 65536 exec/s: 891 rss: 4155Mb L: 4/65536 MS: 2 ChangeBinInt-Custom-
#18735	NEW    cov: 1656 ft: 6860 corp: 645/2234Kb lim: 65536 exec/s: 892 rss: 4157Mb L: 79/65536 MS: 4 ChangeASCIIInt-Custom-CustomCrossOver-CustomCrossOver-
#18751	NEW    cov: 1656 ft: 6860 corp: 645/2234Kb lim: 65536 exec/s: 892 rss: 4161Mb L: 38/65536 MS: 2 InsertByte-Custom-
#18942	NEW    cov: 1656 ft: 6860 corp: 646/2234Kb lim: 65536 exec/s: 902 rss: 4203Mb L: 139/65536 MS: 2 ManualDict-Custom- DE: "truecolor"-
#19084	NEW    cov: 1656 ft: 6861 corp: 646/2234Kb lim: 65536 exec/s: 908 rss: 4233Mb L: 11/65536 MS: 2 CustomCrossOver-CustomCrossOver-
#19276	RELOAD cov: 1656 ft: 6870 corp: 655/2474Kb lim: 65536 exec/s: 917 rss: 4277Mb
#19384	NEW    cov: 1656 ft: 6871 corp: 656/2474Kb lim: 65536 exec/s: 923 rss: 4299Mb L: 30/65536 MS: 6 ManualDict-Custom-ShuffleBytes-Custom-ChangeByte-Custom- DE: "Lua error"-
#19410	NEW    cov: 1656 ft: 6872 corp: 657/2474Kb lim: 65536 exec/s: 924 rss: 4304Mb L: 125/65536 MS: 1 CustomCrossOver-
#19478	NEW    cov: 1656 ft: 6872 corp: 657/2472Kb lim: 65536 exec/s: 927 rss: 4317Mb L: 9865/65536 MS: 6 CopyPart-Custom-ChangeBit-Custom-EraseBytes-Custom-
#19614	NEW    cov: 1656 ft: 6872 corp: 657/2472Kb lim: 65536 exec/s: 891 rss: 4346Mb L: 11/65536 MS: 2 ManualDict-Custom- DE: "indicator"-
#19780	NEW    cov: 1656 ft: 6873 corp: 656/2415Kb lim: 65536 exec/s: 899 rss: 4378Mb L: 16403/65536 MS: 2 ChangeBinInt-Custom-
#19945	NEW    cov: 1656 ft: 6873 corp: 656/2415Kb lim: 65536 exec/s: 906 rss: 4413Mb L: 14/65536 MS: 10 CMP-Custom-InsertByte-Custom-ChangeBinInt-Custom-EraseBytes-Custom-ChangeByte-Custom- DE: "set"-
#20076	NEW    cov: 1656 ft: 6876 corp: 656/2391Kb lim: 65536 exec/s: 912 rss: 4442Mb L: 36184/65536 MS: 2 ChangeByte-Custom-
#20086	NEW    cov: 1656 ft: 6880 corp: 657/2395Kb lim: 65536 exec/s: 913 rss: 4444Mb L: 3804/65536 MS: 10 InsertRepeatedBytes-Custom-ShuffleBytes-Custom-EraseBytes-Custom-ChangeBit-Custom-InsertRepeatedBytes-Custom-
#20117	NEW    cov: 1656 ft: 6880 corp: 657/2395Kb lim: 65536 exec/s: 914 rss: 4450Mb L: 1/65536 MS: 2 ChangeByte-Custom-
#20140	NEW    cov: 1656 ft: 6880 corp: 658/2395Kb lim: 65536 exec/s: 915 rss: 4455Mb L: 4/65536 MS: 6 InsertByte-Custom-EraseBytes-Custom-ChangeBit-Custom-
#20191	NEW    cov: 1656 ft: 6880 corp: 659/2395Kb lim: 65536 exec/s: 917 rss: 4466Mb L: 2/65536 MS: 2 EraseBytes-Custom-
#20345	RELOAD cov: 1656 ft: 6881 corp: 661/2381Kb lim: 65536 exec/s: 924 rss: 4500Mb
#20506	NEW    cov: 1656 ft: 6881 corp: 661/2381Kb lim: 65536 exec/s: 891 rss: 4533Mb L: 1/65536 MS: 1 CustomCrossOver-
#20558	NEW    cov: 1656 ft: 6882 corp: 661/2381Kb lim: 65536 exec/s: 893 rss: 4544Mb L: 65533/65536 MS: 4 ChangeASCIIInt-Custom-InsertByte-Custom-
#20580	NEW    cov: 1656 ft: 6883 corp: 662/2381Kb lim: 65536 exec/s: 894 rss: 4549Mb L: 218/65536 MS: 4 InsertRepeatedBytes-Custom-InsertRepeatedBytes-Custom-
#20783	NEW    cov: 1656 ft: 6884 corp: 663/2381Kb lim: 65536 exec/s: 903 rss: 4593Mb L: 6/65536 MS: 4 CustomCrossOver-CustomCrossOver-ChangeBit-Custom-
#20865	NEW    cov: 1656 ft: 6884 corp: 663/2381Kb lim: 65536 exec/s: 907 rss: 4612Mb L: 2/65536 MS: 3 CMP-Custom-CustomCrossOver- DE: "epoc"-
#20871	NEW    cov: 1656 ft: 6884 corp: 664/2381Kb lim: 65536 exec/s: 907 rss: 4613Mb L: 17/65536 MS: 2 ChangeByte-Custom-
#20937	NEW    cov: 1656 ft: 6885 corp: 665/2381Kb lim: 65536 exec/s: 910 rss: 4628Mb L: 2/65536 MS: 1 CustomCrossOver-
#20938	NEW    cov: 1656 ft: 6885 corp: 665/2381Kb lim: 65536 exec/s: 910 rss: 4628Mb L: 20/65536 MS: 2 CrossOver-Custom-
#20971	NEW    cov: 1656 ft: 6886 corp: 666/2381Kb lim: 65536 exec/s: 911 rss: 4635Mb L: 43/65536 MS: 5 InsertRepeatedBytes-Custom-CustomCrossOver-InsertRepeatedBytes-Custom-
#20991	NEW    cov: 1656 ft: 6886 corp: 666/2381Kb lim: 65536 exec/s: 912 rss: 4639Mb L: 17/65536 MS: 10 ShuffleBytes-Custom-CopyPart-Custom-InsertByte-Custom-ManualDict-Custom-ChangeBinInt-Custom- DE: "blocks"-
#20992	NEW    cov: 1656 ft: 6886 corp: 667/2381Kb lim: 65536 exec/s: 912 rss: 4639Mb L: 26/65536 MS: 2 CopyPart-Custom-
#21028	NEW    cov: 1656 ft: 6886 corp: 667/2381Kb lim: 65536 exec/s: 914 rss: 4647Mb L: 18/65536 MS: 2 ChangeBit-Custom-
#21034	NEW    cov: 1656 ft: 6886 corp: 667/2381Kb lim: 65536 exec/s: 914 rss: 4647Mb L: 7/65536 MS: 2 InsertByte-Custom-
#21101	NEW    cov: 1656 ft: 6886 corp: 668/2381Kb lim: 65536 exec/s: 917 rss: 4661Mb L: 6/65536 MS: 4 ChangeBinInt-Custom-EraseBytes-Custom-
#21102	NEW    cov: 1656 ft: 6886 corp: 668/2381Kb lim: 65536 exec/s: 917 rss: 4661Mb L: 4/65536 MS: 2 InsertByte-Custom-
#21326	RELOAD cov: 1656 ft: 6892 corp: 668/2362Kb lim: 65536 exec/s: 888 rss: 4710Mb
#21329	NEW    cov: 1656 ft: 6895 corp: 669/2362Kb lim: 65536 exec/s: 888 rss: 4710Mb L: 15/65536 MS: 6 InsertByte-Custom-CopyPart-Custom-ChangeBit-Custom-
#21440	NEW    cov: 1656 ft: 6896 corp: 668/2362Kb lim: 65536 exec/s: 893 rss: 4735Mb L: 95/65536 MS: 2 ManualDict-Custom- DE: "gzip"-
#21478	NEW    cov: 1656 ft: 6897 corp: 669/2362Kb lim: 65536 exec/s: 894 rss: 4743Mb L: 97/65536 MS: 6 ShuffleBytes-Custom-InsertByte-Custom-ShuffleBytes-Custom-
#21539	NEW    cov: 1656 ft: 6897 corp: 670/2363Kb lim: 65536 exec/s: 897 rss: 4757Mb L: 97/65536 MS: 2 InsertRepeatedBytes-Custom-
#21645	NEW    cov: 1656 ft: 6897 corp: 670/2316Kb lim: 65536 exec/s: 901 rss: 4782Mb L: 18141/65536 MS: 2 ChangeByte-Custom-
#21651	NEW    cov: 1656 ft: 6898 corp: 671/2316Kb lim: 65536 exec/s: 902 rss: 4783Mb L: 6/65536 MS: 2 ManualDict-Custom- DE: "clean"-
#21818	NEW    cov: 1656 ft: 6898 corp: 671/2316Kb lim: 65536 exec/s: 909 rss: 4820Mb L: 2/65536 MS: 4 ChangeBit-Custom-EraseBytes-Custom-
#21881	NEW    cov: 1656 ft: 6898 corp: 671/2316Kb lim: 65536 exec/s: 911 rss: 4833Mb L: 8572/65536 MS: 6 ShuffleBytes-Custom-ChangeBit-Custom-InsertByte-Custom-
#22064	NEW    cov: 1656 ft: 6898 corp: 671/2316Kb lim: 65536 exec/s: 919 rss: 4873Mb L: 1/65536 MS: 4 CustomCrossOver-CMP-Custom-CustomCrossOver- DE: "\001\000"-
#22065	NEW    cov: 1656 ft: 6898 corp: 669/2316Kb lim: 65536 exec/s: 919 rss: 4873Mb L: 4/65536 MS: 2 CrossOver-Custom-
#22069	NEW    cov: 1656 ft: 6898 corp: 669/2316Kb lim: 65536 exec/s: 919 rss: 4874Mb L: 2/65536 MS: 6 CustomCrossOver-CMP-Custom-CMP-Custom-CustomCrossOver- DE: "_CLIB"-"sol.so"-
#22282	RELOAD cov: 1656 ft: 6898 corp: 668/2236Kb lim: 65536 exec/s: 891 rss: 4919Mb
#22410	NEW    cov: 1656 ft: 6898 corp: 668/2236Kb lim: 65536 exec/s: 896 rss: 4946Mb L: 20/65536 MS: 5 ShuffleBytes-Custom-ManualDict-Custom-CustomCrossOver- DE: "compress"-
#22594	NEW    cov: 1656 ft: 6899 corp: 669/2236Kb lim: 65536 exec/s: 903 rss: 4985Mb L: 16/65536 MS: 8 InsertByte-Custom-EraseBytes-Custom-ChangeBinInt-Custom-InsertRepeatedBytes-Custom-
#22745	NEW    cov: 1656 ft: 6899 corp: 669/2236Kb lim: 65536 exec/s: 909 rss: 5014Mb L: 16/65536 MS: 2 ChangeBinInt-Custom-
#22752	NEW    cov: 1656 ft: 6901 corp: 670/2254Kb lim: 65536 exec/s: 910 rss: 5016Mb L: 18228/65536 MS: 4 ManualDict-Custom-InsertRepeatedBytes-Custom- DE: "always"-
#22757	NEW    cov: 1656 ft: 6902 corp: 671/2258Kb lim: 65536 exec/s: 910 rss: 5017Mb L: 4098/65536 MS: 8 CopyPart-Custom-CustomCrossOver-InsertByte-Custom-CustomCrossOver-ManualDict-Custom- DE: "gzip"-
#22763	NEW    cov: 1656 ft: 6902 corp: 672/2258Kb lim: 65536 exec/s: 910 rss: 5019Mb L: 1/65536 MS: 2 EraseBytes-Custom-
#22873	NEW    cov: 1656 ft: 6905 corp: 673/2258Kb lim: 65536 exec/s: 914 rss: 5042Mb L: 26/65536 MS: 10 InsertByte-Custom-EraseBytes-Custom-EraseBytes-Custom-ManualDict-Custom-ChangeByte-Custom- DE: "references undefined step"-
#23122	NEW    cov: 1656 ft: 6905 corp: 673/2258Kb lim: 65536 exec/s: 889 rss: 5097Mb L: 2/65536 MS: 6 ChangeByte-Custom-ChangeByte-Custom-CustomCrossOver-CustomCrossOver-
#23194	NEW    cov: 1656 ft: 6905 corp: 673/2258Kb lim: 65536 exec/s: 892 rss: 5112Mb L: 2/65536 MS: 2 CustomCrossOver-CustomCrossOver-
#23325	RELOAD cov: 1656 ft: 6916 corp: 672/2167Kb lim: 65536 exec/s: 897 rss: 5142Mb
#23447	NEW    cov: 1656 ft: 6916 corp: 672/2167Kb lim: 65536 exec/s: 901 rss: 5168Mb L: 4/65536 MS: 4 ChangeByte-Custom-ChangeBit-Custom-
#23803	NEW    cov: 1656 ft: 6917 corp: 673/2167Kb lim: 65536 exec/s: 915 rss: 5245Mb L: 34/65536 MS: 2 EraseBytes-Custom-
#23835	NEW    cov: 1656 ft: 6917 corp: 674/2167Kb lim: 65536 exec/s: 916 rss: 5252Mb L: 11/65536 MS: 4 EraseBytes-Custom-PersAutoDict-Custom- DE: "rawset"-
#23869	NEW    cov: 1656 ft: 6917 corp: 674/2167Kb lim: 65536 exec/s: 918 rss: 5258Mb L: 1028/65536 MS: 7 ChangeBinInt-Custom-CustomCrossOver-CrossOver-Custom-InsertByte-Custom-
#23933	NEW    cov: 1656 ft: 6918 corp: 675/2173Kb lim: 65536 exec/s: 920 rss: 5270Mb L: 5521/65536 MS: 8 InsertRepeatedBytes-Custom-ShuffleBytes-Custom-ChangeASCIIInt-Custom-ChangeByte-Custom-
#23952	NEW    cov: 1656 ft: 6918 corp: 675/2172Kb lim: 65536 exec/s: 921 rss: 5273Mb L: 1/65536 MS: 8 EraseBytes-Custom-ShuffleBytes-Custom-CopyPart-Custom-EraseBytes-Custom-
#23982	NEW    cov: 1656 ft: 6918 corp: 675/2172Kb lim: 65536 exec/s: 922 rss: 5279Mb L: 17/65536 MS: 10 PersAutoDict-Custom-ManualDict-Custom-ChangeByte-Custom-ShuffleBytes-Custom-EraseBytes-Custom- DE: "artifacts"-"dotenv_overrides_system"-
#24032	NEW    cov: 1656 ft: 6918 corp: 675/2172Kb lim: 65536 exec/s: 890 rss: 5289Mb L: 7/65536 MS: 10 CopyPart-Custom-CMP-Custom-ManualDict-Custom-CMP-Custom-InsertByte-Custom- DE: "__gc"-"else"-"\003\000\000\000"-
#24133	NEW    cov: 1656 ft: 6918 corp: 675/2172Kb lim: 65536 exec/s: 893 rss: 5310Mb L: 79/65536 MS: 2 CopyPart-Custom-
#24186	NEW    cov: 1656 ft: 6918 corp: 675/2172Kb lim: 65536 exec/s: 895 rss: 5321Mb L: 2/65536 MS: 3 CustomCrossOver-CustomCrossOver-CustomCrossOver-
#24201	NEW    cov: 1656 ft: 6918 corp: 676/2172Kb lim: 65536 exec/s: 896 rss: 5325Mb L: 26/65536 MS: 10 ChangeByte-Custom-ChangeByte-Custom-EraseBytes-Custom-ManualDict-Custom-CMP-Custom- DE: "adversarial-cache"-"\012\000\000\000\000\000\000\000"-
#24207	NEW    cov: 1656 ft: 6918 corp: 676/2172Kb lim: 65536 exec/s: 896 rss: 5326Mb L: 4/65536 MS: 2 CopyPart-Custom-
#24218	NEW    cov: 1656 ft: 6918 corp: 676/2172Kb lim: 65536 exec/s: 896 rss: 5328Mb L: 62/65536 MS: 1 CustomCrossOver-
#24244	NEW    cov: 1656 ft: 6919 corp: 677/2181Kb lim: 65536 exec/s: 897 rss: 5334Mb L: 8539/65536 MS: 2 CopyPart-Custom-
#24402	RELOAD cov: 1656 ft: 6923 corp: 679/2156Kb lim: 65536 exec/s: 903 rss: 5368Mb
#24558	NEW    cov: 1656 ft: 6924 corp: 680/2193Kb lim: 65536 exec/s: 909 rss: 5401Mb L: 37486/65536 MS: 2 ChangeByte-Custom-
#24929	NEW    cov: 1656 ft: 6924 corp: 680/2188Kb lim: 65536 exec/s: 923 rss: 5477Mb L: 15359/65536 MS: 2 ManualDict-Custom- DE: "true"-
#24946	NEW    cov: 1656 ft: 6931 corp: 681/2189Kb lim: 65536 exec/s: 890 rss: 5480Mb L: 137/65536 MS: 4 ManualDict-Custom-ManualDict-Custom- DE: "hash"-"artifact"-
#25092	NEW    cov: 1656 ft: 6931 corp: 682/2189Kb lim: 65536 exec/s: 896 rss: 5512Mb L: 3/65536 MS: 2 InsertByte-Custom-
#25143	NEW    cov: 1656 ft: 6935 corp: 683/2189Kb lim: 65536 exec/s: 897 rss: 5521Mb L: 2/65536 MS: 2 ShuffleBytes-Custom-
#25191	NEW    cov: 1656 ft: 6935 corp: 683/2189Kb lim: 65536 exec/s: 899 rss: 5532Mb L: 5/65536 MS: 6 CMP-Custom-ChangeBinInt-Custom-ChangeBinInt-Custom- DE: "tri"-
#25287	NEW    cov: 1656 ft: 6935 corp: 683/2189Kb lim: 65536 exec/s: 903 rss: 5550Mb L: 3/65536 MS: 2 ChangeBit-Custom-
#25431	RELOAD cov: 1656 ft: 6935 corp: 685/2220Kb lim: 65536 exec/s: 908 rss: 5581Mb
#25827	NEW    cov: 1656 ft: 6935 corp: 685/2220Kb lim: 65536 exec/s: 922 rss: 5665Mb L: 4/65536 MS: 2 ChangeBit-Custom-
#25877	NEW    cov: 1656 ft: 6940 corp: 686/2220Kb lim: 65536 exec/s: 892 rss: 5676Mb L: 10/65536 MS: 10 ChangeBit-Custom-ChangeBit-Custom-CMP-Custom-PersAutoDict-Custom-ShuffleBytes-Custom- DE: "sol."-"\001\000\000\000\000\000\000\011"-
#25954	NEW    cov: 1656 ft: 6940 corp: 686/2216Kb lim: 65536 exec/s: 894 rss: 5693Mb L: 64/65536 MS: 4 InsertRepeatedBytes-Custom-ChangeBit-Custom-
#26407	RELOAD cov: 1656 ft: 6941 corp: 686/2211Kb lim: 65536 exec/s: 910 rss: 5788Mb
#26508	NEW    cov: 1656 ft: 6942 corp: 687/2215Kb lim: 65536 exec/s: 914 rss: 5809Mb L: 4142/65536 MS: 2 CopyPart-Custom-
#26549	NEW    cov: 1656 ft: 6942 corp: 686/2215Kb lim: 65536 exec/s: 915 rss: 5817Mb L: 25/65536 MS: 2 EraseBytes-Custom-
#26552	NEW    cov: 1656 ft: 6942 corp: 686/2215Kb lim: 65536 exec/s: 915 rss: 5818Mb L: 10/65536 MS: 6 ChangeByte-Custom-ChangeBinInt-Custom-EraseBytes-Custom-
#26588	NEW    cov: 1656 ft: 6942 corp: 686/2215Kb lim: 65536 exec/s: 916 rss: 5827Mb L: 3/65536 MS: 2 CopyPart-Custom-
#26594	NEW    cov: 1656 ft: 6942 corp: 687/2215Kb lim: 65536 exec/s: 917 rss: 5829Mb L: 2/65536 MS: 2 EraseBytes-Custom-
#26595	NEW    cov: 1656 ft: 6942 corp: 687/2215Kb lim: 65536 exec/s: 917 rss: 5829Mb L: 9/65536 MS: 2 ChangeBinInt-Custom-
#26614	NEW    cov: 1656 ft: 6943 corp: 688/2215Kb lim: 65536 exec/s: 917 rss: 5833Mb L: 73/65536 MS: 8 InsertRepeatedBytes-Custom-ShuffleBytes-Custom-EraseBytes-Custom-InsertRepeatedBytes-Custom-
#26615	NEW    cov: 1656 ft: 6944 corp: 689/2247Kb lim: 65536 exec/s: 917 rss: 5833Mb L: 32756/65536 MS: 2 PersAutoDict-Custom- DE: "mode"-
#26661	NEW    cov: 1656 ft: 6944 corp: 689/2247Kb lim: 65536 exec/s: 919 rss: 5844Mb L: 27/65536 MS: 2 ChangeBit-Custom-
#26663	NEW    cov: 1656 ft: 6945 corp: 690/2273Kb lim: 65536 exec/s: 919 rss: 5844Mb L: 26705/65536 MS: 3 CrossOver-Custom-CustomCrossOver-
#26889	NEW    cov: 1656 ft: 6945 corp: 690/2273Kb lim: 65536 exec/s: 896 rss: 5891Mb L: 19/65536 MS: 2 ChangeByte-Custom-
#26898	NEW    cov: 1656 ft: 6945 corp: 690/2273Kb lim: 65536 exec/s: 896 rss: 5893Mb L: 19/65536 MS: 5 CustomCrossOver-CustomCrossOver-CustomCrossOver-InsertRepeatedBytes-Custom-
#26912	NEW    cov: 1656 ft: 6945 corp: 690/2273Kb lim: 65536 exec/s: 897 rss: 5897Mb L: 28/65536 MS: 8 ChangeBit-Custom-ManualDict-Custom-InsertByte-Custom-PersAutoDict-Custom- DE: "wf-"-"PBO\036\000\000\000\000"-
#26928	NEW    cov: 1656 ft: 6945 corp: 690/2273Kb lim: 65536 exec/s: 897 rss: 5900Mb L: 1/65536 MS: 1 CustomCrossOver-
#26929	NEW    cov: 1656 ft: 6949 corp: 691/2273Kb lim: 65536 exec/s: 897 rss: 5900Mb L: 76/65536 MS: 2 ChangeBit-Custom-
#26955	NEW    cov: 1656 ft: 6949 corp: 691/2273Kb lim: 65536 exec/s: 898 rss: 5906Mb L: 2/65536 MS: 2 ChangeBit-Custom-
#27014	NEW    cov: 1656 ft: 6949 corp: 691/2269Kb lim: 65536 exec/s: 900 rss: 5919Mb L: 8151/65536 MS: 8 EraseBytes-Custom-ManualDict-Custom-EraseBytes-Custom-ShuffleBytes-Custom- DE: "BEEZ_FZ_"-
#27026	NEW    cov: 1656 ft: 6950 corp: 692/2269Kb lim: 65536 exec/s: 900 rss: 5922Mb L: 3/65536 MS: 4 ChangeByte-Custom-CopyPart-Custom-
#27169	NEW    cov: 1656 ft: 6950 corp: 692/2269Kb lim: 65536 exec/s: 905 rss: 5954Mb L: 18/65536 MS: 6 ChangeBinInt-Custom-PersAutoDict-Custom-ChangeBit-Custom- DE: "\001\000\000\003"-
#27411	RELOAD cov: 1656 ft: 6950 corp: 692/2254Kb lim: 65536 exec/s: 913 rss: 6004Mb
#27499	NEW    cov: 1656 ft: 6950 corp: 691/2250Kb lim: 65536 exec/s: 916 rss: 6022Mb L: 8/65536 MS: 4 CustomCrossOver-InsertByte-Custom-CustomCrossOver-
#27592	NEW    cov: 1656 ft: 6950 corp: 692/2250Kb lim: 65536 exec/s: 919 rss: 6041Mb L: 1/65536 MS: 6 ChangeBit-Custom-ChangeByte-Custom-ChangeBit-Custom-
#27765	NEW    cov: 1656 ft: 6950 corp: 692/2250Kb lim: 65536 exec/s: 895 rss: 6077Mb L: 25/65536 MS: 6 CopyPart-Custom-ChangeBit-Custom-PersAutoDict-Custom- DE: "\200\377\377\377\377\377\377\376"-
#27846	NEW    cov: 1656 ft: 6950 corp: 692/2237Kb lim: 65536 exec/s: 898 rss: 6094Mb L: 24680/65536 MS: 2 InsertRepeatedBytes-Custom-
#27887	NEW    cov: 1656 ft: 6950 corp: 692/2237Kb lim: 65536 exec/s: 899 rss: 6100Mb L: 19/65536 MS: 2 CMP-Custom- DE: "\001\000\000\000\000\000\000\004"-
#27980	NEW    cov: 1656 ft: 6952 corp: 691/2237Kb lim: 65536 exec/s: 902 rss: 6121Mb L: 2/65536 MS: 4 CopyPart-Custom-CustomCrossOver-CustomCrossOver-
#28118	NEW    cov: 1656 ft: 6952 corp: 692/2237Kb lim: 65536 exec/s: 907 rss: 6151Mb L: 17/65536 MS: 6 ShuffleBytes-Custom-EraseBytes-Custom-InsertByte-Custom-
#28119	NEW    cov: 1656 ft: 6952 corp: 692/2237Kb lim: 65536 exec/s: 907 rss: 6152Mb L: 16/65536 MS: 2 ChangeByte-Custom-
#28354	NEW    cov: 1656 ft: 6955 corp: 693/2273Kb lim: 65536 exec/s: 914 rss: 6199Mb L: 36769/65536 MS: 10 CopyPart-Custom-EraseBytes-Custom-ChangeBit-Custom-InsertByte-Custom-ChangeBit-Custom-
#28472	RELOAD cov: 1656 ft: 6955 corp: 694/2273Kb lim: 65536 exec/s: 918 rss: 6223Mb
#28494	NEW    cov: 1656 ft: 6955 corp: 694/2273Kb lim: 65536 exec/s: 919 rss: 6226Mb L: 2/65536 MS: 2 CustomCrossOver-CustomCrossOver-
#28496	NEW    cov: 1656 ft: 6957 corp: 693/2273Kb lim: 65536 exec/s: 919 rss: 6226Mb L: 23/65536 MS: 4 ManualDict-Custom-EraseBytes-Custom- DE: "output"-
#28497	NEW    cov: 1656 ft: 6957 corp: 693/2273Kb lim: 65536 exec/s: 919 rss: 6226Mb L: 11/65536 MS: 2 EraseBytes-Custom-
#28651	NEW    cov: 1656 ft: 6958 corp: 694/2273Kb lim: 65536 exec/s: 895 rss: 6260Mb L: 24/65536 MS: 6 CustomCrossOver-CustomCrossOver-ChangeByte-Custom-EraseBytes-Custom-
#28752	NEW    cov: 1656 ft: 6958 corp: 694/2269Kb lim: 65536 exec/s: 898 rss: 6282Mb L: 127/65536 MS: 2 CMP-Custom- DE: "\000\032"-
#28804	NEW    cov: 1656 ft: 6958 corp: 695/2269Kb lim: 65536 exec/s: 900 rss: 6294Mb L: 1/65536 MS: 4 ChangeBinInt-Custom-EraseBytes-Custom-
#28860	NEW    cov: 1656 ft: 6958 corp: 695/2269Kb lim: 65536 exec/s: 901 rss: 6306Mb L: 15/65536 MS: 2 ManualDict-Custom- DE: "typo_section"-
#28948	NEW    cov: 1656 ft: 6958 corp: 695/2269Kb lim: 65536 exec/s: 904 rss: 6325Mb L: 15/65536 MS: 5 CrossOver-Custom-CustomCrossOver-CMP-Custom- DE: "\362\3021\236\001\000\000\000"-
#29042	NEW    cov: 1656 ft: 6958 corp: 695/2269Kb lim: 65536 exec/s: 907 rss: 6343Mb L: 3/65536 MS: 8 EraseBytes-Custom-ShuffleBytes-Custom-CopyPart-Custom-ChangeBit-Custom-
#29086	NEW    cov: 1656 ft: 6958 corp: 695/2269Kb lim: 65536 exec/s: 908 rss: 6352Mb L: 20/65536 MS: 8 CopyPart-Custom-ManualDict-Custom-ManualDict-Custom-EraseBytes-Custom- DE: "seed"-"end"-
#29102	NEW    cov: 1656 ft: 6958 corp: 695/2269Kb lim: 65536 exec/s: 909 rss: 6356Mb L: 3/65536 MS: 2 ShuffleBytes-Custom-
#29118	NEW    cov: 1656 ft: 6958 corp: 695/2269Kb lim: 65536 exec/s: 909 rss: 6359Mb L: 8/65536 MS: 2 EraseBytes-Custom-
#29255	NEW    cov: 1656 ft: 6958 corp: 695/2269Kb lim: 65536 exec/s: 914 rss: 6388Mb L: 65286/65536 MS: 4 PersAutoDict-Custom-CopyPart-Custom- DE: "cwd"-
#29273	NEW    cov: 1656 ft: 6963 corp: 696/2320Kb lim: 65536 exec/s: 914 rss: 6392Mb L: 51365/65536 MS: 6 CopyPart-Custom-InsertRepeatedBytes-Custom-InsertByte-Custom-
#29375	NEW    cov: 1656 ft: 6963 corp: 696/2319Kb lim: 65536 exec/s: 917 rss: 6415Mb L: 21/65536 MS: 2 CustomCrossOver-CustomCrossOver-
#29478	RELOAD cov: 1656 ft: 6963 corp: 695/2300Kb lim: 65536 exec/s: 921 rss: 6437Mb
#29489	NEW    cov: 1656 ft: 6963 corp: 695/2300Kb lim: 65536 exec/s: 921 rss: 6439Mb L: 17/65536 MS: 2 ChangeByte-Custom-
#29616	NEW    cov: 1656 ft: 6963 corp: 695/2300Kb lim: 65536 exec/s: 897 rss: 6466Mb L: 2/65536 MS: 2 CustomCrossOver-CustomCrossOver-
#29697	NEW    cov: 1656 ft: 6963 corp: 694/2300Kb lim: 65536 exec/s: 899 rss: 6482Mb L: 9/65536 MS: 2 CrossOver-Custom-
#29829	NEW    cov: 1656 ft: 6963 corp: 694/2300Kb lim: 65536 exec/s: 903 rss: 6510Mb L: 30/65536 MS: 2 CustomCrossOver-CustomCrossOver-
#29836	NEW    cov: 1656 ft: 6963 corp: 694/2298Kb lim: 65536 exec/s: 904 rss: 6512Mb L: 2303/65536 MS: 4 ChangeBinInt-Custom-ChangeBinInt-Custom-
#29855	NEW    cov: 1656 ft: 6963 corp: 695/2307Kb lim: 65536 exec/s: 904 rss: 6516Mb L: 8461/65536 MS: 8 CMP-Custom-CopyPart-Custom-InsertByte-Custom-ManualDict-Custom- DE: "so"-"use_mmap_for_hashing"-
#29953	NEW    cov: 1656 ft: 6963 corp: 695/2306Kb lim: 65536 exec/s: 907 rss: 6538Mb L: 33409/65536 MS: 6 PersAutoDict-Custom-PersAutoDict-Custom-ChangeByte-Custom- DE: "verbose"-"enabled"-
#30056	NEW    cov: 1656 ft: 6963 corp: 695/2306Kb lim: 65536 exec/s: 910 rss: 6557Mb L: 8440/65536 MS: 4 CustomCrossOver-CustomCrossOver-CrossOver-Custom-
#30132	NEW    cov: 1656 ft: 6964 corp: 695/2306Kb lim: 65536 exec/s: 913 rss: 6574Mb L: 31/65536 MS: 2 CopyPart-Custom-
#30143	NEW    cov: 1656 ft: 6964 corp: 694/2306Kb lim: 65536 exec/s: 913 rss: 6576Mb L: 5/65536 MS: 2 CMP-Custom- DE: "beez"-
#30297	RELOAD cov: 1656 ft: 6966 corp: 698/2315Kb lim: 65536 exec/s: 891 rss: 6611Mb
#30742	NEW    cov: 1656 ft: 6966 corp: 698/2315Kb lim: 65536 exec/s: 904 rss: 6655Mb L: 3/65536 MS: 8 CustomCrossOver-CopyPart-Custom-ChangeByte-Custom-ShuffleBytes-Custom-CustomCrossOver-
#30764	NEW    cov: 1656 ft: 6967 corp: 699/2315Kb lim: 65536 exec/s: 904 rss: 6656Mb L: 59/65536 MS: 4 InsertRepeatedBytes-Custom-ChangeBit-Custom-
#30800	NEW    cov: 1656 ft: 6967 corp: 699/2315Kb lim: 65536 exec/s: 905 rss: 6657Mb L: 20/65536 MS: 2 InsertByte-Custom-
#30805	NEW    cov: 1656 ft: 6967 corp: 699/2303Kb lim: 65536 exec/s: 906 rss: 6657Mb L: 44605/65536 MS: 10 ChangeASCIIInt-Custom-ChangeASCIIInt-Custom-ChangeBit-Custom-CMP-Custom-EraseBytes-Custom- DE: "\017\000\000\000\000\000\000\000"-
#30839	NEW    cov: 1656 ft: 6967 corp: 699/2303Kb lim: 65536 exec/s: 907 rss: 6657Mb L: 2/65536 MS: 6 CustomCrossOver-CopyPart-Custom-CMP-Custom-CustomCrossOver- DE: "<\000\000\000\000\000\000\000"-
#30948	NEW    cov: 1656 ft: 6967 corp: 699/2303Kb lim: 65536 exec/s: 910 rss: 6659Mb L: 53/65536 MS: 8 CMP-Custom-ChangeBit-Custom-CopyPart-Custom-CopyPart-Custom- DE: "__gc"-
#31062	RELOAD cov: 1656 ft: 6967 corp: 699/2296Kb lim: 65536 exec/s: 887 rss: 6664Mb
#31103	NEW    cov: 1656 ft: 6967 corp: 698/2296Kb lim: 65536 exec/s: 888 rss: 6665Mb L: 23/65536 MS: 2 PersAutoDict-Custom- DE: "artifact"-
#31104	NEW    cov: 1656 ft: 6967 corp: 698/2296Kb lim: 65536 exec/s: 888 rss: 6665Mb L: 3/65536 MS: 2 ShuffleBytes-Custom-
#31118	NEW    cov: 1656 ft: 6967 corp: 699/2296Kb lim: 65536 exec/s: 889 rss: 6665Mb L: 3/65536 MS: 5 CustomCrossOver-CustomCrossOver-CustomCrossOver-ChangeByte-Custom-
#31190	NEW    cov: 1656 ft: 6967 corp: 699/2296Kb lim: 65536 exec/s: 891 rss: 6666Mb L: 1/65536 MS: 3 CrossOver-Custom-CustomCrossOver-
#31251	NEW    cov: 1656 ft: 6967 corp: 699/2296Kb lim: 65536 exec/s: 892 rss: 6666Mb L: 40/65536 MS: 2 PersAutoDict-Custom- DE: "ipairs"-
#31277	NEW    cov: 1656 ft: 6967 corp: 699/2296Kb lim: 65536 exec/s: 893 rss: 6666Mb L: 8/65536 MS: 2 ChangeBit-Custom-
#31374	NEW    cov: 1656 ft: 6967 corp: 700/2296Kb lim: 65536 exec/s: 896 rss: 6675Mb L: 1/65536 MS: 4 ShuffleBytes-Custom-EraseBytes-Custom-
#31489	NEW    cov: 1656 ft: 6968 corp: 699/2295Kb lim: 65536 exec/s: 899 rss: 6678Mb L: 30/65536 MS: 9 InsertByte-Custom-PersAutoDict-Custom-CustomCrossOver-ShuffleBytes-Custom-InsertByte-Custom- DE: "\377\377\377\377\024\011\2724"-
#31490	NEW    cov: 1656 ft: 6968 corp: 698/2295Kb lim: 65536 exec/s: 899 rss: 6678Mb L: 2/65536 MS: 1 CustomCrossOver-
#31496	NEW    cov: 1656 ft: 6968 corp: 699/2296Kb lim: 65536 exec/s: 899 rss: 6678Mb L: 1101/65536 MS: 2 ChangeBinInt-Custom-
#31708	NEW    cov: 1656 ft: 6968 corp: 699/2296Kb lim: 65536 exec/s: 880 rss: 6680Mb L: 32/65536 MS: 4 PersAutoDict-Custom-InsertByte-Custom- DE: "=\000\000\000\000\000\000\000"-
#31775	RELOAD cov: 1656 ft: 6968 corp: 699/2296Kb lim: 65536 exec/s: 882 rss: 6680Mb
#32303	NEW    cov: 1656 ft: 6968 corp: 699/2296Kb lim: 65536 exec/s: 897 rss: 6701Mb L: 3/65536 MS: 6 EraseBytes-Custom-ChangeBit-Custom-ChangeByte-Custom-
#32385	NEW    cov: 1656 ft: 6968 corp: 699/2296Kb lim: 65536 exec/s: 875 rss: 6702Mb L: 1/65536 MS: 4 ShuffleBytes-Custom-ChangeBit-Custom-
#32506	RELOAD cov: 1656 ft: 6969 corp: 698/2310Kb lim: 65536 exec/s: 878 rss: 6702Mb
#32520	NEW    cov: 1656 ft: 6969 corp: 698/2310Kb lim: 65536 exec/s: 878 rss: 6702Mb L: 69/65536 MS: 8 PersAutoDict-Custom-CopyPart-Custom-InsertRepeatedBytes-Custom-PersAutoDict-Custom- DE: "silent"-"missing-a"-
#32603	NEW    cov: 1656 ft: 6969 corp: 698/2277Kb lim: 65536 exec/s: 881 rss: 6702Mb L: 27012/65536 MS: 6 ShuffleBytes-Custom-ChangeBinInt-Custom-ShuffleBytes-Custom-
#32613	NEW    cov: 1656 ft: 6970 corp: 699/2321Kb lim: 65536 exec/s: 881 rss: 6702Mb L: 44606/65536 MS: 10 ShuffleBytes-Custom-CMP-Custom-ChangeBit-Custom-CopyPart-Custom-ChangeASCIIInt-Custom- DE: "~\377\377\377\377\377\377\376"-
#32768	pulse  cov: 1656 ft: 6970 corp: 699/2321Kb lim: 65536 exec/s: 885 rss: 6702Mb
#32940	NEW    cov: 1656 ft: 6970 corp: 699/2318Kb lim: 65536 exec/s: 890 rss: 6702Mb L: 5820/65536 MS: 3 CustomCrossOver-CrossOver-Custom-
#33022	NEW    cov: 1656 ft: 6970 corp: 699/2318Kb lim: 65536 exec/s: 869 rss: 6702Mb L: 16/65536 MS: 4 ChangeBinInt-Custom-PersAutoDict-Custom- DE: "\001\000\000\000\000\000\000\004"-
#33231	RELOAD cov: 1656 ft: 6970 corp: 700/2299Kb lim: 65536 exec/s: 874 rss: 6702Mb
#33261	NEW    cov: 1656 ft: 6970 corp: 700/2298Kb lim: 65536 exec/s: 875 rss: 6702Mb L: 258/65536 MS: 6 CustomCrossOver-EraseBytes-Custom-CustomCrossOver-CustomCrossOver-CustomCrossOver-
#33272	NEW    cov: 1656 ft: 6970 corp: 700/2298Kb lim: 65536 exec/s: 875 rss: 6702Mb L: 7/65536 MS: 2 CMP-Custom- DE: "\001\000\000\022"-
#33327	NEW    cov: 1656 ft: 6971 corp: 701/2298Kb lim: 65536 exec/s: 877 rss: 6702Mb L: 48/65536 MS: 10 PersAutoDict-Custom-EraseBytes-Custom-ChangeByte-Custom-ShuffleBytes-Custom-ChangeBinInt-Custom- DE: "\012\000\000\000\000\000\000\000"-
#33441	NEW    cov: 1656 ft: 6973 corp: 702/2298Kb lim: 65536 exec/s: 880 rss: 6711Mb L: 7/65536 MS: 8 ShuffleBytes-Custom-ShuffleBytes-Custom-InsertByte-Custom-ChangeBit-Custom-
#33482	NEW    cov: 1656 ft: 6973 corp: 703/2299Kb lim: 65536 exec/s: 881 rss: 6719Mb L: 1101/65536 MS: 2 ShuffleBytes-Custom-
#33936	NEW    cov: 1656 ft: 6973 corp: 704/2299Kb lim: 65536 exec/s: 870 rss: 6808Mb L: 13/65536 MS: 8 InsertRepeatedBytes-Custom-EraseBytes-Custom-CMP-Custom-EraseBytes-Custom- DE: "\001\001"-
#33962	NEW    cov: 1656 ft: 6973 corp: 704/2299Kb lim: 65536 exec/s: 870 rss: 6813Mb L: 2/65536 MS: 2 ShuffleBytes-Custom-
#34158	RELOAD cov: 1656 ft: 6975 corp: 704/2299Kb lim: 65536 exec/s: 875 rss: 6856Mb
#34174	NEW    cov: 1656 ft: 6976 corp: 705/2299Kb lim: 65536 exec/s: 876 rss: 6859Mb L: 7/65536 MS: 2 ChangeByte-Custom-
#34311	NEW    cov: 1656 ft: 6976 corp: 706/2299Kb lim: 65536 exec/s: 879 rss: 6889Mb L: 1/65536 MS: 4 ChangeBit-Custom-EraseBytes-Custom-
#34513	RELOAD cov: 1656 ft: 6976 corp: 707/2301Kb lim: 65536 exec/s: 766 rss: 6925Mb
#34527	NEW    cov: 1656 ft: 6976 corp: 708/2301Kb lim: 65536 exec/s: 767 rss: 6927Mb L: 22/65536 MS: 8 ChangeByte-Custom-CMP-Custom-ChangeByte-Custom-ChangeBit-Custom- DE: "type"-
#34973	NEW    cov: 1656 ft: 6982 corp: 709/2309Kb lim: 65536 exec/s: 777 rss: 6986Mb L: 8578/65536 MS: 2 CMP-Custom- DE: "\377\377\377\377\377\377\377\177"-
#35154	NEW    cov: 1656 ft: 6982 corp: 710/2309Kb lim: 65536 exec/s: 764 rss: 6993Mb L: 2/65536 MS: 2 ShuffleBytes-Custom-
#35173	NEW    cov: 1656 ft: 6982 corp: 710/2309Kb lim: 65536 exec/s: 764 rss: 6993Mb L: 26/65536 MS: 8 CMP-Custom-EraseBytes-Custom-ChangeByte-Custom-CopyPart-Custom- DE: "\001\000\000\000\000\000\000O"-
#35388	RELOAD cov: 1656 ft: 6982 corp: 710/2309Kb lim: 65536 exec/s: 769 rss: 6993Mb
#35590	NEW    cov: 1656 ft: 6982 corp: 710/2309Kb lim: 65536 exec/s: 773 rss: 7024Mb L: 8546/65536 MS: 4 InsertByte-Custom-EraseBytes-Custom-
#35611	NEW    cov: 1656 ft: 6982 corp: 710/2309Kb lim: 65536 exec/s: 774 rss: 7030Mb L: 4/65536 MS: 2 CopyPart-Custom-
#35694	RELOAD cov: 1656 ft: 6983 corp: 712/2308Kb lim: 65536 exec/s: 759 rss: 7037Mb
#35700	NEW    cov: 1656 ft: 6983 corp: 712/2308Kb lim: 65536 exec/s: 759 rss: 7037Mb L: 2/65536 MS: 2 ShuffleBytes-Custom-
#35759	NEW    cov: 1656 ft: 6983 corp: 712/2308Kb lim: 65536 exec/s: 760 rss: 7043Mb L: 32/65536 MS: 8 ShuffleBytes-Custom-CMP-Custom-CMP-Custom-InsertRepeatedBytes-Custom- DE: "\373\377\377\377\377\377\377\003"-"\333\255\374\000\000\000\000\000"-
#35769	NEW    cov: 1656 ft: 6983 corp: 712/2308Kb lim: 65536 exec/s: 761 rss: 7045Mb L: 22/65536 MS: 10 ChangeBit-Custom-ChangeByte-Custom-ChangeBit-Custom-CopyPart-Custom-PersAutoDict-Custom- DE: "\000\000\000\000\000\000\000\243"-
#35864	RELOAD cov: 1656 ft: 6983 corp: 712/2306Kb lim: 65536 exec/s: 417 rss: 7050Mb
#35950	NEW    cov: 1656 ft: 6987 corp: 712/2306Kb lim: 65536 exec/s: 418 rss: 7050Mb L: 69/65536 MS: 2 EraseBytes-Custom-
#36051	NEW    cov: 1656 ft: 6987 corp: 713/2306Kb lim: 65536 exec/s: 419 rss: 7072Mb L: 9/65536 MS: 2 ShuffleBytes-Custom-
#36142	NEW    cov: 1656 ft: 7042 corp: 714/2306Kb lim: 65536 exec/s: 420 rss: 7090Mb L: 38/65536 MS: 2 InsertByte-Custom-
#36179	NEW    cov: 1656 ft: 7042 corp: 714/2306Kb lim: 65536 exec/s: 420 rss: 7098Mb L: 2/65536 MS: 2 CustomCrossOver-CustomCrossOver-
#36231	NEW    cov: 1656 ft: 7043 corp: 715/2306Kb lim: 65536 exec/s: 421 rss: 7108Mb L: 70/65536 MS: 4 ManualDict-Custom-InsertRepeatedBytes-Custom- DE: "run_log"-
#36302	NEW    cov: 1656 ft: 7043 corp: 715/2306Kb lim: 65536 exec/s: 422 rss: 7122Mb L: 8/65536 MS: 2 ChangeBinInt-Custom-
#36303	NEW    cov: 1656 ft: 7045 corp: 716/2307Kb lim: 65536 exec/s: 422 rss: 7123Mb L: 512/65536 MS: 2 CrossOver-Custom-
#36304	NEW    cov: 1656 ft: 7045 corp: 715/2306Kb lim: 65536 exec/s: 422 rss: 7123Mb L: 1078/65536 MS: 1 CustomCrossOver-
#36305	NEW    cov: 1656 ft: 7048 corp: 712/2306Kb lim: 65536 exec/s: 422 rss: 7123Mb L: 12/65536 MS: 2 ChangeByte-Custom-
#36306	NEW    cov: 1656 ft: 7048 corp: 713/2306Kb lim: 65536 exec/s: 422 rss: 7123Mb L: 2/65536 MS: 2 InsertByte-Custom-
#36369	NEW    cov: 1656 ft: 7052 corp: 714/2306Kb lim: 65536 exec/s: 422 rss: 7135Mb L: 207/65536 MS: 6 ChangeBinInt-Custom-InsertRepeatedBytes-Custom-InsertRepeatedBytes-Custom-
#36389	NEW    cov: 1656 ft: 7055 corp: 715/2306Kb lim: 65536 exec/s: 423 rss: 7140Mb L: 188/65536 MS: 10 PersAutoDict-Custom-ChangeBit-Custom-EraseBytes-Custom-InsertRepeatedBytes-Custom-InsertByte-Custom- DE: "description"-
#36390	NEW    cov: 1656 ft: 7057 corp: 715/2298Kb lim: 65536 exec/s: 423 rss: 7140Mb L: 27/65536 MS: 1 CustomCrossOver-
#36391	NEW    cov: 1656 ft: 7061 corp: 714/2298Kb lim: 65536 exec/s: 423 rss: 7140Mb L: 2/65536 MS: 2 ChangeBinInt-Custom-
#36392	NEW    cov: 1656 ft: 7061 corp: 712/2297Kb lim: 65536 exec/s: 423 rss: 7140Mb L: 5/65536 MS: 2 ChangeByte-Custom-
#36535	NEW    cov: 1656 ft: 7061 corp: 712/2297Kb lim: 65536 exec/s: 419 rss: 7173Mb L: 1/65536 MS: 4 CustomCrossOver-EraseBytes-Custom-CustomCrossOver-
#36539	NEW    cov: 1656 ft: 7061 corp: 712/2297Kb lim: 65536 exec/s: 419 rss: 7173Mb L: 2/65536 MS: 6 ChangeByte-Custom-ManualDict-Custom-CustomCrossOver-CustomCrossOver- DE: "SHELL"-
#36553	NEW    cov: 1656 ft: 7061 corp: 712/2297Kb lim: 65536 exec/s: 420 rss: 7177Mb L: 2069/65536 MS: 8 ChangeBit-Custom-ManualDict-Custom-ChangeByte-Custom-PersAutoDict-Custom- DE: "elseif"-"future"-
#36632	NEW    cov: 1656 ft: 7062 corp: 713/2297Kb lim: 65536 exec/s: 421 rss: 7193Mb L: 213/65536 MS: 8 ChangeBit-Custom-InsertRepeatedBytes-Custom-PersAutoDict-Custom-InsertRepeatedBytes-Custom- DE: "999999"-
#36657	NEW    cov: 1656 ft: 7063 corp: 714/2302Kb lim: 65536 exec/s: 421 rss: 7197Mb L: 4544/65536 MS: 10 ShuffleBytes-Custom-InsertRepeatedBytes-Custom-CMP-Custom-ChangeByte-Custom-ManualDict-Custom- DE: "\377!"-"algorithm"-
#36691	NEW    cov: 1656 ft: 7063 corp: 714/2302Kb lim: 65536 exec/s: 421 rss: 7203Mb L: 2/65536 MS: 8 EraseBytes-Custom-ChangeBit-Custom-EraseBytes-Custom-ShuffleBytes-Custom-
#36778	NEW    cov: 1656 ft: 7063 corp: 714/2302Kb lim: 65536 exec/s: 422 rss: 7221Mb L: 3/65536 MS: 3 CrossOver-Custom-CustomCrossOver-
#36816	NEW    cov: 1656 ft: 7063 corp: 715/2302Kb lim: 65536 exec/s: 423 rss: 7229Mb L: 1/65536 MS: 6 CopyPart-Custom-ShuffleBytes-Custom-EraseBytes-Custom-
#36851	RELOAD cov: 1656 ft: 7063 corp: 716/2326Kb lim: 65536 exec/s: 423 rss: 7237Mb
#37001	NEW    cov: 1656 ft: 7063 corp: 716/2326Kb lim: 65536 exec/s: 425 rss: 7269Mb L: 26/65536 MS: 10 ShuffleBytes-Custom-PersAutoDict-Custom-InsertByte-Custom-PersAutoDict-Custom-ChangeBinInt-Custom- DE: "\030\000"-"\000\000\000\000\000\000\000\243"-
#37002	NEW    cov: 1656 ft: 7063 corp: 716/2326Kb lim: 65536 exec/s: 425 rss: 7269Mb L: 4/65536 MS: 2 ChangeByte-Custom-
#37098	NEW    cov: 1656 ft: 7063 corp: 717/2337Kb lim: 65536 exec/s: 426 rss: 7290Mb L: 10811/65536 MS: 2 ChangeByte-Custom-
#37187	NEW    cov: 1656 ft: 7063 corp: 718/2337Kb lim: 65536 exec/s: 427 rss: 7310Mb L: 16/65536 MS: 8 CMP-Custom-ChangeByte-Custom-CMP-Custom-InsertByte-Custom- DE: "\024\000\000\000"-"\377\377\377\377\377\377\377\377"-
#37411	NEW    cov: 1656 ft: 7063 corp: 718/2316Kb lim: 65536 exec/s: 425 rss: 7356Mb L: 16695/65536 MS: 8 CMP-Custom-ShuffleBytes-Custom-ShuffleBytes-Custom-ChangeBinInt-Custom- DE: "template"-
#37467	NEW    cov: 1656 ft: 7063 corp: 718/2316Kb lim: 65536 exec/s: 425 rss: 7369Mb L: 3/65536 MS: 2 InsertByte-Custom-
#37731	NEW    cov: 1656 ft: 7063 corp: 718/2316Kb lim: 65536 exec/s: 428 rss: 7426Mb L: 4/65536 MS: 8 CopyPart-Custom-CMP-Custom-EraseBytes-Custom-ShuffleBytes-Custom- DE: "\377\001"-
#37740	NEW    cov: 1656 ft: 7064 corp: 716/2316Kb lim: 65536 exec/s: 428 rss: 7428Mb L: 3/65536 MS: 8 InsertByte-Custom-InsertByte-Custom-EraseBytes-Custom-ShuffleBytes-Custom-
#37794	NEW    cov: 1656 ft: 7064 corp: 716/2316Kb lim: 65536 exec/s: 429 rss: 7439Mb L: 2/65536 MS: 5 CustomCrossOver-CustomCrossOver-PersAutoDict-Custom-CustomCrossOver- DE: "\000\037"-
#37822	NEW    cov: 1656 ft: 7068 corp: 717/2316Kb lim: 65536 exec/s: 429 rss: 7446Mb L: 15/65536 MS: 6 ShuffleBytes-Custom-ManualDict-Custom-ChangeByte-Custom- DE: "mask_secrets"-
#37831	RELOAD cov: 1656 ft: 7068 corp: 717/2309Kb lim: 65536 exec/s: 429 rss: 7448Mb
#37881	NEW    cov: 1656 ft: 7068 corp: 718/2309Kb lim: 65536 exec/s: 430 rss: 7458Mb L: 6/65536 MS: 8 CustomCrossOver-PersAutoDict-Custom-CMP-Custom-InsertByte-Custom-CustomCrossOver- DE: "\000\031"-"\036\000"-
#37918	NEW    cov: 1656 ft: 7068 corp: 719/2309Kb lim: 65536 exec/s: 430 rss: 7465Mb L: 2/65536 MS: 4 ShuffleBytes-Custom-EraseBytes-Custom-
#37937	NEW    cov: 1656 ft: 7072 corp: 720/2309Kb lim: 65536 exec/s: 431 rss: 7468Mb L: 15/65536 MS: 8 ChangeBinInt-Custom-CopyPart-Custom-ChangeBit-Custom-InsertByte-Custom-
#38631	NEW    cov: 1656 ft: 7072 corp: 720/2309Kb lim: 65536 exec/s: 434 rss: 7609Mb L: 1/65536 MS: 6 CustomCrossOver-ChangeBinInt-Custom-PersAutoDict-Custom-CustomCrossOver- DE: "false"-
#38657	NEW    cov: 1656 ft: 7072 corp: 720/2306Kb lim: 65536 exec/s: 434 rss: 7615Mb L: 11868/65536 MS: 2 CopyPart-Custom-
#38709	NEW    cov: 1656 ft: 7072 corp: 721/2307Kb lim: 65536 exec/s: 434 rss: 7626Mb L: 1024/65536 MS: 4 PersAutoDict-Custom-CMP-Custom- DE: "end"-"\000\000"-
#38735	NEW    cov: 1656 ft: 7072 corp: 721/2307Kb lim: 65536 exec/s: 435 rss: 7632Mb L: 3/65536 MS: 2 ChangeBit-Custom-
#38831	NEW    cov: 1656 ft: 7072 corp: 721/2307Kb lim: 65536 exec/s: 436 rss: 7652Mb L: 2/65536 MS: 1 CustomCrossOver-
#39216	RELOAD cov: 1656 ft: 7074 corp: 727/2339Kb lim: 65536 exec/s: 440 rss: 7733Mb
#39368	NEW    cov: 1656 ft: 7075 corp: 728/2369Kb lim: 65536 exec/s: 442 rss: 7764Mb L: 31316/65536 MS: 4 CMP-Custom-ChangeASCIIInt-Custom- DE: "\032\000\000\000"-
#39489	NEW    cov: 1656 ft: 7075 corp: 727/2369Kb lim: 65536 exec/s: 438 rss: 7791Mb L: 26/65536 MS: 2 ChangeBit-Custom-
#39494	NEW    cov: 1656 ft: 7075 corp: 728/2369Kb lim: 65536 exec/s: 438 rss: 7792Mb L: 142/65536 MS: 7 CustomCrossOver-CustomCrossOver-InsertRepeatedBytes-Custom-CustomCrossOver-InsertRepeatedBytes-Custom-
#39739	NEW    cov: 1656 ft: 7075 corp: 727/2369Kb lim: 65536 exec/s: 441 rss: 7842Mb L: 4/65536 MS: 8 CustomCrossOver-CMP-Custom-EraseBytes-Custom-CustomCrossOver-CrossOver-Custom- DE: "rawlen"-
#39800	NEW    cov: 1656 ft: 7075 corp: 727/2369Kb lim: 65536 exec/s: 442 rss: 7852Mb L: 16666/65536 MS: 1 CustomCrossOver-
#39966	NEW    cov: 1656 ft: 7075 corp: 727/2369Kb lim: 65536 exec/s: 444 rss: 7889Mb L: 32509/65536 MS: 2 CrossOver-Custom-
#40062	NEW    cov: 1656 ft: 7075 corp: 728/2369Kb lim: 65536 exec/s: 445 rss: 7909Mb L: 23/65536 MS: 2 ManualDict-Custom- DE: "cache_write_strategy"-
#40208	NEW    cov: 1656 ft: 7075 corp: 728/2369Kb lim: 65536 exec/s: 446 rss: 7939Mb L: 2/65536 MS: 1 CustomCrossOver-
#40564	RELOAD cov: 1656 ft: 7075 corp: 727/2351Kb lim: 65536 exec/s: 445 rss: 8014Mb
#40740	NEW    cov: 1656 ft: 7075 corp: 727/2351Kb lim: 65536 exec/s: 447 rss: 8049Mb L: 4/65536 MS: 2 ChangeBit-Custom-
#40810	NEW    cov: 1656 ft: 7076 corp: 728/2352Kb lim: 65536 exec/s: 448 rss: 8065Mb L: 697/65536 MS: 10 ChangeByte-Custom-ChangeASCIIInt-Custom-EraseBytes-Custom-ManualDict-Custom-CopyPart-Custom- DE: "throughput"-
#40986	NEW    cov: 1656 ft: 7076 corp: 728/2352Kb lim: 65536 exec/s: 450 rss: 8101Mb L: 515/65536 MS: 2 EraseBytes-Custom-
#41015	NEW    cov: 1656 ft: 7080 corp: 729/2352Kb lim: 65536 exec/s: 450 rss: 8106Mb L: 60/65536 MS: 8 CopyPart-Custom-ManualDict-Custom-CMP-Custom-PersAutoDict-Custom- DE: "tostring"-"regex_replace"-"\244^b\221\376\177\000\000"-
#41094	NEW    cov: 1656 ft: 7080 corp: 728/2352Kb lim: 65536 exec/s: 451 rss: 8122Mb L: 17/65536 MS: 8 EraseBytes-Custom-ShuffleBytes-Custom-ManualDict-Custom-InsertByte-Custom- DE: "workers"-
#41292	NEW    cov: 1656 ft: 7080 corp: 729/2352Kb lim: 65536 exec/s: 453 rss: 8164Mb L: 9/65536 MS: 4 CustomCrossOver-CustomCrossOver-CMP-Custom- DE: "\001\000\000\001"-
#41445	NEW    cov: 1656 ft: 7080 corp: 729/2352Kb lim: 65536 exec/s: 455 rss: 8196Mb L: 2/65536 MS: 3 CustomCrossOver-CustomCrossOver-CustomCrossOver-
#41818	RELOAD cov: 1656 ft: 7081 corp: 732/2376Kb lim: 65536 exec/s: 454 rss: 8276Mb
#41879	NEW    cov: 1656 ft: 7081 corp: 732/2376Kb lim: 65536 exec/s: 455 rss: 8289Mb L: 16601/65536 MS: 2 InsertByte-Custom-
#41938	NEW    cov: 1656 ft: 7081 corp: 732/2376Kb lim: 65536 exec/s: 455 rss: 8300Mb L: 25/65536 MS: 8 ShuffleBytes-Custom-PersAutoDict-Custom-ChangeByte-Custom-EraseBytes-Custom- DE: "braced"-
#42311	NEW    cov: 1656 ft: 7081 corp: 732/2376Kb lim: 65536 exec/s: 459 rss: 8381Mb L: 5/65536 MS: 5 PersAutoDict-Custom-CustomCrossOver-PersAutoDict-Custom- DE: "hash"-"cwd"-
#42478	NEW    cov: 1656 ft: 7081 corp: 731/2376Kb lim: 65536 exec/s: 456 rss: 8417Mb L: 7/65536 MS: 4 ChangeBinInt-Custom-ManualDict-Custom- DE: "wait"-
#42487	NEW    cov: 1656 ft: 7081 corp: 731/2376Kb lim: 65536 exec/s: 456 rss: 8418Mb L: 30/65536 MS: 8 CMP-Custom-ManualDict-Custom-ShuffleBytes-Custom-ManualDict-Custom- DE: "\001\001"-"crc32"-"select"-
	NEW_FUNC[1/3]: 0x000000503470 in std::vector<beez::core::WorkflowStage, std::allocator<beez::core::WorkflowStage>>::size() const /usr/bin/../lib/gcc/x86_64-redhat-linux/16/../../../../include/c++/16/bits/stl_vector.h:1108
	NEW_FUNC[2/3]: 0x0000005038e0 in std::__detail::_Node_const_iterator<std::pair<std::__cxx11::basic_string<char, std::char_traits<char>, std::allocator<char>> const, beez::core::Workflow>, false, true>::operator++() /usr/bin/../lib/gcc/x86_64-redhat-linux/16/../../../../include/c++/16/bits/hashtable_policy.h:506
#42738	NEW    cov: 1682 ft: 7148 corp: 732/2376Kb lim: 65536 exec/s: 459 rss: 8472Mb L: 24/65536 MS: 2 InsertByte-Custom-
#43124	RELOAD cov: 1682 ft: 7188 corp: 734/2288Kb lim: 65536 exec/s: 463 rss: 8553Mb
#43191	NEW    cov: 1682 ft: 7188 corp: 734/2288Kb lim: 65536 exec/s: 464 rss: 8566Mb L: 1244/65536 MS: 4 ManualDict-Custom-InsertByte-Custom- DE: ")\""-
#43268	NEW    cov: 1682 ft: 7188 corp: 733/2288Kb lim: 65536 exec/s: 465 rss: 8583Mb L: 40/65536 MS: 4 ShuffleBytes-Custom-InsertByte-Custom-
#43288	NEW    cov: 1682 ft: 7188 corp: 733/2288Kb lim: 65536 exec/s: 465 rss: 8587Mb L: 21/65536 MS: 10 EraseBytes-Custom-ChangeBinInt-Custom-CopyPart-Custom-InsertByte-Custom-ManualDict-Custom- DE: "load_dotenv"-
#43391	NEW    cov: 1682 ft: 7189 corp: 734/2288Kb lim: 65536 exec/s: 466 rss: 8610Mb L: 6/65536 MS: 6 ManualDict-Custom-ChangeBit-Custom-ShuffleBytes-Custom- DE: "order"-
#43481	NEW    cov: 1682 ft: 7189 corp: 734/2279Kb lim: 65536 exec/s: 462 rss: 8628Mb L: 2433/65536 MS: 10 CopyPart-Custom-ChangeBit-Custom-ManualDict-Custom-CopyPart-Custom-PersAutoDict-Custom- DE: "TOKEN"-"braced"-
#43677	NEW    cov: 1682 ft: 7189 corp: 734/2279Kb lim: 65536 exec/s: 464 rss: 8669Mb L: 24/65536 MS: 2 ChangeByte-Custom-
#43695	NEW    cov: 1682 ft: 7190 corp: 735/2279Kb lim: 65536 exec/s: 464 rss: 8673Mb L: 10/65536 MS: 5 EraseBytes-Custom-CustomCrossOver-EraseBytes-Custom-
#43757	NEW    cov: 1682 ft: 7190 corp: 734/2279Kb lim: 65536 exec/s: 465 rss: 8685Mb L: 2/65536 MS: 3 CustomCrossOver-CrossOver-Custom-
#43893	NEW    cov: 1682 ft: 7190 corp: 735/2281Kb lim: 65536 exec/s: 466 rss: 8713Mb L: 2043/65536 MS: 2 ChangeBinInt-Custom-
#44474	RELOAD cov: 1682 ft: 7236 corp: 738/2297Kb lim: 65536 exec/s: 473 rss: 8837Mb
#44640	NEW    cov: 1682 ft: 7236 corp: 739/2297Kb lim: 65536 exec/s: 469 rss: 8869Mb L: 1/65536 MS: 2 CopyPart-Custom-
#45163	NEW    cov: 1682 ft: 7236 corp: 739/2297Kb lim: 65536 exec/s: 475 rss: 8979Mb L: 3/65536 MS: 6 PersAutoDict-Custom-ChangeBit-Custom-ChangeByte-Custom- DE: "\011\000"-
#45169	NEW    cov: 1682 ft: 7236 corp: 739/2282Kb lim: 65536 exec/s: 475 rss: 8980Mb L: 16599/65536 MS: 2 ShuffleBytes-Custom-
#45212	NEW    cov: 1682 ft: 7236 corp: 740/2282Kb lim: 65536 exec/s: 475 rss: 8989Mb L: 6/65536 MS: 6 CopyPart-Custom-CopyPart-Custom-PersAutoDict-Custom- DE: "if"-
#45242	NEW    cov: 1682 ft: 7236 corp: 741/2282Kb lim: 65536 exec/s: 476 rss: 8996Mb L: 2/65536 MS: 7 CustomCrossOver-CustomCrossOver-EraseBytes-Custom-CustomCrossOver-ChangeBit-Custom-
#45376	NEW    cov: 1682 ft: 7236 corp: 741/2282Kb lim: 65536 exec/s: 477 rss: 9025Mb L: 63/65536 MS: 6 CustomCrossOver-CustomCrossOver-ChangeBit-Custom-InsertRepeatedBytes-Custom-
#45439	NEW    cov: 1682 ft: 7236 corp: 741/2266Kb lim: 65536 exec/s: 478 rss: 9039Mb L: 1597/65536 MS: 6 ManualDict-Custom-CMP-Custom-CopyPart-Custom- DE: "duplicate"-"\377\377\377\000"-
#45627	RELOAD cov: 1682 ft: 7237 corp: 739/2178Kb lim: 65536 exec/s: 475 rss: 9080Mb
#45763	NEW    cov: 1682 ft: 7237 corp: 739/2163Kb lim: 65536 exec/s: 476 rss: 9108Mb L: 16599/65536 MS: 2 ChangeBinInt-Custom-
#45804	NEW    cov: 1682 ft: 7237 corp: 739/2163Kb lim: 65536 exec/s: 477 rss: 9116Mb L: 16/65536 MS: 2 ChangeByte-Custom-
#45858	NEW    cov: 1682 ft: 7237 corp: 739/2161Kb lim: 65536 exec/s: 477 rss: 9127Mb L: 61/65536 MS: 8 InsertByte-Custom-ShuffleBytes-Custom-CopyPart-Custom-InsertRepeatedBytes-Custom-
#45930	NEW    cov: 1682 ft: 7237 corp: 739/2161Kb lim: 65536 exec/s: 478 rss: 9142Mb L: 7/65536 MS: 4 ChangeBit-Custom-CopyPart-Custom-
#45940	NEW    cov: 1682 ft: 7239 corp: 739/2159Kb lim: 65536 exec/s: 478 rss: 9145Mb L: 8875/65536 MS: 10 InsertByte-Custom-ManualDict-Custom-CopyPart-Custom-ChangeASCIIInt-Custom-InsertByte-Custom- DE: "pending configure_step"-
#46081	NEW    cov: 1682 ft: 7239 corp: 739/2159Kb lim: 65536 exec/s: 480 rss: 9170Mb L: 3/65536 MS: 1 CustomCrossOver-
#46368	NEW    cov: 1682 ft: 7239 corp: 739/2159Kb lim: 65536 exec/s: 483 rss: 9229Mb L: 2/65536 MS: 4 ShuffleBytes-Custom-ChangeBit-Custom-
#46373	NEW    cov: 1682 ft: 7239 corp: 739/2158Kb lim: 65536 exec/s: 483 rss: 9230Mb L: 346/65536 MS: 10 PersAutoDict-Custom-ChangeBit-Custom-ChangeBinInt-Custom-PersAutoDict-Custom-EraseBytes-Custom- DE: "BEEZ_FZ_"-"if"-
#46833	RELOAD cov: 1682 ft: 7239 corp: 738/2126Kb lim: 65536 exec/s: 482 rss: 9326Mb
#47341	NEW    cov: 1682 ft: 7239 corp: 738/2126Kb lim: 65536 exec/s: 488 rss: 9430Mb L: 34/65536 MS: 4 CustomCrossOver-ChangeByte-Custom-CustomCrossOver-
#47774	NEW    cov: 1682 ft: 7239 corp: 738/2126Kb lim: 65536 exec/s: 487 rss: 9522Mb L: 27/65536 MS: 6 ManualDict-Custom-ChangeBit-Custom-PersAutoDict-Custom- DE: "nil"-"\377\377\377\377\377\377\377\177"-
#48040	RELOAD cov: 1682 ft: 7239 corp: 739/2135Kb lim: 65536 exec/s: 490 rss: 9580Mb
#48633	NEW    cov: 1682 ft: 7239 corp: 738/2119Kb lim: 65536 exec/s: 491 rss: 9708Mb L: 8/65536 MS: 4 CustomCrossOver-CopyPart-Custom-CustomCrossOver-
#48663	NEW    cov: 1682 ft: 7239 corp: 738/2119Kb lim: 65536 exec/s: 491 rss: 9715Mb L: 57/65536 MS: 9 CMP-Custom-ShuffleBytes-Custom-PersAutoDict-Custom-EraseBytes-Custom-CustomCrossOver- DE: "\000\022"-"\001\000\000e"-
#48834	NEW    cov: 1682 ft: 7239 corp: 738/2119Kb lim: 65536 exec/s: 493 rss: 9749Mb L: 19/65536 MS: 1 CustomCrossOver-
#48912	NEW    cov: 1682 ft: 7239 corp: 738/2119Kb lim: 65536 exec/s: 494 rss: 9766Mb L: 2/65536 MS: 6 ShuffleBytes-Custom-ChangeBit-Custom-EraseBytes-Custom-
#48913	NEW    cov: 1682 ft: 7240 corp: 738/2119Kb lim: 65536 exec/s: 494 rss: 9766Mb L: 18/65536 MS: 2 ChangeBit-Custom-
	NEW_FUNC[1/52]: 0x000000500800 in std::__detail::_Node_const_iterator<std::pair<std::__cxx11::basic_string<char, std::char_traits<char>, std::allocator<char>> const, beez::core::Task>, false, true>::operator*() const /usr/bin/../lib/gcc/x86_64-redhat-linux/16/../../../../include/c++/16/bits/hashtable_policy.h:498
	NEW_FUNC[2/52]: 0x000000500c88 in std::tuple_element<0ul, std::pair<std::__cxx11::basic_string<char, std::char_traits<char>, std::allocator<char>> const, beez::core::Task>>::type const& std::get<0ul, std::__cxx11::basic_string<char, std::char_traits<char>, std::allocator<char>> const, beez::core::Task>(std::pair<std::__cxx11::basic_string<char, std::char_traits<char>, std::allocator<char>> const, beez::core::Task> const&) /usr/bin/../lib/gcc/x86_64-redhat-linux/16/../../../../include/c++/16/bits/stl_pair.h:1299
#49001	NEW    cov: 1880 ft: 7499 corp: 739/2119Kb lim: 65536 exec/s: 494 rss: 9786Mb L: 45/65536 MS: 6 ChangeBit-Custom-ManualDict-Custom-InsertRepeatedBytes-Custom- DE: "invalid"-
#49246	RELOAD cov: 1880 ft: 7697 corp: 740/2119Kb lim: 65536 exec/s: 497 rss: 9839Mb
#49795	NEW    cov: 1880 ft: 7697 corp: 741/2119Kb lim: 65536 exec/s: 497 rss: 9952Mb L: 2/65536 MS: 6 ChangeBinInt-Custom-CrossOver-Custom-CustomCrossOver-CustomCrossOver-
#50234	NEW    cov: 1880 ft: 7740 corp: 742/2119Kb lim: 65536 exec/s: 502 rss: 10045Mb L: 13/65536 MS: 8 CopyPart-Custom-PersAutoDict-Custom-ChangeBit-Custom-ManualDict-Custom- DE: "indicator"-"ui"-
#50273	NEW    cov: 1880 ft: 7741 corp: 739/2119Kb lim: 65536 exec/s: 502 rss: 10053Mb L: 1/65536 MS: 6 ShuffleBytes-Custom-CustomCrossOver-CustomCrossOver-ShuffleBytes-Custom-
#50395	RELOAD cov: 1880 ft: 7751 corp: 742/2136Kb lim: 65536 exec/s: 503 rss: 10079Mb
#50436	NEW    cov: 1880 ft: 7751 corp: 742/2136Kb lim: 65536 exec/s: 504 rss: 10086Mb L: 4/65536 MS: 2 InsertByte-Custom-
#50465	NEW    cov: 1880 ft: 7751 corp: 742/2136Kb lim: 65536 exec/s: 504 rss: 10093Mb L: 57349/65536 MS: 8 PersAutoDict-Custom-InsertRepeatedBytes-Custom-InsertRepeatedBytes-Custom-ManualDict-Custom- DE: "run_log"-"registerWorkflow"-
#50689	NEW    cov: 1880 ft: 7751 corp: 742/2136Kb lim: 65536 exec/s: 501 rss: 10144Mb L: 10/65536 MS: 8 InsertByte-Custom-PersAutoDict-Custom-ChangeByte-Custom-CMP-Custom- DE: "name"-"\377\377\377\377\377\377\377\377"-
#51042	NEW    cov: 1880 ft: 7753 corp: 743/2136Kb lim: 65536 exec/s: 505 rss: 10219Mb L: 230/65536 MS: 5 InsertRepeatedBytes-Custom-CustomCrossOver-InsertRepeatedBytes-Custom-
#51128	NEW    cov: 1880 ft: 7753 corp: 743/2120Kb lim: 65536 exec/s: 506 rss: 10238Mb L: 512/65536 MS: 2 ManualDict-Custom- DE: "optimize"-
#51323	NEW    cov: 1880 ft: 7753 corp: 743/2120Kb lim: 65536 exec/s: 508 rss: 10279Mb L: 2083/65536 MS: 10 CopyPart-Custom-PersAutoDict-Custom-PersAutoDict-Custom-ChangeBinInt-Custom-ChangeBit-Custom- DE: "workers"-"<\000\000\000\000\000\000\000"-
#51333	NEW    cov: 1880 ft: 7753 corp: 741/2120Kb lim: 65536 exec/s: 508 rss: 10281Mb L: 2/65536 MS: 9 ChangeBit-Custom-InsertByte-Custom-ManualDict-Custom-CrossOver-Custom-CustomCrossOver- DE: "pipeline"-
#51506	RELOAD cov: 1880 ft: 7753 corp: 744/2138Kb lim: 65536 exec/s: 509 rss: 10320Mb
#51912	NEW    cov: 1880 ft: 7753 corp: 744/2138Kb lim: 65536 exec/s: 508 rss: 10406Mb L: 1/65536 MS: 1 CustomCrossOver-
#52049	NEW    cov: 1880 ft: 7754 corp: 745/2138Kb lim: 65536 exec/s: 510 rss: 10436Mb L: 1/65536 MS: 4 EraseBytes-Custom-CopyPart-Custom-
#52209	NEW    cov: 1880 ft: 7755 corp: 746/2138Kb lim: 65536 exec/s: 511 rss: 10466Mb L: 3/65536 MS: 7 CrossOver-Custom-CustomCrossOver-CustomCrossOver-CustomCrossOver-ManualDict-Custom- DE: "]"-
#52387	NEW    cov: 1880 ft: 7755 corp: 746/2138Kb lim: 65536 exec/s: 513 rss: 10502Mb L: 2/65536 MS: 4 CustomCrossOver-ShuffleBytes-Custom-CustomCrossOver-
#52654	RELOAD cov: 1880 ft: 7755 corp: 747/2139Kb lim: 65536 exec/s: 511 rss: 10560Mb
#52710	NEW    cov: 1880 ft: 7755 corp: 746/2139Kb lim: 65536 exec/s: 511 rss: 10571Mb L: 2/65536 MS: 2 ShuffleBytes-Custom-
#53130	NEW    cov: 1880 ft: 7755 corp: 744/2124Kb lim: 65536 exec/s: 515 rss: 10657Mb L: 1296/65536 MS: 10 ChangeBit-Custom-ChangeBit-Custom-PersAutoDict-Custom-PersAutoDict-Custom-ChangeBit-Custom- DE: "not_a_real_key"-"\001\000\000\000\000\000\000L"-
#53136	NEW    cov: 1880 ft: 7756 corp: 745/2124Kb lim: 65536 exec/s: 515 rss: 10657Mb L: 4/65536 MS: 2 ChangeBit-Custom-
#53182	NEW    cov: 1880 ft: 7756 corp: 745/2124Kb lim: 65536 exec/s: 516 rss: 10668Mb L: 22/65536 MS: 2 InsertByte-Custom-
#53273	NEW    cov: 1880 ft: 7756 corp: 745/2124Kb lim: 65536 exec/s: 517 rss: 10685Mb L: 61453/65536 MS: 2 EraseBytes-Custom-
#53433	NEW    cov: 1880 ft: 7756 corp: 745/2124Kb lim: 65536 exec/s: 518 rss: 10715Mb L: 45/65536 MS: 8 CrossOver-Custom-ManualDict-Custom-CustomCrossOver-CustomCrossOver-ManualDict-Custom- DE: "indicator_spin_interval"-"already registered"-
#53441	NEW    cov: 1880 ft: 7756 corp: 745/2123Kb lim: 65536 exec/s: 518 rss: 10716Mb L: 774/65536 MS: 6 CopyPart-Custom-ManualDict-Custom-CMP-Custom- DE: "mergeSettingsFromLuaTable"-"\016\000\000\000"-
#53483	NEW    cov: 1880 ft: 7756 corp: 745/2123Kb lim: 65536 exec/s: 519 rss: 10725Mb L: 10/65536 MS: 4 ChangeByte-Custom-ShuffleBytes-Custom-
#53485	NEW    cov: 1880 ft: 7757 corp: 746/2123Kb lim: 65536 exec/s: 519 rss: 10725Mb L: 103/65536 MS: 4 InsertByte-Custom-EraseBytes-Custom-
#53567	NEW    cov: 1880 ft: 7757 corp: 747/2123Kb lim: 65536 exec/s: 515 rss: 10741Mb L: 5/65536 MS: 2 CustomCrossOver-CustomCrossOver-
#53723	RELOAD cov: 1880 ft: 7760 corp: 747/2091Kb lim: 65536 exec/s: 516 rss: 10776Mb
#53819	NEW    cov: 1880 ft: 7760 corp: 747/2091Kb lim: 65536 exec/s: 517 rss: 10795Mb L: 28/65536 MS: 2 EraseBytes-Custom-
#53855	NEW    cov: 1880 ft: 7958 corp: 748/2091Kb lim: 65536 exec/s: 517 rss: 10803Mb L: 36/65536 MS: 2 ShuffleBytes-Custom-
#53973	NEW    cov: 1880 ft: 7958 corp: 748/2091Kb lim: 65536 exec/s: 518 rss: 10828Mb L: 19/65536 MS: 6 CopyPart-Custom-InsertByte-Custom-ChangeBit-Custom-
#54356	NEW    cov: 1880 ft: 7958 corp: 749/2091Kb lim: 65536 exec/s: 522 rss: 10909Mb L: 8/65536 MS: 6 InsertByte-Custom-CopyPart-Custom-ManualDict-Custom- DE: "summary"-
#54398	NEW    cov: 1880 ft: 7958 corp: 749/2091Kb lim: 65536 exec/s: 518 rss: 10917Mb L: 9/65536 MS: 4 PersAutoDict-Custom-InsertByte-Custom- DE: "hash"-
#54434	NEW    cov: 1880 ft: 7960 corp: 750/2091Kb lim: 65536 exec/s: 518 rss: 10926Mb L: 132/65536 MS: 2 InsertByte-Custom-
#54444	NEW    cov: 1880 ft: 7960 corp: 751/2093Kb lim: 65536 exec/s: 518 rss: 10928Mb L: 2050/65536 MS: 7 ChangeBinInt-Custom-CustomCrossOver-CustomCrossOver-CustomCrossOver-CrossOver-Custom-
#54451	NEW    cov: 1880 ft: 7962 corp: 752/2094Kb lim: 65536 exec/s: 518 rss: 10930Mb L: 277/65536 MS: 4 InsertRepeatedBytes-Custom-CopyPart-Custom-
#54471	NEW    cov: 1880 ft: 7962 corp: 752/2094Kb lim: 65536 exec/s: 518 rss: 10934Mb L: 15/65536 MS: 10 CopyPart-Custom-ChangeByte-Custom-CopyPart-Custom-ManualDict-Custom-CopyPart-Custom- DE: "run"-
#54485	NEW    cov: 1880 ft: 7962 corp: 752/2094Kb lim: 65536 exec/s: 518 rss: 10938Mb L: 12/65536 MS: 7 CustomCrossOver-ChangeBit-Custom-ChangeByte-Custom-ChangeByte-Custom-
#54643	RELOAD cov: 1880 ft: 7963 corp: 752/2093Kb lim: 65536 exec/s: 520 rss: 10974Mb
#54671	NEW    cov: 1880 ft: 7963 corp: 753/2093Kb lim: 65536 exec/s: 520 rss: 10979Mb L: 6/65536 MS: 6 CopyPart-Custom-ShuffleBytes-Custom-ManualDict-Custom- DE: "LANG"-
#54677	NEW    cov: 1880 ft: 7963 corp: 753/2093Kb lim: 65536 exec/s: 520 rss: 10980Mb L: 1/65536 MS: 2 EraseBytes-Custom-
#54679	NEW    cov: 1880 ft: 7964 corp: 754/2093Kb lim: 65536 exec/s: 520 rss: 10981Mb L: 18/65536 MS: 4 EraseBytes-Custom-PersAutoDict-Custom- DE: "\377\377\377\000"-
#54986	NEW    cov: 1880 ft: 7964 corp: 755/2093Kb lim: 65536 exec/s: 523 rss: 11046Mb L: 11/65536 MS: 4 PersAutoDict-Custom-PersAutoDict-Custom- DE: "\200\377\377\377\377\377\377\376"-"missing-a"-
#55155	NEW    cov: 1880 ft: 7964 corp: 755/2077Kb lim: 65536 exec/s: 520 rss: 11085Mb L: 8571/65536 MS: 5 CustomCrossOver-CustomCrossOver-CustomCrossOver-PersAutoDict-Custom- DE: "tostring"-
#55342	NEW    cov: 1880 ft: 7964 corp: 755/2077Kb lim: 65536 exec/s: 522 rss: 11129Mb L: 8/65536 MS: 4 PersAutoDict-Custom-InsertByte-Custom- DE: "\\t"-
#55350	NEW    cov: 1880 ft: 7964 corp: 756/2077Kb lim: 65536 exec/s: 522 rss: 11131Mb L: 2/65536 MS: 6 ShuffleBytes-Custom-EraseBytes-Custom-ChangeBit-Custom-
#55544	RELOAD cov: 1880 ft: 7965 corp: 758/2079Kb lim: 65536 exec/s: 524 rss: 11173Mb
#55844	NEW    cov: 1880 ft: 7965 corp: 758/2079Kb lim: 65536 exec/s: 526 rss: 11236Mb L: 69/65536 MS: 10 ChangeBinInt-Custom-InsertRepeatedBytes-Custom-EraseBytes-Custom-EraseBytes-Custom-PersAutoDict-Custom- DE: "crc32"-
#56402	RELOAD cov: 1880 ft: 7974 corp: 761/2071Kb lim: 65536 exec/s: 527 rss: 11350Mb
#56452	NEW    cov: 1880 ft: 7974 corp: 762/2071Kb lim: 65536 exec/s: 527 rss: 11360Mb L: 40/65536 MS: 8 EraseBytes-Custom-CustomCrossOver-CMP-Custom-CustomCrossOver-InsertByte-Custom- DE: "\037\000\000\000"-
#56589	NEW    cov: 1880 ft: 7974 corp: 762/2071Kb lim: 65536 exec/s: 528 rss: 11387Mb L: 1/65536 MS: 4 ShuffleBytes-Custom-ChangeBit-Custom-
#56771	NEW    cov: 1880 ft: 7974 corp: 762/2071Kb lim: 65536 exec/s: 525 rss: 11425Mb L: 8191/65536 MS: 3 ChangeBit-Custom-CustomCrossOver-
#56830	NEW    cov: 1880 ft: 7974 corp: 762/2067Kb lim: 65536 exec/s: 526 rss: 11438Mb L: 3/65536 MS: 8 ChangeByte-Custom-ChangeByte-Custom-ChangeBit-Custom-ChangeBit-Custom-
#57066	NEW    cov: 1880 ft: 7975 corp: 763/2067Kb lim: 65536 exec/s: 528 rss: 11490Mb L: 29/65536 MS: 1 CustomCrossOver-
#57168	NEW    cov: 1880 ft: 7975 corp: 763/2067Kb lim: 65536 exec/s: 529 rss: 11510Mb L: 5/65536 MS: 4 InsertByte-Custom-ChangeBinInt-Custom-
#57294	RELOAD cov: 1880 ft: 7975 corp: 764/2099Kb lim: 65536 exec/s: 530 rss: 11539Mb
#57358	NEW    cov: 1880 ft: 7975 corp: 762/2095Kb lim: 65536 exec/s: 531 rss: 11553Mb L: 110/65536 MS: 8 InsertByte-Custom-ManualDict-Custom-InsertByte-Custom-InsertRepeatedBytes-Custom- DE: "workers"-
#58130	RELOAD cov: 1880 ft: 7975 corp: 761/2079Kb lim: 65536 exec/s: 533 rss: 11716Mb
#58244	NEW    cov: 1880 ft: 7975 corp: 761/2079Kb lim: 65536 exec/s: 529 rss: 11741Mb L: 4144/65536 MS: 8 InsertRepeatedBytes-Custom-CopyPart-Custom-ChangeASCIIInt-Custom-EraseBytes-Custom-
#58435	NEW    cov: 1880 ft: 7976 corp: 760/2079Kb lim: 65536 exec/s: 531 rss: 11783Mb L: 3/65536 MS: 2 InsertByte-Custom-
#58515	NEW    cov: 1880 ft: 7976 corp: 760/2079Kb lim: 65536 exec/s: 531 rss: 11801Mb L: 67/65536 MS: 8 InsertByte-Custom-CustomCrossOver-CustomCrossOver-ManualDict-Custom-InsertRepeatedBytes-Custom- DE: "seed"-
#58771	NEW    cov: 1880 ft: 7976 corp: 761/2079Kb lim: 65536 exec/s: 534 rss: 11859Mb L: 2/65536 MS: 2 ChangeBit-Custom-
#58772	NEW    cov: 1880 ft: 7976 corp: 761/2079Kb lim: 65536 exec/s: 534 rss: 11859Mb L: 3/65536 MS: 2 InsertByte-Custom-
#58784	NEW    cov: 1880 ft: 7976 corp: 761/2079Kb lim: 65536 exec/s: 534 rss: 11861Mb L: 18/65536 MS: 4 PersAutoDict-Custom-ChangeByte-Custom- DE: "\001\000"-
#58825	NEW    cov: 1880 ft: 7976 corp: 762/2079Kb lim: 65536 exec/s: 534 rss: 11869Mb L: 3/65536 MS: 2 CopyPart-Custom-
#59004	RELOAD cov: 1880 ft: 7976 corp: 763/2079Kb lim: 65536 exec/s: 536 rss: 11909Mb
#59188	NEW    cov: 1880 ft: 7976 corp: 763/2079Kb lim: 65536 exec/s: 533 rss: 11946Mb L: 518/65536 MS: 8 InsertRepeatedBytes-Custom-ChangeBit-Custom-ChangeByte-Custom-ChangeByte-Custom-
#59504	NEW    cov: 1880 ft: 7976 corp: 763/2079Kb lim: 65536 exec/s: 536 rss: 12015Mb L: 16387/65536 MS: 2 ShuffleBytes-Custom-
#59544	NEW    cov: 1880 ft: 7977 corp: 764/2079Kb lim: 65536 exec/s: 536 rss: 12022Mb L: 16/65536 MS: 10 PersAutoDict-Custom-InsertByte-Custom-PersAutoDict-Custom-ManualDict-Custom-InsertByte-Custom- DE: "\011\000"-"TOKEN"-"USER"-
#59702	NEW    cov: 1880 ft: 7977 corp: 764/2079Kb lim: 65536 exec/s: 537 rss: 12022Mb L: 6/65536 MS: 4 ShuffleBytes-Custom-CustomCrossOver-CustomCrossOver-
#59703	NEW    cov: 1880 ft: 7977 corp: 764/2079Kb lim: 65536 exec/s: 537 rss: 12022Mb L: 2/65536 MS: 1 CustomCrossOver-
#59724	NEW    cov: 1880 ft: 7977 corp: 764/2079Kb lim: 65536 exec/s: 538 rss: 12022Mb L: 18/65536 MS: 2 ShuffleBytes-Custom-
#59753	NEW    cov: 1880 ft: 7983 corp: 764/2079Kb lim: 65536 exec/s: 538 rss: 12022Mb L: 7/65536 MS: 7 CopyPart-Custom-CopyPart-Custom-CopyPart-Custom-CustomCrossOver-
#59769	NEW    cov: 1880 ft: 7983 corp: 765/2079Kb lim: 65536 exec/s: 538 rss: 12022Mb L: 1/65536 MS: 2 ShuffleBytes-Custom-
#59921	RELOAD cov: 1880 ft: 7983 corp: 766/2087Kb lim: 65536 exec/s: 535 rss: 12022Mb
#59931	NEW    cov: 1880 ft: 7983 corp: 766/2083Kb lim: 65536 exec/s: 535 rss: 12022Mb L: 69/65536 MS: 10 CMP-Custom-ChangeBit-Custom-EraseBytes-Custom-ChangeByte-Custom-ChangeBit-Custom- DE: "ping"-
#59986	NEW    cov: 1880 ft: 7984 corp: 767/2147Kb lim: 65536 exec/s: 535 rss: 12022Mb L: 65107/65536 MS: 10 CopyPart-Custom-PersAutoDict-Custom-ShuffleBytes-Custom-ShuffleBytes-Custom-EraseBytes-Custom- DE: "_LOA"-
#60323	NEW    cov: 1880 ft: 7984 corp: 767/2147Kb lim: 65536 exec/s: 538 rss: 12022Mb L: 2/65536 MS: 3 InsertRepeatedBytes-Custom-CustomCrossOver-
#60500	NEW    cov: 1880 ft: 7984 corp: 766/2147Kb lim: 65536 exec/s: 540 rss: 12022Mb L: 3/65536 MS: 4 ChangeBinInt-Custom-EraseBytes-Custom-
#60774	RELOAD cov: 1880 ft: 7984 corp: 765/2139Kb lim: 65536 exec/s: 537 rss: 12022Mb
#61598	RELOAD cov: 1880 ft: 7984 corp: 765/2139Kb lim: 65536 exec/s: 540 rss: 12022Mb
#61619	NEW    cov: 1880 ft: 7984 corp: 765/2126Kb lim: 65536 exec/s: 540 rss: 12022Mb L: 4093/65536 MS: 1 CustomCrossOver-
#62235	NEW    cov: 1880 ft: 7985 corp: 766/2126Kb lim: 65536 exec/s: 541 rss: 12022Mb L: 18/65536 MS: 2 ChangeBit-Custom-
#62338	RELOAD cov: 1880 ft: 7985 corp: 766/2126Kb lim: 65536 exec/s: 542 rss: 12022Mb
#62576	NEW    cov: 1880 ft: 7985 corp: 766/2126Kb lim: 65536 exec/s: 544 rss: 12022Mb L: 4/65536 MS: 4 CustomCrossOver-CustomCrossOver-CopyPart-Custom-
#62764	NEW    cov: 1880 ft: 7986 corp: 767/2126Kb lim: 65536 exec/s: 545 rss: 12022Mb L: 359/65536 MS: 5 InsertRepeatedBytes-Custom-CustomCrossOver-CMP-Custom- DE: "@/tmp/beez_fuzz_project/build.lua"-
#63004	NEW    cov: 1880 ft: 7986 corp: 767/2126Kb lim: 65536 exec/s: 543 rss: 12022Mb L: 7/65536 MS: 10 ChangeBit-Custom-ShuffleBytes-Custom-ShuffleBytes-Custom-ChangeByte-Custom-CMP-Custom- DE: "fs"-
#63043	NEW    cov: 1880 ft: 7986 corp: 767/2126Kb lim: 65536 exec/s: 543 rss: 12022Mb L: 4/65536 MS: 5 CustomCrossOver-PersAutoDict-Custom-CustomCrossOver-CustomCrossOver- DE: "globby"-
#63059	NEW    cov: 1880 ft: 7986 corp: 767/2126Kb lim: 65536 exec/s: 543 rss: 12022Mb L: 1/65536 MS: 2 CopyPart-Custom-
#63226	RELOAD cov: 1880 ft: 7986 corp: 767/2126Kb lim: 65536 exec/s: 486 rss: 12022Mb
#63387	NEW    cov: 1880 ft: 7986 corp: 766/2126Kb lim: 65536 exec/s: 487 rss: 12022Mb L: 8/65536 MS: 2 InsertByte-Custom-
#63568	NEW    cov: 1880 ft: 7986 corp: 766/2126Kb lim: 65536 exec/s: 488 rss: 12022Mb L: 17/65536 MS: 2 EraseBytes-Custom-
#63717	NEW    cov: 1880 ft: 7986 corp: 766/2125Kb lim: 65536 exec/s: 490 rss: 12022Mb L: 13/65536 MS: 8 CMP-Custom-PersAutoDict-Custom-ChangeByte-Custom-InsertByte-Custom- DE: "\377\377\377\377\377\377\377\377"-"summary"-
