INFO: found LLVMFuzzerCustomMutator (0x4d05e8). Disabling -len_control by default.
Dictionary: 286 entries
INFO: Running with entropic power schedule (0xFF, 100).
INFO: Seed: 962619468
INFO: Loaded 1 modules   (4931 inline 8-bit counters): 4931 [0x1494dbc, 0x14960ff), 
INFO: Loaded 1 PC tables (4931 PCs): 4931 [0x11acb48,0x11bff78), 
INFO:     2272 files found in report/fuzz/corpus/lua_dsl
INFO: seed corpus: files: 2272 min: 1b max: 65536b total: 4554433b rss: 31Mb
#2048	pulse  cov: 1656 ft: 6136 corp: 409/42Kb exec/s: 1024 rss: 460Mb
#2251	INITED cov: 1656 ft: 6410 corp: 507/2272Kb exec/s: 1125 rss: 508Mb
#2252	NEW    cov: 1656 ft: 6410 corp: 506/2272Kb lim: 65536 exec/s: 1126 rss: 508Mb L: 33/65536 MS: 2 ChangeByte-Custom-
#2253	NEW    cov: 1656 ft: 6413 corp: 505/2272Kb lim: 65536 exec/s: 1126 rss: 508Mb L: 28/65536 MS: 2 ManualDict-Custom- DE: "]]"-
#2254	NEW    cov: 1656 ft: 6413 corp: 506/2272Kb lim: 65536 exec/s: 1127 rss: 509Mb L: 1/65536 MS: 1 CustomCrossOver-
#2260	NEW    cov: 1656 ft: 6413 corp: 507/2272Kb lim: 65536 exec/s: 1130 rss: 510Mb L: 9/65536 MS: 2 CMP-Custom- DE: "\001\000\000\000\000\000\000>"-
#2261	NEW    cov: 1656 ft: 6413 corp: 508/2272Kb lim: 65536 exec/s: 1130 rss: 510Mb L: 8/65536 MS: 2 ChangeByte-Custom-
#2271	NEW    cov: 1656 ft: 6413 corp: 508/2272Kb lim: 65536 exec/s: 1135 rss: 512Mb L: 2/65536 MS: 7 CustomCrossOver-CMP-Custom-ShuffleBytes-Custom-CustomCrossOver-CustomCrossOver- DE: "\022\000\000\000"-
#2272	NEW    cov: 1656 ft: 6413 corp: 508/2271Kb lim: 65536 exec/s: 1136 rss: 513Mb L: 29/65536 MS: 1 CustomCrossOver-
#2273	NEW    cov: 1656 ft: 6413 corp: 508/2271Kb lim: 65536 exec/s: 1136 rss: 513Mb L: 2/65536 MS: 1 CustomCrossOver-
#2274	NEW    cov: 1656 ft: 6413 corp: 508/2271Kb lim: 65536 exec/s: 1137 rss: 513Mb L: 221/65536 MS: 2 PersAutoDict-Custom- DE: "\022\000\000\000"-
#2282	NEW    cov: 1656 ft: 6413 corp: 509/2271Kb lim: 65536 exec/s: 1141 rss: 515Mb L: 9/65536 MS: 5 PersAutoDict-Custom-InsertRepeatedBytes-Custom-CustomCrossOver- DE: "\001\000\000\000\000\000\000>"-
#2298	NEW    cov: 1656 ft: 6413 corp: 510/2271Kb lim: 65536 exec/s: 1149 rss: 519Mb L: 18/65536 MS: 1 CustomCrossOver-
#2319	NEW    cov: 1656 ft: 6413 corp: 510/2271Kb lim: 65536 exec/s: 1159 rss: 524Mb L: 6/65536 MS: 2 ShuffleBytes-Custom-
#2325	NEW    cov: 1656 ft: 6413 corp: 511/2271Kb lim: 65536 exec/s: 1162 rss: 525Mb L: 25/65536 MS: 1 CustomCrossOver-
#2334	NEW    cov: 1656 ft: 6414 corp: 512/2272Kb lim: 65536 exec/s: 1167 rss: 527Mb L: 1010/65536 MS: 7 ChangeBinInt-Custom-EraseBytes-Custom-CustomCrossOver-ManualDict-Custom- DE: "cache_fs_metadata"-
#2335	NEW    cov: 1656 ft: 6414 corp: 511/2272Kb lim: 65536 exec/s: 1167 rss: 527Mb L: 2/65536 MS: 1 CustomCrossOver-
#2336	NEW    cov: 1656 ft: 6414 corp: 510/2272Kb lim: 65536 exec/s: 1168 rss: 528Mb L: 32/65536 MS: 2 ChangeByte-Custom-
#2337	NEW    cov: 1656 ft: 6414 corp: 510/2272Kb lim: 65536 exec/s: 1168 rss: 528Mb L: 12/65536 MS: 1 CustomCrossOver-
#2338	NEW    cov: 1656 ft: 6414 corp: 508/2272Kb lim: 65536 exec/s: 1169 rss: 528Mb L: 3/65536 MS: 2 InsertByte-Custom-
#2339	NEW    cov: 1656 ft: 6414 corp: 509/2272Kb lim: 65536 exec/s: 1169 rss: 528Mb L: 2/65536 MS: 1 CustomCrossOver-
#2340	NEW    cov: 1656 ft: 6416 corp: 510/2275Kb lim: 65536 exec/s: 1170 rss: 529Mb L: 2897/65536 MS: 1 CustomCrossOver-
#2341	NEW    cov: 1656 ft: 6416 corp: 511/2275Kb lim: 65536 exec/s: 1170 rss: 529Mb L: 9/65536 MS: 1 CustomCrossOver-
#2342	NEW    cov: 1656 ft: 6416 corp: 511/2275Kb lim: 65536 exec/s: 1171 rss: 529Mb L: 2/65536 MS: 1 CustomCrossOver-
#2343	NEW    cov: 1656 ft: 6416 corp: 512/2275Kb lim: 65536 exec/s: 1171 rss: 529Mb L: 2/65536 MS: 1 CustomCrossOver-
#2346	NEW    cov: 1656 ft: 6416 corp: 513/2275Kb lim: 65536 exec/s: 1173 rss: 530Mb L: 2/65536 MS: 4 PersAutoDict-Custom-CustomCrossOver-CustomCrossOver- DE: "cache_fs_metadata"-
#2347	NEW    cov: 1656 ft: 6416 corp: 513/2275Kb lim: 65536 exec/s: 1173 rss: 530Mb L: 16/65536 MS: 1 CustomCrossOver-
#2353	NEW    cov: 1656 ft: 6419 corp: 514/2331Kb lim: 65536 exec/s: 1176 rss: 532Mb L: 57358/65536 MS: 1 CustomCrossOver-
#2355	NEW    cov: 1656 ft: 6419 corp: 515/2331Kb lim: 65536 exec/s: 1177 rss: 532Mb L: 31/65536 MS: 4 ChangeBinInt-Custom-CMP-Custom- DE: "not enou"-
#2356	NEW    cov: 1656 ft: 6420 corp: 516/2335Kb lim: 65536 exec/s: 1178 rss: 532Mb L: 4093/65536 MS: 1 CustomCrossOver-
#2357	NEW    cov: 1656 ft: 6420 corp: 516/2334Kb lim: 65536 exec/s: 1178 rss: 532Mb L: 877/65536 MS: 2 InsertByte-Custom-
#2358	NEW    cov: 1656 ft: 6420 corp: 516/2334Kb lim: 65536 exec/s: 1179 rss: 533Mb L: 35/65536 MS: 2 CrossOver-Custom-
#2359	NEW    cov: 1656 ft: 6420 corp: 517/2334Kb lim: 65536 exec/s: 1179 rss: 533Mb L: 2/65536 MS: 1 CustomCrossOver-
#2360	NEW    cov: 1656 ft: 6420 corp: 518/2334Kb lim: 65536 exec/s: 1180 rss: 533Mb L: 19/65536 MS: 1 CustomCrossOver-
#2366	NEW    cov: 1656 ft: 6420 corp: 518/2334Kb lim: 65536 exec/s: 1183 rss: 535Mb L: 11/65536 MS: 2 InsertByte-Custom-
#2367	NEW    cov: 1656 ft: 6420 corp: 518/2334Kb lim: 65536 exec/s: 1183 rss: 535Mb L: 2/65536 MS: 1 CustomCrossOver-
#2370	NEW    cov: 1656 ft: 6420 corp: 518/2334Kb lim: 65536 exec/s: 1185 rss: 536Mb L: 36/65536 MS: 4 CrossOver-Custom-CustomCrossOver-CustomCrossOver-
#2372	NEW    cov: 1656 ft: 6420 corp: 517/2334Kb lim: 65536 exec/s: 1186 rss: 536Mb L: 2/65536 MS: 3 ChangeByte-Custom-CustomCrossOver-
#2373	NEW    cov: 1656 ft: 6420 corp: 518/2334Kb lim: 65536 exec/s: 1186 rss: 536Mb L: 5/65536 MS: 2 EraseBytes-Custom-
#2374	NEW    cov: 1656 ft: 6420 corp: 517/2334Kb lim: 65536 exec/s: 1187 rss: 536Mb L: 9/65536 MS: 2 CopyPart-Custom-
#2387	NEW    cov: 1656 ft: 6420 corp: 518/2334Kb lim: 65536 exec/s: 1193 rss: 539Mb L: 321/65536 MS: 4 InsertRepeatedBytes-Custom-CustomCrossOver-CustomCrossOver-
#2390	NEW    cov: 1656 ft: 6420 corp: 518/2334Kb lim: 65536 exec/s: 1195 rss: 540Mb L: 78/65536 MS: 4 InsertRepeatedBytes-Custom-CustomCrossOver-CustomCrossOver-
#2396	NEW    cov: 1656 ft: 6420 corp: 519/2334Kb lim: 65536 exec/s: 1198 rss: 542Mb L: 3/65536 MS: 2 PersAutoDict-Custom- DE: "]]"-
#2398	NEW    cov: 1656 ft: 6422 corp: 520/2335Kb lim: 65536 exec/s: 1199 rss: 542Mb L: 290/65536 MS: 4 CrossOver-Custom-InsertRepeatedBytes-Custom-
#2399	NEW    cov: 1656 ft: 6422 corp: 519/2335Kb lim: 65536 exec/s: 1199 rss: 542Mb L: 2/65536 MS: 1 CustomCrossOver-
#2404	NEW    cov: 1656 ft: 6422 corp: 519/2335Kb lim: 65536 exec/s: 1202 rss: 544Mb L: 2/65536 MS: 8 CopyPart-Custom-ChangeBinInt-Custom-InsertRepeatedBytes-Custom-CustomCrossOver-CustomCrossOver-
#2405	NEW    cov: 1656 ft: 6422 corp: 519/2335Kb lim: 65536 exec/s: 1202 rss: 544Mb L: 66/65536 MS: 1 CustomCrossOver-
#2411	NEW    cov: 1656 ft: 6423 corp: 517/2334Kb lim: 65536 exec/s: 1205 rss: 545Mb L: 113/65536 MS: 2 CopyPart-Custom-
#2432	NEW    cov: 1656 ft: 6423 corp: 518/2334Kb lim: 65536 exec/s: 1216 rss: 550Mb L: 10/65536 MS: 1 CustomCrossOver-
#2433	NEW    cov: 1656 ft: 6423 corp: 518/2334Kb lim: 65536 exec/s: 1216 rss: 551Mb L: 11/65536 MS: 2 CMP-Custom- DE: "\027\000\000\000\000\000\000\000"-
#2434	NEW    cov: 1656 ft: 6423 corp: 519/2334Kb lim: 65536 exec/s: 1217 rss: 551Mb L: 6/65536 MS: 2 ChangeASCIIInt-Custom-
#2445	NEW    cov: 1656 ft: 6423 corp: 518/2334Kb lim: 65536 exec/s: 1222 rss: 553Mb L: 11/65536 MS: 2 ChangeBit-Custom-
#2451	NEW    cov: 1656 ft: 6423 corp: 519/2334Kb lim: 65536 exec/s: 1225 rss: 555Mb L: 249/65536 MS: 2 ChangeBinInt-Custom-
#2452	NEW    cov: 1656 ft: 6423 corp: 520/2334Kb lim: 65536 exec/s: 1226 rss: 555Mb L: 6/65536 MS: 2 InsertByte-Custom-
#2454	NEW    cov: 1656 ft: 6424 corp: 521/2398Kb lim: 65536 exec/s: 1227 rss: 555Mb L: 65536/65536 MS: 4 ChangeASCIIInt-Custom-CopyPart-Custom-
#2455	NEW    cov: 1656 ft: 6424 corp: 521/2398Kb lim: 65536 exec/s: 1227 rss: 556Mb L: 102/65536 MS: 2 InsertByte-Custom-
#2456	NEW    cov: 1656 ft: 6424 corp: 521/2398Kb lim: 65536 exec/s: 1228 rss: 556Mb L: 2/65536 MS: 2 ChangeBinInt-Custom-
#2460	NEW    cov: 1656 ft: 6424 corp: 522/2399Kb lim: 65536 exec/s: 1230 rss: 557Mb L: 1061/65536 MS: 8 ChangeByte-Custom-CMP-Custom-PersAutoDict-Custom-ChangeByte-Custom- DE: "\376\377\377\377\377\377\377\177"-"\027\000\000\000\000\000\000\000"-
#2470	NEW    cov: 1656 ft: 6424 corp: 522/2396Kb lim: 65536 exec/s: 1235 rss: 559Mb L: 62335/65536 MS: 10 CopyPart-Custom-ShuffleBytes-Custom-InsertByte-Custom-ChangeBit-Custom-PersAutoDict-Custom- DE: "not enou"-
#2471	NEW    cov: 1656 ft: 6424 corp: 522/2396Kb lim: 65536 exec/s: 1235 rss: 559Mb L: 48/65536 MS: 1 CustomCrossOver-
#2472	NEW    cov: 1656 ft: 6424 corp: 523/2396Kb lim: 65536 exec/s: 1236 rss: 559Mb L: 1/65536 MS: 2 ShuffleBytes-Custom-
#2480	NEW    cov: 1656 ft: 6424 corp: 524/2396Kb lim: 65536 exec/s: 1240 rss: 560Mb L: 1/65536 MS: 5 ManualDict-Custom-PersAutoDict-Custom-CustomCrossOver- DE: "open_libraries"-"\376\377\377\377\377\377\377\177"-
#2491	NEW    cov: 1656 ft: 6424 corp: 524/2396Kb lim: 65536 exec/s: 1245 rss: 563Mb L: 3/65536 MS: 2 CopyPart-Custom-
#2493	NEW    cov: 1656 ft: 6424 corp: 524/2396Kb lim: 65536 exec/s: 1246 rss: 563Mb L: 6/65536 MS: 4 CopyPart-Custom-EraseBytes-Custom-
#2498	NEW    cov: 1656 ft: 6427 corp: 525/2398Kb lim: 65536 exec/s: 1249 rss: 564Mb L: 2452/65536 MS: 9 InsertRepeatedBytes-Custom-CustomCrossOver-ChangeByte-Custom-EraseBytes-Custom-InsertRepeatedBytes-Custom-
#2504	NEW    cov: 1656 ft: 6427 corp: 526/2398Kb lim: 65536 exec/s: 1252 rss: 565Mb L: 19/65536 MS: 2 PersAutoDict-Custom- DE: "\001\000\000\000\000\000\000>"-
#2506	NEW    cov: 1656 ft: 6427 corp: 526/2398Kb lim: 65536 exec/s: 1253 rss: 566Mb L: 16/65536 MS: 4 EraseBytes-Custom-EraseBytes-Custom-
#2512	NEW    cov: 1656 ft: 6427 corp: 527/2398Kb lim: 65536 exec/s: 1256 rss: 567Mb L: 44/65536 MS: 2 CrossOver-Custom-
#2517	NEW    cov: 1656 ft: 6427 corp: 527/2398Kb lim: 65536 exec/s: 1258 rss: 568Mb L: 7/65536 MS: 8 InsertRepeatedBytes-Custom-ChangeASCIIInt-Custom-ChangeBit-Custom-CustomCrossOver-CustomCrossOver-
#2518	NEW    cov: 1656 ft: 6427 corp: 527/2398Kb lim: 65536 exec/s: 1259 rss: 569Mb L: 18/65536 MS: 2 ChangeByte-Custom-
#2536	NEW    cov: 1656 ft: 6427 corp: 527/2398Kb lim: 65536 exec/s: 1268 rss: 572Mb L: 51/65536 MS: 6 InsertRepeatedBytes-Custom-ShuffleBytes-Custom-InsertByte-Custom-
#2539	NEW    cov: 1656 ft: 6427 corp: 527/2398Kb lim: 65536 exec/s: 1269 rss: 573Mb L: 4/65536 MS: 5 CMP-Custom-CustomCrossOver-CrossOver-Custom- DE: "\001\000\000\000\000\000\000;"-
#2540	NEW    cov: 1656 ft: 6428 corp: 527/2398Kb lim: 65536 exec/s: 1270 rss: 573Mb L: 3/65536 MS: 2 ShuffleBytes-Custom-
#2541	NEW    cov: 1656 ft: 6428 corp: 525/2398Kb lim: 65536 exec/s: 1270 rss: 573Mb L: 17/65536 MS: 1 CustomCrossOver-
#2557	NEW    cov: 1656 ft: 6428 corp: 524/2398Kb lim: 65536 exec/s: 1278 rss: 577Mb L: 61/65536 MS: 2 CopyPart-Custom-
#2568	NEW    cov: 1656 ft: 6428 corp: 524/2398Kb lim: 65536 exec/s: 1284 rss: 579Mb L: 1/65536 MS: 1 CustomCrossOver-
#2570	NEW    cov: 1656 ft: 6428 corp: 522/2396Kb lim: 65536 exec/s: 1285 rss: 580Mb L: 10/65536 MS: 2 CustomCrossOver-CustomCrossOver-
#2576	NEW    cov: 1656 ft: 6428 corp: 523/2396Kb lim: 65536 exec/s: 1288 rss: 581Mb L: 1/65536 MS: 2 ChangeByte-Custom-
#2582	NEW    cov: 1656 ft: 6428 corp: 523/2396Kb lim: 65536 exec/s: 1291 rss: 582Mb L: 32/65536 MS: 1 CustomCrossOver-
#2598	NEW    cov: 1656 ft: 6428 corp: 523/2396Kb lim: 65536 exec/s: 1299 rss: 586Mb L: 19/65536 MS: 2 ChangeBit-Custom-
#2601	NEW    cov: 1656 ft: 6428 corp: 524/2396Kb lim: 65536 exec/s: 1300 rss: 586Mb L: 13/65536 MS: 6 EraseBytes-Custom-ChangeBinInt-Custom-EraseBytes-Custom-
#2612	NEW    cov: 1656 ft: 6428 corp: 525/2396Kb lim: 65536 exec/s: 1306 rss: 589Mb L: 1/65536 MS: 2 ShuffleBytes-Custom-
#2627	NEW    cov: 1656 ft: 6428 corp: 525/2394Kb lim: 65536 exec/s: 1313 rss: 592Mb L: 1059/65536 MS: 8 ChangeBinInt-Custom-CustomCrossOver-ChangeASCIIInt-Custom-CustomCrossOver-CopyPart-Custom-
#2633	NEW    cov: 1656 ft: 6428 corp: 523/2394Kb lim: 65536 exec/s: 1316 rss: 593Mb L: 25/65536 MS: 1 CustomCrossOver-
#2636	NEW    cov: 1656 ft: 6428 corp: 524/2394Kb lim: 65536 exec/s: 1318 rss: 594Mb L: 19/65536 MS: 4 PersAutoDict-Custom-CustomCrossOver-CustomCrossOver- DE: "\027\000\000\000\000\000\000\000"-
#2638	NEW    cov: 1656 ft: 6428 corp: 523/2394Kb lim: 65536 exec/s: 1319 rss: 594Mb L: 2/65536 MS: 3 InsertRepeatedBytes-Custom-CustomCrossOver-
#2640	NEW    cov: 1656 ft: 6428 corp: 524/2394Kb lim: 65536 exec/s: 1320 rss: 594Mb L: 3/65536 MS: 4 EraseBytes-Custom-ChangeBit-Custom-
#2643	NEW    cov: 1656 ft: 6432 corp: 524/2392Kb lim: 65536 exec/s: 1321 rss: 595Mb L: 107/65536 MS: 5 CrossOver-Custom-CustomCrossOver-InsertRepeatedBytes-Custom-
#2644	NEW    cov: 1656 ft: 6433 corp: 523/2391Kb lim: 65536 exec/s: 1322 rss: 596Mb L: 15/65536 MS: 1 CustomCrossOver-
#2645	NEW    cov: 1656 ft: 6433 corp: 523/2391Kb lim: 65536 exec/s: 1322 rss: 596Mb L: 2/65536 MS: 2 InsertByte-Custom-
#2652	NEW    cov: 1656 ft: 6433 corp: 524/2399Kb lim: 65536 exec/s: 1326 rss: 598Mb L: 8191/65536 MS: 3 ChangeByte-Custom-CustomCrossOver-
#2663	NEW    cov: 1656 ft: 6434 corp: 525/2463Kb lim: 65536 exec/s: 1331 rss: 600Mb L: 65521/65536 MS: 1 CustomCrossOver-
#2667	NEW    cov: 1656 ft: 6434 corp: 526/2464Kb lim: 65536 exec/s: 1333 rss: 601Mb L: 506/65536 MS: 6 CustomCrossOver-CustomCrossOver-ChangeBinInt-Custom-CrossOver-Custom-
#2678	NEW    cov: 1656 ft: 6434 corp: 526/2464Kb lim: 65536 exec/s: 1339 rss: 604Mb L: 14/65536 MS: 2 ManualDict-Custom- DE: "SHELL"-
#2683	NEW    cov: 1656 ft: 6434 corp: 527/2464Kb lim: 65536 exec/s: 1341 rss: 605Mb L: 1/65536 MS: 7 CustomCrossOver-ChangeBit-Custom-CustomCrossOver-EraseBytes-Custom-CustomCrossOver-
#2692	NEW    cov: 1656 ft: 6434 corp: 526/2464Kb lim: 65536 exec/s: 1346 rss: 607Mb L: 3/65536 MS: 6 CustomCrossOver-ShuffleBytes-Custom-ChangeBinInt-Custom-CustomCrossOver-
#2697	NEW    cov: 1656 ft: 6437 corp: 527/2464Kb lim: 65536 exec/s: 1348 rss: 608Mb L: 112/65536 MS: 9 InsertByte-Custom-PersAutoDict-Custom-ChangeBit-Custom-ChangeBinInt-Custom-CustomCrossOver- DE: "\001\000\000\000\000\000\000;"-
#2698	NEW    cov: 1656 ft: 6437 corp: 527/2464Kb lim: 65536 exec/s: 1349 rss: 608Mb L: 40/65536 MS: 2 ChangeBinInt-Custom-
#2714	NEW    cov: 1656 ft: 6437 corp: 526/2464Kb lim: 65536 exec/s: 1357 rss: 612Mb L: 2/65536 MS: 2 ChangeBinInt-Custom-
#2715	NEW    cov: 1656 ft: 6438 corp: 526/2464Kb lim: 65536 exec/s: 1357 rss: 612Mb L: 6/65536 MS: 1 CustomCrossOver-
#2716	NEW    cov: 1656 ft: 6438 corp: 526/2464Kb lim: 65536 exec/s: 1358 rss: 612Mb L: 2/65536 MS: 1 CustomCrossOver-
#2717	NEW    cov: 1656 ft: 6438 corp: 526/2464Kb lim: 65536 exec/s: 1358 rss: 612Mb L: 1/65536 MS: 1 CustomCrossOver-
#2718	NEW    cov: 1656 ft: 6438 corp: 526/2464Kb lim: 65536 exec/s: 1359 rss: 612Mb L: 10/65536 MS: 2 CMP-Custom- DE: "\376\377\377\377\377\377\377\177"-
#2739	NEW    cov: 1656 ft: 6438 corp: 524/2463Kb lim: 65536 exec/s: 1369 rss: 617Mb L: 24/65536 MS: 2 ManualDict-Custom- DE: "mmap_hashing_min_bytes"-
#2740	NEW    cov: 1656 ft: 6438 corp: 524/2463Kb lim: 65536 exec/s: 1370 rss: 618Mb L: 1/65536 MS: 2 EraseBytes-Custom-
#2746	NEW    cov: 1656 ft: 6438 corp: 525/2463Kb lim: 65536 exec/s: 1373 rss: 619Mb L: 32/65536 MS: 1 CustomCrossOver-
#2748	NEW    cov: 1656 ft: 6438 corp: 525/2461Kb lim: 65536 exec/s: 1374 rss: 620Mb L: 16/65536 MS: 4 PersAutoDict-Custom-CMP-Custom- DE: "\027\000\000\000\000\000\000\000"-"\000\000\000\001"-
#2749	NEW    cov: 1656 ft: 6438 corp: 526/2461Kb lim: 65536 exec/s: 1374 rss: 620Mb L: 5/65536 MS: 1 CustomCrossOver-
#2758	NEW    cov: 1656 ft: 6438 corp: 527/2461Kb lim: 65536 exec/s: 1379 rss: 622Mb L: 61/65536 MS: 8 InsertRepeatedBytes-Custom-CrossOver-Custom-ChangeBit-Custom-EraseBytes-Custom-
#2774	NEW    cov: 1656 ft: 6438 corp: 528/2461Kb lim: 65536 exec/s: 1387 rss: 625Mb L: 93/65536 MS: 2 EraseBytes-Custom-
#2775	NEW    cov: 1656 ft: 6438 corp: 529/2461Kb lim: 65536 exec/s: 1387 rss: 625Mb L: 1/65536 MS: 2 EraseBytes-Custom-
#2789	NEW    cov: 1656 ft: 6438 corp: 529/2461Kb lim: 65536 exec/s: 1394 rss: 628Mb L: 2/65536 MS: 5 CustomCrossOver-CustomCrossOver-ChangeASCIIInt-Custom-CustomCrossOver-
#2815	NEW    cov: 1656 ft: 6438 corp: 530/2467Kb lim: 65536 exec/s: 1407 rss: 634Mb L: 5820/65536 MS: 1 CustomCrossOver-
#2827	NEW    cov: 1656 ft: 6438 corp: 529/2467Kb lim: 65536 exec/s: 1413 rss: 637Mb L: 5/65536 MS: 4 ShuffleBytes-Custom-ChangeByte-Custom-
#2828	NEW    cov: 1656 ft: 6438 corp: 530/2467Kb lim: 65536 exec/s: 1414 rss: 637Mb L: 15/65536 MS: 2 ChangeBinInt-Custom-
#2829	NEW    cov: 1656 ft: 6438 corp: 531/2467Kb lim: 65536 exec/s: 1414 rss: 637Mb L: 3/65536 MS: 2 EraseBytes-Custom-
#2842	NEW    cov: 1656 ft: 6438 corp: 531/2467Kb lim: 65536 exec/s: 947 rss: 640Mb L: 2/65536 MS: 4 CustomCrossOver-EraseBytes-Custom-CustomCrossOver-
#2855	NEW    cov: 1656 ft: 6438 corp: 531/2467Kb lim: 65536 exec/s: 951 rss: 643Mb L: 4/65536 MS: 4 CustomCrossOver-CustomCrossOver-InsertByte-Custom-
#2878	NEW    cov: 1656 ft: 6438 corp: 532/2467Kb lim: 65536 exec/s: 959 rss: 648Mb L: 9/65536 MS: 6 ChangeByte-Custom-CMP-Custom-EraseBytes-Custom- DE: "\204cL\366\374\177\000\000"-
#2888	NEW    cov: 1656 ft: 6438 corp: 533/2467Kb lim: 65536 exec/s: 962 rss: 650Mb L: 123/65536 MS: 10 ChangeBit-Custom-ManualDict-Custom-ChangeByte-Custom-ChangeByte-Custom-InsertRepeatedBytes-Custom- DE: "files"-
#2891	NEW    cov: 1656 ft: 6438 corp: 534/2467Kb lim: 65536 exec/s: 963 rss: 651Mb L: 2/65536 MS: 4 CustomCrossOver-ChangeByte-Custom-CustomCrossOver-
#2892	NEW    cov: 1656 ft: 6438 corp: 534/2467Kb lim: 65536 exec/s: 964 rss: 651Mb L: 1/65536 MS: 2 ShuffleBytes-Custom-
#2910	NEW    cov: 1656 ft: 6438 corp: 535/2467Kb lim: 65536 exec/s: 970 rss: 655Mb L: 21/65536 MS: 6 ManualDict-Custom-ChangeBit-Custom-ManualDict-Custom- DE: "orphan"-"buildSettings"-
#2912	NEW    cov: 1656 ft: 6438 corp: 534/2467Kb lim: 65536 exec/s: 970 rss: 656Mb L: 19/65536 MS: 2 CustomCrossOver-CustomCrossOver-
#2913	NEW    cov: 1656 ft: 6438 corp: 534/2466Kb lim: 65536 exec/s: 971 rss: 656Mb L: 257/65536 MS: 2 ShuffleBytes-Custom-
#2924	NEW    cov: 1656 ft: 6439 corp: 535/2483Kb lim: 65536 exec/s: 974 rss: 658Mb L: 16665/65536 MS: 1 CustomCrossOver-
#2931	NEW    cov: 1656 ft: 6439 corp: 534/2483Kb lim: 65536 exec/s: 977 rss: 660Mb L: 12/65536 MS: 3 CustomCrossOver-ShuffleBytes-Custom-
#2932	NEW    cov: 1656 ft: 6439 corp: 534/2483Kb lim: 65536 exec/s: 977 rss: 660Mb L: 2/65536 MS: 1 CustomCrossOver-
#2933	NEW    cov: 1656 ft: 6439 corp: 534/2483Kb lim: 65536 exec/s: 977 rss: 661Mb L: 17/65536 MS: 1 CustomCrossOver-
#2934	NEW    cov: 1656 ft: 6439 corp: 534/2483Kb lim: 65536 exec/s: 978 rss: 661Mb L: 3/65536 MS: 2 CopyPart-Custom-
#2940	NEW    cov: 1656 ft: 6439 corp: 535/2483Kb lim: 65536 exec/s: 980 rss: 662Mb L: 3/65536 MS: 1 CustomCrossOver-
#2951	NEW    cov: 1656 ft: 6439 corp: 535/2483Kb lim: 65536 exec/s: 983 rss: 665Mb L: 1/65536 MS: 2 EraseBytes-Custom-
#2965	NEW    cov: 1656 ft: 6439 corp: 536/2483Kb lim: 65536 exec/s: 988 rss: 668Mb L: 16/65536 MS: 6 CopyPart-Custom-CopyPart-Custom-CustomCrossOver-CustomCrossOver-
#2990	NEW    cov: 1656 ft: 6439 corp: 536/2483Kb lim: 65536 exec/s: 996 rss: 673Mb L: 3/65536 MS: 9 InsertRepeatedBytes-Custom-CrossOver-Custom-ShuffleBytes-Custom-InsertRepeatedBytes-Custom-CustomCrossOver-
#3004	NEW    cov: 1656 ft: 6439 corp: 537/2483Kb lim: 65536 exec/s: 1001 rss: 677Mb L: 40/65536 MS: 6 CopyPart-Custom-CustomCrossOver-CustomCrossOver-PersAutoDict-Custom- DE: "]]"-
#3008	NEW    cov: 1656 ft: 6439 corp: 537/2483Kb lim: 65536 exec/s: 1002 rss: 677Mb L: 1/65536 MS: 7 ChangeBinInt-Custom-PersAutoDict-Custom-CustomCrossOver-EraseBytes-Custom- DE: "not enou"-
#3046	NEW    cov: 1656 ft: 6440 corp: 538/2483Kb lim: 65536 exec/s: 1015 rss: 685Mb L: 6/65536 MS: 5 InsertRepeatedBytes-Custom-ChangeBit-Custom-CustomCrossOver-
#3047	NEW    cov: 1656 ft: 6440 corp: 538/2483Kb lim: 65536 exec/s: 1015 rss: 685Mb L: 32/65536 MS: 2 ChangeBit-Custom-
#3048	NEW    cov: 1656 ft: 6440 corp: 539/2483Kb lim: 65536 exec/s: 1016 rss: 685Mb L: 4/65536 MS: 1 CustomCrossOver-
#3049	NEW    cov: 1656 ft: 6440 corp: 540/2483Kb lim: 65536 exec/s: 1016 rss: 685Mb L: 2/65536 MS: 2 InsertByte-Custom-
#3063	NEW    cov: 1656 ft: 6442 corp: 541/2483Kb lim: 65536 exec/s: 1021 rss: 688Mb L: 17/65536 MS: 7 CustomCrossOver-CopyPart-Custom-InsertRepeatedBytes-Custom-ChangeByte-Custom-
#3066	NEW    cov: 1656 ft: 6442 corp: 541/2483Kb lim: 65536 exec/s: 1022 rss: 689Mb L: 271/65536 MS: 5 CMP-Custom-CustomCrossOver-InsertByte-Custom- DE: "__b"-
#3067	NEW    cov: 1656 ft: 6442 corp: 542/2483Kb lim: 65536 exec/s: 1022 rss: 689Mb L: 4/65536 MS: 2 ChangeBit-Custom-
#3068	NEW    cov: 1656 ft: 6442 corp: 543/2483Kb lim: 65536 exec/s: 1022 rss: 689Mb L: 31/65536 MS: 2 ShuffleBytes-Custom-
#3079	NEW    cov: 1656 ft: 6443 corp: 544/2483Kb lim: 65536 exec/s: 1026 rss: 692Mb L: 71/65536 MS: 2 InsertRepeatedBytes-Custom-
#3084	NEW    cov: 1656 ft: 6443 corp: 544/2483Kb lim: 65536 exec/s: 1028 rss: 693Mb L: 2/65536 MS: 7 CustomCrossOver-CMP-Custom-CopyPart-Custom-CustomCrossOver-CustomCrossOver- DE: "sol."-
#3085	NEW    cov: 1656 ft: 6443 corp: 545/2485Kb lim: 65536 exec/s: 1028 rss: 693Mb L: 2044/65536 MS: 1 CustomCrossOver-
#3089	NEW    cov: 1656 ft: 6443 corp: 545/2447Kb lim: 65536 exec/s: 1029 rss: 694Mb L: 27012/65536 MS: 6 ShuffleBytes-Custom-CustomCrossOver-ShuffleBytes-Custom-CustomCrossOver-
#3090	NEW    cov: 1656 ft: 6443 corp: 546/2447Kb lim: 65536 exec/s: 1030 rss: 694Mb L: 5/65536 MS: 2 InsertByte-Custom-
#3101	NEW    cov: 1656 ft: 6443 corp: 547/2447Kb lim: 65536 exec/s: 1033 rss: 696Mb L: 3/65536 MS: 2 ShuffleBytes-Custom-
#3107	NEW    cov: 1656 ft: 6443 corp: 548/2447Kb lim: 65536 exec/s: 1035 rss: 697Mb L: 19/65536 MS: 2 PersAutoDict-Custom- DE: "sol."-
#3108	NEW    cov: 1656 ft: 6443 corp: 548/2447Kb lim: 65536 exec/s: 1036 rss: 698Mb L: 1/65536 MS: 2 ChangeBinInt-Custom-
#3110	NEW    cov: 1656 ft: 6443 corp: 549/2447Kb lim: 65536 exec/s: 1036 rss: 698Mb L: 176/65536 MS: 4 CopyPart-Custom-InsertRepeatedBytes-Custom-
#3112	NEW    cov: 1656 ft: 6443 corp: 549/2447Kb lim: 65536 exec/s: 1037 rss: 699Mb L: 16666/65536 MS: 2 CustomCrossOver-CustomCrossOver-
#3125	NEW    cov: 1656 ft: 6443 corp: 549/2447Kb lim: 65536 exec/s: 1041 rss: 701Mb L: 15/65536 MS: 4 ShuffleBytes-Custom-CustomCrossOver-CustomCrossOver-
#3126	NEW    cov: 1656 ft: 6443 corp: 550/2447Kb lim: 65536 exec/s: 1042 rss: 702Mb L: 3/65536 MS: 1 CustomCrossOver-
#3145	NEW    cov: 1656 ft: 6443 corp: 550/2447Kb lim: 65536 exec/s: 1048 rss: 705Mb L: 5/65536 MS: 7 CopyPart-Custom-ChangeBit-Custom-InsertByte-Custom-CustomCrossOver-
#3771	RELOAD cov: 1656 ft: 6564 corp: 571/2400Kb lim: 65536 exec/s: 1257 rss: 839Mb
#3776	NEW    cov: 1656 ft: 6564 corp: 572/2400Kb lim: 65536 exec/s: 1258 rss: 839Mb L: 670/65536 MS: 9 ChangeBit-Custom-ManualDict-Custom-InsertRepeatedBytes-Custom-InsertRepeatedBytes-Custom-CustomCrossOver- DE: "output"-
#3802	NEW    cov: 1656 ft: 6564 corp: 572/2400Kb lim: 65536 exec/s: 1267 rss: 844Mb L: 18/65536 MS: 1 CustomCrossOver-
#3809	NEW    cov: 1656 ft: 6564 corp: 572/2400Kb lim: 65536 exec/s: 1269 rss: 846Mb L: 16/65536 MS: 3 PersAutoDict-Custom-CustomCrossOver- DE: "\001\000\000\000\000\000\000;"-
#3819	NEW    cov: 1656 ft: 6567 corp: 573/2427Kb lim: 65536 exec/s: 954 rss: 848Mb L: 27721/65536 MS: 8 InsertByte-Custom-ChangeBinInt-Custom-CustomCrossOver-CustomCrossOver-EraseBytes-Custom-
#3820	NEW    cov: 1656 ft: 6567 corp: 573/2427Kb lim: 65536 exec/s: 955 rss: 848Mb L: 17/65536 MS: 1 CustomCrossOver-
#3858	NEW    cov: 1656 ft: 6567 corp: 573/2427Kb lim: 65536 exec/s: 964 rss: 857Mb L: 4/65536 MS: 6 InsertByte-Custom-ChangeByte-Custom-InsertByte-Custom-
#3930	NEW    cov: 1656 ft: 6567 corp: 573/2427Kb lim: 65536 exec/s: 982 rss: 873Mb L: 16/65536 MS: 4 CopyPart-Custom-ChangeBinInt-Custom-
#3935	NEW    cov: 1656 ft: 6567 corp: 572/2414Kb lim: 65536 exec/s: 983 rss: 874Mb L: 176/65536 MS: 10 InsertByte-Custom-ChangeByte-Custom-ChangeBit-Custom-InsertByte-Custom-EraseBytes-Custom-
#3942	NEW    cov: 1656 ft: 6568 corp: 573/2416Kb lim: 65536 exec/s: 985 rss: 876Mb L: 2051/65536 MS: 2 CustomCrossOver-CustomCrossOver-
#3947	NEW    cov: 1656 ft: 6569 corp: 574/2417Kb lim: 65536 exec/s: 986 rss: 877Mb L: 1116/65536 MS: 7 CustomCrossOver-CustomCrossOver-CustomCrossOver-CMP-Custom-ChangeASCIIInt-Custom- DE: "extra"-
#3989	NEW    cov: 1656 ft: 6569 corp: 575/2417Kb lim: 65536 exec/s: 997 rss: 887Mb L: 19/65536 MS: 4 ManualDict-Custom-ChangeBit-Custom- DE: "["-
#3995	NEW    cov: 1656 ft: 6569 corp: 574/2417Kb lim: 65536 exec/s: 998 rss: 888Mb L: 17/65536 MS: 2 InsertByte-Custom-
#4002	NEW    cov: 1656 ft: 6569 corp: 574/2417Kb lim: 65536 exec/s: 1000 rss: 890Mb L: 49/65536 MS: 4 InsertRepeatedBytes-Custom-ShuffleBytes-Custom-
#4037	NEW    cov: 1656 ft: 6569 corp: 575/2431Kb lim: 65536 exec/s: 1009 rss: 896Mb L: 14336/65536 MS: 8 CustomCrossOver-CopyPart-Custom-ChangeByte-Custom-ChangeByte-Custom-CustomCrossOver-
#4047	NEW    cov: 1656 ft: 6569 corp: 576/2431Kb lim: 65536 exec/s: 1011 rss: 898Mb L: 103/65536 MS: 8 ManualDict-Custom-ShuffleBytes-Custom-CustomCrossOver-CustomCrossOver-InsertRepeatedBytes-Custom- DE: "ghost-step"-
#4071	NEW    cov: 1656 ft: 6572 corp: 577/2431Kb lim: 65536 exec/s: 1017 rss: 904Mb L: 6/65536 MS: 6 CustomCrossOver-CustomCrossOver-CopyPart-Custom-CopyPart-Custom-
#4096	pulse  cov: 1656 ft: 6572 corp: 577/2431Kb lim: 65536 exec/s: 1024 rss: 910Mb
#4097	NEW    cov: 1656 ft: 6572 corp: 577/2431Kb lim: 65536 exec/s: 1024 rss: 910Mb L: 3/65536 MS: 1 CustomCrossOver-
#4103	NEW    cov: 1656 ft: 6572 corp: 578/2431Kb lim: 65536 exec/s: 1025 rss: 912Mb L: 3/65536 MS: 2 InsertByte-Custom-
#4109	NEW    cov: 1656 ft: 6573 corp: 579/2431Kb lim: 65536 exec/s: 1027 rss: 913Mb L: 517/65536 MS: 1 CustomCrossOver-
#4118	NEW    cov: 1656 ft: 6573 corp: 579/2431Kb lim: 65536 exec/s: 1029 rss: 915Mb L: 28/65536 MS: 6 CustomCrossOver-ManualDict-Custom-ShuffleBytes-Custom-CustomCrossOver- DE: "validateConsistent"-
#4131	NEW    cov: 1656 ft: 6573 corp: 579/2431Kb lim: 65536 exec/s: 1032 rss: 918Mb L: 18/65536 MS: 5 CustomCrossOver-ChangeBinInt-Custom-ManualDict-Custom- DE: "releaseState"-
#4161	NEW    cov: 1656 ft: 6573 corp: 580/2431Kb lim: 65536 exec/s: 1040 rss: 925Mb L: 4/65536 MS: 7 CustomCrossOver-ChangeBit-Custom-CustomCrossOver-CustomCrossOver-InsertByte-Custom-
#4179	NEW    cov: 1656 ft: 6573 corp: 581/2431Kb lim: 65536 exec/s: 1044 rss: 929Mb L: 74/65536 MS: 6 EraseBytes-Custom-EraseBytes-Custom-InsertRepeatedBytes-Custom-
#4232	NEW    cov: 1656 ft: 6573 corp: 581/2413Kb lim: 65536 exec/s: 1058 rss: 941Mb L: 8578/65536 MS: 5 CMP-Custom-InsertByte-Custom-CustomCrossOver- DE: "\000\000"-
#4240	NEW    cov: 1656 ft: 6573 corp: 582/2417Kb lim: 65536 exec/s: 1060 rss: 942Mb L: 4143/65536 MS: 4 CustomCrossOver-CustomCrossOver-CrossOver-Custom-
#4246	NEW    cov: 1656 ft: 6573 corp: 583/2417Kb lim: 65536 exec/s: 1061 rss: 943Mb L: 38/65536 MS: 1 CustomCrossOver-
#4317	NEW    cov: 1656 ft: 6573 corp: 583/2417Kb lim: 65536 exec/s: 1079 rss: 957Mb L: 18/65536 MS: 1 CustomCrossOver-
#4318	NEW    cov: 1656 ft: 6573 corp: 583/2417Kb lim: 65536 exec/s: 1079 rss: 957Mb L: 2/65536 MS: 1 CustomCrossOver-
#4322	NEW    cov: 1656 ft: 6574 corp: 584/2417Kb lim: 65536 exec/s: 1080 rss: 958Mb L: 15/65536 MS: 5 CustomCrossOver-CrossOver-Custom-CustomCrossOver-CustomCrossOver-
#4327	NEW    cov: 1656 ft: 6574 corp: 584/2417Kb lim: 65536 exec/s: 1081 rss: 960Mb L: 59/65536 MS: 10 EraseBytes-Custom-ChangeBinInt-Custom-CMP-Custom-EraseBytes-Custom-InsertByte-Custom- DE: "\020\000"-
#4328	NEW    cov: 1656 ft: 6574 corp: 584/2417Kb lim: 65536 exec/s: 1082 rss: 960Mb L: 1/65536 MS: 1 CustomCrossOver-
#4349	NEW    cov: 1656 ft: 6574 corp: 585/2417Kb lim: 65536 exec/s: 1087 rss: 963Mb L: 21/65536 MS: 2 CMP-Custom- DE: "\000\036"-
#4355	NEW    cov: 1656 ft: 6580 corp: 586/2419Kb lim: 65536 exec/s: 1088 rss: 964Mb L: 2067/65536 MS: 2 ChangeByte-Custom-
#4360	NEW    cov: 1656 ft: 6580 corp: 587/2419Kb lim: 65536 exec/s: 1090 rss: 966Mb L: 17/65536 MS: 7 CrossOver-Custom-InsertByte-Custom-CustomCrossOver-CustomCrossOver-CustomCrossOver-
#4363	NEW    cov: 1656 ft: 6580 corp: 587/2419Kb lim: 65536 exec/s: 1090 rss: 967Mb L: 125/65536 MS: 5 InsertRepeatedBytes-Custom-CustomCrossOver-InsertRepeatedBytes-Custom-
#4380	NEW    cov: 1656 ft: 6581 corp: 588/2419Kb lim: 65536 exec/s: 1095 rss: 970Mb L: 48/65536 MS: 4 PersAutoDict-Custom-ChangeByte-Custom- DE: "extra"-
#4408	NEW    cov: 1656 ft: 6581 corp: 589/2419Kb lim: 65536 exec/s: 1102 rss: 977Mb L: 6/65536 MS: 3 CustomCrossOver-CustomCrossOver-CustomCrossOver-
#4415	NEW    cov: 1656 ft: 6581 corp: 588/2418Kb lim: 65536 exec/s: 1103 rss: 978Mb L: 5/65536 MS: 2 CustomCrossOver-CustomCrossOver-
#4416	NEW    cov: 1656 ft: 6581 corp: 588/2418Kb lim: 65536 exec/s: 1104 rss: 979Mb L: 17/65536 MS: 2 CopyPart-Custom-
#4432	NEW    cov: 1656 ft: 6581 corp: 588/2418Kb lim: 65536 exec/s: 1108 rss: 982Mb L: 6/65536 MS: 1 CustomCrossOver-
#4476	NEW    cov: 1656 ft: 6581 corp: 588/2413Kb lim: 65536 exec/s: 1119 rss: 991Mb L: 3197/65536 MS: 8 ManualDict-Custom-ShuffleBytes-Custom-ShuffleBytes-Custom-CrossOver-Custom- DE: "-1"-
#4500	NEW    cov: 1656 ft: 6581 corp: 589/2414Kb lim: 65536 exec/s: 1125 rss: 995Mb L: 725/65536 MS: 6 CustomCrossOver-EraseBytes-Custom-InsertRepeatedBytes-Custom-CustomCrossOver-
#4519	NEW    cov: 1656 ft: 6581 corp: 590/2414Kb lim: 65536 exec/s: 1129 rss: 999Mb L: 1/65536 MS: 7 ChangeBinInt-Custom-CopyPart-Custom-CustomCrossOver-ChangeByte-Custom-
#4591	NEW    cov: 1656 ft: 6581 corp: 591/2414Kb lim: 65536 exec/s: 1147 rss: 1013Mb L: 25/65536 MS: 3 CMP-Custom-CustomCrossOver- DE: "read"-
#4600	NEW    cov: 1656 ft: 6582 corp: 592/2414Kb lim: 65536 exec/s: 1150 rss: 1016Mb L: 281/65536 MS: 7 CopyPart-Custom-ShuffleBytes-Custom-ManualDict-Custom-CustomCrossOver- DE: "missing"-
#4634	NEW    cov: 1656 ft: 6582 corp: 592/2414Kb lim: 65536 exec/s: 1158 rss: 1023Mb L: 16/65536 MS: 8 EraseBytes-Custom-ChangeByte-Custom-CMP-Custom-InsertByte-Custom- DE: "\005\000"-
#4654	NEW    cov: 1656 ft: 6582 corp: 592/2404Kb lim: 65536 exec/s: 1163 rss: 1027Mb L: 80/65536 MS: 10 EraseBytes-Custom-CopyPart-Custom-EraseBytes-Custom-ChangeBinInt-Custom-InsertRepeatedBytes-Custom-
#4658	NEW    cov: 1656 ft: 6582 corp: 593/2404Kb lim: 65536 exec/s: 1164 rss: 1028Mb L: 19/65536 MS: 8 ShuffleBytes-Custom-ChangeBinInt-Custom-ChangeBit-Custom-ShuffleBytes-Custom-
#4662	NEW    cov: 1656 ft: 6582 corp: 593/2404Kb lim: 65536 exec/s: 1165 rss: 1029Mb L: 16/65536 MS: 7 CustomCrossOver-PersAutoDict-Custom-PersAutoDict-Custom-PersAutoDict-Custom- DE: "\022\000\000\000"-"\000\000\000\001"-"orphan"-
#4691	NEW    cov: 1656 ft: 6583 corp: 593/2404Kb lim: 65536 exec/s: 1172 rss: 1035Mb L: 68/65536 MS: 8 EraseBytes-Custom-ChangeByte-Custom-CopyPart-Custom-ChangeBinInt-Custom-
#4702	NEW    cov: 1656 ft: 6583 corp: 593/2404Kb lim: 65536 exec/s: 1175 rss: 1038Mb L: 2/65536 MS: 1 CustomCrossOver-
#4716	NEW    cov: 1656 ft: 6583 corp: 593/2404Kb lim: 65536 exec/s: 1179 rss: 1040Mb L: 7/65536 MS: 5 CustomCrossOver-CustomCrossOver-CustomCrossOver-ChangeBinInt-Custom-
#5150	RELOAD cov: 1656 ft: 6603 corp: 599/2473Kb lim: 65536 exec/s: 1030 rss: 1134Mb
#5196	NEW    cov: 1656 ft: 6604 corp: 600/2473Kb lim: 65536 exec/s: 1039 rss: 1142Mb L: 25/65536 MS: 1 CustomCrossOver-
#5213	NEW    cov: 1656 ft: 6604 corp: 600/2473Kb lim: 65536 exec/s: 1042 rss: 1145Mb L: 24/65536 MS: 4 ShuffleBytes-Custom-EraseBytes-Custom-
#5251	NEW    cov: 1656 ft: 6604 corp: 601/2473Kb lim: 65536 exec/s: 1050 rss: 1153Mb L: 9/65536 MS: 5 CustomCrossOver-EraseBytes-Custom-CMP-Custom- DE: "\377\377\377\377\377\377\377\377"-
#5256	NEW    cov: 1656 ft: 6604 corp: 601/2471Kb lim: 65536 exec/s: 1051 rss: 1155Mb L: 16/65536 MS: 10 ChangeByte-Custom-EraseBytes-Custom-CopyPart-Custom-CMP-Custom-PersAutoDict-Custom- DE: "\377\377\377\000"-"\377\377\377\377\377\377\377\377"-
#5257	NEW    cov: 1656 ft: 6604 corp: 602/2471Kb lim: 65536 exec/s: 1051 rss: 1155Mb L: 2/65536 MS: 1 CustomCrossOver-
#5287	NEW    cov: 1656 ft: 6604 corp: 601/2471Kb lim: 65536 exec/s: 1057 rss: 1161Mb L: 3/65536 MS: 9 ChangeByte-Custom-ChangeByte-Custom-ManualDict-Custom-CopyPart-Custom-CustomCrossOver- DE: "Lua error"-
#5296	NEW    cov: 1656 ft: 6604 corp: 601/2471Kb lim: 65536 exec/s: 1059 rss: 1163Mb L: 1/65536 MS: 8 EraseBytes-Custom-ChangeByte-Custom-ChangeByte-Custom-EraseBytes-Custom-
#5302	NEW    cov: 1656 ft: 6612 corp: 602/2471Kb lim: 65536 exec/s: 1060 rss: 1164Mb L: 125/65536 MS: 2 InsertRepeatedBytes-Custom-
#5331	NEW    cov: 1656 ft: 6612 corp: 603/2471Kb lim: 65536 exec/s: 1066 rss: 1170Mb L: 91/65536 MS: 8 EraseBytes-Custom-EraseBytes-Custom-ChangeByte-Custom-InsertRepeatedBytes-Custom-
#5334	NEW    cov: 1656 ft: 6620 corp: 604/2472Kb lim: 65536 exec/s: 1066 rss: 1171Mb L: 1023/65536 MS: 3 CustomCrossOver-CustomCrossOver-CustomCrossOver-
#5345	NEW    cov: 1656 ft: 6621 corp: 605/2514Kb lim: 65536 exec/s: 1069 rss: 1173Mb L: 43464/65536 MS: 2 CopyPart-Custom-
#5346	NEW    cov: 1656 ft: 6621 corp: 605/2472Kb lim: 65536 exec/s: 1069 rss: 1173Mb L: 60/65536 MS: 1 CustomCrossOver-
#5357	NEW    cov: 1656 ft: 6621 corp: 606/2472Kb lim: 65536 exec/s: 1071 rss: 1176Mb L: 512/65536 MS: 1 CustomCrossOver-
#5360	NEW    cov: 1656 ft: 6621 corp: 606/2472Kb lim: 65536 exec/s: 1072 rss: 1177Mb L: 93/65536 MS: 6 ChangeByte-Custom-CrossOver-Custom-InsertRepeatedBytes-Custom-
#5426	NEW    cov: 1656 ft: 6621 corp: 606/2472Kb lim: 65536 exec/s: 1085 rss: 1190Mb L: 9/65536 MS: 2 ChangeBit-Custom-
#5459	NEW    cov: 1656 ft: 6621 corp: 606/2472Kb lim: 65536 exec/s: 1091 rss: 1197Mb L: 245/65536 MS: 6 EraseBytes-Custom-InsertRepeatedBytes-Custom-ChangeBinInt-Custom-
#5465	NEW    cov: 1656 ft: 6624 corp: 607/2473Kb lim: 65536 exec/s: 1093 rss: 1199Mb L: 1038/65536 MS: 2 ShuffleBytes-Custom-
#5478	NEW    cov: 1656 ft: 6626 corp: 608/2473Kb lim: 65536 exec/s: 1095 rss: 1202Mb L: 191/65536 MS: 6 InsertRepeatedBytes-Custom-CrossOver-Custom-InsertRepeatedBytes-Custom-
#5526	NEW    cov: 1656 ft: 6626 corp: 608/2473Kb lim: 65536 exec/s: 1105 rss: 1213Mb L: 6/65536 MS: 6 CopyPart-Custom-ShuffleBytes-Custom-ShuffleBytes-Custom-
#5571	NEW    cov: 1656 ft: 6626 corp: 608/2465Kb lim: 65536 exec/s: 1114 rss: 1222Mb L: 6663/65536 MS: 10 ChangeByte-Custom-InsertByte-Custom-CopyPart-Custom-EraseBytes-Custom-ManualDict-Custom- DE: "cache_write_strategy"-
#5600	NEW    cov: 1656 ft: 6626 corp: 609/2465Kb lim: 65536 exec/s: 1120 rss: 1229Mb L: 97/65536 MS: 6 CustomCrossOver-InsertRepeatedBytes-Custom-CustomCrossOver-PersAutoDict-Custom- DE: "\204cL\366\374\177\000\000"-
#5693	NEW    cov: 1656 ft: 6627 corp: 609/2465Kb lim: 65536 exec/s: 1138 rss: 1249Mb L: 7/65536 MS: 6 ChangeBit-Custom-ChangeBinInt-Custom-ChangeBinInt-Custom-
#5701	NEW    cov: 1656 ft: 6627 corp: 610/2466Kb lim: 65536 exec/s: 1140 rss: 1251Mb L: 8/65536 MS: 4 CustomCrossOver-CustomCrossOver-CopyPart-Custom-
#5734	NEW    cov: 1656 ft: 6628 corp: 611/2466Kb lim: 65536 exec/s: 1146 rss: 1259Mb L: 327/65536 MS: 6 InsertRepeatedBytes-Custom-CMP-Custom-ShuffleBytes-Custom- DE: "\004\000"-
#5746	NEW    cov: 1656 ft: 6628 corp: 611/2466Kb lim: 65536 exec/s: 957 rss: 1262Mb L: 5/65536 MS: 3 CrossOver-Custom-CustomCrossOver-
#5751	NEW    cov: 1656 ft: 6631 corp: 611/2406Kb lim: 65536 exec/s: 958 rss: 1263Mb L: 2051/65536 MS: 8 CustomCrossOver-ChangeASCIIInt-Custom-ChangeBit-Custom-CustomCrossOver-ShuffleBytes-Custom-
#5773	NEW    cov: 1656 ft: 6631 corp: 612/2406Kb lim: 65536 exec/s: 962 rss: 1267Mb L: 10/65536 MS: 4 ChangeBinInt-Custom-ChangeBit-Custom-
#5774	NEW    cov: 1656 ft: 6632 corp: 613/2432Kb lim: 65536 exec/s: 962 rss: 1267Mb L: 27026/65536 MS: 2 ChangeByte-Custom-
#5801	NEW    cov: 1656 ft: 6632 corp: 613/2432Kb lim: 65536 exec/s: 966 rss: 1273Mb L: 19/65536 MS: 3 CustomCrossOver-ManualDict-Custom- DE: "verbose"-
#5802	NEW    cov: 1656 ft: 6632 corp: 613/2432Kb lim: 65536 exec/s: 967 rss: 1273Mb L: 18/65536 MS: 2 InsertByte-Custom-
#5803	NEW    cov: 1656 ft: 6632 corp: 613/2432Kb lim: 65536 exec/s: 967 rss: 1274Mb L: 2/65536 MS: 1 CustomCrossOver-
#5815	NEW    cov: 1656 ft: 6632 corp: 614/2432Kb lim: 65536 exec/s: 969 rss: 1276Mb L: 3/65536 MS: 4 ShuffleBytes-Custom-InsertByte-Custom-
#5826	NEW    cov: 1656 ft: 6632 corp: 614/2432Kb lim: 65536 exec/s: 971 rss: 1279Mb L: 512/65536 MS: 2 CMP-Custom- DE: "\022\000\000\000\000\000\000\000"-
#5838	NEW    cov: 1656 ft: 6632 corp: 615/2432Kb lim: 65536 exec/s: 973 rss: 1282Mb L: 18/65536 MS: 2 CustomCrossOver-CustomCrossOver-
#5840	NEW    cov: 1656 ft: 6632 corp: 615/2431Kb lim: 65536 exec/s: 973 rss: 1282Mb L: 24149/65536 MS: 3 InsertRepeatedBytes-Custom-CustomCrossOver-
#5841	NEW    cov: 1656 ft: 6633 corp: 616/2463Kb lim: 65536 exec/s: 973 rss: 1283Mb L: 32770/65536 MS: 1 CustomCrossOver-
#5843	NEW    cov: 1656 ft: 6633 corp: 617/2463Kb lim: 65536 exec/s: 973 rss: 1283Mb L: 2/65536 MS: 2 CustomCrossOver-CustomCrossOver-
#5860	NEW    cov: 1656 ft: 6634 corp: 618/2463Kb lim: 65536 exec/s: 976 rss: 1287Mb L: 32/65536 MS: 4 ManualDict-Custom-CopyPart-Custom- DE: "\036"-
#5883	NEW    cov: 1656 ft: 6634 corp: 617/2463Kb lim: 65536 exec/s: 980 rss: 1292Mb L: 10/65536 MS: 5 CMP-Custom-CustomCrossOver-PersAutoDict-Custom- DE: "@/tmp/beez_fuzz_project/build.lua"-"not enou"-
#5899	NEW    cov: 1656 ft: 6634 corp: 617/2463Kb lim: 65536 exec/s: 983 rss: 1295Mb L: 5/65536 MS: 2 PersAutoDict-Custom- DE: "]]"-
#5908	NEW    cov: 1656 ft: 6639 corp: 616/2463Kb lim: 65536 exec/s: 984 rss: 1297Mb L: 2/65536 MS: 6 InsertByte-Custom-CMP-Custom-CustomCrossOver-CustomCrossOver- DE: "en"-
#5911	NEW    cov: 1656 ft: 6639 corp: 617/2463Kb lim: 65536 exec/s: 985 rss: 1298Mb L: 31/65536 MS: 5 ShuffleBytes-Custom-ChangeByte-Custom-CustomCrossOver-
#5917	NEW    cov: 1656 ft: 6639 corp: 617/2463Kb lim: 65536 exec/s: 986 rss: 1299Mb L: 2/65536 MS: 1 CustomCrossOver-
#5921	NEW    cov: 1656 ft: 6641 corp: 618/2463Kb lim: 65536 exec/s: 986 rss: 1300Mb L: 126/65536 MS: 8 InsertRepeatedBytes-Custom-ChangeBinInt-Custom-ChangeBit-Custom-ShuffleBytes-Custom-
#5930	NEW    cov: 1656 ft: 6642 corp: 619/2463Kb lim: 65536 exec/s: 988 rss: 1301Mb L: 19/65536 MS: 5 CustomCrossOver-CrossOver-Custom-CustomCrossOver-CustomCrossOver-
#5968	NEW    cov: 1656 ft: 6642 corp: 620/2463Kb lim: 65536 exec/s: 994 rss: 1309Mb L: 1/65536 MS: 5 InsertRepeatedBytes-Custom-ChangeByte-Custom-CustomCrossOver-
#6003	NEW    cov: 1656 ft: 6642 corp: 621/2464Kb lim: 65536 exec/s: 1000 rss: 1317Mb L: 11/65536 MS: 8 CustomCrossOver-CustomCrossOver-ChangeByte-Custom-ChangeBit-Custom-EraseBytes-Custom-
#6019	NEW    cov: 1656 ft: 6642 corp: 621/2464Kb lim: 65536 exec/s: 1003 rss: 1320Mb L: 3/65536 MS: 1 CustomCrossOver-
#6069	NEW    cov: 1656 ft: 6643 corp: 620/2460Kb lim: 65536 exec/s: 1011 rss: 1331Mb L: 2/65536 MS: 9 ChangeByte-Custom-ChangeASCIIInt-Custom-ChangeASCIIInt-Custom-CrossOver-Custom-CustomCrossOver-
#6083	NEW    cov: 1656 ft: 6645 corp: 621/2493Kb lim: 65536 exec/s: 1013 rss: 1334Mb L: 34061/65536 MS: 8 ChangeBinInt-Custom-PersAutoDict-Custom-EraseBytes-Custom-ChangeASCIIInt-Custom- DE: "Lua error"-
#6091	NEW    cov: 1656 ft: 6645 corp: 622/2493Kb lim: 65536 exec/s: 1015 rss: 1335Mb L: 2/65536 MS: 3 CustomCrossOver-CustomCrossOver-CustomCrossOver-
#6095	NEW    cov: 1656 ft: 6645 corp: 622/2490Kb lim: 65536 exec/s: 1015 rss: 1335Mb L: 56/65536 MS: 8 InsertByte-Custom-CopyPart-Custom-ShuffleBytes-Custom-InsertRepeatedBytes-Custom-
	NEW_FUNC[1/3]: 0x000000503470 in std::vector<beez::core::WorkflowStage, std::allocator<beez::core::WorkflowStage>>::size() const /usr/bin/../lib/gcc/x86_64-redhat-linux/16/../../../../include/c++/16/bits/stl_vector.h:1108
	NEW_FUNC[2/3]: 0x0000005038e0 in std::__detail::_Node_const_iterator<std::pair<std::__cxx11::basic_string<char, std::char_traits<char>, std::allocator<char>> const, beez::core::Workflow>, false, true>::operator++() /usr/bin/../lib/gcc/x86_64-redhat-linux/16/../../../../include/c++/16/bits/hashtable_policy.h:506
#6357	RELOAD cov: 1682 ft: 6748 corp: 626/2437Kb lim: 65536 exec/s: 1059 rss: 1392Mb
#6398	NEW    cov: 1682 ft: 6748 corp: 626/2437Kb lim: 65536 exec/s: 1066 rss: 1400Mb L: 3/65536 MS: 2 ShuffleBytes-Custom-
#6498	NEW    cov: 1682 ft: 6748 corp: 626/2435Kb lim: 65536 exec/s: 1083 rss: 1421Mb L: 104/65536 MS: 10 PersAutoDict-Custom-ChangeBit-Custom-CopyPart-Custom-ChangeByte-Custom-InsertRepeatedBytes-Custom- DE: "\377\377\377\377\377\377\377\377"-
#6519	NEW    cov: 1682 ft: 6749 corp: 627/2436Kb lim: 65536 exec/s: 1086 rss: 1426Mb L: 1037/65536 MS: 2 PersAutoDict-Custom- DE: "buildSettings"-
#6520	NEW    cov: 1682 ft: 6749 corp: 626/2436Kb lim: 65536 exec/s: 1086 rss: 1426Mb L: 45/65536 MS: 2 CMP-Custom- DE: "\001\000\000\000\000\000\000\017"-
#6541	NEW    cov: 1682 ft: 6749 corp: 626/2436Kb lim: 65536 exec/s: 1090 rss: 1431Mb L: 3/65536 MS: 1 CustomCrossOver-
#6591	NEW    cov: 1682 ft: 6749 corp: 627/2436Kb lim: 65536 exec/s: 941 rss: 1442Mb L: 2/65536 MS: 8 EraseBytes-Custom-CustomCrossOver-InsertRepeatedBytes-Custom-ChangeBinInt-Custom-CustomCrossOver-
#6595	NEW    cov: 1682 ft: 6750 corp: 626/2435Kb lim: 65536 exec/s: 942 rss: 1443Mb L: 7/65536 MS: 6 CustomCrossOver-CustomCrossOver-CrossOver-Custom-InsertByte-Custom-
#6605	NEW    cov: 1682 ft: 6750 corp: 625/2383Kb lim: 65536 exec/s: 943 rss: 1445Mb L: 4220/65536 MS: 10 InsertRepeatedBytes-Custom-ChangeBit-Custom-InsertRepeatedBytes-Custom-InsertByte-Custom-InsertByte-Custom-
#6715	NEW    cov: 1682 ft: 6750 corp: 625/2383Kb lim: 65536 exec/s: 959 rss: 1469Mb L: 110/65536 MS: 10 CopyPart-Custom-InsertRepeatedBytes-Custom-CMP-Custom-PersAutoDict-Custom-InsertByte-Custom- DE: "\000\000\000\000\000\000\000\006"-"\004\000"-
#6735	NEW    cov: 1682 ft: 6750 corp: 625/2383Kb lim: 65536 exec/s: 962 rss: 1473Mb L: 96/65536 MS: 8 EraseBytes-Custom-ChangeBinInt-Custom-CustomCrossOver-CustomCrossOver-ChangeBit-Custom-
#6749	NEW    cov: 1682 ft: 6753 corp: 625/2357Kb lim: 65536 exec/s: 964 rss: 1476Mb L: 27161/65536 MS: 7 InsertRepeatedBytes-Custom-CustomCrossOver-ShuffleBytes-Custom-ManualDict-Custom- DE: "phase"-
#6790	NEW    cov: 1682 ft: 6753 corp: 625/2357Kb lim: 65536 exec/s: 970 rss: 1484Mb L: 9/65536 MS: 2 ManualDict-Custom- DE: "generate"-
#6817	NEW    cov: 1682 ft: 6757 corp: 626/2371Kb lim: 65536 exec/s: 973 rss: 1490Mb L: 14545/65536 MS: 4 CopyPart-Custom-InsertRepeatedBytes-Custom-
#6844	NEW    cov: 1682 ft: 6757 corp: 626/2336Kb lim: 65536 exec/s: 977 rss: 1496Mb L: 5547/65536 MS: 4 ChangeBinInt-Custom-InsertRepeatedBytes-Custom-
#6908	NEW    cov: 1682 ft: 6759 corp: 627/2336Kb lim: 65536 exec/s: 986 rss: 1511Mb L: 13/65536 MS: 5 CustomCrossOver-CustomCrossOver-CustomCrossOver-CrossOver-Custom-
#7059	NEW    cov: 1682 ft: 6762 corp: 628/2367Kb lim: 65536 exec/s: 1008 rss: 1542Mb L: 31914/65536 MS: 2 ChangeBinInt-Custom-
#7125	NEW    cov: 1682 ft: 6762 corp: 628/2367Kb lim: 65536 exec/s: 1017 rss: 1555Mb L: 2/65536 MS: 2 ChangeByte-Custom-
#7134	NEW    cov: 1682 ft: 6762 corp: 628/2367Kb lim: 65536 exec/s: 1019 rss: 1557Mb L: 4/65536 MS: 6 CustomCrossOver-CustomCrossOver-ChangeASCIIInt-Custom-EraseBytes-Custom-
#7150	NEW    cov: 1682 ft: 6762 corp: 628/2367Kb lim: 65536 exec/s: 1021 rss: 1561Mb L: 2/65536 MS: 1 CustomCrossOver-
#7230	NEW    cov: 1682 ft: 6762 corp: 628/2367Kb lim: 65536 exec/s: 1032 rss: 1578Mb L: 44/65536 MS: 10 ShuffleBytes-Custom-ManualDict-Custom-ManualDict-Custom-InsertByte-Custom-ManualDict-Custom- DE: "]"-"prefix_format"-"globby"-
#7560	RELOAD cov: 1682 ft: 6829 corp: 635/2406Kb lim: 65536 exec/s: 945 rss: 1649Mb
#7702	NEW    cov: 1682 ft: 6829 corp: 634/2405Kb lim: 65536 exec/s: 962 rss: 1680Mb L: 2/65536 MS: 2 CustomCrossOver-CustomCrossOver-
#7719	NEW    cov: 1682 ft: 6829 corp: 633/2405Kb lim: 65536 exec/s: 964 rss: 1684Mb L: 4/65536 MS: 2 CustomCrossOver-CustomCrossOver-
#7725	NEW    cov: 1682 ft: 6829 corp: 633/2405Kb lim: 65536 exec/s: 965 rss: 1685Mb L: 1/65536 MS: 2 ChangeBinInt-Custom-
#7726	NEW    cov: 1682 ft: 6829 corp: 634/2405Kb lim: 65536 exec/s: 965 rss: 1685Mb L: 6/65536 MS: 2 EraseBytes-Custom-
#7734	NEW    cov: 1682 ft: 6830 corp: 635/2405Kb lim: 65536 exec/s: 966 rss: 1687Mb L: 18/65536 MS: 6 PersAutoDict-Custom-ChangeByte-Custom-ChangeByte-Custom- DE: "\001\000\000\000\000\000\000>"-
#7922	NEW    cov: 1682 ft: 6830 corp: 635/2379Kb lim: 65536 exec/s: 990 rss: 1729Mb L: 126/65536 MS: 4 CustomCrossOver-InsertRepeatedBytes-Custom-CustomCrossOver-
#7938	NEW    cov: 1682 ft: 6830 corp: 635/2379Kb lim: 65536 exec/s: 992 rss: 1732Mb L: 2/65536 MS: 2 ChangeBit-Custom-
#8000	NEW    cov: 1682 ft: 6830 corp: 635/2377Kb lim: 65536 exec/s: 1000 rss: 1745Mb L: 27/65536 MS: 4 ChangeByte-Custom-PersAutoDict-Custom- DE: "\022\000\000\000"-
#8009	NEW    cov: 1682 ft: 6830 corp: 636/2377Kb lim: 65536 exec/s: 1001 rss: 1747Mb L: 2/65536 MS: 5 CustomCrossOver-CustomCrossOver-CustomCrossOver-EraseBytes-Custom-
#8016	NEW    cov: 1682 ft: 6831 corp: 636/2377Kb lim: 65536 exec/s: 1002 rss: 1748Mb L: 8194/65536 MS: 3 ChangeBinInt-Custom-CustomCrossOver-
#8023	NEW    cov: 1682 ft: 6831 corp: 636/2377Kb lim: 65536 exec/s: 1002 rss: 1749Mb L: 2/65536 MS: 3 CustomCrossOver-ChangeByte-Custom-
#8144	NEW    cov: 1682 ft: 6831 corp: 636/2377Kb lim: 65536 exec/s: 1018 rss: 1775Mb L: 8299/65536 MS: 1 CustomCrossOver-
#8190	NEW    cov: 1682 ft: 6831 corp: 636/2377Kb lim: 65536 exec/s: 1023 rss: 1785Mb L: 16/65536 MS: 1 CustomCrossOver-
#8192	pulse  cov: 1682 ft: 6839 corp: 636/2377Kb lim: 65536 exec/s: 1024 rss: 1786Mb
#8192	NEW    cov: 1682 ft: 6839 corp: 637/2379Kb lim: 65536 exec/s: 1024 rss: 1786Mb L: 2051/65536 MS: 4 ChangeByte-Custom-ChangeByte-Custom-
#8215	NEW    cov: 1682 ft: 6839 corp: 638/2379Kb lim: 65536 exec/s: 1026 rss: 1790Mb L: 41/65536 MS: 3 CustomCrossOver-CustomCrossOver-CustomCrossOver-
#8243	NEW    cov: 1682 ft: 6839 corp: 638/2379Kb lim: 65536 exec/s: 1030 rss: 1795Mb L: 8/65536 MS: 6 ManualDict-Custom-ChangeByte-Custom-ChangeBit-Custom- DE: "ui"-
#8244	NEW    cov: 1682 ft: 6839 corp: 639/2379Kb lim: 65536 exec/s: 1030 rss: 1795Mb L: 18/65536 MS: 1 CustomCrossOver-
#8276	NEW    cov: 1682 ft: 6839 corp: 640/2379Kb lim: 65536 exec/s: 1034 rss: 1802Mb L: 10/65536 MS: 4 InsertByte-Custom-ChangeBit-Custom-
#8277	NEW    cov: 1682 ft: 6839 corp: 640/2379Kb lim: 65536 exec/s: 1034 rss: 1803Mb L: 32/65536 MS: 2 PersAutoDict-Custom- DE: "\001\000\000\000\000\000\000\017"-
#8282	NEW    cov: 1682 ft: 6839 corp: 640/2379Kb lim: 65536 exec/s: 1035 rss: 1804Mb L: 24/65536 MS: 7 CustomCrossOver-ChangeBinInt-Custom-EraseBytes-Custom-CustomCrossOver-CustomCrossOver-
#8313	NEW    cov: 1682 ft: 6840 corp: 640/2362Kb lim: 65536 exec/s: 1039 rss: 1810Mb L: 19/65536 MS: 1 CustomCrossOver-
#8314	NEW    cov: 1682 ft: 6840 corp: 640/2362Kb lim: 65536 exec/s: 1039 rss: 1810Mb L: 2/65536 MS: 2 InsertByte-Custom-
#8323	NEW    cov: 1682 ft: 6842 corp: 641/2366Kb lim: 65536 exec/s: 1040 rss: 1812Mb L: 4141/65536 MS: 8 InsertRepeatedBytes-Custom-InsertByte-Custom-ShuffleBytes-Custom-ChangeBit-Custom-
#8356	NEW    cov: 1682 ft: 6842 corp: 642/2366Kb lim: 65536 exec/s: 1044 rss: 1819Mb L: 1/65536 MS: 6 ChangeBit-Custom-ShuffleBytes-Custom-EraseBytes-Custom-
#8389	NEW    cov: 1682 ft: 6845 corp: 643/2393Kb lim: 65536 exec/s: 1048 rss: 1825Mb L: 27671/65536 MS: 5 CustomCrossOver-ChangeBit-Custom-ManualDict-Custom- DE: "scope"-
#8475	NEW    cov: 1682 ft: 6846 corp: 644/2425Kb lim: 65536 exec/s: 941 rss: 1844Mb L: 31922/65536 MS: 1 CustomCrossOver-
#8633	RELOAD cov: 1682 ft: 6848 corp: 645/2396Kb lim: 65536 exec/s: 959 rss: 1878Mb
#8642	NEW    cov: 1682 ft: 6848 corp: 644/2396Kb lim: 65536 exec/s: 960 rss: 1880Mb L: 3/65536 MS: 7 CustomCrossOver-CrossOver-Custom-ChangeByte-Custom-ChangeByte-Custom-
#8683	NEW    cov: 1682 ft: 6848 corp: 645/2396Kb lim: 65536 exec/s: 964 rss: 1889Mb L: 16/65536 MS: 2 ChangeBinInt-Custom-
#8684	NEW    cov: 1682 ft: 6848 corp: 645/2396Kb lim: 65536 exec/s: 964 rss: 1889Mb L: 6/65536 MS: 2 CMP-Custom- DE: "\001\000\000\001"-
#8740	NEW    cov: 1682 ft: 6848 corp: 645/2396Kb lim: 65536 exec/s: 971 rss: 1902Mb L: 18/65536 MS: 1 CustomCrossOver-
#8829	NEW    cov: 1682 ft: 6848 corp: 645/2395Kb lim: 65536 exec/s: 981 rss: 1920Mb L: 77/65536 MS: 7 ChangeBinInt-Custom-CrossOver-Custom-CustomCrossOver-CMP-Custom- DE: "~\377\377\377\377\377\377\376"-
#8956	NEW    cov: 1682 ft: 6848 corp: 645/2395Kb lim: 65536 exec/s: 995 rss: 1949Mb L: 9/65536 MS: 4 ChangeByte-Custom-ChangeByte-Custom-
#8957	NEW    cov: 1682 ft: 6848 corp: 644/2395Kb lim: 65536 exec/s: 995 rss: 1949Mb L: 6/65536 MS: 2 CopyPart-Custom-
#8980	NEW    cov: 1682 ft: 6848 corp: 644/2395Kb lim: 65536 exec/s: 997 rss: 1954Mb L: 18/65536 MS: 5 InsertByte-Custom-ShuffleBytes-Custom-CustomCrossOver-
#9078	NEW    cov: 1682 ft: 6848 corp: 645/2395Kb lim: 65536 exec/s: 1008 rss: 1975Mb L: 4/65536 MS: 4 CustomCrossOver-InsertRepeatedBytes-Custom-CustomCrossOver-
#9220	NEW    cov: 1682 ft: 6848 corp: 645/2395Kb lim: 65536 exec/s: 1024 rss: 2004Mb L: 2/65536 MS: 4 ChangeByte-Custom-ShuffleBytes-Custom-
#9267	NEW    cov: 1682 ft: 6848 corp: 646/2395Kb lim: 65536 exec/s: 1029 rss: 2014Mb L: 31/65536 MS: 4 ChangeByte-Custom-PersAutoDict-Custom- DE: "mmap_hashing_min_bytes"-
#9346	NEW    cov: 1682 ft: 6848 corp: 646/2395Kb lim: 65536 exec/s: 1038 rss: 2031Mb L: 18/65536 MS: 7 CustomCrossOver-CrossOver-Custom-ManualDict-Custom-CMP-Custom- DE: ","-"\001\000\000\000\000\000\000\000"-
#9357	NEW    cov: 1682 ft: 6848 corp: 646/2395Kb lim: 65536 exec/s: 1039 rss: 2033Mb L: 16/65536 MS: 2 ChangeBit-Custom-
#9361	NEW    cov: 1682 ft: 6848 corp: 646/2395Kb lim: 65536 exec/s: 1040 rss: 2034Mb L: 7/65536 MS: 8 CopyPart-Custom-ShuffleBytes-Custom-CMP-Custom-ShuffleBytes-Custom- DE: "sol"-
#9427	NEW    cov: 1682 ft: 6848 corp: 646/2395Kb lim: 65536 exec/s: 942 rss: 2049Mb L: 2/65536 MS: 1 CustomCrossOver-
#9507	NEW    cov: 1682 ft: 6848 corp: 647/2395Kb lim: 65536 exec/s: 950 rss: 2066Mb L: 8/65536 MS: 10 InsertByte-Custom-EraseBytes-Custom-CMP-Custom-ChangeBit-Custom-ChangeBit-Custom- DE: "merge"-
#9597	NEW    cov: 1682 ft: 6849 corp: 648/2395Kb lim: 65536 exec/s: 959 rss: 2086Mb L: 129/65536 MS: 10 InsertRepeatedBytes-Custom-InsertByte-Custom-CMP-Custom-ChangeBinInt-Custom-ChangeBit-Custom- DE: "\377\010"-
#9604	NEW    cov: 1682 ft: 6849 corp: 648/2395Kb lim: 65536 exec/s: 960 rss: 2088Mb L: 73/65536 MS: 4 InsertRepeatedBytes-Custom-ChangeBinInt-Custom-
#9747	RELOAD cov: 1682 ft: 6849 corp: 647/2362Kb lim: 65536 exec/s: 974 rss: 2118Mb
#9807	NEW    cov: 1682 ft: 6851 corp: 648/2363Kb lim: 65536 exec/s: 980 rss: 2130Mb L: 193/65536 MS: 7 CustomCrossOver-InsertRepeatedBytes-Custom-CustomCrossOver-CustomCrossOver-CopyPart-Custom-
#9861	NEW    cov: 1682 ft: 6851 corp: 649/2379Kb lim: 65536 exec/s: 986 rss: 2141Mb L: 16368/65536 MS: 8 EraseBytes-Custom-ChangeASCIIInt-Custom-ManualDict-Custom-PersAutoDict-Custom- DE: "table"-"mmap_hashing_min_bytes"-
#9947	NEW    cov: 1682 ft: 6854 corp: 650/2381Kb lim: 65536 exec/s: 994 rss: 2161Mb L: 2056/65536 MS: 2 ShuffleBytes-Custom-
#9948	NEW    cov: 1682 ft: 6854 corp: 650/2379Kb lim: 65536 exec/s: 994 rss: 2161Mb L: 24/65536 MS: 1 CustomCrossOver-
#10099	NEW    cov: 1682 ft: 6854 corp: 650/2379Kb lim: 65536 exec/s: 1009 rss: 2194Mb L: 18/65536 MS: 2 ChangeByte-Custom-
#10100	NEW    cov: 1682 ft: 6857 corp: 650/2379Kb lim: 65536 exec/s: 1010 rss: 2194Mb L: 10/65536 MS: 1 CustomCrossOver-
#10108	NEW    cov: 1682 ft: 6857 corp: 650/2378Kb lim: 65536 exec/s: 1010 rss: 2196Mb L: 119/65536 MS: 4 CustomCrossOver-CopyPart-Custom-CustomCrossOver-
#10147	NEW    cov: 1682 ft: 6857 corp: 650/2378Kb lim: 65536 exec/s: 1014 rss: 2205Mb L: 22/65536 MS: 7 CustomCrossOver-ShuffleBytes-Custom-CrossOver-Custom-ManualDict-Custom- DE: "Lua error"-
#10253	NEW    cov: 1682 ft: 6857 corp: 650/2366Kb lim: 65536 exec/s: 1025 rss: 2227Mb L: 1761/65536 MS: 2 ManualDict-Custom- DE: "beez.config"-
#10326	NEW    cov: 1682 ft: 6857 corp: 651/2366Kb lim: 65536 exec/s: 1032 rss: 2243Mb L: 35/65536 MS: 6 ChangeByte-Custom-PersAutoDict-Custom-EraseBytes-Custom- DE: "__b"-
#10367	NEW    cov: 1682 ft: 6857 corp: 651/2366Kb lim: 65536 exec/s: 942 rss: 2252Mb L: 2/65536 MS: 2 InsertByte-Custom-
#10477	NEW    cov: 1682 ft: 6857 corp: 651/2364Kb lim: 65536 exec/s: 952 rss: 2276Mb L: 93/65536 MS: 10 ShuffleBytes-Custom-ChangeByte-Custom-CopyPart-Custom-CopyPart-Custom-ManualDict-Custom- DE: "run_log"-
#10484	NEW    cov: 1682 ft: 6857 corp: 652/2364Kb lim: 65536 exec/s: 953 rss: 2278Mb L: 119/65536 MS: 2 CustomCrossOver-CustomCrossOver-
#10500	NEW    cov: 1682 ft: 6857 corp: 653/2364Kb lim: 65536 exec/s: 954 rss: 2282Mb L: 5/65536 MS: 2 InsertByte-Custom-
#10508	NEW    cov: 1682 ft: 6857 corp: 654/2364Kb lim: 65536 exec/s: 955 rss: 2283Mb L: 5/65536 MS: 4 CustomCrossOver-CustomCrossOver-ChangeBit-Custom-
#10547	NEW    cov: 1682 ft: 6857 corp: 654/2343Kb lim: 65536 exec/s: 958 rss: 2291Mb L: 5602/65536 MS: 8 ShuffleBytes-Custom-InsertRepeatedBytes-Custom-ChangeBinInt-Custom-PersAutoDict-Custom- DE: "SHELL"-
#10570	NEW    cov: 1682 ft: 6857 corp: 654/2343Kb lim: 65536 exec/s: 960 rss: 2296Mb L: 43/65536 MS: 6 PersAutoDict-Custom-CopyPart-Custom-EraseBytes-Custom- DE: "ui"-
#10609	NEW    cov: 1682 ft: 6857 corp: 654/2342Kb lim: 65536 exec/s: 964 rss: 2304Mb L: 119/65536 MS: 6 PersAutoDict-Custom-CustomCrossOver-ShuffleBytes-Custom-CustomCrossOver- DE: "\022\000\000\000"-
#10624	NEW    cov: 1682 ft: 6860 corp: 655/2342Kb lim: 65536 exec/s: 965 rss: 2307Mb L: 112/65536 MS: 10 InsertRepeatedBytes-Custom-ChangeByte-Custom-CopyPart-Custom-ChangeBit-Custom-ChangeASCIIInt-Custom-
#10630	NEW    cov: 1682 ft: 6862 corp: 656/2406Kb lim: 65536 exec/s: 966 rss: 2308Mb L: 65405/65536 MS: 2 ChangeBit-Custom-
#10674	NEW    cov: 1682 ft: 6862 corp: 656/2406Kb lim: 65536 exec/s: 970 rss: 2317Mb L: 18/65536 MS: 5 CustomCrossOver-CrossOver-Custom-CustomCrossOver-CustomCrossOver-
#10683	NEW    cov: 1682 ft: 6862 corp: 656/2406Kb lim: 65536 exec/s: 971 rss: 2319Mb L: 13/65536 MS: 8 EraseBytes-Custom-ChangeBit-Custom-CMP-Custom-CMP-Custom- DE: "\001\000\000\000"-"\001\001"-
#10709	NEW    cov: 1682 ft: 6863 corp: 656/2406Kb lim: 65536 exec/s: 973 rss: 2324Mb L: 32769/65536 MS: 2 ChangeASCIIInt-Custom-
#10710	NEW    cov: 1682 ft: 6863 corp: 656/2406Kb lim: 65536 exec/s: 973 rss: 2324Mb L: 8/65536 MS: 2 CopyPart-Custom-
#10712	NEW    cov: 1682 ft: 6863 corp: 656/2406Kb lim: 65536 exec/s: 973 rss: 2325Mb L: 77/65536 MS: 4 ChangeBinInt-Custom-CMP-Custom- DE: "\001\000\000\000\000\000\000p"-
#10872	RELOAD cov: 1682 ft: 6863 corp: 657/2399Kb lim: 65536 exec/s: 988 rss: 2359Mb
#10922	NEW    cov: 1682 ft: 6863 corp: 657/2399Kb lim: 65536 exec/s: 992 rss: 2370Mb L: 51/65536 MS: 10 InsertByte-Custom-ManualDict-Custom-PersAutoDict-Custom-ChangeBinInt-Custom-ShuffleBytes-Custom- DE: "table"-"~\377\377\377\377\377\377\376"-
#10998	NEW    cov: 1682 ft: 6863 corp: 657/2398Kb lim: 65536 exec/s: 999 rss: 2387Mb L: 61464/65536 MS: 2 CopyPart-Custom-
#11052	NEW    cov: 1682 ft: 6863 corp: 656/2398Kb lim: 65536 exec/s: 1004 rss: 2399Mb L: 89/65536 MS: 8 CopyPart-Custom-ChangeByte-Custom-ChangeBinInt-Custom-InsertRepeatedBytes-Custom-
#11058	NEW    cov: 1682 ft: 6863 corp: 656/2398Kb lim: 65536 exec/s: 1005 rss: 2400Mb L: 5/65536 MS: 1 CustomCrossOver-
#11136	NEW    cov: 1682 ft: 6863 corp: 655/2390Kb lim: 65536 exec/s: 1012 rss: 2417Mb L: 4096/65536 MS: 4 CustomCrossOver-CustomCrossOver-CrossOver-Custom-
#11217	NEW    cov: 1682 ft: 6863 corp: 656/2390Kb lim: 65536 exec/s: 1019 rss: 2434Mb L: 94/65536 MS: 2 CrossOver-Custom-
#11331	NEW    cov: 1682 ft: 6863 corp: 656/2390Kb lim: 65536 exec/s: 1030 rss: 2459Mb L: 8/65536 MS: 8 ChangeByte-Custom-InsertByte-Custom-CopyPart-Custom-ManualDict-Custom- DE: "silent"-
#11398	NEW    cov: 1682 ft: 6863 corp: 657/2390Kb lim: 65536 exec/s: 949 rss: 2474Mb L: 16/65536 MS: 4 CrossOver-Custom-EraseBytes-Custom-
#11559	NEW    cov: 1682 ft: 6863 corp: 657/2390Kb lim: 65536 exec/s: 963 rss: 2509Mb L: 3/65536 MS: 2 ChangeBit-Custom-
#11562	NEW    cov: 1682 ft: 6863 corp: 657/2386Kb lim: 65536 exec/s: 963 rss: 2509Mb L: 1040/65536 MS: 5 ManualDict-Custom-EraseBytes-Custom-CustomCrossOver- DE: "PWD"-
#11579	NEW    cov: 1682 ft: 6863 corp: 657/2386Kb lim: 65536 exec/s: 964 rss: 2514Mb L: 17/65536 MS: 4 EraseBytes-Custom-CrossOver-Custom-
#11581	NEW    cov: 1682 ft: 6863 corp: 658/2386Kb lim: 65536 exec/s: 965 rss: 2514Mb L: 44/65536 MS: 4 ChangeBit-Custom-ManualDict-Custom- DE: "registerTask"-
#11796	NEW    cov: 1682 ft: 6863 corp: 658/2386Kb lim: 65536 exec/s: 983 rss: 2562Mb L: 82/65536 MS: 10 InsertByte-Custom-ChangeBinInt-Custom-ChangeBinInt-Custom-InsertRepeatedBytes-Custom-EraseBytes-Custom-
#11797	NEW    cov: 1682 ft: 6863 corp: 658/2386Kb lim: 65536 exec/s: 983 rss: 2562Mb L: 19/65536 MS: 2 ChangeBinInt-Custom-
#11798	NEW    cov: 1682 ft: 6863 corp: 658/2386Kb lim: 65536 exec/s: 983 rss: 2562Mb L: 5/65536 MS: 2 CMP-Custom- DE: "\001\000"-
	NEW_FUNC[1/52]: 0x000000500800 in std::__detail::_Node_const_iterator<std::pair<std::__cxx11::basic_string<char, std::char_traits<char>, std::allocator<char>> const, beez::core::Task>, false, true>::operator*() const /usr/bin/../lib/gcc/x86_64-redhat-linux/16/../../../../include/c++/16/bits/hashtable_policy.h:498
	NEW_FUNC[2/52]: 0x000000500c88 in std::tuple_element<0ul, std::pair<std::__cxx11::basic_string<char, std::char_traits<char>, std::allocator<char>> const, beez::core::Task>>::type const& std::get<0ul, std::__cxx11::basic_string<char, std::char_traits<char>, std::allocator<char>> const, beez::core::Task>(std::pair<std::__cxx11::basic_string<char, std::char_traits<char>, std::allocator<char>> const, beez::core::Task> const&) /usr/bin/../lib/gcc/x86_64-redhat-linux/16/../../../../include/c++/16/bits/stl_pair.h:1299
#11994	RELOAD cov: 1880 ft: 7119 corp: 661/2390Kb lim: 65536 exec/s: 999 rss: 2606Mb
#12076	NEW    cov: 1880 ft: 7119 corp: 662/2391Kb lim: 65536 exec/s: 1006 rss: 2624Mb L: 1025/65536 MS: 4 ChangeBinInt-Custom-InsertByte-Custom-
#12097	NEW    cov: 1880 ft: 7317 corp: 663/2391Kb lim: 65536 exec/s: 1008 rss: 2628Mb L: 119/65536 MS: 1 CustomCrossOver-
#12245	NEW    cov: 1880 ft: 7317 corp: 663/2391Kb lim: 65536 exec/s: 1020 rss: 2661Mb L: 16425/65536 MS: 5 ChangeByte-Custom-CrossOver-Custom-CustomCrossOver-
#12373	NEW    cov: 1880 ft: 7317 corp: 664/2391Kb lim: 65536 exec/s: 951 rss: 2689Mb L: 7/65536 MS: 5 CustomCrossOver-InsertByte-Custom-CrossOver-Custom-
#12535	NEW    cov: 1880 ft: 7317 corp: 665/2391Kb lim: 65536 exec/s: 964 rss: 2725Mb L: 2/65536 MS: 3 EraseBytes-Custom-CustomCrossOver-
#12650	NEW    cov: 1880 ft: 7317 corp: 665/2384Kb lim: 65536 exec/s: 973 rss: 2751Mb L: 38/65536 MS: 8 CustomCrossOver-ChangeByte-Custom-InsertRepeatedBytes-Custom-CustomCrossOver-CrossOver-Custom-
#12726	NEW    cov: 1880 ft: 7317 corp: 666/2384Kb lim: 65536 exec/s: 978 rss: 2767Mb L: 34/65536 MS: 2 CopyPart-Custom-
#12732	NEW    cov: 1880 ft: 7317 corp: 666/2384Kb lim: 65536 exec/s: 979 rss: 2768Mb L: 22/65536 MS: 1 CustomCrossOver-
#12753	NEW    cov: 1880 ft: 7318 corp: 667/2384Kb lim: 65536 exec/s: 981 rss: 2772Mb L: 7/65536 MS: 2 CMP-Custom- DE: "text"-
#12864	NEW    cov: 1880 ft: 7318 corp: 667/2375Kb lim: 65536 exec/s: 989 rss: 2797Mb L: 2050/65536 MS: 2 ManualDict-Custom- DE: "dots"-
#12874	NEW    cov: 1880 ft: 7318 corp: 668/2375Kb lim: 65536 exec/s: 990 rss: 2799Mb L: 17/65536 MS: 10 ChangeBinInt-Custom-PersAutoDict-Custom-ManualDict-Custom-ShuffleBytes-Custom-ChangeBit-Custom- DE: "\377\010"-"sequential"-
#13112	RELOAD cov: 1880 ft: 7557 corp: 671/2375Kb lim: 65536 exec/s: 1008 rss: 2851Mb
#13117	NEW    cov: 1880 ft: 7557 corp: 671/2375Kb lim: 65536 exec/s: 1009 rss: 2852Mb L: 11/65536 MS: 9 InsertByte-Custom-CopyPart-Custom-PersAutoDict-Custom-CustomCrossOver-ManualDict-Custom- DE: "]"-"DSL error"-
#13162	NEW    cov: 1880 ft: 7558 corp: 672/2375Kb lim: 65536 exec/s: 1012 rss: 2862Mb L: 35/65536 MS: 7 CustomCrossOver-CustomCrossOver-InsertRepeatedBytes-Custom-CustomCrossOver-InsertByte-Custom-
#13222	NEW    cov: 1880 ft: 7559 corp: 673/2375Kb lim: 65536 exec/s: 1017 rss: 2875Mb L: 56/65536 MS: 7 CustomCrossOver-CustomCrossOver-CMP-Custom-InsertByte-Custom-CustomCrossOver- DE: "\002\000\000\000"-
#13243	NEW    cov: 1880 ft: 7559 corp: 672/2375Kb lim: 65536 exec/s: 1018 rss: 2880Mb L: 2/65536 MS: 2 ChangeByte-Custom-
#13259	NEW    cov: 1880 ft: 7559 corp: 671/2375Kb lim: 65536 exec/s: 1019 rss: 2883Mb L: 31/65536 MS: 2 CopyPart-Custom-
#13397	NEW    cov: 1880 ft: 7562 corp: 671/2352Kb lim: 65536 exec/s: 956 rss: 2913Mb L: 8596/65536 MS: 6 PersAutoDict-Custom-ChangeASCIIInt-Custom-ManualDict-Custom- DE: "\001\000\000\000\000\000\000;"-"lz4"-
#13434	NEW    cov: 1880 ft: 7562 corp: 671/2352Kb lim: 65536 exec/s: 959 rss: 2921Mb L: 17/65536 MS: 3 InsertByte-Custom-CustomCrossOver-
#13460	NEW    cov: 1880 ft: 7562 corp: 671/2352Kb lim: 65536 exec/s: 961 rss: 2927Mb L: 3/65536 MS: 2 CMP-Custom- DE: "\000\001"-
#13469	NEW    cov: 1880 ft: 7562 corp: 671/2352Kb lim: 65536 exec/s: 962 rss: 2928Mb L: 31/65536 MS: 7 InsertByte-Custom-CustomCrossOver-ChangeBinInt-Custom-ShuffleBytes-Custom-
#13516	NEW    cov: 1880 ft: 7563 corp: 672/2354Kb lim: 65536 exec/s: 965 rss: 2939Mb L: 2065/65536 MS: 3 CustomCrossOver-ManualDict-Custom- DE: "beez_fuzz_junk"-
#13692	NEW    cov: 1880 ft: 7563 corp: 673/2362Kb lim: 65536 exec/s: 978 rss: 2977Mb L: 8207/65536 MS: 1 CustomCrossOver-
#13753	NEW    cov: 1880 ft: 7563 corp: 673/2362Kb lim: 65536 exec/s: 982 rss: 2989Mb L: 24/65536 MS: 2 ShuffleBytes-Custom-
#13773	NEW    cov: 1880 ft: 7563 corp: 674/2362Kb lim: 65536 exec/s: 983 rss: 2994Mb L: 178/65536 MS: 9 ManualDict-Custom-InsertByte-Custom-ChangeBit-Custom-CustomCrossOver-InsertRepeatedBytes-Custom- DE: "optimize"-
#13807	NEW    cov: 1880 ft: 7568 corp: 674/2298Kb lim: 65536 exec/s: 986 rss: 3002Mb L: 1/65536 MS: 6 CustomCrossOver-EraseBytes-Custom-ChangeBit-Custom-CustomCrossOver-
#13809	NEW    cov: 1880 ft: 7568 corp: 674/2298Kb lim: 65536 exec/s: 986 rss: 3002Mb L: 1/65536 MS: 4 ManualDict-Custom-ChangeBit-Custom- DE: "}"-
#13875	NEW    cov: 1880 ft: 7568 corp: 673/2298Kb lim: 65536 exec/s: 991 rss: 3015Mb L: 2/65536 MS: 2 ChangeByte-Custom-
#13876	NEW    cov: 1880 ft: 7572 corp: 674/2298Kb lim: 65536 exec/s: 991 rss: 3016Mb L: 92/65536 MS: 1 CustomCrossOver-
#13911	NEW    cov: 1880 ft: 7572 corp: 674/2298Kb lim: 65536 exec/s: 993 rss: 3023Mb L: 29/65536 MS: 10 InsertByte-Custom-InsertRepeatedBytes-Custom-CMP-Custom-ShuffleBytes-Custom-ChangeByte-Custom- DE: "to_u"-
#13976	NEW    cov: 1880 ft: 7572 corp: 674/2280Kb lim: 65536 exec/s: 998 rss: 3037Mb L: 95/65536 MS: 10 ManualDict-Custom-CopyPart-Custom-InsertRepeatedBytes-Custom-ChangeBit-Custom-CMP-Custom- DE: "bulk-"-"\200\377\377\377\377\377\377\376"-
#14084	NEW    cov: 1880 ft: 7573 corp: 675/2282Kb lim: 65536 exec/s: 1006 rss: 3060Mb L: 2050/65536 MS: 4 CustomCrossOver-ChangeByte-Custom-CustomCrossOver-
#14085	NEW    cov: 1880 ft: 7573 corp: 676/2282Kb lim: 65536 exec/s: 1006 rss: 3060Mb L: 2/65536 MS: 2 ShuffleBytes-Custom-
#14224	RELOAD cov: 1880 ft: 7574 corp: 677/2292Kb lim: 65536 exec/s: 1016 rss: 3091Mb
#14370	NEW    cov: 1880 ft: 7575 corp: 678/2292Kb lim: 65536 exec/s: 958 rss: 3122Mb L: 60/65536 MS: 2 InsertRepeatedBytes-Custom-
#14442	NEW    cov: 1880 ft: 7576 corp: 679/2293Kb lim: 65536 exec/s: 962 rss: 3136Mb L: 1026/65536 MS: 3 CustomCrossOver-ManualDict-Custom- DE: "rejects string entries"-
#14538	NEW    cov: 1880 ft: 7576 corp: 679/2293Kb lim: 65536 exec/s: 969 rss: 3157Mb L: 2/65536 MS: 2 ChangeByte-Custom-
#14599	NEW    cov: 1880 ft: 7576 corp: 679/2260Kb lim: 65536 exec/s: 973 rss: 3170Mb L: 14338/65536 MS: 2 PersAutoDict-Custom- DE: "en"-
#14675	NEW    cov: 1880 ft: 7576 corp: 680/2260Kb lim: 65536 exec/s: 978 rss: 3187Mb L: 1/65536 MS: 1 CustomCrossOver-
#14677	NEW    cov: 1880 ft: 7576 corp: 680/2259Kb lim: 65536 exec/s: 978 rss: 3187Mb L: 3/65536 MS: 3 CustomCrossOver-InsertByte-Custom-
#14716	NEW    cov: 1880 ft: 7577 corp: 681/2260Kb lim: 65536 exec/s: 981 rss: 3196Mb L: 15/65536 MS: 6 ChangeASCIIInt-Custom-EraseBytes-Custom-CustomCrossOver-CustomCrossOver-
#14758	NEW    cov: 1880 ft: 7577 corp: 680/2259Kb lim: 65536 exec/s: 983 rss: 3205Mb L: 22/65536 MS: 4 ChangeBit-Custom-ChangeBinInt-Custom-
#14840	NEW    cov: 1880 ft: 7577 corp: 680/2259Kb lim: 65536 exec/s: 989 rss: 3223Mb L: 2/65536 MS: 2 CustomCrossOver-CustomCrossOver-
#14897	NEW    cov: 1880 ft: 7577 corp: 680/2259Kb lim: 65536 exec/s: 993 rss: 3234Mb L: 17/65536 MS: 2 CustomCrossOver-CustomCrossOver-
#14907	NEW    cov: 1880 ft: 7577 corp: 680/2259Kb lim: 65536 exec/s: 993 rss: 3236Mb L: 43/65536 MS: 10 ChangeBit-Custom-ChangeBit-Custom-EraseBytes-Custom-ChangeASCIIInt-Custom-InsertRepeatedBytes-Custom-
#14949	NEW    cov: 1880 ft: 7577 corp: 681/2259Kb lim: 65536 exec/s: 996 rss: 3245Mb L: 19/65536 MS: 4 ManualDict-Custom-PersAutoDict-Custom- DE: "step"-"releaseState"-
#14993	NEW    cov: 1880 ft: 7578 corp: 682/2259Kb lim: 65536 exec/s: 999 rss: 3255Mb L: 2/65536 MS: 5 CustomCrossOver-CustomCrossOver-ChangeByte-Custom-CustomCrossOver-
#15014	NEW    cov: 1880 ft: 7578 corp: 682/2259Kb lim: 65536 exec/s: 1000 rss: 3259Mb L: 7874/65536 MS: 2 EraseBytes-Custom-
#15040	NEW    cov: 1880 ft: 7578 corp: 683/2259Kb lim: 65536 exec/s: 1002 rss: 3264Mb L: 297/65536 MS: 2 InsertRepeatedBytes-Custom-
#15052	NEW    cov: 1880 ft: 7579 corp: 684/2259Kb lim: 65536 exec/s: 1003 rss: 3266Mb L: 2/65536 MS: 4 InsertByte-Custom-EraseBytes-Custom-
#15058	NEW    cov: 1880 ft: 7579 corp: 685/2275Kb lim: 65536 exec/s: 1003 rss: 3267Mb L: 16402/65536 MS: 2 ChangeBit-Custom-
#15094	NEW    cov: 1880 ft: 7580 corp: 684/2254Kb lim: 65536 exec/s: 1006 rss: 3275Mb L: 2052/65536 MS: 2 ChangeASCIIInt-Custom-
#15125	NEW    cov: 1880 ft: 7580 corp: 684/2254Kb lim: 65536 exec/s: 1008 rss: 3282Mb L: 19/65536 MS: 2 EraseBytes-Custom-
#15126	NEW    cov: 1880 ft: 7580 corp: 683/2254Kb lim: 65536 exec/s: 1008 rss: 3282Mb L: 4/65536 MS: 2 InsertByte-Custom-
#15277	RELOAD cov: 1880 ft: 7580 corp: 682/2254Kb lim: 65536 exec/s: 954 rss: 3316Mb
#15291	NEW    cov: 1880 ft: 7580 corp: 682/2254Kb lim: 65536 exec/s: 955 rss: 3319Mb L: 3/65536 MS: 7 CustomCrossOver-ChangeBit-Custom-InsertByte-Custom-ChangeBinInt-Custom-
#15292	NEW    cov: 1880 ft: 7580 corp: 683/2254Kb lim: 65536 exec/s: 955 rss: 3319Mb L: 1/65536 MS: 1 CustomCrossOver-
#15315	NEW    cov: 1880 ft: 7583 corp: 682/2253Kb lim: 65536 exec/s: 957 rss: 3324Mb L: 97/65536 MS: 5 ChangeBinInt-Custom-CustomCrossOver-ChangeASCIIInt-Custom-
#15326	NEW    cov: 1880 ft: 7590 corp: 683/2253Kb lim: 65536 exec/s: 957 rss: 3327Mb L: 67/65536 MS: 2 ChangeBit-Custom-
#15342	NEW    cov: 1880 ft: 7592 corp: 683/2253Kb lim: 65536 exec/s: 958 rss: 3330Mb L: 41/65536 MS: 1 CustomCrossOver-
#15383	NEW    cov: 1880 ft: 7592 corp: 683/2253Kb lim: 65536 exec/s: 961 rss: 3340Mb L: 6/65536 MS: 2 PersAutoDict-Custom- DE: "\000\036"-
#15400	NEW    cov: 1880 ft: 7592 corp: 683/2253Kb lim: 65536 exec/s: 962 rss: 3343Mb L: 53/65536 MS: 4 ChangeByte-Custom-InsertRepeatedBytes-Custom-
#15403	NEW    cov: 1880 ft: 7592 corp: 683/2253Kb lim: 65536 exec/s: 962 rss: 3344Mb L: 2/65536 MS: 4 CMP-Custom-CustomCrossOver-CustomCrossOver- DE: "\001\000\000\000\000\000\000\017"-
#15405	NEW    cov: 1880 ft: 7595 corp: 684/2253Kb lim: 65536 exec/s: 962 rss: 3344Mb L: 4/65536 MS: 4 ManualDict-Custom-EraseBytes-Custom- DE: "\\n"-
#15407	NEW    cov: 1880 ft: 7595 corp: 685/2253Kb lim: 65536 exec/s: 962 rss: 3345Mb L: 2/65536 MS: 3 ChangeByte-Custom-CustomCrossOver-
#15414	NEW    cov: 1880 ft: 7598 corp: 686/2253Kb lim: 65536 exec/s: 963 rss: 3346Mb L: 39/65536 MS: 3 CustomCrossOver-InsertRepeatedBytes-Custom-
#15418	NEW    cov: 1880 ft: 7598 corp: 686/2227Kb lim: 65536 exec/s: 963 rss: 3347Mb L: 432/65536 MS: 8 CMP-Custom-CopyPart-Custom-PersAutoDict-Custom-InsertRepeatedBytes-Custom- DE: "format"-"Lua error"-
#15419	NEW    cov: 1880 ft: 7602 corp: 686/2227Kb lim: 65536 exec/s: 963 rss: 3347Mb L: 13/65536 MS: 2 PersAutoDict-Custom- DE: "phase"-
#15441	NEW    cov: 1880 ft: 7602 corp: 687/2227Kb lim: 65536 exec/s: 965 rss: 3353Mb L: 3/65536 MS: 4 InsertByte-Custom-ChangeBit-Custom-
#15452	NEW    cov: 1880 ft: 7602 corp: 687/2227Kb lim: 65536 exec/s: 965 rss: 3354Mb L: 2/65536 MS: 2 InsertByte-Custom-
#15454	NEW    cov: 1880 ft: 7602 corp: 687/2196Kb lim: 65536 exec/s: 965 rss: 3354Mb L: 25119/65536 MS: 3 CustomCrossOver-ChangeBit-Custom-
#15461	NEW    cov: 1880 ft: 7602 corp: 686/2196Kb lim: 65536 exec/s: 966 rss: 3356Mb L: 2/65536 MS: 2 CustomCrossOver-CustomCrossOver-
#15480	NEW    cov: 1880 ft: 7602 corp: 686/2196Kb lim: 65536 exec/s: 967 rss: 3358Mb L: 10/65536 MS: 6 CopyPart-Custom-ManualDict-Custom-CustomCrossOver-CustomCrossOver- DE: "dots"-
#15514	NEW    cov: 1880 ft: 7602 corp: 687/2196Kb lim: 65536 exec/s: 969 rss: 3366Mb L: 65/65536 MS: 8 CrossOver-Custom-InsertRepeatedBytes-Custom-CrossOver-Custom-CMP-Custom- DE: "\377\377\377\377\377\377\377\177"-
#15592	NEW    cov: 1880 ft: 7602 corp: 688/2196Kb lim: 65536 exec/s: 974 rss: 3383Mb L: 2/65536 MS: 6 CopyPart-Custom-InsertByte-Custom-ChangeBit-Custom-
#15893	NEW    cov: 1880 ft: 7606 corp: 689/2197Kb lim: 65536 exec/s: 993 rss: 3449Mb L: 1026/65536 MS: 1 CustomCrossOver-
#15908	NEW    cov: 1880 ft: 7606 corp: 689/2197Kb lim: 65536 exec/s: 994 rss: 3453Mb L: 4169/65536 MS: 9 ChangeByte-Custom-CopyPart-Custom-CustomCrossOver-CrossOver-Custom-ManualDict-Custom- DE: "workflow phase invocation is missing required field"-
#15971	NEW    cov: 1880 ft: 7606 corp: 689/2197Kb lim: 65536 exec/s: 998 rss: 3466Mb L: 3/65536 MS: 5 InsertByte-Custom-CMP-Custom-CustomCrossOver- DE: "\377\017"-
#16038	NEW    cov: 1880 ft: 7608 corp: 690/2197Kb lim: 65536 exec/s: 1002 rss: 3481Mb L: 282/65536 MS: 3 EraseBytes-Custom-CustomCrossOver-
#16127	NEW    cov: 1880 ft: 7608 corp: 690/2197Kb lim: 65536 exec/s: 948 rss: 3498Mb L: 19/65536 MS: 5 CMP-Custom-CustomCrossOver-CustomCrossOver-CustomCrossOver- DE: "\001\026"-
#16271	RELOAD cov: 1880 ft: 7609 corp: 690/2197Kb lim: 65536 exec/s: 957 rss: 3530Mb
#16340	NEW    cov: 1880 ft: 7609 corp: 690/2195Kb lim: 65536 exec/s: 961 rss: 3545Mb L: 104/65536 MS: 8 EraseBytes-Custom-InsertRepeatedBytes-Custom-CopyPart-Custom-PersAutoDict-Custom- DE: "\005\000"-
#16384	pulse  cov: 1880 ft: 7609 corp: 690/2195Kb lim: 65536 exec/s: 963 rss: 3554Mb
#16424	NEW    cov: 1880 ft: 7609 corp: 690/2195Kb lim: 65536 exec/s: 966 rss: 3562Mb L: 17/65536 MS: 7 ChangeBit-Custom-ShuffleBytes-Custom-CopyPart-Custom-CustomCrossOver-
#16480	NEW    cov: 1880 ft: 7609 corp: 691/2195Kb lim: 65536 exec/s: 969 rss: 3574Mb L: 7/65536 MS: 2 ManualDict-Custom- DE: "spawn"-
#16509	NEW    cov: 1880 ft: 7610 corp: 692/2255Kb lim: 65536 exec/s: 971 rss: 3580Mb L: 61453/65536 MS: 4 CustomCrossOver-CustomCrossOver-CustomCrossOver-CustomCrossOver-
#16541	NEW    cov: 1880 ft: 7611 corp: 693/2255Kb lim: 65536 exec/s: 973 rss: 3587Mb L: 49/65536 MS: 4 ShuffleBytes-Custom-ChangeBinInt-Custom-
#16588	NEW    cov: 1880 ft: 7611 corp: 694/2255Kb lim: 65536 exec/s: 975 rss: 3598Mb L: 16/65536 MS: 4 CMP-Custom-ShuffleBytes-Custom- DE: "\000\000\000\000\000\000\000\001"-
#16591	NEW    cov: 1880 ft: 7611 corp: 695/2255Kb lim: 65536 exec/s: 975 rss: 3598Mb L: 19/65536 MS: 6 InsertByte-Custom-InsertByte-Custom-CopyPart-Custom-
#16612	NEW    cov: 1880 ft: 7611 corp: 694/2255Kb lim: 65536 exec/s: 977 rss: 3604Mb L: 30/65536 MS: 1 CustomCrossOver-
#16751	NEW    cov: 1880 ft: 7611 corp: 694/2255Kb lim: 65536 exec/s: 985 rss: 3632Mb L: 26/65536 MS: 8 ManualDict-Custom-InsertRepeatedBytes-Custom-ChangeBit-Custom-ShuffleBytes-Custom- DE: "DSL error"-
#16905	NEW    cov: 1880 ft: 7611 corp: 695/2271Kb lim: 65536 exec/s: 939 rss: 3665Mb L: 16600/65536 MS: 6 InsertByte-Custom-CustomCrossOver-ShuffleBytes-Custom-CustomCrossOver-
#17149	RELOAD cov: 1880 ft: 7612 corp: 696/2275Kb lim: 65536 exec/s: 952 rss: 3720Mb
#17160	NEW    cov: 1880 ft: 7612 corp: 697/2275Kb lim: 65536 exec/s: 953 rss: 3722Mb L: 2/65536 MS: 1 CustomCrossOver-
#17208	NEW    cov: 1880 ft: 7615 corp: 698/2276Kb lim: 65536 exec/s: 956 rss: 3732Mb L: 200/65536 MS: 6 InsertByte-Custom-ShuffleBytes-Custom-CopyPart-Custom-
#17210	NEW    cov: 1880 ft: 7617 corp: 698/2244Kb lim: 65536 exec/s: 956 rss: 3733Mb L: 17/65536 MS: 2 CustomCrossOver-CustomCrossOver-
#17310	NEW    cov: 1880 ft: 7617 corp: 698/2244Kb lim: 65536 exec/s: 961 rss: 3753Mb L: 2/65536 MS: 7 CustomCrossOver-CustomCrossOver-ChangeBinInt-Custom-CustomCrossOver-ChangeBit-Custom-
#17351	NEW    cov: 1880 ft: 7617 corp: 699/2244Kb lim: 65536 exec/s: 963 rss: 3761Mb L: 1/65536 MS: 2 EraseBytes-Custom-
#17496	NEW    cov: 1880 ft: 7617 corp: 697/2243Kb lim: 65536 exec/s: 972 rss: 3792Mb L: 61/65536 MS: 10 ChangeBinInt-Custom-PersAutoDict-Custom-ChangeByte-Custom-ChangeASCIIInt-Custom-ManualDict-Custom- DE: "\002\000\000\000"-"optimize_gc_for_throughput"-
#17559	NEW    cov: 1880 ft: 7617 corp: 697/2243Kb lim: 65536 exec/s: 975 rss: 3804Mb L: 7/65536 MS: 5 CustomCrossOver-ChangeByte-Custom-CMP-Custom- DE: "epoc"-
#17694	NEW    cov: 1880 ft: 7617 corp: 698/2250Kb lim: 65536 exec/s: 931 rss: 3833Mb L: 7448/65536 MS: 8 CustomCrossOver-CopyPart-Custom-CMP-Custom-CustomCrossOver-InsertRepeatedBytes-Custom- DE: "\002\000"-
#18011	RELOAD cov: 1880 ft: 7617 corp: 699/2236Kb lim: 65536 exec/s: 947 rss: 3901Mb
#18082	NEW    cov: 1880 ft: 7617 corp: 699/2236Kb lim: 65536 exec/s: 951 rss: 3916Mb L: 2/65536 MS: 1 CustomCrossOver-
#18155	NEW    cov: 1880 ft: 7617 corp: 700/2236Kb lim: 65536 exec/s: 955 rss: 3933Mb L: 22/65536 MS: 3 CustomCrossOver-CustomCrossOver-CustomCrossOver-
#18256	NEW    cov: 1880 ft: 7617 corp: 701/2236Kb lim: 65536 exec/s: 960 rss: 3954Mb L: 1/65536 MS: 2 ChangeByte-Custom-
#18352	NEW    cov: 1880 ft: 7617 corp: 702/2238Kb lim: 65536 exec/s: 965 rss: 3973Mb L: 2052/65536 MS: 2 ChangeASCIIInt-Custom-
#18408	NEW    cov: 1880 ft: 7617 corp: 702/2238Kb lim: 65536 exec/s: 920 rss: 3985Mb L: 3/65536 MS: 2 CrossOver-Custom-
#18720	NEW    cov: 1880 ft: 7620 corp: 701/2238Kb lim: 65536 exec/s: 936 rss: 4050Mb L: 2/65536 MS: 3 ChangeBit-Custom-CustomCrossOver-
#18801	NEW    cov: 1880 ft: 7622 corp: 702/2302Kb lim: 65536 exec/s: 940 rss: 4068Mb L: 65535/65536 MS: 1 CustomCrossOver-
#18890	RELOAD cov: 1880 ft: 7622 corp: 703/2293Kb lim: 65536 exec/s: 944 rss: 4088Mb
#18971	NEW    cov: 1880 ft: 7622 corp: 702/2293Kb lim: 65536 exec/s: 948 rss: 4106Mb L: 2/65536 MS: 2 CrossOver-Custom-
#19009	NEW    cov: 1880 ft: 7622 corp: 702/2293Kb lim: 65536 exec/s: 950 rss: 4115Mb L: 27/65536 MS: 5 CrossOver-Custom-CustomCrossOver-EraseBytes-Custom-
#19015	NEW    cov: 1880 ft: 7622 corp: 703/2325Kb lim: 65536 exec/s: 950 rss: 4116Mb L: 32778/65536 MS: 2 InsertByte-Custom-
#19061	NEW    cov: 1880 ft: 7622 corp: 703/2325Kb lim: 65536 exec/s: 953 rss: 4125Mb L: 66/65536 MS: 2 ChangeBinInt-Custom-
#19342	NEW    cov: 1880 ft: 7622 corp: 703/2325Kb lim: 65536 exec/s: 921 rss: 4187Mb L: 41/65536 MS: 1 CustomCrossOver-
#19451	NEW    cov: 1880 ft: 7623 corp: 704/2332Kb lim: 65536 exec/s: 926 rss: 4212Mb L: 7759/65536 MS: 8 EraseBytes-Custom-ChangeBit-Custom-InsertRepeatedBytes-Custom-ChangeBinInt-Custom-
#19591	NEW    cov: 1880 ft: 7625 corp: 705/2332Kb lim: 65536 exec/s: 932 rss: 4242Mb L: 12/65536 MS: 10 CMP-Custom-CopyPart-Custom-EraseBytes-Custom-EraseBytes-Custom-InsertByte-Custom- DE: "sol."-
#19638	RELOAD cov: 1880 ft: 7625 corp: 706/2332Kb lim: 65536 exec/s: 935 rss: 4253Mb
#19684	NEW    cov: 1880 ft: 7625 corp: 706/2332Kb lim: 65536 exec/s: 937 rss: 4263Mb L: 14320/65536 MS: 1 CustomCrossOver-
#19824	NEW    cov: 1880 ft: 7625 corp: 707/2332Kb lim: 65536 exec/s: 944 rss: 4294Mb L: 18/65536 MS: 6 CustomCrossOver-InsertByte-Custom-CustomCrossOver-CustomCrossOver-CustomCrossOver-
#20107	NEW    cov: 1880 ft: 7625 corp: 708/2332Kb lim: 65536 exec/s: 913 rss: 4357Mb L: 15/65536 MS: 4 CustomCrossOver-CustomCrossOver-InsertRepeatedBytes-Custom-
#20164	NEW    cov: 1880 ft: 7625 corp: 709/2332Kb lim: 65536 exec/s: 916 rss: 4369Mb L: 30/65536 MS: 2 CustomCrossOver-CustomCrossOver-
#20176	NEW    cov: 1880 ft: 7625 corp: 709/2332Kb lim: 65536 exec/s: 917 rss: 4372Mb L: 2/65536 MS: 2 CustomCrossOver-CustomCrossOver-
#20187	NEW    cov: 1880 ft: 7625 corp: 709/2331Kb lim: 65536 exec/s: 917 rss: 4374Mb L: 210/65536 MS: 2 PersAutoDict-Custom- DE: "sequential"-
#20194	NEW    cov: 1880 ft: 7626 corp: 710/2331Kb lim: 65536 exec/s: 917 rss: 4375Mb L: 22/65536 MS: 2 CustomCrossOver-CustomCrossOver-
#20328	NEW    cov: 1880 ft: 7626 corp: 710/2331Kb lim: 65536 exec/s: 924 rss: 4402Mb L: 2/65536 MS: 6 CustomCrossOver-PersAutoDict-Custom-CopyPart-Custom-CustomCrossOver- DE: "output"-
#20409	NEW    cov: 1880 ft: 7626 corp: 710/2327Kb lim: 65536 exec/s: 927 rss: 4419Mb L: 95/65536 MS: 2 ShuffleBytes-Custom-
#20472	RELOAD cov: 1880 ft: 7626 corp: 709/2311Kb lim: 65536 exec/s: 930 rss: 4432Mb
#20511	NEW    cov: 1880 ft: 7626 corp: 709/2310Kb lim: 65536 exec/s: 932 rss: 4440Mb L: 52/65536 MS: 8 CopyPart-Custom-ChangeBinInt-Custom-CopyPart-Custom-ChangeBinInt-Custom-
#20607	NEW    cov: 1880 ft: 7626 corp: 709/2310Kb lim: 65536 exec/s: 895 rss: 4461Mb L: 48/65536 MS: 2 InsertRepeatedBytes-Custom-
#20999	NEW    cov: 1880 ft: 7627 corp: 710/2310Kb lim: 65536 exec/s: 913 rss: 4549Mb L: 7/65536 MS: 4 ChangeByte-Custom-PersAutoDict-Custom- DE: "\036"-
#21080	NEW    cov: 1880 ft: 7627 corp: 711/2310Kb lim: 65536 exec/s: 916 rss: 4565Mb L: 10/65536 MS: 2 CopyPart-Custom-
#21202	NEW    cov: 1880 ft: 7627 corp: 711/2302Kb lim: 65536 exec/s: 921 rss: 4593Mb L: 41/65536 MS: 4 PersAutoDict-Custom-InsertRepeatedBytes-Custom- DE: "\377\377\377\000"-
#21270	RELOAD cov: 1880 ft: 7631 corp: 712/2302Kb lim: 65536 exec/s: 924 rss: 4607Mb
#21305	NEW    cov: 1880 ft: 7631 corp: 711/2302Kb lim: 65536 exec/s: 926 rss: 4613Mb L: 2/65536 MS: 7 CrossOver-Custom-CustomCrossOver-CustomCrossOver-ShuffleBytes-Custom-CustomCrossOver-
#21307	NEW    cov: 1880 ft: 7631 corp: 711/2302Kb lim: 65536 exec/s: 926 rss: 4614Mb L: 5/65536 MS: 4 PersAutoDict-Custom-ShuffleBytes-Custom- DE: "\001\000\000\001"-
#21308	NEW    cov: 1880 ft: 7631 corp: 711/2302Kb lim: 65536 exec/s: 926 rss: 4614Mb L: 3/65536 MS: 2 CopyPart-Custom-
#21380	NEW    cov: 1880 ft: 7639 corp: 712/2318Kb lim: 65536 exec/s: 929 rss: 4630Mb L: 16385/65536 MS: 3 EraseBytes-Custom-CustomCrossOver-
#21409	NEW    cov: 1880 ft: 7639 corp: 712/2318Kb lim: 65536 exec/s: 892 rss: 4637Mb L: 1/65536 MS: 5 CustomCrossOver-CustomCrossOver-CustomCrossOver-EraseBytes-Custom-
#21482	NEW    cov: 1880 ft: 7639 corp: 713/2318Kb lim: 65536 exec/s: 895 rss: 4653Mb L: 1/65536 MS: 5 ChangeByte-Custom-CrossOver-Custom-CustomCrossOver-
#21685	NEW    cov: 1880 ft: 7639 corp: 713/2318Kb lim: 65536 exec/s: 903 rss: 4696Mb L: 6/65536 MS: 6 ChangeBit-Custom-EraseBytes-Custom-EraseBytes-Custom-
#21984	NEW    cov: 1880 ft: 7640 corp: 713/2318Kb lim: 65536 exec/s: 916 rss: 4763Mb L: 78/65536 MS: 8 EraseBytes-Custom-PersAutoDict-Custom-InsertRepeatedBytes-Custom-EraseBytes-Custom- DE: "cache_fs_metadata"-
#22032	NEW    cov: 1880 ft: 7642 corp: 712/2316Kb lim: 65536 exec/s: 918 rss: 4773Mb L: 85/65536 MS: 6 ChangeBit-Custom-InsertRepeatedBytes-Custom-ShuffleBytes-Custom-
#22088	NEW    cov: 1880 ft: 7650 corp: 713/2316Kb lim: 65536 exec/s: 920 rss: 4785Mb L: 97/65536 MS: 2 CMP-Custom- DE: "\321y\315Y\001\000\000\000"-
#22092	NEW    cov: 1880 ft: 7650 corp: 714/2316Kb lim: 65536 exec/s: 920 rss: 4786Mb L: 80/65536 MS: 7 CustomCrossOver-CMP-Custom-CrossOver-Custom-CopyPart-Custom- DE: "\031\000\000\000"-
#22199	RELOAD cov: 1880 ft: 7650 corp: 717/2324Kb lim: 65536 exec/s: 924 rss: 4811Mb
#22200	NEW    cov: 1880 ft: 7656 corp: 718/2324Kb lim: 65536 exec/s: 925 rss: 4811Mb L: 66/65536 MS: 2 ChangeBinInt-Custom-
#22223	NEW    cov: 1880 ft: 7656 corp: 719/2324Kb lim: 65536 exec/s: 925 rss: 4816Mb L: 35/65536 MS: 3 CustomCrossOver-CustomCrossOver-CustomCrossOver-
#22241	NEW    cov: 1880 ft: 7657 corp: 719/2261Kb lim: 65536 exec/s: 889 rss: 4820Mb L: 27/65536 MS: 4 CustomCrossOver-CustomCrossOver-CMP-Custom- DE: "\012\000\000\000\000\000\000\000"-
#22269	NEW    cov: 1880 ft: 7658 corp: 720/2261Kb lim: 65536 exec/s: 890 rss: 4827Mb L: 13/65536 MS: 6 ChangeASCIIInt-Custom-CopyPart-Custom-CopyPart-Custom-
#22353	NEW    cov: 1880 ft: 7658 corp: 720/2261Kb lim: 65536 exec/s: 894 rss: 4845Mb L: 13/65536 MS: 8 ShuffleBytes-Custom-ShuffleBytes-Custom-PersAutoDict-Custom-PersAutoDict-Custom- DE: "silent"-"scope"-
#22528	NEW    cov: 1880 ft: 7658 corp: 720/2259Kb lim: 65536 exec/s: 901 rss: 4880Mb L: 361/65536 MS: 9 ChangeByte-Custom-CMP-Custom-InsertRepeatedBytes-Custom-CustomCrossOver-CrossOver-Custom- DE: "ram_free"-
#22542	NEW    cov: 1880 ft: 7658 corp: 719/2259Kb lim: 65536 exec/s: 901 rss: 4884Mb L: 6/65536 MS: 8 ChangeBinInt-Custom-ShuffleBytes-Custom-ChangeBinInt-Custom-PersAutoDict-Custom- DE: "lz4"-
#22553	NEW    cov: 1880 ft: 7658 corp: 719/2259Kb lim: 65536 exec/s: 902 rss: 4887Mb L: 129/65536 MS: 1 CustomCrossOver-
#22717	NEW    cov: 1880 ft: 7658 corp: 719/2259Kb lim: 65536 exec/s: 908 rss: 4923Mb L: 19/65536 MS: 8 ChangeBinInt-Custom-ChangeBinInt-Custom-CopyPart-Custom-ShuffleBytes-Custom-
#23113	RELOAD cov: 1880 ft: 7658 corp: 718/2251Kb lim: 65536 exec/s: 888 rss: 5009Mb
#23158	NEW    cov: 1880 ft: 7658 corp: 718/2251Kb lim: 65536 exec/s: 890 rss: 5019Mb L: 16/65536 MS: 10 ManualDict-Custom-ShuffleBytes-Custom-ChangeBinInt-Custom-ChangeByte-Custom-ChangeByte-Custom- DE: "TOKEN"-
#23218	NEW    cov: 1880 ft: 7659 corp: 719/2251Kb lim: 65536 exec/s: 893 rss: 5031Mb L: 468/65536 MS: 10 ChangeByte-Custom-CopyPart-Custom-ShuffleBytes-Custom-CopyPart-Custom-InsertRepeatedBytes-Custom-
#23406	NEW    cov: 1880 ft: 7659 corp: 720/2251Kb lim: 65536 exec/s: 900 rss: 5072Mb L: 3/65536 MS: 4 CustomCrossOver-CustomCrossOver-CrossOver-Custom-
#23463	NEW    cov: 1880 ft: 7659 corp: 719/2251Kb lim: 65536 exec/s: 902 rss: 5085Mb L: 4/65536 MS: 4 InsertByte-Custom-ChangeBit-Custom-
#23609	NEW    cov: 1880 ft: 7659 corp: 719/2251Kb lim: 65536 exec/s: 908 rss: 5113Mb L: 35/65536 MS: 2 InsertByte-Custom-
#23716	NEW    cov: 1880 ft: 7659 corp: 719/2251Kb lim: 65536 exec/s: 912 rss: 5133Mb L: 9/65536 MS: 4 ManualDict-Custom-EraseBytes-Custom- DE: "failures"-
#23717	NEW    cov: 1880 ft: 7659 corp: 719/2251Kb lim: 65536 exec/s: 912 rss: 5133Mb L: 4/65536 MS: 1 CustomCrossOver-
#23749	NEW    cov: 1880 ft: 7660 corp: 720/2251Kb lim: 65536 exec/s: 913 rss: 5140Mb L: 60/65536 MS: 4 ChangeBit-Custom-InsertByte-Custom-
#23998	RELOAD cov: 1880 ft: 7660 corp: 720/2251Kb lim: 65536 exec/s: 888 rss: 5195Mb
#24165	NEW    cov: 1880 ft: 7660 corp: 720/2251Kb lim: 65536 exec/s: 895 rss: 5228Mb L: 4/65536 MS: 4 ChangeBinInt-Custom-ChangeByte-Custom-
#24177	NEW    cov: 1880 ft: 7661 corp: 720/2251Kb lim: 65536 exec/s: 895 rss: 5231Mb L: 29/65536 MS: 4 PersAutoDict-Custom-ChangeByte-Custom- DE: "output"-
#24180	NEW    cov: 1880 ft: 7662 corp: 721/2251Kb lim: 65536 exec/s: 895 rss: 5232Mb L: 24/65536 MS: 5 ChangeByte-Custom-CMP-Custom-CustomCrossOver- DE: "cwd"-
#24307	NEW    cov: 1880 ft: 7662 corp: 722/2251Kb lim: 65536 exec/s: 900 rss: 5257Mb L: 2/65536 MS: 3 CMP-Custom-CustomCrossOver- DE: "\022\000\000\000\000\000\000\000"-
#24413	NEW    cov: 1880 ft: 7662 corp: 722/2251Kb lim: 65536 exec/s: 904 rss: 5279Mb L: 18/65536 MS: 2 CMP-Custom- DE: "\000@"-
#24574	NEW    cov: 1880 ft: 7662 corp: 722/2251Kb lim: 65536 exec/s: 910 rss: 5315Mb L: 16/65536 MS: 1 CustomCrossOver-
#24854	RELOAD cov: 1880 ft: 7662 corp: 723/2250Kb lim: 65536 exec/s: 887 rss: 5373Mb
#24866	NEW    cov: 1880 ft: 7662 corp: 723/2249Kb lim: 65536 exec/s: 888 rss: 5375Mb L: 27/65536 MS: 4 ShuffleBytes-Custom-CMP-Custom- DE: "\343\255\374\000\000\000\000\000"-
#24956	NEW    cov: 1880 ft: 7662 corp: 723/2249Kb lim: 65536 exec/s: 891 rss: 5393Mb L: 5/65536 MS: 8 InsertRepeatedBytes-Custom-CustomCrossOver-CustomCrossOver-InsertByte-Custom-CrossOver-Custom-
#24966	NEW    cov: 1880 ft: 7662 corp: 723/2249Kb lim: 65536 exec/s: 891 rss: 5396Mb L: 34/65536 MS: 10 ManualDict-Custom-ChangeBinInt-Custom-ManualDict-Custom-InsertRepeatedBytes-Custom-EraseBytes-Custom- DE: "all"-"order"-
#24968	NEW    cov: 1880 ft: 7663 corp: 724/2249Kb lim: 65536 exec/s: 891 rss: 5396Mb L: 2/65536 MS: 3 ShuffleBytes-Custom-CustomCrossOver-
#25014	NEW    cov: 1880 ft: 7663 corp: 724/2245Kb lim: 65536 exec/s: 893 rss: 5404Mb L: 8282/65536 MS: 2 ManualDict-Custom- DE: "run"-
#25034	NEW    cov: 1880 ft: 7663 corp: 725/2245Kb lim: 65536 exec/s: 894 rss: 5409Mb L: 6/65536 MS: 7 CustomCrossOver-ChangeBinInt-Custom-CustomCrossOver-CopyPart-Custom-CustomCrossOver-
#25101	NEW    cov: 1880 ft: 7663 corp: 725/2245Kb lim: 65536 exec/s: 896 rss: 5424Mb L: 5/65536 MS: 3 CustomCrossOver-ShuffleBytes-Custom-
#25536	NEW    cov: 1880 ft: 7664 corp: 726/2245Kb lim: 65536 exec/s: 880 rss: 5517Mb L: 80/65536 MS: 9 CustomCrossOver-CrossOver-Custom-ChangeBinInt-Custom-InsertRepeatedBytes-Custom-EraseBytes-Custom-
#25582	NEW    cov: 1880 ft: 7664 corp: 726/2245Kb lim: 65536 exec/s: 882 rss: 5527Mb L: 16/65536 MS: 2 ShuffleBytes-Custom-
#25586	NEW    cov: 1880 ft: 7664 corp: 727/2245Kb lim: 65536 exec/s: 882 rss: 5527Mb L: 3/65536 MS: 8 ChangeByte-Custom-ShuffleBytes-Custom-ChangeByte-Custom-ChangeBit-Custom-
#25736	RELOAD cov: 1880 ft: 7664 corp: 727/2245Kb lim: 65536 exec/s: 887 rss: 5557Mb
#25940	NEW    cov: 1880 ft: 7664 corp: 726/2245Kb lim: 65536 exec/s: 810 rss: 5594Mb L: 18/65536 MS: 8 ShuffleBytes-Custom-EraseBytes-Custom-ChangeBit-Custom-PersAutoDict-Custom- DE: "read"-
#25974	RELOAD cov: 1880 ft: 7664 corp: 726/2245Kb lim: 65536 exec/s: 604 rss: 5604Mb
#26411	NEW    cov: 1880 ft: 7665 corp: 726/2245Kb lim: 65536 exec/s: 614 rss: 5695Mb L: 22/65536 MS: 3 CustomCrossOver-ShuffleBytes-Custom-
#26453	NEW    cov: 1880 ft: 7671 corp: 727/2245Kb lim: 65536 exec/s: 615 rss: 5703Mb L: 175/65536 MS: 4 InsertRepeatedBytes-Custom-ChangeBit-Custom-
#26484	NEW    cov: 1880 ft: 7672 corp: 728/2245Kb lim: 65536 exec/s: 615 rss: 5710Mb L: 20/65536 MS: 1 CustomCrossOver-
#26495	NEW    cov: 1880 ft: 7672 corp: 728/2245Kb lim: 65536 exec/s: 616 rss: 5712Mb L: 16/65536 MS: 1 CustomCrossOver-
#26620	RELOAD cov: 1880 ft: 7672 corp: 728/2245Kb lim: 65536 exec/s: 436 rss: 5742Mb
#26666	NEW    cov: 1880 ft: 7673 corp: 729/2309Kb lim: 65536 exec/s: 437 rss: 5752Mb L: 65025/65536 MS: 1 CustomCrossOver-
#26904	NEW    cov: 1880 ft: 7673 corp: 729/2309Kb lim: 65536 exec/s: 441 rss: 5800Mb L: 10/65536 MS: 5 CustomCrossOver-PersAutoDict-Custom-CrossOver-Custom- DE: "\377\377\377\377\377\377\377\377"-
#26928	NEW    cov: 1880 ft: 7673 corp: 730/2309Kb lim: 65536 exec/s: 441 rss: 5805Mb L: 46/65536 MS: 8 CMP-Custom-CopyPart-Custom-ChangeBinInt-Custom-CopyPart-Custom- DE: "\377\377\377\177"-
#27055	NEW    cov: 1880 ft: 7673 corp: 730/2309Kb lim: 65536 exec/s: 443 rss: 5830Mb L: 1/65536 MS: 3 ManualDict-Custom-CustomCrossOver- DE: "22"-
#27182	NEW    cov: 1880 ft: 7674 corp: 731/2309Kb lim: 65536 exec/s: 438 rss: 5858Mb L: 140/65536 MS: 4 CopyPart-Custom-CopyPart-Custom-
#27365	NEW    cov: 1880 ft: 7674 corp: 731/2309Kb lim: 65536 exec/s: 441 rss: 5896Mb L: 3/65536 MS: 6 ShuffleBytes-Custom-ChangeBit-Custom-ShuffleBytes-Custom-
#27406	NEW    cov: 1880 ft: 7675 corp: 731/2309Kb lim: 65536 exec/s: 442 rss: 5904Mb L: 2/65536 MS: 1 CustomCrossOver-
#27569	RELOAD cov: 1880 ft: 7675 corp: 731/2309Kb lim: 65536 exec/s: 444 rss: 5937Mb
#27758	NEW    cov: 1880 ft: 7675 corp: 732/2309Kb lim: 65536 exec/s: 447 rss: 5977Mb L: 10/65536 MS: 7 CMP-Custom-CustomCrossOver-CopyPart-Custom-ChangeBit-Custom- DE: "delete"-
#27905	NEW    cov: 1880 ft: 7675 corp: 732/2309Kb lim: 65536 exec/s: 450 rss: 6007Mb L: 2/65536 MS: 3 CustomCrossOver-ChangeByte-Custom-
#28015	NEW    cov: 1880 ft: 7675 corp: 733/2309Kb lim: 65536 exec/s: 444 rss: 6031Mb L: 126/65536 MS: 10 CopyPart-Custom-ChangeBit-Custom-ManualDict-Custom-ManualDict-Custom-CopyPart-Custom- DE: "does-not-exist"-"buildScriptPath"-
#28176	NEW    cov: 1880 ft: 7682 corp: 734/2311Kb lim: 65536 exec/s: 447 rss: 6065Mb L: 2270/65536 MS: 2 CMP-Custom- DE: "to_case"-
#28192	NEW    cov: 1880 ft: 7682 corp: 734/2311Kb lim: 65536 exec/s: 447 rss: 6069Mb L: 26/65536 MS: 2 ChangeBit-Custom-
#28408	NEW    cov: 1880 ft: 7682 corp: 735/2311Kb lim: 65536 exec/s: 450 rss: 6115Mb L: 13/65536 MS: 2 ShuffleBytes-Custom-
#28465	NEW    cov: 1880 ft: 7682 corp: 735/2308Kb lim: 65536 exec/s: 451 rss: 6127Mb L: 2449/65536 MS: 4 ManualDict-Custom-ManualDict-Custom- DE: "beez.config"-"not-a-table"-
#28535	NEW    cov: 1880 ft: 7682 corp: 734/2307Kb lim: 65536 exec/s: 452 rss: 6144Mb L: 43/65536 MS: 7 CustomCrossOver-CustomCrossOver-CustomCrossOver-ChangeByte-Custom-ManualDict-Custom- DE: "beez_fuzz_junk"-
#28622	RELOAD cov: 1880 ft: 7683 corp: 736/2339Kb lim: 65536 exec/s: 454 rss: 6161Mb
#28695	NEW    cov: 1880 ft: 7683 corp: 736/2338Kb lim: 65536 exec/s: 455 rss: 6177Mb L: 16/65536 MS: 6 ShuffleBytes-Custom-InsertByte-Custom-CopyPart-Custom-
#28840	NEW    cov: 1880 ft: 7683 corp: 736/2338Kb lim: 65536 exec/s: 457 rss: 6207Mb L: 2/65536 MS: 8 PersAutoDict-Custom-ChangeByte-Custom-CustomCrossOver-InsertRepeatedBytes-Custom-CustomCrossOver- DE: "\001\000\000\000\000\000\000\000"-
#28942	NEW    cov: 1880 ft: 7683 corp: 736/2338Kb lim: 65536 exec/s: 459 rss: 6229Mb L: 18/65536 MS: 2 CustomCrossOver-CustomCrossOver-
#29019	NEW    cov: 1880 ft: 7683 corp: 737/2338Kb lim: 65536 exec/s: 453 rss: 6245Mb L: 18/65536 MS: 2 CustomCrossOver-CustomCrossOver-
#29161	NEW    cov: 1880 ft: 7683 corp: 738/2338Kb lim: 65536 exec/s: 455 rss: 6274Mb L: 11/65536 MS: 3 CustomCrossOver-ManualDict-Custom- DE: "artifacts"-
#29192	NEW    cov: 1880 ft: 7683 corp: 738/2338Kb lim: 65536 exec/s: 456 rss: 6279Mb L: 1/65536 MS: 2 ManualDict-Custom- DE: "}"-
#29296	NEW    cov: 1880 ft: 7683 corp: 739/2338Kb lim: 65536 exec/s: 457 rss: 6303Mb L: 7/65536 MS: 7 ChangeASCIIInt-Custom-CustomCrossOver-InsertByte-Custom-ChangeBit-Custom-
#29385	NEW    cov: 1880 ft: 7683 corp: 739/2338Kb lim: 65536 exec/s: 459 rss: 6323Mb L: 1/65536 MS: 8 CopyPart-Custom-ChangeByte-Custom-ChangeBit-Custom-ShuffleBytes-Custom-
#29434	NEW    cov: 1880 ft: 7683 corp: 739/2338Kb lim: 65536 exec/s: 459 rss: 6333Mb L: 1/65536 MS: 8 ChangeBit-Custom-ChangeByte-Custom-CopyPart-Custom-EraseBytes-Custom-
#29496	NEW    cov: 1880 ft: 7683 corp: 738/2338Kb lim: 65536 exec/s: 460 rss: 6345Mb L: 4/65536 MS: 3 CustomCrossOver-ChangeByte-Custom-
#29516	NEW    cov: 1880 ft: 7683 corp: 738/2338Kb lim: 65536 exec/s: 461 rss: 6349Mb L: 6/65536 MS: 10 CMP-Custom-InsertByte-Custom-ManualDict-Custom-CopyPart-Custom-ManualDict-Custom- DE: "\013\000"-"sol::"-"\037"-
#29591	NEW    cov: 1880 ft: 7683 corp: 738/2338Kb lim: 65536 exec/s: 462 rss: 6365Mb L: 15/65536 MS: 10 ManualDict-Custom-CopyPart-Custom-PersAutoDict-Custom-CopyPart-Custom-CopyPart-Custom- DE: "table"-"sol"-
#29614	NEW    cov: 1880 ft: 7687 corp: 739/2355Kb lim: 65536 exec/s: 462 rss: 6370Mb L: 16929/65536 MS: 6 ShuffleBytes-Custom-ManualDict-Custom-CMP-Custom- DE: "must be a table"-"/\001\000\000\000\000\000\000"-
#29665	NEW    cov: 1880 ft: 7687 corp: 739/2355Kb lim: 65536 exec/s: 463 rss: 6378Mb L: 3/65536 MS: 1 CustomCrossOver-
#29809	NEW    cov: 1880 ft: 7689 corp: 740/2355Kb lim: 65536 exec/s: 465 rss: 6410Mb L: 130/65536 MS: 2 ChangeBit-Custom-
#29830	NEW    cov: 1880 ft: 7689 corp: 739/2355Kb lim: 65536 exec/s: 466 rss: 6414Mb L: 2/65536 MS: 1 CustomCrossOver-
#29846	NEW    cov: 1880 ft: 7690 corp: 740/2385Kb lim: 65536 exec/s: 466 rss: 6418Mb L: 30958/65536 MS: 2 CopyPart-Custom-
#29847	NEW    cov: 1880 ft: 7690 corp: 740/2385Kb lim: 65536 exec/s: 466 rss: 6418Mb L: 1/65536 MS: 1 CustomCrossOver-
#30206	NEW    cov: 1880 ft: 7690 corp: 740/2385Kb lim: 65536 exec/s: 464 rss: 6495Mb L: 66/65536 MS: 8 InsertRepeatedBytes-Custom-ShuffleBytes-Custom-ManualDict-Custom-CopyPart-Custom- DE: "workers_dir"-
#30302	NEW    cov: 1880 ft: 7690 corp: 741/2385Kb lim: 65536 exec/s: 466 rss: 6515Mb L: 27/65536 MS: 2 ManualDict-Custom- DE: "modernize"-
#30730	NEW    cov: 1880 ft: 7690 corp: 741/2385Kb lim: 65536 exec/s: 472 rss: 6603Mb L: 62/65536 MS: 6 InsertByte-Custom-ChangeByte-Custom-InsertRepeatedBytes-Custom-
#30896	RELOAD cov: 1880 ft: 7690 corp: 741/2385Kb lim: 65536 exec/s: 475 rss: 6638Mb
#31175	NEW    cov: 1880 ft: 7785 corp: 741/2385Kb lim: 65536 exec/s: 472 rss: 6697Mb L: 8/65536 MS: 8 CMP-Custom-EraseBytes-Custom-ChangeBit-Custom-ShuffleBytes-Custom- DE: "\000\000\000\001"-
#31291	NEW    cov: 1880 ft: 7785 corp: 742/2385Kb lim: 65536 exec/s: 474 rss: 6722Mb L: 3/65536 MS: 2 InsertByte-Custom-
#31368	NEW    cov: 1880 ft: 7785 corp: 743/2385Kb lim: 65536 exec/s: 475 rss: 6739Mb L: 6/65536 MS: 4 ChangeBinInt-Custom-InsertRepeatedBytes-Custom-
#31556	NEW    cov: 1880 ft: 7785 corp: 742/2385Kb lim: 65536 exec/s: 478 rss: 6779Mb L: 2/65536 MS: 4 CustomCrossOver-CrossOver-Custom-CustomCrossOver-
#31605	NEW    cov: 1880 ft: 7814 corp: 741/2385Kb lim: 65536 exec/s: 478 rss: 6787Mb L: 2/65536 MS: 6 InsertRepeatedBytes-Custom-CopyPart-Custom-CustomCrossOver-CustomCrossOver-
#31923	NEW    cov: 1880 ft: 7815 corp: 742/2385Kb lim: 65536 exec/s: 483 rss: 6852Mb L: 104/65536 MS: 5 InsertRepeatedBytes-Custom-CustomCrossOver-CopyPart-Custom-
#32108	RELOAD cov: 1880 ft: 7825 corp: 746/2385Kb lim: 65536 exec/s: 486 rss: 6891Mb
#32114	NEW    cov: 1880 ft: 7825 corp: 746/2385Kb lim: 65536 exec/s: 479 rss: 6893Mb L: 31742/65536 MS: 2 ShuffleBytes-Custom-
#32125	NEW    cov: 1880 ft: 7825 corp: 746/2385Kb lim: 65536 exec/s: 479 rss: 6895Mb L: 129/65536 MS: 2 InsertRepeatedBytes-Custom-
#32126	NEW    cov: 1880 ft: 7827 corp: 746/2385Kb lim: 65536 exec/s: 479 rss: 6896Mb L: 96/65536 MS: 1 CustomCrossOver-
#32182	NEW    cov: 1880 ft: 7827 corp: 747/2385Kb lim: 65536 exec/s: 480 rss: 6909Mb L: 2/65536 MS: 2 ChangeBit-Custom-
#32238	NEW    cov: 1880 ft: 7828 corp: 748/2441Kb lim: 65536 exec/s: 481 rss: 6921Mb L: 57351/65536 MS: 2 InsertByte-Custom-
#32244	NEW    cov: 1880 ft: 7828 corp: 748/2441Kb lim: 65536 exec/s: 481 rss: 6922Mb L: 1/65536 MS: 2 ShuffleBytes-Custom-
#32636	NEW    cov: 1880 ft: 7828 corp: 748/2441Kb lim: 65536 exec/s: 487 rss: 7009Mb L: 34/65536 MS: 4 CopyPart-Custom-PersAutoDict-Custom- DE: "\001\000\000\000"-
#32650	NEW    cov: 1880 ft: 7833 corp: 748/2441Kb lim: 65536 exec/s: 487 rss: 7012Mb L: 2/65536 MS: 6 CustomCrossOver-CopyPart-Custom-ChangeBinInt-Custom-CustomCrossOver-
#32674	NEW    cov: 1880 ft: 7833 corp: 748/2441Kb lim: 65536 exec/s: 487 rss: 7017Mb L: 17/65536 MS: 8 InsertByte-Custom-PersAutoDict-Custom-CopyPart-Custom-PersAutoDict-Custom- DE: "\000\000\000\000\000\000\000\006"-"sol::"-
#32768	pulse  cov: 1880 ft: 7833 corp: 748/2441Kb lim: 65536 exec/s: 489 rss: 7037Mb
#32785	NEW    cov: 1880 ft: 7833 corp: 748/2441Kb lim: 65536 exec/s: 489 rss: 7040Mb L: 1/65536 MS: 2 EraseBytes-Custom-
#32882	NEW    cov: 1880 ft: 7833 corp: 748/2441Kb lim: 65536 exec/s: 490 rss: 7058Mb L: 13/65536 MS: 4 EraseBytes-Custom-ChangeByte-Custom-
#32885	NEW    cov: 1880 ft: 7833 corp: 749/2441Kb lim: 65536 exec/s: 490 rss: 7059Mb L: 3/65536 MS: 6 ChangeBit-Custom-ShuffleBytes-Custom-ShuffleBytes-Custom-
#32912	NEW    cov: 1880 ft: 7833 corp: 750/2441Kb lim: 65536 exec/s: 491 rss: 7063Mb L: 1/65536 MS: 4 ChangeByte-Custom-ChangeByte-Custom-
#32919	NEW    cov: 1880 ft: 7833 corp: 750/2441Kb lim: 65536 exec/s: 491 rss: 7065Mb L: 18/65536 MS: 2 CustomCrossOver-CustomCrossOver-
#33301	RELOAD cov: 1880 ft: 7833 corp: 751/2443Kb lim: 65536 exec/s: 489 rss: 7148Mb
#33398	NEW    cov: 1880 ft: 7833 corp: 751/2443Kb lim: 65536 exec/s: 491 rss: 7168Mb L: 3/65536 MS: 3 CustomCrossOver-PersAutoDict-Custom- DE: "\037"-
#33407	NEW    cov: 1880 ft: 7835 corp: 751/2443Kb lim: 65536 exec/s: 491 rss: 7170Mb L: 7/65536 MS: 5 CustomCrossOver-InsertRepeatedBytes-Custom-CustomCrossOver-CustomCrossOver-
#33428	NEW    cov: 1880 ft: 7835 corp: 752/2443Kb lim: 65536 exec/s: 491 rss: 7174Mb L: 2/65536 MS: 2 CopyPart-Custom-
#33447	NEW    cov: 1880 ft: 7835 corp: 753/2443Kb lim: 65536 exec/s: 491 rss: 7178Mb L: 26/65536 MS: 8 ChangeByte-Custom-InsertByte-Custom-InsertRepeatedBytes-Custom-EraseBytes-Custom-
#33474	NEW    cov: 1880 ft: 7835 corp: 752/2443Kb lim: 65536 exec/s: 492 rss: 7184Mb L: 4/65536 MS: 4 CopyPart-Custom-CopyPart-Custom-
#33522	NEW    cov: 1880 ft: 7835 corp: 752/2443Kb lim: 65536 exec/s: 492 rss: 7194Mb L: 17/65536 MS: 3 CustomCrossOver-CustomCrossOver-CustomCrossOver-
#33569	NEW    cov: 1880 ft: 7835 corp: 752/2443Kb lim: 65536 exec/s: 493 rss: 7205Mb L: 8/65536 MS: 4 ShuffleBytes-Custom-ChangeByte-Custom-
#33620	NEW    cov: 1880 ft: 7835 corp: 752/2443Kb lim: 65536 exec/s: 494 rss: 7216Mb L: 2/65536 MS: 1 CustomCrossOver-
#33701	NEW    cov: 1880 ft: 7835 corp: 752/2443Kb lim: 65536 exec/s: 495 rss: 7234Mb L: 35/65536 MS: 1 CustomCrossOver-
#33865	NEW    cov: 1880 ft: 7835 corp: 752/2443Kb lim: 65536 exec/s: 498 rss: 7271Mb L: 3/65536 MS: 8 ChangeByte-Custom-ChangeASCIIInt-Custom-InsertByte-Custom-CopyPart-Custom-
#34511	RELOAD cov: 1880 ft: 7844 corp: 754/2443Kb lim: 65536 exec/s: 500 rss: 7402Mb
#34516	NEW    cov: 1880 ft: 7844 corp: 754/2443Kb lim: 65536 exec/s: 500 rss: 7403Mb L: 2/65536 MS: 9 InsertByte-Custom-ChangeByte-Custom-PersAutoDict-Custom-InsertRepeatedBytes-Custom-CustomCrossOver- DE: "read"-
#34604	NEW    cov: 1880 ft: 7844 corp: 753/2413Kb lim: 65536 exec/s: 501 rss: 7422Mb L: 2/65536 MS: 4 CMP-Custom-CustomCrossOver-CustomCrossOver- DE: "\377\377\377\377\377\377\377+"-
#34652	NEW    cov: 1880 ft: 7844 corp: 753/2413Kb lim: 65536 exec/s: 502 rss: 7431Mb L: 2/65536 MS: 6 ShuffleBytes-Custom-InsertByte-Custom-EraseBytes-Custom-
#34673	NEW    cov: 1880 ft: 7844 corp: 752/2356Kb lim: 65536 exec/s: 502 rss: 7436Mb L: 31741/65536 MS: 1 CustomCrossOver-
#34678	NEW    cov: 1880 ft: 7844 corp: 751/2342Kb lim: 65536 exec/s: 502 rss: 7437Mb L: 112/65536 MS: 10 EraseBytes-Custom-EraseBytes-Custom-CopyPart-Custom-PersAutoDict-Custom-InsertRepeatedBytes-Custom- DE: "all"-
#34690	NEW    cov: 1880 ft: 7844 corp: 749/2342Kb lim: 65536 exec/s: 502 rss: 7439Mb L: 6/65536 MS: 4 CrossOver-Custom-CrossOver-Custom-
#34691	NEW    cov: 1880 ft: 7844 corp: 748/2342Kb lim: 65536 exec/s: 502 rss: 7439Mb L: 1/65536 MS: 2 ShuffleBytes-Custom-
#34693	NEW    cov: 1880 ft: 7844 corp: 749/2356Kb lim: 65536 exec/s: 502 rss: 7440Mb L: 14320/65536 MS: 3 CopyPart-Custom-CustomCrossOver-
#34703	NEW    cov: 1880 ft: 7861 corp: 749/2325Kb lim: 65536 exec/s: 502 rss: 7442Mb L: 72/65536 MS: 10 CopyPart-Custom-PersAutoDict-Custom-CopyPart-Custom-PersAutoDict-Custom-PersAutoDict-Custom- DE: "\027\000\000\000\000\000\000\000"-"\012\000\000\000\000\000\000\000"-"@/tmp/beez_fuzz_project/build.lua"-
#34704	NEW    cov: 1880 ft: 7863 corp: 749/2325Kb lim: 65536 exec/s: 502 rss: 7442Mb L: 6/65536 MS: 2 InsertByte-Custom-
#34705	NEW    cov: 1880 ft: 7863 corp: 749/2325Kb lim: 65536 exec/s: 502 rss: 7442Mb L: 19/65536 MS: 2 CopyPart-Custom-
#34742	NEW    cov: 1880 ft: 7864 corp: 750/2325Kb lim: 65536 exec/s: 503 rss: 7450Mb L: 17/65536 MS: 3 CustomCrossOver-CopyPart-Custom-
#34748	NEW    cov: 1880 ft: 7864 corp: 750/2325Kb lim: 65536 exec/s: 503 rss: 7451Mb L: 1/65536 MS: 2 ShuffleBytes-Custom-
#34763	NEW    cov: 1880 ft: 7865 corp: 751/2357Kb lim: 65536 exec/s: 503 rss: 7455Mb L: 32783/65536 MS: 7 InsertByte-Custom-CustomCrossOver-PersAutoDict-Custom-CustomCrossOver-CustomCrossOver- DE: "\377\010"-
#34869	NEW    cov: 1880 ft: 7865 corp: 751/2357Kb lim: 65536 exec/s: 505 rss: 7477Mb L: 17/65536 MS: 2 ChangeBinInt-Custom-
#34913	NEW    cov: 1880 ft: 7865 corp: 750/2356Kb lim: 65536 exec/s: 505 rss: 7487Mb L: 16/65536 MS: 8 ManualDict-Custom-CMP-Custom-CopyPart-Custom-InsertByte-Custom- DE: "table"-"=\000\000\000\000\000\000\000"-
#34969	NEW    cov: 1880 ft: 7926 corp: 751/2357Kb lim: 65536 exec/s: 506 rss: 7497Mb L: 257/65536 MS: 1 CustomCrossOver-
#35008	NEW    cov: 1880 ft: 7926 corp: 751/2357Kb lim: 65536 exec/s: 507 rss: 7506Mb L: 5/65536 MS: 4 CustomCrossOver-CustomCrossOver-CustomCrossOver-CustomCrossOver-
#35009	NEW    cov: 1880 ft: 7926 corp: 751/2357Kb lim: 65536 exec/s: 507 rss: 7506Mb L: 2/65536 MS: 2 ChangeBinInt-Custom-
#35055	NEW    cov: 1880 ft: 7926 corp: 752/2357Kb lim: 65536 exec/s: 508 rss: 7516Mb L: 4/65536 MS: 2 InsertByte-Custom-
#35078	NEW    cov: 1880 ft: 7926 corp: 752/2356Kb lim: 65536 exec/s: 508 rss: 7520Mb L: 7/65536 MS: 5 CustomCrossOver-InsertByte-Custom-EraseBytes-Custom-
#35209	NEW    cov: 1880 ft: 7926 corp: 753/2356Kb lim: 65536 exec/s: 510 rss: 7547Mb L: 2/65536 MS: 2 InsertByte-Custom-
#35326	NEW    cov: 1880 ft: 7926 corp: 753/2356Kb lim: 65536 exec/s: 504 rss: 7571Mb L: 2/65536 MS: 2 CustomCrossOver-CustomCrossOver-
#35448	NEW    cov: 1880 ft: 7926 corp: 753/2356Kb lim: 65536 exec/s: 506 rss: 7596Mb L: 2/65536 MS: 4 CopyPart-Custom-ChangeByte-Custom-
#35741	RELOAD cov: 1880 ft: 7926 corp: 755/2361Kb lim: 65536 exec/s: 510 rss: 7657Mb
#35892	NEW    cov: 1880 ft: 7926 corp: 756/2361Kb lim: 65536 exec/s: 512 rss: 7687Mb L: 16/65536 MS: 1 CustomCrossOver-
#35945	NEW    cov: 1880 ft: 7928 corp: 757/2361Kb lim: 65536 exec/s: 513 rss: 7698Mb L: 2/65536 MS: 5 ChangeByte-Custom-CustomCrossOver-ChangeBinInt-Custom-
#35985	NEW    cov: 1880 ft: 7930 corp: 758/2414Kb lim: 65536 exec/s: 514 rss: 7706Mb L: 53847/65536 MS: 10 EraseBytes-Custom-ChangeASCIIInt-Custom-CopyPart-Custom-PersAutoDict-Custom-InsertRepeatedBytes-Custom- DE: "open_libraries"-
#36124	NEW    cov: 1880 ft: 8071 corp: 759/2414Kb lim: 65536 exec/s: 516 rss: 7738Mb L: 2/65536 MS: 5 CrossOver-Custom-CustomCrossOver-CustomCrossOver-CustomCrossOver-
#36277	NEW    cov: 1880 ft: 8071 corp: 760/2414Kb lim: 65536 exec/s: 510 rss: 7769Mb L: 2/65536 MS: 4 InsertByte-Custom-CustomCrossOver-CustomCrossOver-
#36478	NEW    cov: 1880 ft: 8071 corp: 760/2400Kb lim: 65536 exec/s: 513 rss: 7813Mb L: 13058/65536 MS: 2 EraseBytes-Custom-
#36493	NEW    cov: 1880 ft: 8071 corp: 760/2400Kb lim: 65536 exec/s: 513 rss: 7816Mb L: 4/65536 MS: 10 ShuffleBytes-Custom-ManualDict-Custom-ChangeBit-Custom-ChangeBinInt-Custom-ShuffleBytes-Custom- DE: "0x"-
#36754	NEW    cov: 1880 ft: 8071 corp: 760/2400Kb lim: 65536 exec/s: 517 rss: 7872Mb L: 19/65536 MS: 2 InsertByte-Custom-
#36925	RELOAD cov: 1880 ft: 8086 corp: 761/2400Kb lim: 65536 exec/s: 520 rss: 7909Mb
#37127	NEW    cov: 1880 ft: 8086 corp: 761/2400Kb lim: 65536 exec/s: 522 rss: 7951Mb L: 25/65536 MS: 3 CustomCrossOver-CMP-Custom- DE: "\377\377\377\377\377\377\377\377"-
#37286	NEW    cov: 1880 ft: 8086 corp: 762/2400Kb lim: 65536 exec/s: 525 rss: 7987Mb L: 27/65536 MS: 8 CopyPart-Custom-PersAutoDict-Custom-EraseBytes-Custom-CMP-Custom- DE: "optimize"-"compress"-
#37373	NEW    cov: 1880 ft: 8086 corp: 760/2400Kb lim: 65536 exec/s: 519 rss: 8004Mb L: 3/65536 MS: 4 ChangeBinInt-Custom-ChangeByte-Custom-
#37456	NEW    cov: 1880 ft: 8086 corp: 760/2400Kb lim: 65536 exec/s: 520 rss: 8021Mb L: 8/65536 MS: 5 CustomCrossOver-CopyPart-Custom-ShuffleBytes-Custom-
#37742	NEW    cov: 1880 ft: 8088 corp: 761/2400Kb lim: 65536 exec/s: 524 rss: 8083Mb L: 4/65536 MS: 2 CopyPart-Custom-
#37804	NEW    cov: 1880 ft: 8088 corp: 761/2400Kb lim: 65536 exec/s: 525 rss: 8096Mb L: 6/65536 MS: 4 CopyPart-Custom-PersAutoDict-Custom- DE: "\000@"-
#37808	NEW    cov: 1880 ft: 8088 corp: 761/2400Kb lim: 65536 exec/s: 525 rss: 8096Mb L: 1/65536 MS: 7 CrossOver-Custom-ChangeBinInt-Custom-ManualDict-Custom-CustomCrossOver- DE: "else"-
#38129	RELOAD cov: 1880 ft: 8089 corp: 761/2352Kb lim: 65536 exec/s: 529 rss: 8165Mb
#39149	NEW    cov: 1880 ft: 8090 corp: 762/2365Kb lim: 65536 exec/s: 536 rss: 8375Mb L: 13312/65536 MS: 10 ChangeASCIIInt-Custom-CMP-Custom-ChangeBit-Custom-ChangeBit-Custom-EraseBytes-Custom- DE: "\001\000\000\000\000\000\000\000"-
#39276	NEW    cov: 1880 ft: 8091 corp: 763/2365Kb lim: 65536 exec/s: 538 rss: 8404Mb L: 22/65536 MS: 2 ManualDict-Custom- DE: "elseif"-
#39363	NEW    cov: 1880 ft: 8091 corp: 763/2365Kb lim: 65536 exec/s: 539 rss: 8422Mb L: 2/65536 MS: 2 CustomCrossOver-CustomCrossOver-
#39463	NEW    cov: 1880 ft: 8091 corp: 763/2365Kb lim: 65536 exec/s: 533 rss: 8445Mb L: 28/65536 MS: 10 PersAutoDict-Custom-PersAutoDict-Custom-InsertByte-Custom-ShuffleBytes-Custom-ChangeByte-Custom- DE: "\000@"-"\013\000"-
#39484	NEW    cov: 1880 ft: 8091 corp: 763/2365Kb lim: 65536 exec/s: 533 rss: 8449Mb L: 7/65536 MS: 2 ChangeBit-Custom-
#39673	NEW    cov: 1880 ft: 8095 corp: 764/2396Kb lim: 65536 exec/s: 536 rss: 8490Mb L: 31753/65536 MS: 5 CustomCrossOver-CustomCrossOver-CustomCrossOver-PersAutoDict-Custom- DE: "globby"-
#39808	NEW    cov: 1880 ft: 8095 corp: 764/2396Kb lim: 65536 exec/s: 537 rss: 8519Mb L: 2/65536 MS: 8 CustomCrossOver-ChangeByte-Custom-ChangeByte-Custom-CustomCrossOver-ChangeByte-Custom-
#39846	NEW    cov: 1880 ft: 8096 corp: 765/2408Kb lim: 65536 exec/s: 538 rss: 8527Mb L: 11773/65536 MS: 5 CustomCrossOver-ShuffleBytes-Custom-ChangeByte-Custom-
#40079	NEW    cov: 1880 ft: 8096 corp: 765/2407Kb lim: 65536 exec/s: 541 rss: 8573Mb L: 2048/65536 MS: 5 ChangeByte-Custom-CustomCrossOver-ChangeByte-Custom-
#40449	NEW    cov: 1880 ft: 8096 corp: 764/2407Kb lim: 65536 exec/s: 539 rss: 8653Mb L: 20/65536 MS: 2 CustomCrossOver-CustomCrossOver-
#40668	NEW    cov: 1880 ft: 8097 corp: 765/2407Kb lim: 65536 exec/s: 542 rss: 8700Mb L: 113/65536 MS: 8 ChangeBinInt-Custom-CopyPart-Custom-ManualDict-Custom-InsertRepeatedBytes-Custom- DE: "run_log"-
#40774	NEW    cov: 1880 ft: 8097 corp: 766/2407Kb lim: 65536 exec/s: 543 rss: 8719Mb L: 33/65536 MS: 2 ManualDict-Custom- DE: "description"-
#41131	NEW    cov: 1881 ft: 8178 corp: 767/2407Kb lim: 65536 exec/s: 548 rss: 8793Mb L: 107/65536 MS: 3 InsertRepeatedBytes-Custom-CustomCrossOver-
#41490	RELOAD cov: 1881 ft: 8178 corp: 768/2407Kb lim: 65536 exec/s: 545 rss: 8858Mb
#41493	NEW    cov: 1881 ft: 8179 corp: 769/2407Kb lim: 65536 exec/s: 545 rss: 8858Mb L: 16/65536 MS: 4 CustomCrossOver-ChangeBit-Custom-CustomCrossOver-
#41537	NEW    cov: 1881 ft: 8287 corp: 767/2407Kb lim: 65536 exec/s: 546 rss: 8858Mb L: 18/65536 MS: 6 CustomCrossOver-ChangeBit-Custom-CustomCrossOver-PersAutoDict-Custom- DE: "\377\377\377\377\377\377\377\377"-
#41794	NEW    cov: 1881 ft: 8287 corp: 767/2407Kb lim: 65536 exec/s: 549 rss: 8883Mb L: 21/65536 MS: 4 CMP-Custom-CopyPart-Custom- DE: "\377\377\377\377\377\377\377\000"-
#41860	NEW    cov: 1881 ft: 8287 corp: 768/2407Kb lim: 65536 exec/s: 550 rss: 8897Mb L: 2/65536 MS: 1 CustomCrossOver-
#41871	NEW    cov: 1881 ft: 8287 corp: 768/2407Kb lim: 65536 exec/s: 550 rss: 8899Mb L: 22/65536 MS: 2 CopyPart-Custom-
#41924	NEW    cov: 1881 ft: 8287 corp: 768/2407Kb lim: 65536 exec/s: 551 rss: 8910Mb L: 2/65536 MS: 4 CustomCrossOver-ShuffleBytes-Custom-CustomCrossOver-
#41930	NEW    cov: 1881 ft: 8287 corp: 768/2407Kb lim: 65536 exec/s: 551 rss: 8911Mb L: 16/65536 MS: 2 ShuffleBytes-Custom-
#42300	NEW    cov: 1881 ft: 8288 corp: 769/2407Kb lim: 65536 exec/s: 549 rss: 8993Mb L: 257/65536 MS: 8 CopyPart-Custom-CustomCrossOver-ManualDict-Custom-CustomCrossOver-ShuffleBytes-Custom- DE: "="-
#42313	NEW    cov: 1881 ft: 8289 corp: 770/2424Kb lim: 65536 exec/s: 549 rss: 8995Mb L: 16620/65536 MS: 5 ChangeByte-Custom-CustomCrossOver-ChangeBinInt-Custom-
#42468	NEW    cov: 1881 ft: 8289 corp: 771/2424Kb lim: 65536 exec/s: 551 rss: 9025Mb L: 1/65536 MS: 2 ChangeBit-Custom-
#42474	NEW    cov: 1881 ft: 8289 corp: 772/2424Kb lim: 65536 exec/s: 551 rss: 9027Mb L: 4/65536 MS: 1 CustomCrossOver-
#42760	NEW    cov: 1881 ft: 8289 corp: 772/2424Kb lim: 65536 exec/s: 555 rss: 9086Mb L: 4/65536 MS: 2 ChangeBit-Custom-
#43040	NEW    cov: 1881 ft: 8289 corp: 773/2424Kb lim: 65536 exec/s: 558 rss: 9144Mb L: 47/65536 MS: 10 EraseBytes-Custom-ManualDict-Custom-CopyPart-Custom-ChangeASCIIInt-Custom-EraseBytes-Custom- DE: "mergeSettingsFromLuaTable"-
#43077	NEW    cov: 1881 ft: 8293 corp: 773/2424Kb lim: 65536 exec/s: 559 rss: 9149Mb L: 16/65536 MS: 2 CustomCrossOver-CustomCrossOver-
#43330	NEW    cov: 1881 ft: 8293 corp: 773/2424Kb lim: 65536 exec/s: 555 rss: 9179Mb L: 17/65536 MS: 2 ShuffleBytes-Custom-
#43434	NEW    cov: 1881 ft: 8293 corp: 773/2423Kb lim: 65536 exec/s: 556 rss: 9199Mb L: 2/65536 MS: 4 CustomCrossOver-CustomCrossOver-CustomCrossOver-CustomCrossOver-
#43611	NEW    cov: 1881 ft: 8293 corp: 773/2423Kb lim: 65536 exec/s: 559 rss: 9237Mb L: 2/65536 MS: 3 ManualDict-Custom-CustomCrossOver- DE: "mask_secrets"-
#43905	NEW    cov: 1881 ft: 8293 corp: 773/2423Kb lim: 65536 exec/s: 555 rss: 9301Mb L: 10/65536 MS: 5 CustomCrossOver-CustomCrossOver-CrossOver-Custom-CustomCrossOver-
==126400== libFuzzer: run interrupted; exiting
stat::number_of_executed_units: 44020
stat::average_exec_per_sec:     449
stat::new_units_added:          671
stat::slowest_unit_time_sec:    0
stat::peak_rss_mb:              9322
