INFO: found LLVMFuzzerCustomMutator (0x4d05e8). Disabling -len_control by default.
Dictionary: 286 entries
INFO: Running with entropic power schedule (0xFF, 100).
INFO: Seed: 875781609
INFO: Loaded 1 modules   (4931 inline 8-bit counters): 4931 [0x1494dbc, 0x14960ff), 
INFO: Loaded 1 PC tables (4931 PCs): 4931 [0x11acb48,0x11bff78), 
INFO:       87 files found in report/fuzz/corpus/lua_dsl
INFO: seed corpus: files: 87 min: 18b max: 1590b total: 18107b rss: 31Mb
#88	INITED cov: 1400 ft: 3564 corp: 62/13568b exec/s: 0 rss: 56Mb
#89	NEW    cov: 1400 ft: 3565 corp: 63/13586b lim: 65536 exec/s: 0 rss: 56Mb L: 18/1590 MS: 1 CustomCrossOver-
#90	NEW    cov: 1400 ft: 3565 corp: 64/13668b lim: 65536 exec/s: 0 rss: 56Mb L: 82/1590 MS: 2 InsertByte-Custom-
#91	NEW    cov: 1400 ft: 3567 corp: 65/14008b lim: 65536 exec/s: 0 rss: 56Mb L: 340/1590 MS: 1 CustomCrossOver-
#93	NEW    cov: 1401 ft: 3574 corp: 66/14073b lim: 65536 exec/s: 0 rss: 57Mb L: 65/1590 MS: 3 InsertRepeatedBytes-Custom-CustomCrossOver-
#94	NEW    cov: 1401 ft: 3577 corp: 66/13759b lim: 65536 exec/s: 0 rss: 57Mb L: 26/1590 MS: 1 CustomCrossOver-
#95	NEW    cov: 1401 ft: 3581 corp: 65/13431b lim: 65536 exec/s: 0 rss: 57Mb L: 41/1590 MS: 1 CustomCrossOver-
#96	NEW    cov: 1401 ft: 3582 corp: 66/13577b lim: 65536 exec/s: 0 rss: 58Mb L: 146/1590 MS: 2 InsertRepeatedBytes-Custom-
#97	NEW    cov: 1401 ft: 3603 corp: 66/12589b lim: 65536 exec/s: 0 rss: 58Mb L: 602/1078 MS: 1 CustomCrossOver-
#98	NEW    cov: 1401 ft: 3603 corp: 66/12334b lim: 65536 exec/s: 0 rss: 58Mb L: 60/1078 MS: 1 CustomCrossOver-
#99	NEW    cov: 1401 ft: 3609 corp: 67/12835b lim: 65536 exec/s: 0 rss: 58Mb L: 501/1078 MS: 1 CustomCrossOver-
#100	NEW    cov: 1401 ft: 3609 corp: 66/12012b lim: 65536 exec/s: 0 rss: 58Mb L: 68/1078 MS: 1 CustomCrossOver-
#101	NEW    cov: 1401 ft: 3612 corp: 66/11670b lim: 65536 exec/s: 0 rss: 59Mb L: 159/1078 MS: 2 InsertRepeatedBytes-Custom-
#102	NEW    cov: 1401 ft: 3612 corp: 66/11394b lim: 65536 exec/s: 0 rss: 59Mb L: 57/1078 MS: 1 CustomCrossOver-
#103	NEW    cov: 1401 ft: 3619 corp: 67/11708b lim: 65536 exec/s: 0 rss: 59Mb L: 314/1078 MS: 2 ChangeASCIIInt-Custom-
#104	NEW    cov: 1401 ft: 3619 corp: 67/11437b lim: 65536 exec/s: 0 rss: 59Mb L: 69/1078 MS: 2 CrossOver-Custom-
#105	NEW    cov: 1401 ft: 3619 corp: 66/11361b lim: 65536 exec/s: 0 rss: 60Mb L: 28/1078 MS: 2 ShuffleBytes-Custom-
#106	NEW    cov: 1401 ft: 3625 corp: 67/11402b lim: 65536 exec/s: 0 rss: 60Mb L: 41/1078 MS: 1 CustomCrossOver-
#107	NEW    cov: 1401 ft: 3629 corp: 68/11443b lim: 65536 exec/s: 0 rss: 60Mb L: 41/1078 MS: 1 CustomCrossOver-
#108	NEW    cov: 1401 ft: 3636 corp: 69/12045b lim: 65536 exec/s: 0 rss: 60Mb L: 602/1078 MS: 1 CustomCrossOver-
#109	NEW    cov: 1401 ft: 3636 corp: 67/11842b lim: 65536 exec/s: 0 rss: 60Mb L: 28/1078 MS: 1 CustomCrossOver-
#110	NEW    cov: 1401 ft: 3637 corp: 67/11828b lim: 65536 exec/s: 0 rss: 61Mb L: 603/1078 MS: 2 InsertByte-Custom-
#111	NEW    cov: 1401 ft: 3639 corp: 68/11848b lim: 65536 exec/s: 0 rss: 61Mb L: 20/1078 MS: 2 ChangeBit-Custom-
#112	NEW    cov: 1419 ft: 3822 corp: 69/12451b lim: 65536 exec/s: 0 rss: 61Mb L: 603/1078 MS: 2 ChangeBit-Custom-
#115	NEW    cov: 1419 ft: 3824 corp: 70/12594b lim: 65536 exec/s: 0 rss: 62Mb L: 143/1078 MS: 5 CustomCrossOver-EraseBytes-Custom-ChangeBinInt-Custom-
#118	NEW    cov: 1419 ft: 3824 corp: 70/12468b lim: 65536 exec/s: 0 rss: 63Mb L: 68/1078 MS: 4 CustomCrossOver-ChangeBit-Custom-CustomCrossOver-
#119	NEW    cov: 1419 ft: 3824 corp: 71/12707b lim: 65536 exec/s: 0 rss: 63Mb L: 239/1078 MS: 1 CustomCrossOver-
#120	NEW    cov: 1419 ft: 3826 corp: 72/13008b lim: 65536 exec/s: 0 rss: 63Mb L: 301/1078 MS: 2 ChangeBinInt-Custom-
#121	NEW    cov: 1419 ft: 3826 corp: 73/13026b lim: 65536 exec/s: 0 rss: 63Mb L: 18/1078 MS: 1 CustomCrossOver-
#122	NEW    cov: 1419 ft: 3826 corp: 73/13007b lim: 65536 exec/s: 0 rss: 63Mb L: 30/1078 MS: 2 ChangeBit-Custom-
#124	NEW    cov: 1419 ft: 3826 corp: 74/13378b lim: 65536 exec/s: 0 rss: 64Mb L: 371/1078 MS: 4 InsertRepeatedBytes-Custom-ShuffleBytes-Custom-
#125	NEW    cov: 1419 ft: 3827 corp: 75/13416b lim: 65536 exec/s: 0 rss: 64Mb L: 38/1078 MS: 2 CopyPart-Custom-
#127	NEW    cov: 1419 ft: 3831 corp: 76/13470b lim: 65536 exec/s: 0 rss: 65Mb L: 54/1078 MS: 3 InsertRepeatedBytes-Custom-CustomCrossOver-
#128	NEW    cov: 1419 ft: 3831 corp: 77/13492b lim: 65536 exec/s: 0 rss: 65Mb L: 22/1078 MS: 1 CustomCrossOver-
#132	NEW    cov: 1419 ft: 3831 corp: 77/13246b lim: 65536 exec/s: 0 rss: 66Mb L: 125/1078 MS: 6 CustomCrossOver-CustomCrossOver-CrossOver-Custom-ManualDict-Custom- DE: "wait"-
#133	NEW    cov: 1419 ft: 3849 corp: 78/14217b lim: 65536 exec/s: 0 rss: 66Mb L: 971/1078 MS: 2 InsertRepeatedBytes-Custom-
#134	NEW    cov: 1419 ft: 3850 corp: 79/14518b lim: 65536 exec/s: 0 rss: 67Mb L: 301/1078 MS: 2 ChangeBit-Custom-
#137	NEW    cov: 1419 ft: 3857 corp: 80/15033b lim: 65536 exec/s: 0 rss: 67Mb L: 515/1078 MS: 6 InsertRepeatedBytes-Custom-InsertByte-Custom-EraseBytes-Custom-
#143	NEW    cov: 1422 ft: 3881 corp: 81/15138b lim: 65536 exec/s: 0 rss: 68Mb L: 105/1078 MS: 2 ChangeByte-Custom-
#144	NEW    cov: 1422 ft: 3881 corp: 82/15195b lim: 65536 exec/s: 0 rss: 69Mb L: 57/1078 MS: 2 ChangeBinInt-Custom-
#146	NEW    cov: 1422 ft: 3882 corp: 83/15636b lim: 65536 exec/s: 0 rss: 69Mb L: 441/1078 MS: 4 ChangeBit-Custom-ChangeBinInt-Custom-
#148	NEW    cov: 1422 ft: 3893 corp: 84/15878b lim: 65536 exec/s: 0 rss: 70Mb L: 242/1078 MS: 4 InsertRepeatedBytes-Custom-CopyPart-Custom-
#149	NEW    cov: 1422 ft: 3893 corp: 84/15851b lim: 65536 exec/s: 0 rss: 70Mb L: 30/1078 MS: 1 CustomCrossOver-
#150	NEW    cov: 1422 ft: 3893 corp: 84/15833b lim: 65536 exec/s: 0 rss: 70Mb L: 21/1078 MS: 1 CustomCrossOver-
#151	NEW    cov: 1422 ft: 3893 corp: 84/15786b lim: 65536 exec/s: 0 rss: 70Mb L: 21/1078 MS: 1 CustomCrossOver-
#154	NEW    cov: 1422 ft: 3894 corp: 85/15885b lim: 65536 exec/s: 0 rss: 71Mb L: 99/1078 MS: 4 CustomCrossOver-CustomCrossOver-InsertRepeatedBytes-Custom-
#155	NEW    cov: 1422 ft: 3894 corp: 86/16022b lim: 65536 exec/s: 0 rss: 71Mb L: 137/1078 MS: 2 InsertRepeatedBytes-Custom-
#156	NEW    cov: 1422 ft: 3894 corp: 86/16012b lim: 65536 exec/s: 0 rss: 72Mb L: 18/1078 MS: 1 CustomCrossOver-
#157	NEW    cov: 1422 ft: 3903 corp: 87/16155b lim: 65536 exec/s: 0 rss: 72Mb L: 143/1078 MS: 2 ChangeBinInt-Custom-
#158	NEW    cov: 1422 ft: 3906 corp: 86/16051b lim: 65536 exec/s: 0 rss: 72Mb L: 52/1078 MS: 2 ShuffleBytes-Custom-
#160	NEW    cov: 1422 ft: 3906 corp: 87/16155b lim: 65536 exec/s: 0 rss: 73Mb L: 104/1078 MS: 3 PersAutoDict-Custom-CustomCrossOver- DE: "wait"-
#162	NEW    cov: 1422 ft: 3906 corp: 88/16Kb lim: 65536 exec/s: 0 rss: 73Mb L: 488/1078 MS: 4 ShuffleBytes-Custom-CrossOver-Custom-
#167	NEW    cov: 1422 ft: 4012 corp: 88/16Kb lim: 65536 exec/s: 0 rss: 74Mb L: 41/1078 MS: 7 ManualDict-Custom-CustomCrossOver-CustomCrossOver-CustomCrossOver-InsertRepeatedBytes-Custom- DE: "\\n"-
#168	NEW    cov: 1422 ft: 4013 corp: 89/16Kb lim: 65536 exec/s: 0 rss: 75Mb L: 111/1078 MS: 1 CustomCrossOver-
#171	NEW    cov: 1422 ft: 4013 corp: 90/16Kb lim: 65536 exec/s: 0 rss: 75Mb L: 18/1078 MS: 4 CustomCrossOver-ChangeBinInt-Custom-CustomCrossOver-
#172	NEW    cov: 1422 ft: 4015 corp: 91/16Kb lim: 65536 exec/s: 0 rss: 76Mb L: 120/1078 MS: 1 CustomCrossOver-
#175	NEW    cov: 1422 ft: 4018 corp: 92/16Kb lim: 65536 exec/s: 0 rss: 76Mb L: 541/1078 MS: 6 ChangeBinInt-Custom-ManualDict-Custom-CopyPart-Custom- DE: "references"-
#176	NEW    cov: 1422 ft: 4019 corp: 93/17Kb lim: 65536 exec/s: 0 rss: 77Mb L: 609/1078 MS: 2 ManualDict-Custom- DE: "}"-
#177	NEW    cov: 1422 ft: 4019 corp: 94/17Kb lim: 65536 exec/s: 0 rss: 77Mb L: 18/1078 MS: 2 ChangeBinInt-Custom-
#178	NEW    cov: 1422 ft: 4024 corp: 94/17Kb lim: 65536 exec/s: 0 rss: 77Mb L: 19/1078 MS: 2 ChangeByte-Custom-
#179	NEW    cov: 1422 ft: 4024 corp: 95/17Kb lim: 65536 exec/s: 0 rss: 77Mb L: 18/1078 MS: 1 CustomCrossOver-
#181	NEW    cov: 1422 ft: 4025 corp: 96/17Kb lim: 65536 exec/s: 0 rss: 78Mb L: 507/1078 MS: 4 CopyPart-Custom-InsertRepeatedBytes-Custom-
#182	NEW    cov: 1422 ft: 4025 corp: 96/17Kb lim: 65536 exec/s: 0 rss: 78Mb L: 18/1078 MS: 1 CustomCrossOver-
#183	NEW    cov: 1422 ft: 4026 corp: 97/18Kb lim: 65536 exec/s: 0 rss: 78Mb L: 41/1078 MS: 1 CustomCrossOver-
#184	NEW    cov: 1422 ft: 4026 corp: 98/18Kb lim: 65536 exec/s: 0 rss: 78Mb L: 48/1078 MS: 2 ChangeBinInt-Custom-
#185	NEW    cov: 1422 ft: 4026 corp: 98/17Kb lim: 65536 exec/s: 0 rss: 79Mb L: 448/1078 MS: 1 CustomCrossOver-
#186	NEW    cov: 1422 ft: 4027 corp: 99/18Kb lim: 65536 exec/s: 0 rss: 79Mb L: 308/1078 MS: 2 ManualDict-Custom- DE: "run_log"-
#187	NEW    cov: 1422 ft: 4027 corp: 100/18Kb lim: 65536 exec/s: 0 rss: 79Mb L: 27/1078 MS: 2 ManualDict-Custom- DE: "missing-a"-
#191	NEW    cov: 1422 ft: 4027 corp: 100/17Kb lim: 65536 exec/s: 0 rss: 80Mb L: 192/1078 MS: 7 ShuffleBytes-Custom-CrossOver-Custom-CustomCrossOver-InsertRepeatedBytes-Custom-
#193	NEW    cov: 1422 ft: 4027 corp: 100/17Kb lim: 65536 exec/s: 0 rss: 80Mb L: 41/1078 MS: 2 CustomCrossOver-CustomCrossOver-
#195	NEW    cov: 1422 ft: 4028 corp: 101/18Kb lim: 65536 exec/s: 0 rss: 81Mb L: 301/1078 MS: 3 CustomCrossOver-ChangeBinInt-Custom-
#196	NEW    cov: 1422 ft: 4028 corp: 100/18Kb lim: 65536 exec/s: 0 rss: 81Mb L: 30/1078 MS: 2 CMP-Custom- DE: "__gc"-
#201	NEW    cov: 1422 ft: 4028 corp: 99/18Kb lim: 65536 exec/s: 0 rss: 82Mb L: 96/1078 MS: 8 ManualDict-Custom-CustomCrossOver-PersAutoDict-Custom-CustomCrossOver-CopyPart-Custom- DE: "missing"-"references"-
#202	NEW    cov: 1422 ft: 4028 corp: 97/17Kb lim: 65536 exec/s: 0 rss: 83Mb L: 20/1078 MS: 1 CustomCrossOver-
#207	NEW    cov: 1422 ft: 4039 corp: 98/18Kb lim: 65536 exec/s: 0 rss: 84Mb L: 591/1078 MS: 10 CopyPart-Custom-InsertRepeatedBytes-Custom-InsertByte-Custom-InsertByte-Custom-ChangeBinInt-Custom-
#208	NEW    cov: 1422 ft: 4046 corp: 99/18Kb lim: 65536 exec/s: 0 rss: 84Mb L: 13/1078 MS: 2 EraseBytes-Custom-
#209	NEW    cov: 1422 ft: 4046 corp: 100/18Kb lim: 65536 exec/s: 0 rss: 84Mb L: 41/1078 MS: 1 CustomCrossOver-
#215	NEW    cov: 1422 ft: 4049 corp: 99/18Kb lim: 65536 exec/s: 0 rss: 86Mb L: 19/1078 MS: 1 CustomCrossOver-
#216	NEW    cov: 1422 ft: 4049 corp: 100/18Kb lim: 65536 exec/s: 0 rss: 86Mb L: 55/1078 MS: 2 ChangeBit-Custom-
#217	NEW    cov: 1422 ft: 4049 corp: 100/18Kb lim: 65536 exec/s: 0 rss: 86Mb L: 26/1078 MS: 1 CustomCrossOver-
#218	NEW    cov: 1422 ft: 4049 corp: 100/18Kb lim: 65536 exec/s: 0 rss: 87Mb L: 54/1078 MS: 1 CustomCrossOver-
#219	NEW    cov: 1422 ft: 4049 corp: 100/18Kb lim: 65536 exec/s: 0 rss: 87Mb L: 25/1078 MS: 2 ChangeBit-Custom-
#227	NEW    cov: 1422 ft: 4049 corp: 101/18Kb lim: 65536 exec/s: 0 rss: 89Mb L: 301/1078 MS: 6 ChangeBinInt-Custom-ChangeBit-Custom-ShuffleBytes-Custom-
#231	NEW    cov: 1422 ft: 4058 corp: 102/19Kb lim: 65536 exec/s: 0 rss: 90Mb L: 506/1078 MS: 8 ManualDict-Custom-InsertByte-Custom-EraseBytes-Custom-InsertByte-Custom- DE: "[["-
#232	NEW    cov: 1422 ft: 4058 corp: 103/19Kb lim: 65536 exec/s: 0 rss: 90Mb L: 48/1078 MS: 1 CustomCrossOver-
#233	NEW    cov: 1422 ft: 4059 corp: 104/19Kb lim: 65536 exec/s: 0 rss: 90Mb L: 18/1078 MS: 1 CustomCrossOver-
#234	NEW    cov: 1422 ft: 4059 corp: 105/19Kb lim: 65536 exec/s: 0 rss: 91Mb L: 17/1078 MS: 2 PersAutoDict-Custom- DE: "wait"-
#236	NEW    cov: 1422 ft: 4059 corp: 106/19Kb lim: 65536 exec/s: 0 rss: 91Mb L: 62/1078 MS: 4 ChangeBit-Custom-PersAutoDict-Custom- DE: "}"-
#242	NEW    cov: 1422 ft: 4059 corp: 104/18Kb lim: 65536 exec/s: 0 rss: 93Mb L: 13/1078 MS: 2 ChangeBinInt-Custom-
#243	NEW    cov: 1422 ft: 4059 corp: 105/18Kb lim: 65536 exec/s: 0 rss: 93Mb L: 17/1078 MS: 1 CustomCrossOver-
#244	NEW    cov: 1422 ft: 4061 corp: 106/18Kb lim: 65536 exec/s: 0 rss: 93Mb L: 19/1078 MS: 2 ChangeBinInt-Custom-
#245	NEW    cov: 1422 ft: 4075 corp: 105/18Kb lim: 65536 exec/s: 0 rss: 93Mb L: 63/1078 MS: 2 CMP-Custom- DE: "\026\000\000\000\003\000\000\000"-
#247	NEW    cov: 1422 ft: 4075 corp: 105/18Kb lim: 65536 exec/s: 0 rss: 94Mb L: 65/1078 MS: 3 CopyPart-Custom-CustomCrossOver-
#248	NEW    cov: 1422 ft: 4077 corp: 106/18Kb lim: 65536 exec/s: 0 rss: 94Mb L: 30/1078 MS: 1 CustomCrossOver-
#249	NEW    cov: 1422 ft: 4077 corp: 107/18Kb lim: 65536 exec/s: 0 rss: 94Mb L: 41/1078 MS: 1 CustomCrossOver-
#255	NEW    cov: 1422 ft: 4077 corp: 108/18Kb lim: 65536 exec/s: 0 rss: 96Mb L: 24/1078 MS: 2 ChangeBit-Custom-
#256	NEW    cov: 1422 ft: 4079 corp: 108/18Kb lim: 65536 exec/s: 0 rss: 96Mb L: 32/1078 MS: 2 PersAutoDict-Custom- DE: "[["-
#257	NEW    cov: 1422 ft: 4079 corp: 109/18Kb lim: 65536 exec/s: 0 rss: 96Mb L: 13/1078 MS: 2 ManualDict-Custom- DE: "beez.config"-
#258	NEW    cov: 1422 ft: 4079 corp: 110/18Kb lim: 65536 exec/s: 0 rss: 97Mb L: 20/1078 MS: 1 CustomCrossOver-
#259	NEW    cov: 1422 ft: 4079 corp: 111/18Kb lim: 65536 exec/s: 0 rss: 97Mb L: 68/1078 MS: 1 CustomCrossOver-
#260	NEW    cov: 1422 ft: 4099 corp: 112/18Kb lim: 65536 exec/s: 0 rss: 97Mb L: 164/1078 MS: 2 ChangeBinInt-Custom-
#261	NEW    cov: 1422 ft: 4113 corp: 110/17Kb lim: 65536 exec/s: 0 rss: 97Mb L: 48/1078 MS: 1 CustomCrossOver-
#264	NEW    cov: 1422 ft: 4113 corp: 110/17Kb lim: 65536 exec/s: 0 rss: 98Mb L: 366/1078 MS: 6 ChangeBit-Custom-EraseBytes-Custom-InsertByte-Custom-
#270	NEW    cov: 1422 ft: 4115 corp: 111/17Kb lim: 65536 exec/s: 0 rss: 99Mb L: 242/1078 MS: 2 CrossOver-Custom-
#271	NEW    cov: 1422 ft: 4123 corp: 110/17Kb lim: 65536 exec/s: 0 rss: 100Mb L: 20/1078 MS: 2 InsertByte-Custom-
#279	NEW    cov: 1422 ft: 4127 corp: 111/18Kb lim: 65536 exec/s: 0 rss: 102Mb L: 741/1078 MS: 6 ManualDict-Custom-InsertRepeatedBytes-Custom-ChangeByte-Custom- DE: "\\r"-
#284	NEW    cov: 1422 ft: 4136 corp: 112/18Kb lim: 65536 exec/s: 0 rss: 103Mb L: 299/1078 MS: 10 InsertByte-Custom-CopyPart-Custom-ChangeBit-Custom-EraseBytes-Custom-ManualDict-Custom- DE: "\037"-
#285	NEW    cov: 1422 ft: 4136 corp: 113/18Kb lim: 65536 exec/s: 0 rss: 103Mb L: 20/1078 MS: 1 CustomCrossOver-
#286	NEW    cov: 1422 ft: 4136 corp: 113/18Kb lim: 65536 exec/s: 0 rss: 103Mb L: 62/1078 MS: 2 ManualDict-Custom- DE: "undefined"-
#291	NEW    cov: 1422 ft: 4136 corp: 114/18Kb lim: 65536 exec/s: 0 rss: 105Mb L: 18/1078 MS: 7 CustomCrossOver-InsertRepeatedBytes-Custom-ShuffleBytes-Custom-CustomCrossOver-CustomCrossOver-
#292	NEW    cov: 1422 ft: 4137 corp: 114/18Kb lim: 65536 exec/s: 0 rss: 105Mb L: 202/1078 MS: 2 CopyPart-Custom-
#293	NEW    cov: 1422 ft: 4137 corp: 115/18Kb lim: 65536 exec/s: 0 rss: 105Mb L: 54/1078 MS: 2 CMP-Custom- DE: "\015\000\000\000"-
#297	NEW    cov: 1422 ft: 4137 corp: 116/18Kb lim: 65536 exec/s: 0 rss: 106Mb L: 127/1078 MS: 7 EraseBytes-Custom-CustomCrossOver-ShuffleBytes-Custom-EraseBytes-Custom-
#298	NEW    cov: 1422 ft: 4137 corp: 116/18Kb lim: 65536 exec/s: 0 rss: 106Mb L: 45/1078 MS: 2 EraseBytes-Custom-
#309	NEW    cov: 1422 ft: 4137 corp: 117/18Kb lim: 65536 exec/s: 0 rss: 109Mb L: 26/1078 MS: 1 CustomCrossOver-
#310	NEW    cov: 1422 ft: 4137 corp: 116/18Kb lim: 65536 exec/s: 0 rss: 109Mb L: 18/1078 MS: 2 ShuffleBytes-Custom-
#311	NEW    cov: 1422 ft: 4137 corp: 117/18Kb lim: 65536 exec/s: 0 rss: 109Mb L: 48/1078 MS: 1 CustomCrossOver-
#315	NEW    cov: 1422 ft: 4137 corp: 118/18Kb lim: 65536 exec/s: 0 rss: 110Mb L: 81/1078 MS: 8 ChangeByte-Custom-ShuffleBytes-Custom-CMP-Custom-CMP-Custom- DE: "merge"-"\001\000\000\000\000\000\000\017"-
#316	NEW    cov: 1422 ft: 4137 corp: 119/18Kb lim: 65536 exec/s: 0 rss: 110Mb L: 33/1078 MS: 2 ChangeBit-Custom-
#317	NEW    cov: 1422 ft: 4137 corp: 120/18Kb lim: 65536 exec/s: 0 rss: 111Mb L: 64/1078 MS: 2 ShuffleBytes-Custom-
#323	NEW    cov: 1422 ft: 4138 corp: 121/19Kb lim: 65536 exec/s: 0 rss: 112Mb L: 299/1078 MS: 2 ChangeByte-Custom-
#324	NEW    cov: 1422 ft: 4140 corp: 122/19Kb lim: 65536 exec/s: 0 rss: 113Mb L: 18/1078 MS: 1 CustomCrossOver-
#326	NEW    cov: 1422 ft: 4140 corp: 123/19Kb lim: 65536 exec/s: 0 rss: 113Mb L: 138/1078 MS: 3 ChangeBit-Custom-CustomCrossOver-
#327	NEW    cov: 1422 ft: 4140 corp: 124/19Kb lim: 65536 exec/s: 0 rss: 113Mb L: 251/1078 MS: 2 CopyPart-Custom-
#328	NEW    cov: 1422 ft: 4151 corp: 124/19Kb lim: 65536 exec/s: 0 rss: 114Mb L: 20/1078 MS: 1 CustomCrossOver-
#333	NEW    cov: 1422 ft: 4157 corp: 125/20Kb lim: 65536 exec/s: 0 rss: 115Mb L: 886/1078 MS: 7 CMP-Custom-CustomCrossOver-CustomCrossOver-CustomCrossOver-CopyPart-Custom- DE: "\010\000\000\000"-
#334	NEW    cov: 1422 ft: 4157 corp: 125/20Kb lim: 65536 exec/s: 0 rss: 115Mb L: 13/1078 MS: 1 CustomCrossOver-
#336	NEW    cov: 1422 ft: 4163 corp: 126/20Kb lim: 65536 exec/s: 0 rss: 115Mb L: 215/1078 MS: 3 CustomCrossOver-EraseBytes-Custom-
#337	NEW    cov: 1422 ft: 4165 corp: 127/20Kb lim: 65536 exec/s: 0 rss: 116Mb L: 238/1078 MS: 2 ManualDict-Custom- DE: "ignore_vars_for_hashing"-
#339	NEW    cov: 1422 ft: 4166 corp: 128/21Kb lim: 65536 exec/s: 0 rss: 116Mb L: 334/1078 MS: 3 CrossOver-Custom-CustomCrossOver-
#345	NEW    cov: 1422 ft: 4166 corp: 129/21Kb lim: 65536 exec/s: 0 rss: 118Mb L: 17/1078 MS: 2 ChangeByte-Custom-
#346	NEW    cov: 1422 ft: 4166 corp: 129/21Kb lim: 65536 exec/s: 0 rss: 118Mb L: 56/1078 MS: 2 CopyPart-Custom-
#349	NEW    cov: 1422 ft: 4166 corp: 130/21Kb lim: 65536 exec/s: 0 rss: 119Mb L: 618/1078 MS: 6 ChangeBit-Custom-EraseBytes-Custom-CopyPart-Custom-
#350	NEW    cov: 1422 ft: 4166 corp: 130/21Kb lim: 65536 exec/s: 0 rss: 119Mb L: 41/1078 MS: 1 CustomCrossOver-
#354	NEW    cov: 1422 ft: 4166 corp: 131/21Kb lim: 65536 exec/s: 0 rss: 120Mb L: 21/1078 MS: 8 ChangeBit-Custom-ChangeByte-Custom-PersAutoDict-Custom-EraseBytes-Custom- DE: "\\r"-
#355	NEW    cov: 1422 ft: 4166 corp: 131/21Kb lim: 65536 exec/s: 0 rss: 120Mb L: 334/1078 MS: 1 CustomCrossOver-
#356	NEW    cov: 1422 ft: 4170 corp: 132/21Kb lim: 65536 exec/s: 0 rss: 121Mb L: 202/1078 MS: 1 CustomCrossOver-
#362	NEW    cov: 1422 ft: 4170 corp: 132/21Kb lim: 65536 exec/s: 0 rss: 122Mb L: 18/1078 MS: 1 CustomCrossOver-
#368	NEW    cov: 1422 ft: 4171 corp: 132/21Kb lim: 65536 exec/s: 0 rss: 124Mb L: 42/1078 MS: 2 CopyPart-Custom-
#374	NEW    cov: 1422 ft: 4171 corp: 132/21Kb lim: 65536 exec/s: 0 rss: 125Mb L: 26/1078 MS: 2 ChangeByte-Custom-
#375	NEW    cov: 1422 ft: 4171 corp: 133/21Kb lim: 65536 exec/s: 0 rss: 125Mb L: 186/1078 MS: 2 EraseBytes-Custom-
#377	NEW    cov: 1422 ft: 4174 corp: 134/21Kb lim: 65536 exec/s: 0 rss: 125Mb L: 54/1078 MS: 2 CustomCrossOver-CustomCrossOver-
#378	NEW    cov: 1422 ft: 4175 corp: 134/21Kb lim: 65536 exec/s: 0 rss: 126Mb L: 64/1078 MS: 2 CMP-Custom- DE: "\001\000\000\000\000\000\000\000"-
#380	NEW    cov: 1422 ft: 4175 corp: 134/21Kb lim: 65536 exec/s: 0 rss: 126Mb L: 105/1078 MS: 4 ChangeBinInt-Custom-CopyPart-Custom-
#383	NEW    cov: 1422 ft: 4175 corp: 135/21Kb lim: 65536 exec/s: 0 rss: 127Mb L: 20/1078 MS: 4 CustomCrossOver-CopyPart-Custom-CustomCrossOver-
#384	NEW    cov: 1422 ft: 4175 corp: 136/21Kb lim: 65536 exec/s: 0 rss: 127Mb L: 32/1078 MS: 1 CustomCrossOver-
#386	NEW    cov: 1422 ft: 4175 corp: 137/21Kb lim: 65536 exec/s: 0 rss: 127Mb L: 41/1078 MS: 3 InsertRepeatedBytes-Custom-CustomCrossOver-
#388	NEW    cov: 1422 ft: 4175 corp: 138/21Kb lim: 65536 exec/s: 0 rss: 128Mb L: 19/1078 MS: 2 CustomCrossOver-CustomCrossOver-
#389	NEW    cov: 1422 ft: 4175 corp: 139/21Kb lim: 65536 exec/s: 0 rss: 128Mb L: 30/1078 MS: 2 PersAutoDict-Custom- DE: "beez.config"-
#390	NEW    cov: 1422 ft: 4183 corp: 140/22Kb lim: 65536 exec/s: 0 rss: 128Mb L: 591/1078 MS: 1 CustomCrossOver-
#391	NEW    cov: 1422 ft: 4183 corp: 140/21Kb lim: 65536 exec/s: 0 rss: 128Mb L: 207/1078 MS: 2 EraseBytes-Custom-
#392	NEW    cov: 1422 ft: 4183 corp: 139/21Kb lim: 65536 exec/s: 0 rss: 129Mb L: 26/1078 MS: 1 CustomCrossOver-
#394	NEW    cov: 1422 ft: 4183 corp: 138/21Kb lim: 65536 exec/s: 0 rss: 129Mb L: 106/1078 MS: 4 InsertByte-Custom-PersAutoDict-Custom- DE: "\015\000\000\000"-
#395	NEW    cov: 1422 ft: 4184 corp: 139/21Kb lim: 65536 exec/s: 0 rss: 129Mb L: 19/1078 MS: 2 CMP-Custom- DE: "sol.\360\237\224\251"-
#396	NEW    cov: 1422 ft: 4184 corp: 138/21Kb lim: 65536 exec/s: 0 rss: 130Mb L: 17/1078 MS: 1 CustomCrossOver-
#398	NEW    cov: 1422 ft: 4184 corp: 138/21Kb lim: 65536 exec/s: 0 rss: 130Mb L: 18/1078 MS: 3 ChangeBinInt-Custom-CustomCrossOver-
#400	NEW    cov: 1422 ft: 4186 corp: 138/21Kb lim: 65536 exec/s: 0 rss: 131Mb L: 84/1078 MS: 4 ChangeByte-Custom-InsertRepeatedBytes-Custom-
#403	NEW    cov: 1422 ft: 4190 corp: 139/21Kb lim: 65536 exec/s: 0 rss: 131Mb L: 239/1078 MS: 3 CustomCrossOver-CustomCrossOver-CustomCrossOver-
#409	NEW    cov: 1422 ft: 4190 corp: 140/21Kb lim: 65536 exec/s: 0 rss: 133Mb L: 32/1078 MS: 1 CustomCrossOver-
#410	NEW    cov: 1422 ft: 4192 corp: 141/22Kb lim: 65536 exec/s: 0 rss: 133Mb L: 64/1078 MS: 2 ManualDict-Custom- DE: "indicator"-
#413	NEW    cov: 1422 ft: 4199 corp: 141/21Kb lim: 65536 exec/s: 0 rss: 134Mb L: 387/1078 MS: 6 CopyPart-Custom-EraseBytes-Custom-ShuffleBytes-Custom-
#419	NEW    cov: 1422 ft: 4199 corp: 142/21Kb lim: 65536 exec/s: 0 rss: 135Mb L: 43/1078 MS: 2 InsertRepeatedBytes-Custom-
#420	NEW    cov: 1422 ft: 4201 corp: 143/21Kb lim: 65536 exec/s: 0 rss: 135Mb L: 70/1078 MS: 2 PersAutoDict-Custom- DE: "[["-
#426	NEW    cov: 1422 ft: 4201 corp: 143/21Kb lim: 65536 exec/s: 0 rss: 137Mb L: 18/1078 MS: 2 ChangeBit-Custom-
#427	NEW    cov: 1422 ft: 4201 corp: 144/21Kb lim: 65536 exec/s: 0 rss: 137Mb L: 13/1078 MS: 1 CustomCrossOver-
#428	NEW    cov: 1422 ft: 4202 corp: 145/21Kb lim: 65536 exec/s: 0 rss: 137Mb L: 160/1078 MS: 2 InsertByte-Custom-
#430	NEW    cov: 1422 ft: 4202 corp: 145/21Kb lim: 65536 exec/s: 0 rss: 138Mb L: 18/1078 MS: 3 ChangeASCIIInt-Custom-CustomCrossOver-
#431	NEW    cov: 1422 ft: 4202 corp: 146/21Kb lim: 65536 exec/s: 0 rss: 138Mb L: 18/1078 MS: 1 CustomCrossOver-
#434	NEW    cov: 1422 ft: 4202 corp: 147/21Kb lim: 65536 exec/s: 0 rss: 139Mb L: 26/1078 MS: 4 CustomCrossOver-InsertRepeatedBytes-Custom-CustomCrossOver-
#435	NEW    cov: 1422 ft: 4206 corp: 147/21Kb lim: 65536 exec/s: 0 rss: 139Mb L: 105/1078 MS: 2 ChangeByte-Custom-
#436	NEW    cov: 1422 ft: 4211 corp: 148/21Kb lim: 65536 exec/s: 0 rss: 139Mb L: 307/1078 MS: 2 ManualDict-Custom- DE: "cache"-
#437	NEW    cov: 1422 ft: 4218 corp: 149/21Kb lim: 65536 exec/s: 0 rss: 139Mb L: 37/1078 MS: 2 InsertRepeatedBytes-Custom-
#439	NEW    cov: 1422 ft: 4218 corp: 150/21Kb lim: 65536 exec/s: 0 rss: 140Mb L: 32/1078 MS: 4 ChangeBinInt-Custom-PersAutoDict-Custom- DE: "merge"-
#450	NEW    cov: 1422 ft: 4218 corp: 150/21Kb lim: 65536 exec/s: 0 rss: 143Mb L: 64/1078 MS: 2 ChangeBinInt-Custom-
#455	NEW    cov: 1422 ft: 4218 corp: 150/21Kb lim: 65536 exec/s: 0 rss: 144Mb L: 76/1078 MS: 10 InsertByte-Custom-InsertRepeatedBytes-Custom-CopyPart-Custom-InsertByte-Custom-CopyPart-Custom-
#460	NEW    cov: 1422 ft: 4219 corp: 151/22Kb lim: 65536 exec/s: 0 rss: 145Mb L: 1104/1104 MS: 10 ManualDict-Custom-CopyPart-Custom-ShuffleBytes-Custom-PersAutoDict-Custom-CopyPart-Custom- DE: "tonumber"-"\010\000\000\000"-
#461	NEW    cov: 1422 ft: 4219 corp: 152/22Kb lim: 65536 exec/s: 0 rss: 145Mb L: 19/1104 MS: 1 CustomCrossOver-
#462	NEW    cov: 1422 ft: 4219 corp: 153/22Kb lim: 65536 exec/s: 0 rss: 145Mb L: 37/1104 MS: 1 CustomCrossOver-
#465	NEW    cov: 1422 ft: 4219 corp: 154/22Kb lim: 65536 exec/s: 0 rss: 146Mb L: 173/1104 MS: 6 InsertRepeatedBytes-Custom-ChangeBit-Custom-ShuffleBytes-Custom-
#467	NEW    cov: 1422 ft: 4219 corp: 154/22Kb lim: 65536 exec/s: 0 rss: 147Mb L: 28/1104 MS: 4 ManualDict-Custom-ChangeBinInt-Custom- DE: "does-not-exist"-
#468	NEW    cov: 1422 ft: 4220 corp: 155/22Kb lim: 65536 exec/s: 0 rss: 147Mb L: 36/1104 MS: 2 EraseBytes-Custom-
#469	NEW    cov: 1422 ft: 4220 corp: 156/22Kb lim: 65536 exec/s: 0 rss: 147Mb L: 20/1104 MS: 1 CustomCrossOver-
#481	NEW    cov: 1422 ft: 4220 corp: 156/22Kb lim: 65536 exec/s: 0 rss: 150Mb L: 66/1104 MS: 3 CustomCrossOver-PersAutoDict-Custom- DE: "wait"-
#482	NEW    cov: 1422 ft: 4220 corp: 156/22Kb lim: 65536 exec/s: 0 rss: 150Mb L: 42/1104 MS: 2 PersAutoDict-Custom- DE: "does-not-exist"-
#483	NEW    cov: 1422 ft: 4220 corp: 157/22Kb lim: 65536 exec/s: 0 rss: 150Mb L: 387/1104 MS: 2 ChangeBinInt-Custom-
#485	NEW    cov: 1422 ft: 4220 corp: 158/23Kb lim: 65536 exec/s: 0 rss: 151Mb L: 76/1104 MS: 4 ChangeBit-Custom-CrossOver-Custom-
#487	NEW    cov: 1422 ft: 4263 corp: 159/23Kb lim: 65536 exec/s: 0 rss: 151Mb L: 147/1104 MS: 4 ShuffleBytes-Custom-ChangeBit-Custom-
#488	NEW    cov: 1422 ft: 4263 corp: 160/23Kb lim: 65536 exec/s: 0 rss: 152Mb L: 18/1104 MS: 1 CustomCrossOver-
#495	NEW    cov: 1422 ft: 4263 corp: 160/23Kb lim: 65536 exec/s: 0 rss: 153Mb L: 18/1104 MS: 3 CrossOver-Custom-CustomCrossOver-
#500	NEW    cov: 1422 ft: 4263 corp: 161/23Kb lim: 65536 exec/s: 0 rss: 154Mb L: 33/1104 MS: 10 ChangeBit-Custom-ManualDict-Custom-ChangeBit-Custom-EraseBytes-Custom-EraseBytes-Custom- DE: "beez.env"-
#501	NEW    cov: 1422 ft: 4263 corp: 160/23Kb lim: 65536 exec/s: 0 rss: 154Mb L: 20/1104 MS: 2 CMP-Custom- DE: "__gc"-
#502	NEW    cov: 1422 ft: 4263 corp: 160/23Kb lim: 65536 exec/s: 0 rss: 155Mb L: 30/1104 MS: 2 CopyPart-Custom-
#504	NEW    cov: 1422 ft: 4263 corp: 159/23Kb lim: 65536 exec/s: 0 rss: 155Mb L: 32/1104 MS: 2 CustomCrossOver-CustomCrossOver-
#505	NEW    cov: 1422 ft: 4265 corp: 158/22Kb lim: 65536 exec/s: 0 rss: 155Mb L: 313/1104 MS: 2 PersAutoDict-Custom- DE: "beez.config"-
#508	NEW    cov: 1422 ft: 4265 corp: 159/22Kb lim: 65536 exec/s: 0 rss: 156Mb L: 65/1104 MS: 5 EraseBytes-Custom-CustomCrossOver-EraseBytes-Custom-
#511	NEW    cov: 1422 ft: 4265 corp: 160/22Kb lim: 65536 exec/s: 0 rss: 157Mb L: 139/1104 MS: 6 PersAutoDict-Custom-ManualDict-Custom-ShuffleBytes-Custom- DE: "merge"-"\\n"-
#512	NEW    cov: 1422 ft: 4270 corp: 161/22Kb lim: 65536 exec/s: 0 rss: 157Mb L: 603/1104 MS: 1 CustomCrossOver-
#527	NEW    cov: 1422 ft: 4270 corp: 162/23Kb lim: 65536 exec/s: 0 rss: 160Mb L: 154/1104 MS: 9 InsertRepeatedBytes-Custom-CopyPart-Custom-CustomCrossOver-CopyPart-Custom-ChangeByte-Custom-
#528	NEW    cov: 1422 ft: 4270 corp: 161/21Kb lim: 65536 exec/s: 0 rss: 161Mb L: 79/1078 MS: 2 CrossOver-Custom-
#529	NEW    cov: 1422 ft: 4270 corp: 162/21Kb lim: 65536 exec/s: 0 rss: 161Mb L: 64/1078 MS: 2 ChangeByte-Custom-
#530	NEW    cov: 1422 ft: 4270 corp: 163/21Kb lim: 65536 exec/s: 0 rss: 161Mb L: 18/1078 MS: 1 CustomCrossOver-
#531	NEW    cov: 1422 ft: 4270 corp: 162/21Kb lim: 65536 exec/s: 0 rss: 161Mb L: 29/1078 MS: 2 InsertByte-Custom-
#532	NEW    cov: 1422 ft: 4270 corp: 163/22Kb lim: 65536 exec/s: 0 rss: 162Mb L: 361/1078 MS: 2 EraseBytes-Custom-
#534	NEW    cov: 1422 ft: 4270 corp: 164/22Kb lim: 65536 exec/s: 0 rss: 162Mb L: 15/1078 MS: 4 ChangeBit-Custom-EraseBytes-Custom-
#535	NEW    cov: 1422 ft: 4273 corp: 162/21Kb lim: 65536 exec/s: 0 rss: 162Mb L: 32/1078 MS: 2 InsertByte-Custom-
#538	NEW    cov: 1422 ft: 4273 corp: 163/22Kb lim: 65536 exec/s: 0 rss: 163Mb L: 64/1078 MS: 4 ChangeBit-Custom-CustomCrossOver-CustomCrossOver-
#540	NEW    cov: 1422 ft: 4273 corp: 163/21Kb lim: 65536 exec/s: 0 rss: 164Mb L: 54/1078 MS: 3 CustomCrossOver-PersAutoDict-Custom- DE: "beez.env"-
#541	NEW    cov: 1422 ft: 4276 corp: 164/22Kb lim: 65536 exec/s: 0 rss: 164Mb L: 79/1078 MS: 1 CustomCrossOver-
#548	NEW    cov: 1422 ft: 4276 corp: 164/22Kb lim: 65536 exec/s: 0 rss: 165Mb L: 34/1078 MS: 4 InsertByte-Custom-ChangeBinInt-Custom-
#549	NEW    cov: 1422 ft: 4276 corp: 163/21Kb lim: 65536 exec/s: 0 rss: 166Mb L: 20/1078 MS: 2 PersAutoDict-Custom- DE: "beez.env"-
#553	NEW    cov: 1422 ft: 4276 corp: 163/21Kb lim: 65536 exec/s: 0 rss: 167Mb L: 31/1078 MS: 8 ShuffleBytes-Custom-PersAutoDict-Custom-ChangeBit-Custom-ChangeBinInt-Custom- DE: "undefined"-
#554	NEW    cov: 1422 ft: 4277 corp: 162/21Kb lim: 65536 exec/s: 0 rss: 167Mb L: 328/1078 MS: 2 InsertRepeatedBytes-Custom-
#556	NEW    cov: 1422 ft: 4277 corp: 161/21Kb lim: 65536 exec/s: 0 rss: 167Mb L: 20/1078 MS: 3 CopyPart-Custom-CustomCrossOver-
#557	NEW    cov: 1422 ft: 4277 corp: 162/21Kb lim: 65536 exec/s: 0 rss: 168Mb L: 257/1078 MS: 2 ChangeBit-Custom-
#558	NEW    cov: 1422 ft: 4278 corp: 162/21Kb lim: 65536 exec/s: 0 rss: 168Mb L: 23/1078 MS: 2 ChangeBinInt-Custom-
#559	NEW    cov: 1422 ft: 4278 corp: 162/21Kb lim: 65536 exec/s: 0 rss: 168Mb L: 17/1078 MS: 2 ChangeByte-Custom-
#560	NEW    cov: 1422 ft: 4278 corp: 163/21Kb lim: 65536 exec/s: 0 rss: 168Mb L: 163/1078 MS: 1 CustomCrossOver-
#561	NEW    cov: 1422 ft: 4278 corp: 162/21Kb lim: 65536 exec/s: 0 rss: 168Mb L: 145/1078 MS: 2 InsertByte-Custom-
#564	NEW    cov: 1422 ft: 4278 corp: 163/21Kb lim: 65536 exec/s: 0 rss: 169Mb L: 18/1078 MS: 3 CustomCrossOver-CustomCrossOver-CustomCrossOver-
#571	NEW    cov: 1422 ft: 4278 corp: 164/21Kb lim: 65536 exec/s: 0 rss: 171Mb L: 65/1078 MS: 4 ChangeASCIIInt-Custom-InsertByte-Custom-
#574	NEW    cov: 1422 ft: 4278 corp: 165/21Kb lim: 65536 exec/s: 0 rss: 172Mb L: 165/1078 MS: 6 ManualDict-Custom-ManualDict-Custom-PersAutoDict-Custom- DE: "TOKEN"-"theme"-"sol.\360\237\224\251"-
#582	NEW    cov: 1422 ft: 4280 corp: 166/22Kb lim: 65536 exec/s: 0 rss: 173Mb L: 387/1078 MS: 5 EraseBytes-Custom-CrossOver-Custom-CustomCrossOver-
#583	NEW    cov: 1422 ft: 4280 corp: 167/22Kb lim: 65536 exec/s: 0 rss: 174Mb L: 19/1078 MS: 1 CustomCrossOver-
#587	NEW    cov: 1422 ft: 4280 corp: 168/22Kb lim: 65536 exec/s: 0 rss: 174Mb L: 111/1078 MS: 7 ChangeByte-Custom-ChangeBit-Custom-CustomCrossOver-InsertByte-Custom-
#593	NEW    cov: 1422 ft: 4280 corp: 169/22Kb lim: 65536 exec/s: 0 rss: 176Mb L: 208/1078 MS: 2 InsertByte-Custom-
#594	NEW    cov: 1422 ft: 4281 corp: 170/22Kb lim: 65536 exec/s: 0 rss: 176Mb L: 30/1078 MS: 2 ChangeByte-Custom-
#596	NEW    cov: 1422 ft: 4281 corp: 171/22Kb lim: 65536 exec/s: 0 rss: 177Mb L: 21/1078 MS: 3 InsertByte-Custom-CustomCrossOver-
#597	NEW    cov: 1422 ft: 4281 corp: 171/22Kb lim: 65536 exec/s: 0 rss: 177Mb L: 273/1078 MS: 1 CustomCrossOver-
#599	NEW    cov: 1422 ft: 4281 corp: 171/22Kb lim: 65536 exec/s: 0 rss: 177Mb L: 62/1078 MS: 3 EraseBytes-Custom-CustomCrossOver-
#600	NEW    cov: 1422 ft: 4282 corp: 172/22Kb lim: 65536 exec/s: 0 rss: 177Mb L: 243/1078 MS: 2 CopyPart-Custom-
#601	NEW    cov: 1422 ft: 4283 corp: 171/22Kb lim: 65536 exec/s: 0 rss: 178Mb L: 63/1078 MS: 2 ManualDict-Custom- DE: "PATH"-
#602	NEW    cov: 1422 ft: 4283 corp: 170/22Kb lim: 65536 exec/s: 0 rss: 178Mb L: 18/1078 MS: 2 ChangeBinInt-Custom-
#603	NEW    cov: 1422 ft: 4283 corp: 171/22Kb lim: 65536 exec/s: 0 rss: 178Mb L: 64/1078 MS: 2 EraseBytes-Custom-
#609	NEW    cov: 1422 ft: 4283 corp: 172/22Kb lim: 65536 exec/s: 0 rss: 180Mb L: 18/1078 MS: 1 CustomCrossOver-
#613	NEW    cov: 1422 ft: 4283 corp: 172/22Kb lim: 65536 exec/s: 0 rss: 181Mb L: 18/1078 MS: 5 CustomCrossOver-CustomCrossOver-ChangeBit-Custom-CustomCrossOver-
#614	NEW    cov: 1422 ft: 4283 corp: 173/22Kb lim: 65536 exec/s: 0 rss: 181Mb L: 65/1078 MS: 2 ChangeBinInt-Custom-
#615	NEW    cov: 1422 ft: 4283 corp: 174/22Kb lim: 65536 exec/s: 0 rss: 181Mb L: 137/1078 MS: 2 CrossOver-Custom-
#619	NEW    cov: 1422 ft: 4283 corp: 175/22Kb lim: 65536 exec/s: 0 rss: 182Mb L: 71/1078 MS: 8 InsertByte-Custom-PersAutoDict-Custom-ManualDict-Custom-EraseBytes-Custom- DE: "cache"-"beez.config"-
#620	NEW    cov: 1422 ft: 4283 corp: 176/22Kb lim: 65536 exec/s: 0 rss: 182Mb L: 20/1078 MS: 2 InsertByte-Custom-
#621	NEW    cov: 1422 ft: 4285 corp: 177/22Kb lim: 65536 exec/s: 0 rss: 182Mb L: 249/1078 MS: 2 InsertRepeatedBytes-Custom-
#622	NEW    cov: 1422 ft: 4287 corp: 178/22Kb lim: 65536 exec/s: 0 rss: 182Mb L: 30/1078 MS: 1 CustomCrossOver-
#632	NEW    cov: 1422 ft: 4289 corp: 178/22Kb lim: 65536 exec/s: 0 rss: 184Mb L: 32/1078 MS: 6 PersAutoDict-Custom-CustomCrossOver-CustomCrossOver-CustomCrossOver-CustomCrossOver- DE: "PATH"-
#633	NEW    cov: 1422 ft: 4292 corp: 179/23Kb lim: 65536 exec/s: 0 rss: 185Mb L: 411/1078 MS: 2 InsertRepeatedBytes-Custom-
#635	NEW    cov: 1422 ft: 4292 corp: 179/23Kb lim: 65536 exec/s: 0 rss: 185Mb L: 33/1078 MS: 4 CopyPart-Custom-ManualDict-Custom- DE: "["-
#636	NEW    cov: 1422 ft: 4292 corp: 179/23Kb lim: 65536 exec/s: 0 rss: 185Mb L: 43/1078 MS: 2 CMP-Custom- DE: "sol."-
#638	NEW    cov: 1422 ft: 4292 corp: 180/23Kb lim: 65536 exec/s: 0 rss: 186Mb L: 27/1078 MS: 3 EraseBytes-Custom-CustomCrossOver-
#642	NEW    cov: 1422 ft: 4293 corp: 180/23Kb lim: 65536 exec/s: 0 rss: 187Mb L: 188/1078 MS: 6 CustomCrossOver-CustomCrossOver-ShuffleBytes-Custom-CrossOver-Custom-
#643	NEW    cov: 1422 ft: 4293 corp: 181/23Kb lim: 65536 exec/s: 0 rss: 187Mb L: 20/1078 MS: 1 CustomCrossOver-
#646	NEW    cov: 1422 ft: 4293 corp: 182/23Kb lim: 65536 exec/s: 0 rss: 187Mb L: 19/1078 MS: 6 ChangeBit-Custom-CMP-Custom-ChangeBinInt-Custom- DE: "temp"-
#647	NEW    cov: 1422 ft: 4293 corp: 181/23Kb lim: 65536 exec/s: 0 rss: 188Mb L: 21/1078 MS: 1 CustomCrossOver-
#653	NEW    cov: 1422 ft: 4293 corp: 181/22Kb lim: 65536 exec/s: 0 rss: 189Mb L: 32/1078 MS: 2 InsertByte-Custom-
#654	NEW    cov: 1422 ft: 4293 corp: 181/22Kb lim: 65536 exec/s: 0 rss: 189Mb L: 387/1078 MS: 1 CustomCrossOver-
#658	NEW    cov: 1422 ft: 4294 corp: 182/22Kb lim: 65536 exec/s: 0 rss: 190Mb L: 63/1078 MS: 5 CustomCrossOver-InsertByte-Custom-CustomCrossOver-CustomCrossOver-
#659	NEW    cov: 1422 ft: 4294 corp: 179/22Kb lim: 65536 exec/s: 0 rss: 191Mb L: 22/1078 MS: 2 ChangeBinInt-Custom-
#662	NEW    cov: 1422 ft: 4294 corp: 177/21Kb lim: 65536 exec/s: 0 rss: 191Mb L: 16/1078 MS: 5 CustomCrossOver-ChangeBinInt-Custom-EraseBytes-Custom-
#669	NEW    cov: 1422 ft: 4294 corp: 178/21Kb lim: 65536 exec/s: 0 rss: 193Mb L: 47/1078 MS: 4 ShuffleBytes-Custom-ManualDict-Custom- DE: "compile"-
#671	NEW    cov: 1422 ft: 4294 corp: 178/21Kb lim: 65536 exec/s: 0 rss: 193Mb L: 26/1078 MS: 2 CustomCrossOver-CustomCrossOver-
#672	NEW    cov: 1422 ft: 4294 corp: 178/21Kb lim: 65536 exec/s: 0 rss: 194Mb L: 34/1078 MS: 2 InsertByte-Custom-
#673	NEW    cov: 1422 ft: 4294 corp: 177/21Kb lim: 65536 exec/s: 0 rss: 194Mb L: 18/1078 MS: 1 CustomCrossOver-
#674	NEW    cov: 1422 ft: 4296 corp: 178/21Kb lim: 65536 exec/s: 0 rss: 194Mb L: 82/1078 MS: 2 CrossOver-Custom-
#675	NEW    cov: 1422 ft: 4296 corp: 179/21Kb lim: 65536 exec/s: 0 rss: 194Mb L: 30/1078 MS: 2 CopyPart-Custom-
#678	NEW    cov: 1422 ft: 4296 corp: 178/21Kb lim: 65536 exec/s: 0 rss: 195Mb L: 132/1078 MS: 6 ManualDict-Custom-ManualDict-Custom-InsertRepeatedBytes-Custom- DE: "globby"-"not"-
#685	NEW    cov: 1422 ft: 4296 corp: 179/21Kb lim: 65536 exec/s: 0 rss: 197Mb L: 18/1078 MS: 3 ManualDict-Custom-CustomCrossOver- DE: "init"-
#686	NEW    cov: 1422 ft: 4296 corp: 180/21Kb lim: 65536 exec/s: 0 rss: 197Mb L: 65/1078 MS: 2 ChangeByte-Custom-
#696	NEW    cov: 1422 ft: 4297 corp: 181/21Kb lim: 65536 exec/s: 0 rss: 200Mb L: 44/1078 MS: 10 ShuffleBytes-Custom-ChangeByte-Custom-EraseBytes-Custom-ChangeBit-Custom-InsertByte-Custom-
#698	NEW    cov: 1422 ft: 4297 corp: 182/21Kb lim: 65536 exec/s: 0 rss: 200Mb L: 13/1078 MS: 3 CopyPart-Custom-CustomCrossOver-
#702	NEW    cov: 1422 ft: 4297 corp: 182/21Kb lim: 65536 exec/s: 0 rss: 202Mb L: 445/1078 MS: 8 InsertByte-Custom-ChangeByte-Custom-ShuffleBytes-Custom-ChangeBinInt-Custom-
#707	NEW    cov: 1422 ft: 4297 corp: 182/21Kb lim: 65536 exec/s: 0 rss: 203Mb L: 55/1078 MS: 9 InsertByte-Custom-ChangeByte-Custom-CustomCrossOver-ChangeBit-Custom-ChangeByte-Custom-
#711	NEW    cov: 1422 ft: 4297 corp: 182/20Kb lim: 65536 exec/s: 0 rss: 204Mb L: 30/1078 MS: 8 InsertByte-Custom-PersAutoDict-Custom-EraseBytes-Custom-InsertByte-Custom- DE: "["-
#712	NEW    cov: 1422 ft: 4298 corp: 183/21Kb lim: 65536 exec/s: 0 rss: 204Mb L: 148/1078 MS: 2 ChangeBinInt-Custom-
#713	NEW    cov: 1422 ft: 4298 corp: 184/21Kb lim: 65536 exec/s: 0 rss: 204Mb L: 89/1078 MS: 2 ChangeByte-Custom-
#714	NEW    cov: 1422 ft: 4298 corp: 185/21Kb lim: 65536 exec/s: 0 rss: 205Mb L: 16/1078 MS: 2 EraseBytes-Custom-
#720	NEW    cov: 1422 ft: 4298 corp: 185/21Kb lim: 65536 exec/s: 0 rss: 206Mb L: 83/1078 MS: 2 ChangeByte-Custom-
#723	NEW    cov: 1422 ft: 4298 corp: 186/21Kb lim: 65536 exec/s: 0 rss: 207Mb L: 50/1078 MS: 4 CustomCrossOver-CustomCrossOver-InsertByte-Custom-
#724	NEW    cov: 1422 ft: 4301 corp: 187/21Kb lim: 65536 exec/s: 0 rss: 207Mb L: 517/1078 MS: 2 ChangeASCIIInt-Custom-
#725	NEW    cov: 1422 ft: 4301 corp: 188/21Kb lim: 65536 exec/s: 725 rss: 208Mb L: 146/1078 MS: 2 PersAutoDict-Custom- DE: "\037"-
#731	NEW    cov: 1423 ft: 4313 corp: 189/22Kb lim: 65536 exec/s: 731 rss: 209Mb L: 208/1078 MS: 2 InsertRepeatedBytes-Custom-
#732	NEW    cov: 1423 ft: 4313 corp: 187/21Kb lim: 65536 exec/s: 732 rss: 209Mb L: 19/1078 MS: 2 ChangeBit-Custom-
#733	NEW    cov: 1423 ft: 4313 corp: 187/21Kb lim: 65536 exec/s: 733 rss: 210Mb L: 13/1078 MS: 1 CustomCrossOver-
#745	NEW    cov: 1423 ft: 4313 corp: 188/22Kb lim: 65536 exec/s: 745 rss: 212Mb L: 136/1078 MS: 3 CustomCrossOver-CrossOver-Custom-
#751	NEW    cov: 1423 ft: 4313 corp: 189/22Kb lim: 65536 exec/s: 751 rss: 214Mb L: 13/1078 MS: 1 CustomCrossOver-
#752	NEW    cov: 1423 ft: 4314 corp: 190/22Kb lim: 65536 exec/s: 752 rss: 214Mb L: 32/1078 MS: 2 EraseBytes-Custom-
#754	NEW    cov: 1423 ft: 4314 corp: 191/22Kb lim: 65536 exec/s: 754 rss: 214Mb L: 11/1078 MS: 4 ChangeBinInt-Custom-EraseBytes-Custom-
#760	NEW    cov: 1423 ft: 4315 corp: 192/22Kb lim: 65536 exec/s: 760 rss: 216Mb L: 37/1078 MS: 2 CopyPart-Custom-
#766	NEW    cov: 1423 ft: 4315 corp: 192/22Kb lim: 65536 exec/s: 766 rss: 217Mb L: 33/1078 MS: 2 ChangeByte-Custom-
#767	NEW    cov: 1423 ft: 4316 corp: 193/22Kb lim: 65536 exec/s: 767 rss: 217Mb L: 855/1078 MS: 2 InsertRepeatedBytes-Custom-
#768	NEW    cov: 1423 ft: 4319 corp: 194/23Kb lim: 65536 exec/s: 768 rss: 218Mb L: 34/1078 MS: 2 ChangeBit-Custom-
#770	NEW    cov: 1423 ft: 4321 corp: 195/23Kb lim: 65536 exec/s: 770 rss: 218Mb L: 277/1078 MS: 3 ManualDict-Custom-CustomCrossOver- DE: "pin_threads_to_cores"-
#772	NEW    cov: 1428 ft: 4338 corp: 195/22Kb lim: 65536 exec/s: 772 rss: 218Mb L: 109/1078 MS: 3 CustomCrossOver-InsertRepeatedBytes-Custom-
#773	NEW    cov: 1428 ft: 4338 corp: 195/22Kb lim: 65536 exec/s: 773 rss: 219Mb L: 19/1078 MS: 2 ChangeBinInt-Custom-
#781	NEW    cov: 1428 ft: 4338 corp: 195/22Kb lim: 65536 exec/s: 781 rss: 220Mb L: 19/1078 MS: 4 CustomCrossOver-CustomCrossOver-ManualDict-Custom- DE: "indicator"-
#782	NEW    cov: 1428 ft: 4338 corp: 194/22Kb lim: 65536 exec/s: 782 rss: 221Mb L: 26/1078 MS: 2 CrossOver-Custom-
#792	NEW    cov: 1428 ft: 4339 corp: 195/22Kb lim: 65536 exec/s: 792 rss: 224Mb L: 49/1078 MS: 10 ShuffleBytes-Custom-CMP-Custom-ChangeByte-Custom-CopyPart-Custom-ManualDict-Custom- DE: "get"-"description"-
#793	NEW    cov: 1428 ft: 4339 corp: 196/22Kb lim: 65536 exec/s: 793 rss: 224Mb L: 29/1078 MS: 2 ChangeBit-Custom-
#794	NEW    cov: 1428 ft: 4339 corp: 194/22Kb lim: 65536 exec/s: 794 rss: 224Mb L: 137/1078 MS: 2 InsertRepeatedBytes-Custom-
#800	NEW    cov: 1428 ft: 4339 corp: 194/22Kb lim: 65536 exec/s: 800 rss: 225Mb L: 105/1078 MS: 2 ManualDict-Custom- DE: "duplicate"-
#802	NEW    cov: 1428 ft: 4340 corp: 195/22Kb lim: 65536 exec/s: 802 rss: 226Mb L: 143/1078 MS: 2 CustomCrossOver-CustomCrossOver-
#808	NEW    cov: 1428 ft: 4340 corp: 196/22Kb lim: 65536 exec/s: 808 rss: 227Mb L: 23/1078 MS: 1 CustomCrossOver-
#810	NEW    cov: 1428 ft: 4340 corp: 196/22Kb lim: 65536 exec/s: 810 rss: 228Mb L: 123/1078 MS: 4 InsertRepeatedBytes-Custom-InsertByte-Custom-
#811	NEW    cov: 1428 ft: 4340 corp: 197/22Kb lim: 65536 exec/s: 811 rss: 228Mb L: 18/1078 MS: 1 CustomCrossOver-
#816	NEW    cov: 1428 ft: 4341 corp: 198/23Kb lim: 65536 exec/s: 816 rss: 229Mb L: 989/1078 MS: 10 CrossOver-Custom-ChangeBit-Custom-InsertByte-Custom-InsertRepeatedBytes-Custom-InsertRepeatedBytes-Custom-
#823	NEW    cov: 1428 ft: 4341 corp: 199/23Kb lim: 65536 exec/s: 823 rss: 231Mb L: 20/1078 MS: 3 PersAutoDict-Custom-CustomCrossOver- DE: "description"-
Loaded 1024/1389 files from report/fuzz/corpus/lua_dsl
	NEW_FUNC[1/4]: 0x00000050bc50 in std::shared_ptr<beez::core::StepConfig const>::~shared_ptr() /usr/bin/../lib/gcc/x86_64-redhat-linux/16/../../../../include/c++/16/bits/shared_ptr.h:175
	NEW_FUNC[2/4]: 0x00000050bd20 in std::__shared_ptr<beez::core::StepConfig const, (__gnu_cxx::_Lock_policy)2>::~__shared_ptr() /usr/bin/../lib/gcc/x86_64-redhat-linux/16/../../../../include/c++/16/bits/shared_ptr_base.h:1610
	NEW_FUNC[1/37]: 0x000000502910 in std::__detail::_Node_const_iterator<std::pair<std::__cxx11::basic_string<char, std::char_traits<char>, std::allocator<char>> const, beez::core::Workflow>, false, true>::operator*() const /usr/bin/../lib/gcc/x86_64-redhat-linux/16/../../../../include/c++/16/bits/hashtable_policy.h:498
	NEW_FUNC[2/37]: 0x000000502d98 in std::tuple_element<0ul, std::pair<std::__cxx11::basic_string<char, std::char_traits<char>, std::allocator<char>> const, beez::core::Workflow>>::type const& std::get<0ul, std::__cxx11::basic_string<char, std::char_traits<char>, std::allocator<char>> const, beez::core::Workflow>(std::pair<std::__cxx11::basic_string<char, std::char_traits<char>, std::allocator<char>> const, beez::core::Workflow> const&) /usr/bin/../lib/gcc/x86_64-redhat-linux/16/../../../../include/c++/16/bits/stl_pair.h:1299
#1987	RELOAD cov: 1606 ft: 5237 corp: 304/42Kb lim: 65536 exec/s: 993 rss: 499Mb
#1993	NEW    cov: 1606 ft: 5237 corp: 304/42Kb lim: 65536 exec/s: 996 rss: 500Mb L: 15/2163 MS: 1 CustomCrossOver-
#2009	NEW    cov: 1606 ft: 5237 corp: 304/42Kb lim: 65536 exec/s: 1004 rss: 504Mb L: 73/2163 MS: 2 InsertRepeatedBytes-Custom-
#2024	NEW    cov: 1606 ft: 5237 corp: 304/42Kb lim: 65536 exec/s: 1012 rss: 507Mb L: 21/2163 MS: 10 ManualDict-Custom-InsertByte-Custom-ShuffleBytes-Custom-ChangeBinInt-Custom-CopyPart-Custom- DE: "vars"-
#2026	NEW    cov: 1606 ft: 5237 corp: 304/41Kb lim: 65536 exec/s: 1013 rss: 508Mb L: 155/2163 MS: 4 PersAutoDict-Custom-InsertRepeatedBytes-Custom- DE: "get"-
#2033	NEW    cov: 1606 ft: 5237 corp: 305/41Kb lim: 65536 exec/s: 1016 rss: 509Mb L: 13/2163 MS: 3 ShuffleBytes-Custom-CustomCrossOver-
#2043	NEW    cov: 1606 ft: 5237 corp: 306/41Kb lim: 65536 exec/s: 1021 rss: 512Mb L: 11/2163 MS: 8 CustomCrossOver-ChangeBit-Custom-CopyPart-Custom-ChangeByte-Custom-CustomCrossOver-
#2045	NEW    cov: 1606 ft: 5237 corp: 307/42Kb lim: 65536 exec/s: 1022 rss: 512Mb L: 45/2163 MS: 4 ShuffleBytes-Custom-CMP-Custom- DE: "O\000\000\000\000\000\000\000"-
#2048	pulse  cov: 1606 ft: 5237 corp: 307/42Kb lim: 65536 exec/s: 1024 rss: 513Mb
#2048	NEW    cov: 1606 ft: 5237 corp: 308/42Kb lim: 65536 exec/s: 1024 rss: 513Mb L: 18/2163 MS: 6 InsertByte-Custom-ChangeByte-Custom-EraseBytes-Custom-
#2055	NEW    cov: 1606 ft: 5237 corp: 308/41Kb lim: 65536 exec/s: 1027 rss: 515Mb L: 2095/2163 MS: 3 CustomCrossOver-CopyPart-Custom-
#2056	NEW    cov: 1606 ft: 5240 corp: 307/41Kb lim: 65536 exec/s: 1028 rss: 515Mb L: 65/2163 MS: 2 PersAutoDict-Custom- DE: "wait"-
#2061	NEW    cov: 1606 ft: 5460 corp: 308/41Kb lim: 65536 exec/s: 1030 rss: 516Mb L: 37/2163 MS: 8 CustomCrossOver-CustomCrossOver-InsertByte-Custom-ChangeByte-Custom-ShuffleBytes-Custom-
#2062	NEW    cov: 1606 ft: 5460 corp: 309/41Kb lim: 65536 exec/s: 1031 rss: 516Mb L: 13/2163 MS: 2 CMP-Custom- DE: "\001\011"-
#2072	NEW    cov: 1606 ft: 5460 corp: 309/41Kb lim: 65536 exec/s: 1036 rss: 519Mb L: 398/2163 MS: 8 CrossOver-Custom-ShuffleBytes-Custom-CustomCrossOver-CustomCrossOver-EraseBytes-Custom-
#2076	NEW    cov: 1606 ft: 5460 corp: 310/41Kb lim: 65536 exec/s: 1038 rss: 520Mb L: 19/2163 MS: 8 ShuffleBytes-Custom-PersAutoDict-Custom-PersAutoDict-Custom-ShuffleBytes-Custom- DE: "compile"-"get"-
#2077	NEW    cov: 1606 ft: 5460 corp: 308/41Kb lim: 65536 exec/s: 1038 rss: 520Mb L: 15/2163 MS: 2 ChangeBit-Custom-
#2094	NEW    cov: 1606 ft: 5460 corp: 309/42Kb lim: 65536 exec/s: 1047 rss: 524Mb L: 539/2163 MS: 4 ChangeBit-Custom-InsertByte-Custom-
#2110	NEW    cov: 1606 ft: 5460 corp: 309/42Kb lim: 65536 exec/s: 1055 rss: 528Mb L: 12/2163 MS: 2 EraseBytes-Custom-
#2114	NEW    cov: 1606 ft: 5460 corp: 310/42Kb lim: 65536 exec/s: 1057 rss: 529Mb L: 33/2163 MS: 8 ManualDict-Custom-ChangeBit-Custom-ChangeBit-Custom-ChangeBit-Custom- DE: "themes"-
#2137	NEW    cov: 1606 ft: 5460 corp: 310/42Kb lim: 65536 exec/s: 1068 rss: 534Mb L: 141/2163 MS: 6 EraseBytes-Custom-InsertRepeatedBytes-Custom-ManualDict-Custom- DE: "run"-
#2138	NEW    cov: 1606 ft: 5460 corp: 310/42Kb lim: 65536 exec/s: 1069 rss: 535Mb L: 16/2163 MS: 2 ChangeBit-Custom-
#2142	NEW    cov: 1606 ft: 5460 corp: 310/42Kb lim: 65536 exec/s: 1071 rss: 535Mb L: 40/2163 MS: 8 CopyPart-Custom-ChangeBinInt-Custom-EraseBytes-Custom-EraseBytes-Custom-
#2153	NEW    cov: 1606 ft: 5460 corp: 310/42Kb lim: 65536 exec/s: 1076 rss: 538Mb L: 14/2163 MS: 2 ShuffleBytes-Custom-
#2155	NEW    cov: 1606 ft: 5463 corp: 311/42Kb lim: 65536 exec/s: 1077 rss: 538Mb L: 79/2163 MS: 3 CustomCrossOver-CopyPart-Custom-
#2171	NEW    cov: 1606 ft: 5463 corp: 311/42Kb lim: 65536 exec/s: 1085 rss: 542Mb L: 13/2163 MS: 2 CMP-Custom- DE: "\377\377\377\377\377\377\377\377"-
#2173	NEW    cov: 1606 ft: 5463 corp: 311/42Kb lim: 65536 exec/s: 1086 rss: 543Mb L: 38/2163 MS: 4 CMP-Custom-PersAutoDict-Custom- DE: "\000\001"-"ignore_vars_for_hashing"-
#2180	NEW    cov: 1606 ft: 5464 corp: 312/42Kb lim: 65536 exec/s: 1090 rss: 544Mb L: 128/2163 MS: 2 CustomCrossOver-CustomCrossOver-
#2198	NEW    cov: 1606 ft: 5464 corp: 312/42Kb lim: 65536 exec/s: 1099 rss: 548Mb L: 1025/2163 MS: 3 CustomCrossOver-CustomCrossOver-CustomCrossOver-
#2215	NEW    cov: 1606 ft: 5464 corp: 312/42Kb lim: 65536 exec/s: 1107 rss: 552Mb L: 15/2163 MS: 2 CustomCrossOver-CustomCrossOver-
#2222	NEW    cov: 1606 ft: 5464 corp: 313/42Kb lim: 65536 exec/s: 1111 rss: 554Mb L: 33/2163 MS: 4 ChangeBit-Custom-ChangeBinInt-Custom-
#2227	NEW    cov: 1606 ft: 5464 corp: 314/42Kb lim: 65536 exec/s: 1113 rss: 555Mb L: 79/2163 MS: 10 CMP-Custom-ShuffleBytes-Custom-ManualDict-Custom-PersAutoDict-Custom-ChangeBit-Custom- DE: "net"-"typo_section"-"pin_threads_to_cores"-
#2237	NEW    cov: 1606 ft: 5464 corp: 315/42Kb lim: 65536 exec/s: 1118 rss: 557Mb L: 15/2163 MS: 8 InsertRepeatedBytes-Custom-InsertRepeatedBytes-Custom-CopyPart-Custom-CustomCrossOver-CustomCrossOver-
#2254	NEW    cov: 1606 ft: 5467 corp: 316/43Kb lim: 65536 exec/s: 1127 rss: 561Mb L: 1025/2163 MS: 3 ManualDict-Custom-CustomCrossOver- DE: "configure_step"-
#2255	NEW    cov: 1606 ft: 5467 corp: 316/43Kb lim: 65536 exec/s: 1127 rss: 561Mb L: 16/2163 MS: 1 CustomCrossOver-
#2260	NEW    cov: 1606 ft: 5467 corp: 316/43Kb lim: 65536 exec/s: 1130 rss: 562Mb L: 18/2163 MS: 8 CrossOver-Custom-EraseBytes-Custom-CustomCrossOver-InsertRepeatedBytes-Custom-CustomCrossOver-
#2262	NEW    cov: 1606 ft: 5468 corp: 317/43Kb lim: 65536 exec/s: 1131 rss: 563Mb L: 138/2163 MS: 4 PersAutoDict-Custom-ShuffleBytes-Custom- DE: "undefined"-
#2283	NEW    cov: 1606 ft: 5468 corp: 317/43Kb lim: 65536 exec/s: 1141 rss: 568Mb L: 12/2163 MS: 2 ManualDict-Custom- DE: "function"-
#2308	NEW    cov: 1606 ft: 5468 corp: 317/43Kb lim: 65536 exec/s: 1154 rss: 573Mb L: 139/2163 MS: 10 CopyPart-Custom-PersAutoDict-Custom-InsertByte-Custom-InsertByte-Custom-CopyPart-Custom- DE: "\\n"-
#2314	NEW    cov: 1606 ft: 5468 corp: 316/43Kb lim: 65536 exec/s: 1157 rss: 574Mb L: 9/2163 MS: 2 ChangeByte-Custom-
#2316	NEW    cov: 1606 ft: 5468 corp: 316/43Kb lim: 65536 exec/s: 1158 rss: 575Mb L: 27/2163 MS: 4 ChangeByte-Custom-ChangeBit-Custom-
#2325	NEW    cov: 1606 ft: 5468 corp: 316/43Kb lim: 65536 exec/s: 1162 rss: 577Mb L: 16/2163 MS: 8 ChangeBinInt-Custom-InsertByte-Custom-ChangeByte-Custom-ChangeBit-Custom-
#2339	NEW    cov: 1606 ft: 5469 corp: 317/43Kb lim: 65536 exec/s: 779 rss: 580Mb L: 158/2163 MS: 8 CopyPart-Custom-InsertRepeatedBytes-Custom-ChangeBit-Custom-EraseBytes-Custom-
#2374	NEW    cov: 1606 ft: 5469 corp: 317/43Kb lim: 65536 exec/s: 791 rss: 588Mb L: 61/2163 MS: 6 ChangeByte-Custom-CustomCrossOver-CustomCrossOver-CustomCrossOver-CustomCrossOver-
#2375	NEW    cov: 1606 ft: 5469 corp: 318/43Kb lim: 65536 exec/s: 791 rss: 588Mb L: 73/2163 MS: 1 CustomCrossOver-
#2386	NEW    cov: 1606 ft: 5469 corp: 315/43Kb lim: 65536 exec/s: 795 rss: 590Mb L: 15/2163 MS: 2 InsertByte-Custom-
#2387	NEW    cov: 1606 ft: 5469 corp: 316/43Kb lim: 65536 exec/s: 795 rss: 590Mb L: 14/2163 MS: 1 CustomCrossOver-
#2401	NEW    cov: 1606 ft: 5469 corp: 317/43Kb lim: 65536 exec/s: 800 rss: 594Mb L: 12/2163 MS: 6 CustomCrossOver-EraseBytes-Custom-ManualDict-Custom-CustomCrossOver- DE: "["-
#2405	NEW    cov: 1606 ft: 5469 corp: 317/43Kb lim: 65536 exec/s: 801 rss: 595Mb L: 97/2163 MS: 8 PersAutoDict-Custom-EraseBytes-Custom-ShuffleBytes-Custom-InsertRepeatedBytes-Custom- DE: "__gc"-
#2414	NEW    cov: 1606 ft: 5474 corp: 318/43Kb lim: 65536 exec/s: 804 rss: 597Mb L: 64/2163 MS: 7 CustomCrossOver-PersAutoDict-Custom-ChangeBinInt-Custom-PersAutoDict-Custom- DE: "beez.env"-"\\n"-
#2428	NEW    cov: 1606 ft: 5475 corp: 319/44Kb lim: 65536 exec/s: 809 rss: 599Mb L: 518/2163 MS: 8 ChangeBinInt-Custom-CopyPart-Custom-InsertRepeatedBytes-Custom-EraseBytes-Custom-
#2429	NEW    cov: 1606 ft: 5475 corp: 319/43Kb lim: 65536 exec/s: 809 rss: 599Mb L: 26/2163 MS: 2 PersAutoDict-Custom- DE: "[["-
#2440	NEW    cov: 1606 ft: 5475 corp: 319/43Kb lim: 65536 exec/s: 813 rss: 602Mb L: 9/2163 MS: 1 CustomCrossOver-
#2444	NEW    cov: 1606 ft: 5475 corp: 319/43Kb lim: 65536 exec/s: 814 rss: 603Mb L: 80/2163 MS: 8 InsertByte-Custom-PersAutoDict-Custom-PersAutoDict-Custom-EraseBytes-Custom- DE: "undefined"-"\\n"-
#2453	NEW    cov: 1606 ft: 5475 corp: 319/43Kb lim: 65536 exec/s: 817 rss: 605Mb L: 30/2163 MS: 5 CustomCrossOver-ChangeBit-Custom-CustomCrossOver-CustomCrossOver-
#2454	NEW    cov: 1606 ft: 5475 corp: 318/42Kb lim: 65536 exec/s: 818 rss: 605Mb L: 14/2163 MS: 2 InsertByte-Custom-
#2471	NEW    cov: 1606 ft: 5476 corp: 319/43Kb lim: 65536 exec/s: 823 rss: 609Mb L: 864/2163 MS: 4 ShuffleBytes-Custom-EraseBytes-Custom-
#2474	NEW    cov: 1606 ft: 5476 corp: 318/43Kb lim: 65536 exec/s: 824 rss: 610Mb L: 12/2163 MS: 4 CustomCrossOver-CustomCrossOver-PersAutoDict-Custom- DE: "globby"-
#2478	NEW    cov: 1606 ft: 5478 corp: 319/44Kb lim: 65536 exec/s: 826 rss: 611Mb L: 309/2163 MS: 8 InsertRepeatedBytes-Custom-ChangeBit-Custom-CopyPart-Custom-ShuffleBytes-Custom-
#2479	NEW    cov: 1606 ft: 5479 corp: 320/44Kb lim: 65536 exec/s: 826 rss: 611Mb L: 13/2163 MS: 2 EraseBytes-Custom-
#2480	NEW    cov: 1606 ft: 5479 corp: 321/44Kb lim: 65536 exec/s: 826 rss: 611Mb L: 11/2163 MS: 2 ChangeBit-Custom-
#2487	NEW    cov: 1606 ft: 5479 corp: 322/44Kb lim: 65536 exec/s: 829 rss: 613Mb L: 20/2163 MS: 4 CopyPart-Custom-InsertByte-Custom-
#2498	NEW    cov: 1606 ft: 5480 corp: 323/46Kb lim: 65536 exec/s: 832 rss: 616Mb L: 2095/2163 MS: 1 CustomCrossOver-
#2500	NEW    cov: 1606 ft: 5480 corp: 324/46Kb lim: 65536 exec/s: 833 rss: 616Mb L: 13/2163 MS: 4 ChangeBit-Custom-ChangeByte-Custom-
#2506	NEW    cov: 1606 ft: 5480 corp: 325/46Kb lim: 65536 exec/s: 835 rss: 618Mb L: 9/2163 MS: 2 EraseBytes-Custom-
#2519	NEW    cov: 1606 ft: 5481 corp: 326/46Kb lim: 65536 exec/s: 839 rss: 620Mb L: 390/2163 MS: 4 ChangeBinInt-Custom-CustomCrossOver-CustomCrossOver-
#2520	NEW    cov: 1606 ft: 5482 corp: 327/46Kb lim: 65536 exec/s: 840 rss: 621Mb L: 17/2163 MS: 1 CustomCrossOver-
#2532	NEW    cov: 1606 ft: 5482 corp: 327/46Kb lim: 65536 exec/s: 844 rss: 624Mb L: 131/2163 MS: 4 InsertRepeatedBytes-Custom-ShuffleBytes-Custom-
#2543	NEW    cov: 1606 ft: 5485 corp: 328/47Kb lim: 65536 exec/s: 847 rss: 626Mb L: 1037/2163 MS: 2 ChangeBinInt-Custom-
#2550	NEW    cov: 1606 ft: 5487 corp: 329/47Kb lim: 65536 exec/s: 850 rss: 627Mb L: 22/2163 MS: 4 CopyPart-Custom-ManualDict-Custom- DE: "outputs"-
#2551	NEW    cov: 1606 ft: 5487 corp: 329/47Kb lim: 65536 exec/s: 850 rss: 628Mb L: 263/2163 MS: 2 PersAutoDict-Custom- DE: "outputs"-
#2562	NEW    cov: 1606 ft: 5487 corp: 330/47Kb lim: 65536 exec/s: 854 rss: 630Mb L: 11/2163 MS: 2 EraseBytes-Custom-
#2570	NEW    cov: 1606 ft: 5487 corp: 331/47Kb lim: 65536 exec/s: 856 rss: 632Mb L: 87/2163 MS: 5 PersAutoDict-Custom-PersAutoDict-Custom-CustomCrossOver- DE: "cache"-"\\r"-
#2572	NEW    cov: 1606 ft: 5488 corp: 332/47Kb lim: 65536 exec/s: 857 rss: 633Mb L: 22/2163 MS: 4 CMP-Custom-ChangeByte-Custom- DE: "\000\000\000\004"-
#2573	NEW    cov: 1606 ft: 5488 corp: 333/47Kb lim: 65536 exec/s: 857 rss: 633Mb L: 17/2163 MS: 2 ManualDict-Custom- DE: "references"-
#2602	NEW    cov: 1606 ft: 5488 corp: 334/47Kb lim: 65536 exec/s: 867 rss: 640Mb L: 22/2163 MS: 5 CustomCrossOver-CustomCrossOver-CustomCrossOver-ChangeByte-Custom-
#2608	NEW    cov: 1606 ft: 5488 corp: 335/47Kb lim: 65536 exec/s: 869 rss: 641Mb L: 10/2163 MS: 2 CMP-Custom- DE: "\024b\011\240\374\177\000\000"-
#2614	NEW    cov: 1606 ft: 5488 corp: 335/47Kb lim: 65536 exec/s: 871 rss: 643Mb L: 513/2163 MS: 2 CopyPart-Custom-
#2615	NEW    cov: 1606 ft: 5488 corp: 335/47Kb lim: 65536 exec/s: 871 rss: 643Mb L: 14/2163 MS: 2 ChangeBinInt-Custom-
#2621	NEW    cov: 1606 ft: 5488 corp: 335/47Kb lim: 65536 exec/s: 873 rss: 644Mb L: 11/2163 MS: 2 ChangeBinInt-Custom-
#2638	NEW    cov: 1606 ft: 5488 corp: 335/47Kb lim: 65536 exec/s: 879 rss: 648Mb L: 9/2163 MS: 3 CrossOver-Custom-CustomCrossOver-
#2675	NEW    cov: 1606 ft: 5488 corp: 336/47Kb lim: 65536 exec/s: 891 rss: 657Mb L: 9/2163 MS: 3 CustomCrossOver-EraseBytes-Custom-
#2697	NEW    cov: 1606 ft: 5489 corp: 337/47Kb lim: 65536 exec/s: 899 rss: 663Mb L: 127/2163 MS: 4 InsertRepeatedBytes-Custom-CMP-Custom- DE: "\001\000\000\000\000\000\000\017"-
#2718	NEW    cov: 1606 ft: 5490 corp: 338/47Kb lim: 65536 exec/s: 906 rss: 667Mb L: 51/2163 MS: 2 ManualDict-Custom- DE: "blocks"-
#2746	NEW    cov: 1606 ft: 5490 corp: 338/47Kb lim: 65536 exec/s: 915 rss: 673Mb L: 46/2163 MS: 6 ManualDict-Custom-ShuffleBytes-Custom-CMP-Custom- DE: "("-"\001\000\000\000\000\000\000\000"-
#2754	NEW    cov: 1606 ft: 5490 corp: 338/47Kb lim: 65536 exec/s: 918 rss: 676Mb L: 13/2163 MS: 5 CustomCrossOver-ChangeByte-Custom-EraseBytes-Custom-
#2755	NEW    cov: 1606 ft: 5491 corp: 338/47Kb lim: 65536 exec/s: 918 rss: 676Mb L: 165/2163 MS: 1 CustomCrossOver-
#2767	NEW    cov: 1606 ft: 5491 corp: 338/47Kb lim: 65536 exec/s: 922 rss: 678Mb L: 16/2163 MS: 4 ChangeByte-Custom-EraseBytes-Custom-
#2773	NEW    cov: 1606 ft: 5491 corp: 338/47Kb lim: 65536 exec/s: 924 rss: 680Mb L: 65/2163 MS: 2 PersAutoDict-Custom- DE: "not"-
#2783	NEW    cov: 1606 ft: 5493 corp: 339/47Kb lim: 65536 exec/s: 927 rss: 682Mb L: 107/2163 MS: 10 InsertRepeatedBytes-Custom-InsertByte-Custom-InsertByte-Custom-CopyPart-Custom-ShuffleBytes-Custom-
#2788	NEW    cov: 1606 ft: 5493 corp: 339/47Kb lim: 65536 exec/s: 929 rss: 683Mb L: 17/2163 MS: 7 CustomCrossOver-CustomCrossOver-CustomCrossOver-CopyPart-Custom-EraseBytes-Custom-
#2789	NEW    cov: 1606 ft: 5493 corp: 340/47Kb lim: 65536 exec/s: 929 rss: 683Mb L: 11/2163 MS: 2 InsertByte-Custom-
#2790	NEW    cov: 1606 ft: 5493 corp: 339/47Kb lim: 65536 exec/s: 930 rss: 684Mb L: 9/2163 MS: 2 ChangeByte-Custom-
#2799	NEW    cov: 1606 ft: 5493 corp: 339/47Kb lim: 65536 exec/s: 933 rss: 686Mb L: 12/2163 MS: 5 CustomCrossOver-CustomCrossOver-ChangeBinInt-Custom-CustomCrossOver-
#2811	NEW    cov: 1606 ft: 5493 corp: 339/47Kb lim: 65536 exec/s: 937 rss: 688Mb L: 166/2163 MS: 4 InsertByte-Custom-EraseBytes-Custom-
#2813	NEW    cov: 1606 ft: 5493 corp: 339/47Kb lim: 65536 exec/s: 937 rss: 689Mb L: 20/2163 MS: 4 ChangeByte-Custom-PersAutoDict-Custom- DE: "blocks"-
#2817	NEW    cov: 1606 ft: 5493 corp: 339/47Kb lim: 65536 exec/s: 939 rss: 690Mb L: 1212/2163 MS: 6 CustomCrossOver-EraseBytes-Custom-CustomCrossOver-InsertRepeatedBytes-Custom-
#2818	NEW    cov: 1606 ft: 5493 corp: 340/47Kb lim: 65536 exec/s: 939 rss: 690Mb L: 34/2163 MS: 1 CustomCrossOver-
#2821	NEW    cov: 1606 ft: 5502 corp: 341/47Kb lim: 65536 exec/s: 940 rss: 691Mb L: 143/2163 MS: 5 CopyPart-Custom-PersAutoDict-Custom-CustomCrossOver- DE: "description"-
#2827	NEW    cov: 1606 ft: 5502 corp: 340/47Kb lim: 65536 exec/s: 942 rss: 693Mb L: 8/2163 MS: 2 EraseBytes-Custom-
#3566	RELOAD cov: 1606 ft: 5820 corp: 363/71Kb lim: 65536 exec/s: 891 rss: 862Mb
#3569	NEW    cov: 1606 ft: 5821 corp: 364/72Kb lim: 65536 exec/s: 892 rss: 863Mb L: 930/7639 MS: 6 PersAutoDict-Custom-CopyPart-Custom-ManualDict-Custom- DE: "pin_threads_to_cores"-"workflow phase invocation is missing required field"-
#3579	NEW    cov: 1606 ft: 5821 corp: 364/72Kb lim: 65536 exec/s: 894 rss: 866Mb L: 31/7639 MS: 10 PersAutoDict-Custom-CMP-Custom-ChangeBinInt-Custom-ShuffleBytes-Custom-ChangeBinInt-Custom- DE: "missing-a"-"is_onl"-
#3590	NEW    cov: 1606 ft: 5821 corp: 364/72Kb lim: 65536 exec/s: 897 rss: 868Mb L: 18/7639 MS: 1 CustomCrossOver-
#3594	NEW    cov: 1606 ft: 5821 corp: 365/72Kb lim: 65536 exec/s: 898 rss: 869Mb L: 12/7639 MS: 7 InsertByte-Custom-CrossOver-Custom-CustomCrossOver-CopyPart-Custom-
#3595	NEW    cov: 1606 ft: 5821 corp: 365/72Kb lim: 65536 exec/s: 898 rss: 869Mb L: 12/7639 MS: 2 ChangeByte-Custom-
#3602	NEW    cov: 1606 ft: 5821 corp: 364/72Kb lim: 65536 exec/s: 900 rss: 870Mb L: 10/7639 MS: 3 ShuffleBytes-Custom-CustomCrossOver-
#3637	NEW    cov: 1606 ft: 5821 corp: 364/71Kb lim: 65536 exec/s: 909 rss: 879Mb L: 610/7639 MS: 10 ChangeByte-Custom-CMP-Custom-ChangeByte-Custom-InsertByte-Custom-CopyPart-Custom- DE: "sleep"-
#3659	NEW    cov: 1606 ft: 5824 corp: 363/71Kb lim: 65536 exec/s: 914 rss: 884Mb L: 24/7639 MS: 4 ChangeBit-Custom-EraseBytes-Custom-
#3665	NEW    cov: 1606 ft: 5824 corp: 363/71Kb lim: 65536 exec/s: 916 rss: 885Mb L: 24/7639 MS: 2 CopyPart-Custom-
#3667	NEW    cov: 1606 ft: 5824 corp: 364/71Kb lim: 65536 exec/s: 916 rss: 885Mb L: 12/7639 MS: 4 EraseBytes-Custom-PersAutoDict-Custom- DE: "\001\000\000\000\000\000\000\017"-
#3668	NEW    cov: 1606 ft: 5825 corp: 365/72Kb lim: 65536 exec/s: 917 rss: 886Mb L: 383/7639 MS: 2 InsertRepeatedBytes-Custom-
#3685	NEW    cov: 1606 ft: 5826 corp: 366/73Kb lim: 65536 exec/s: 921 rss: 889Mb L: 1012/7639 MS: 4 ManualDict-Custom-EraseBytes-Custom- DE: "Lua error"-
#3694	NEW    cov: 1606 ft: 5826 corp: 366/73Kb lim: 65536 exec/s: 923 rss: 891Mb L: 15/7639 MS: 6 ChangeBinInt-Custom-ChangeBinInt-Custom-CustomCrossOver-CustomCrossOver-
#3702	NEW    cov: 1606 ft: 5826 corp: 366/73Kb lim: 65536 exec/s: 925 rss: 893Mb L: 10/7639 MS: 5 ChangeBinInt-Custom-InsertByte-Custom-CustomCrossOver-
#3703	NEW    cov: 1606 ft: 5829 corp: 367/81Kb lim: 65536 exec/s: 925 rss: 893Mb L: 8778/8778 MS: 2 CMP-Custom- DE: "has"-
#3724	NEW    cov: 1606 ft: 5829 corp: 368/81Kb lim: 65536 exec/s: 931 rss: 899Mb L: 9/8778 MS: 2 ChangeBinInt-Custom-
#3765	NEW    cov: 1606 ft: 5829 corp: 368/81Kb lim: 65536 exec/s: 941 rss: 909Mb L: 18/8778 MS: 2 ShuffleBytes-Custom-
#3790	NEW    cov: 1606 ft: 5829 corp: 369/81Kb lim: 65536 exec/s: 947 rss: 914Mb L: 16/8778 MS: 10 ChangeBit-Custom-CopyPart-Custom-EraseBytes-Custom-ChangeASCIIInt-Custom-ChangeBit-Custom-
#3806	NEW    cov: 1606 ft: 5829 corp: 370/81Kb lim: 65536 exec/s: 951 rss: 918Mb L: 7/8778 MS: 2 EraseBytes-Custom-
#3820	NEW    cov: 1606 ft: 5829 corp: 371/81Kb lim: 65536 exec/s: 955 rss: 921Mb L: 37/8778 MS: 6 CustomCrossOver-InsertByte-Custom-ManualDict-Custom-CustomCrossOver- DE: "output_mode"-
#3821	NEW    cov: 1606 ft: 5829 corp: 371/81Kb lim: 65536 exec/s: 955 rss: 921Mb L: 9/8778 MS: 2 CMP-Custom- DE: "\000\032"-
#3822	NEW    cov: 1606 ft: 5829 corp: 372/81Kb lim: 65536 exec/s: 955 rss: 922Mb L: 8/8778 MS: 2 EraseBytes-Custom-
#3834	NEW    cov: 1606 ft: 5829 corp: 372/81Kb lim: 65536 exec/s: 958 rss: 924Mb L: 8/8778 MS: 2 CustomCrossOver-CustomCrossOver-
#3845	NEW    cov: 1606 ft: 5829 corp: 373/81Kb lim: 65536 exec/s: 961 rss: 927Mb L: 6/8778 MS: 2 ChangeBit-Custom-
#3859	NEW    cov: 1606 ft: 5830 corp: 374/81Kb lim: 65536 exec/s: 964 rss: 930Mb L: 139/8778 MS: 8 EraseBytes-Custom-InsertByte-Custom-ChangeBit-Custom-InsertRepeatedBytes-Custom-
#3860	NEW    cov: 1606 ft: 5830 corp: 374/81Kb lim: 65536 exec/s: 965 rss: 930Mb L: 137/8778 MS: 1 CustomCrossOver-
#3867	NEW    cov: 1606 ft: 5833 corp: 375/82Kb lim: 65536 exec/s: 966 rss: 932Mb L: 455/8778 MS: 4 EraseBytes-Custom-ChangeBinInt-Custom-
#3869	NEW    cov: 1606 ft: 5833 corp: 376/82Kb lim: 65536 exec/s: 967 rss: 932Mb L: 22/8778 MS: 2 CustomCrossOver-CustomCrossOver-
#3870	NEW    cov: 1606 ft: 5833 corp: 376/82Kb lim: 65536 exec/s: 967 rss: 932Mb L: 18/8778 MS: 2 PersAutoDict-Custom- DE: "\001\011"-
#3874	NEW    cov: 1606 ft: 5834 corp: 377/82Kb lim: 65536 exec/s: 968 rss: 933Mb L: 52/8778 MS: 6 CustomCrossOver-PersAutoDict-Custom-CustomCrossOver-ShuffleBytes-Custom- DE: "ignore_vars_for_hashing"-
#3875	NEW    cov: 1606 ft: 5834 corp: 377/82Kb lim: 65536 exec/s: 968 rss: 934Mb L: 16/8778 MS: 1 CustomCrossOver-
#3936	NEW    cov: 1606 ft: 5834 corp: 375/82Kb lim: 65536 exec/s: 984 rss: 947Mb L: 9/8778 MS: 1 CustomCrossOver-
#3942	NEW    cov: 1606 ft: 5834 corp: 375/82Kb lim: 65536 exec/s: 985 rss: 949Mb L: 10/8778 MS: 2 ShuffleBytes-Custom-
#3944	NEW    cov: 1606 ft: 5834 corp: 376/82Kb lim: 65536 exec/s: 986 rss: 949Mb L: 7/8778 MS: 3 CMP-Custom-CustomCrossOver- DE: "\000\000\000\000\000\000\000\001"-
#3945	NEW    cov: 1606 ft: 5834 corp: 376/82Kb lim: 65536 exec/s: 986 rss: 949Mb L: 16/8778 MS: 2 ChangeASCIIInt-Custom-
#3951	NEW    cov: 1606 ft: 5834 corp: 377/82Kb lim: 65536 exec/s: 987 rss: 950Mb L: 10/8778 MS: 1 CustomCrossOver-
#3972	NEW    cov: 1606 ft: 5834 corp: 378/82Kb lim: 65536 exec/s: 993 rss: 956Mb L: 8/8778 MS: 2 InsertByte-Custom-
#4003	NEW    cov: 1606 ft: 5834 corp: 378/82Kb lim: 65536 exec/s: 1000 rss: 963Mb L: 11/8778 MS: 1 CustomCrossOver-
#4004	NEW    cov: 1606 ft: 5834 corp: 378/82Kb lim: 65536 exec/s: 1001 rss: 963Mb L: 12/8778 MS: 2 CopyPart-Custom-
#4024	NEW    cov: 1606 ft: 5834 corp: 378/82Kb lim: 65536 exec/s: 1006 rss: 968Mb L: 784/8778 MS: 10 CopyPart-Custom-PersAutoDict-Custom-ShuffleBytes-Custom-ChangeBit-Custom-EraseBytes-Custom- DE: "missing-a"-
#4039	NEW    cov: 1606 ft: 5837 corp: 378/82Kb lim: 65536 exec/s: 1009 rss: 971Mb L: 26/8778 MS: 10 PersAutoDict-Custom-PersAutoDict-Custom-ShuffleBytes-Custom-CopyPart-Custom-ChangeBit-Custom- DE: "wait"-"ignore_vars_for_hashing"-
#4040	NEW    cov: 1606 ft: 5837 corp: 379/82Kb lim: 65536 exec/s: 1010 rss: 971Mb L: 6/8778 MS: 2 EraseBytes-Custom-
#4044	NEW    cov: 1606 ft: 5837 corp: 380/83Kb lim: 65536 exec/s: 1011 rss: 972Mb L: 1563/8778 MS: 5 CustomCrossOver-ChangeBit-Custom-CustomCrossOver-CustomCrossOver-
#4053	NEW    cov: 1606 ft: 5837 corp: 380/83Kb lim: 65536 exec/s: 1013 rss: 974Mb L: 9/8778 MS: 5 CMP-Custom-CustomCrossOver-CustomCrossOver-CustomCrossOver- DE: "select"-
#4076	NEW    cov: 1606 ft: 5837 corp: 379/83Kb lim: 65536 exec/s: 815 rss: 980Mb L: 18/8778 MS: 6 ChangeByte-Custom-CopyPart-Custom-ChangeByte-Custom-
#4080	NEW    cov: 1606 ft: 5837 corp: 380/83Kb lim: 65536 exec/s: 816 rss: 981Mb L: 9/8778 MS: 7 CustomCrossOver-ChangeBit-Custom-ChangeBinInt-Custom-ShuffleBytes-Custom-
#4082	NEW    cov: 1606 ft: 5837 corp: 380/83Kb lim: 65536 exec/s: 816 rss: 981Mb L: 23/8778 MS: 4 ManualDict-Custom-PersAutoDict-Custom- DE: "true"-"\001\000\000\000\000\000\000\017"-
#4093	NEW    cov: 1606 ft: 5837 corp: 380/83Kb lim: 65536 exec/s: 818 rss: 983Mb L: 16/8778 MS: 1 CustomCrossOver-
#4095	NEW    cov: 1606 ft: 5837 corp: 379/83Kb lim: 65536 exec/s: 819 rss: 984Mb L: 12/8778 MS: 4 InsertByte-Custom-InsertByte-Custom-
#4096	pulse  cov: 1606 ft: 5837 corp: 379/83Kb lim: 65536 exec/s: 819 rss: 984Mb
#4107	NEW    cov: 1606 ft: 5837 corp: 379/83Kb lim: 65536 exec/s: 821 rss: 986Mb L: 17/8778 MS: 4 EraseBytes-Custom-EraseBytes-Custom-
#4110	NEW    cov: 1606 ft: 5837 corp: 380/83Kb lim: 65536 exec/s: 822 rss: 987Mb L: 74/8778 MS: 5 CopyPart-Custom-ChangeBit-Custom-CustomCrossOver-
#4131	NEW    cov: 1606 ft: 5837 corp: 379/83Kb lim: 65536 exec/s: 826 rss: 992Mb L: 10/8778 MS: 2 PersAutoDict-Custom- DE: "PATH"-
#4168	NEW    cov: 1606 ft: 5837 corp: 379/83Kb lim: 65536 exec/s: 833 rss: 1001Mb L: 51/8778 MS: 4 PersAutoDict-Custom-ShuffleBytes-Custom- DE: "\000\032"-
#4171	NEW    cov: 1606 ft: 5837 corp: 379/83Kb lim: 65536 exec/s: 834 rss: 1001Mb L: 11/8778 MS: 6 PersAutoDict-Custom-PersAutoDict-Custom-ShuffleBytes-Custom- DE: "\000\001"-"missing"-
#4197	NEW    cov: 1606 ft: 5837 corp: 380/83Kb lim: 65536 exec/s: 839 rss: 1008Mb L: 40/8778 MS: 2 InsertRepeatedBytes-Custom-
#4201	NEW    cov: 1606 ft: 5837 corp: 380/83Kb lim: 65536 exec/s: 840 rss: 1009Mb L: 13/8778 MS: 7 CopyPart-Custom-CrossOver-Custom-CopyPart-Custom-CustomCrossOver-
#4207	NEW    cov: 1606 ft: 5837 corp: 380/83Kb lim: 65536 exec/s: 841 rss: 1010Mb L: 9/8778 MS: 2 InsertByte-Custom-
#4208	NEW    cov: 1606 ft: 5837 corp: 379/83Kb lim: 65536 exec/s: 841 rss: 1010Mb L: 8/8778 MS: 2 CMP-Custom- DE: "\000\000\000\000\000\000\000\017"-
#4216	NEW    cov: 1606 ft: 5837 corp: 379/83Kb lim: 65536 exec/s: 843 rss: 1012Mb L: 26/8778 MS: 6 EraseBytes-Custom-CMP-Custom-CMP-Custom- DE: "\377\377\377\377\377\377\377N"-"env"-
#4221	NEW    cov: 1606 ft: 5837 corp: 379/83Kb lim: 65536 exec/s: 844 rss: 1013Mb L: 65/8778 MS: 10 ShuffleBytes-Custom-CopyPart-Custom-CopyPart-Custom-InsertByte-Custom-PersAutoDict-Custom- DE: "beez.config"-
#4238	NEW    cov: 1606 ft: 5839 corp: 379/83Kb lim: 65536 exec/s: 847 rss: 1017Mb L: 112/8778 MS: 4 ChangeByte-Custom-InsertRepeatedBytes-Custom-
#4258	NEW    cov: 1606 ft: 5839 corp: 379/83Kb lim: 65536 exec/s: 851 rss: 1021Mb L: 30/8778 MS: 10 CMP-Custom-ShuffleBytes-Custom-CMP-Custom-PersAutoDict-Custom-CMP-Custom- DE: "\377\377\377\377\377\377\377\377"-";\000\000\000\000\000\000\000"-"\377\377\377\377\377\377\377\377"-"\377\023"-
#4260	NEW    cov: 1606 ft: 5839 corp: 379/83Kb lim: 65536 exec/s: 852 rss: 1021Mb L: 9/8778 MS: 2 CustomCrossOver-CustomCrossOver-
#4266	NEW    cov: 1606 ft: 5839 corp: 379/83Kb lim: 65536 exec/s: 853 rss: 1022Mb L: 18/8778 MS: 2 ChangeBit-Custom-
#4267	NEW    cov: 1606 ft: 5840 corp: 380/83Kb lim: 65536 exec/s: 853 rss: 1023Mb L: 34/8778 MS: 2 CopyPart-Custom-
#4272	NEW    cov: 1606 ft: 5841 corp: 381/83Kb lim: 65536 exec/s: 854 rss: 1024Mb L: 580/8778 MS: 10 ChangeByte-Custom-ChangeBinInt-Custom-CopyPart-Custom-ManualDict-Custom-InsertRepeatedBytes-Custom- DE: "already registered"-
#4293	NEW    cov: 1606 ft: 5841 corp: 380/83Kb lim: 65536 exec/s: 858 rss: 1029Mb L: 112/8778 MS: 2 EraseBytes-Custom-
#4304	NEW    cov: 1606 ft: 5841 corp: 380/83Kb lim: 65536 exec/s: 860 rss: 1031Mb L: 78/8778 MS: 2 CopyPart-Custom-
#4309	NEW    cov: 1606 ft: 5841 corp: 380/83Kb lim: 65536 exec/s: 861 rss: 1032Mb L: 227/8778 MS: 10 CMP-Custom-ChangeByte-Custom-InsertRepeatedBytes-Custom-CMP-Custom-EraseBytes-Custom- DE: "\000\000"-"\012\000\000\000\000\000\000\000"-
#4313	NEW    cov: 1606 ft: 5841 corp: 380/83Kb lim: 65536 exec/s: 862 rss: 1033Mb L: 6/8778 MS: 5 CustomCrossOver-CustomCrossOver-ShuffleBytes-Custom-CustomCrossOver-
#4314	NEW    cov: 1606 ft: 5842 corp: 380/83Kb lim: 65536 exec/s: 862 rss: 1033Mb L: 35/8778 MS: 2 InsertRepeatedBytes-Custom-
#4315	NEW    cov: 1606 ft: 5842 corp: 379/83Kb lim: 65536 exec/s: 863 rss: 1034Mb L: 6/8778 MS: 2 ChangeByte-Custom-
#4321	NEW    cov: 1606 ft: 5842 corp: 379/83Kb lim: 65536 exec/s: 864 rss: 1035Mb L: 16/8778 MS: 2 CMP-Custom- DE: "\011\000\000\000\000\000\000\000"-
#4327	NEW    cov: 1606 ft: 5842 corp: 378/83Kb lim: 65536 exec/s: 865 rss: 1036Mb L: 9/8778 MS: 2 CopyPart-Custom-
#4343	NEW    cov: 1606 ft: 5843 corp: 379/84Kb lim: 65536 exec/s: 868 rss: 1040Mb L: 1590/8778 MS: 2 InsertRepeatedBytes-Custom-
#4352	NEW    cov: 1606 ft: 5844 corp: 380/84Kb lim: 65536 exec/s: 870 rss: 1042Mb L: 277/8778 MS: 8 PersAutoDict-Custom-InsertByte-Custom-ChangeByte-Custom-EraseBytes-Custom- DE: "duplicate"-
#4385	NEW    cov: 1606 ft: 5844 corp: 381/84Kb lim: 65536 exec/s: 877 rss: 1050Mb L: 22/8778 MS: 6 EraseBytes-Custom-ChangeByte-Custom-ShuffleBytes-Custom-
#4432	NEW    cov: 1606 ft: 5844 corp: 381/84Kb lim: 65536 exec/s: 886 rss: 1060Mb L: 16/8778 MS: 4 InsertByte-Custom-CMP-Custom- DE: "sol."-
#4446	NEW    cov: 1606 ft: 5845 corp: 382/84Kb lim: 65536 exec/s: 889 rss: 1063Mb L: 61/8778 MS: 8 ShuffleBytes-Custom-CMP-Custom-ManualDict-Custom-InsertByte-Custom- DE: "\010\000\000\000\000\000\000\000"-"enabled"-
#4448	NEW    cov: 1606 ft: 5845 corp: 383/84Kb lim: 65536 exec/s: 889 rss: 1064Mb L: 7/8778 MS: 4 ChangeByte-Custom-EraseBytes-Custom-
#4459	NEW    cov: 1606 ft: 5845 corp: 380/84Kb lim: 65536 exec/s: 891 rss: 1066Mb L: 6/8778 MS: 2 ShuffleBytes-Custom-
#4994	RELOAD cov: 1606 ft: 5885 corp: 417/120Kb lim: 65536 exec/s: 832 rss: 1186Mb
#4999	NEW    cov: 1606 ft: 5886 corp: 418/120Kb lim: 65536 exec/s: 833 rss: 1187Mb L: 662/21292 MS: 10 ChangeBit-Custom-InsertByte-Custom-ShuffleBytes-Custom-InsertByte-Custom-CopyPart-Custom-
#5000	NEW    cov: 1606 ft: 5886 corp: 418/120Kb lim: 65536 exec/s: 833 rss: 1187Mb L: 10/21292 MS: 2 InsertByte-Custom-
#5017	NEW    cov: 1606 ft: 5886 corp: 418/120Kb lim: 65536 exec/s: 836 rss: 1191Mb L: 82/21292 MS: 4 ChangeBit-Custom-ManualDict-Custom- DE: "buildScriptPath"-
#5059	NEW    cov: 1606 ft: 5886 corp: 418/120Kb lim: 65536 exec/s: 843 rss: 1200Mb L: 9/21292 MS: 2 CustomCrossOver-CustomCrossOver-
#5070	NEW    cov: 1606 ft: 5886 corp: 418/120Kb lim: 65536 exec/s: 845 rss: 1202Mb L: 6/21292 MS: 2 ChangeBit-Custom-
#5071	NEW    cov: 1606 ft: 5886 corp: 418/120Kb lim: 65536 exec/s: 845 rss: 1203Mb L: 17/21292 MS: 1 CustomCrossOver-
#5077	NEW    cov: 1606 ft: 5886 corp: 418/120Kb lim: 65536 exec/s: 846 rss: 1204Mb L: 17/21292 MS: 2 ManualDict-Custom- DE: "gzip"-
#5078	NEW    cov: 1606 ft: 5886 corp: 419/120Kb lim: 65536 exec/s: 846 rss: 1204Mb L: 4/21292 MS: 2 ManualDict-Custom- DE: ")\""-
#5085	NEW    cov: 1606 ft: 5886 corp: 419/120Kb lim: 65536 exec/s: 847 rss: 1205Mb L: 7/21292 MS: 4 ShuffleBytes-Custom-InsertByte-Custom-
#5096	NEW    cov: 1606 ft: 5886 corp: 420/120Kb lim: 65536 exec/s: 849 rss: 1208Mb L: 13/21292 MS: 2 ManualDict-Custom- DE: "until"-
#5097	NEW    cov: 1606 ft: 5886 corp: 421/120Kb lim: 65536 exec/s: 849 rss: 1208Mb L: 4/21292 MS: 2 EraseBytes-Custom-
#5105	NEW    cov: 1606 ft: 5886 corp: 421/120Kb lim: 65536 exec/s: 850 rss: 1210Mb L: 23/21292 MS: 6 ChangeBinInt-Custom-ChangeByte-Custom-CopyPart-Custom-
#5141	NEW    cov: 1606 ft: 5886 corp: 421/120Kb lim: 65536 exec/s: 856 rss: 1218Mb L: 10/21292 MS: 2 ChangeBinInt-Custom-
#5148	NEW    cov: 1606 ft: 5887 corp: 422/121Kb lim: 65536 exec/s: 858 rss: 1220Mb L: 334/21292 MS: 4 ChangeBinInt-Custom-EraseBytes-Custom-
#5157	NEW    cov: 1606 ft: 5887 corp: 423/121Kb lim: 65536 exec/s: 859 rss: 1222Mb L: 13/21292 MS: 8 ChangeByte-Custom-InsertByte-Custom-ChangeByte-Custom-EraseBytes-Custom-
#5158	NEW    cov: 1606 ft: 5887 corp: 423/121Kb lim: 65536 exec/s: 859 rss: 1222Mb L: 16/21292 MS: 2 ChangeBit-Custom-
#5164	NEW    cov: 1606 ft: 5887 corp: 423/121Kb lim: 65536 exec/s: 860 rss: 1223Mb L: 5/21292 MS: 1 CustomCrossOver-
#5175	NEW    cov: 1606 ft: 5887 corp: 423/121Kb lim: 65536 exec/s: 862 rss: 1225Mb L: 4/21292 MS: 1 CustomCrossOver-
#5177	NEW    cov: 1606 ft: 5887 corp: 423/121Kb lim: 65536 exec/s: 862 rss: 1226Mb L: 17/21292 MS: 4 PersAutoDict-Custom-CMP-Custom- DE: "get"-"set"-
#5180	NEW    cov: 1606 ft: 5888 corp: 424/121Kb lim: 65536 exec/s: 863 rss: 1227Mb L: 68/21292 MS: 6 ChangeBinInt-Custom-InsertRepeatedBytes-Custom-ChangeBit-Custom-
#5186	NEW    cov: 1606 ft: 5888 corp: 424/121Kb lim: 65536 exec/s: 864 rss: 1228Mb L: 6/21292 MS: 2 ShuffleBytes-Custom-
#5193	NEW    cov: 1606 ft: 5888 corp: 424/121Kb lim: 65536 exec/s: 865 rss: 1229Mb L: 10/21292 MS: 4 CopyPart-Custom-InsertByte-Custom-
#5198	NEW    cov: 1606 ft: 5888 corp: 421/121Kb lim: 65536 exec/s: 866 rss: 1230Mb L: 4/21292 MS: 8 CustomCrossOver-InsertRepeatedBytes-Custom-InsertRepeatedBytes-Custom-EraseBytes-Custom-CustomCrossOver-
#5274	NEW    cov: 1606 ft: 5888 corp: 421/121Kb lim: 65536 exec/s: 879 rss: 1247Mb L: 4/21292 MS: 2 PersAutoDict-Custom- DE: "[["-
#5291	NEW    cov: 1606 ft: 5888 corp: 420/121Kb lim: 65536 exec/s: 881 rss: 1252Mb L: 18/21292 MS: 4 EraseBytes-Custom-PersAutoDict-Custom- DE: "merge"-
#5332	NEW    cov: 1606 ft: 5888 corp: 421/121Kb lim: 65536 exec/s: 888 rss: 1261Mb L: 98/21292 MS: 2 ManualDict-Custom- DE: "references"-
#5341	NEW    cov: 1606 ft: 5888 corp: 421/121Kb lim: 65536 exec/s: 890 rss: 1263Mb L: 31/21292 MS: 8 ChangeBinInt-Custom-CMP-Custom-EraseBytes-Custom-InsertRepeatedBytes-Custom- DE: "\377\377\377\005"-
#5345	NEW    cov: 1606 ft: 5888 corp: 420/120Kb lim: 65536 exec/s: 890 rss: 1265Mb L: 50/21292 MS: 8 PersAutoDict-Custom-InsertByte-Custom-PersAutoDict-Custom-CrossOver-Custom- DE: "\377\377\377\005"-"sol.\360\237\224\251"-
#5376	NEW    cov: 1606 ft: 5888 corp: 420/120Kb lim: 65536 exec/s: 896 rss: 1272Mb L: 6/21292 MS: 2 ChangeBinInt-Custom-
#5390	NEW    cov: 1606 ft: 5888 corp: 420/120Kb lim: 65536 exec/s: 898 rss: 1275Mb L: 5/21292 MS: 6 CustomCrossOver-PersAutoDict-Custom-EraseBytes-Custom-CustomCrossOver- DE: "env"-
#5391	NEW    cov: 1606 ft: 5888 corp: 421/120Kb lim: 65536 exec/s: 898 rss: 1275Mb L: 38/21292 MS: 2 ChangeBinInt-Custom-
#5429	NEW    cov: 1606 ft: 5888 corp: 422/120Kb lim: 65536 exec/s: 904 rss: 1284Mb L: 5/21292 MS: 5 CopyPart-Custom-ManualDict-Custom-CustomCrossOver- DE: "beez.env"-
#5433	NEW    cov: 1606 ft: 5888 corp: 422/120Kb lim: 65536 exec/s: 905 rss: 1285Mb L: 13/21292 MS: 6 CrossOver-Custom-CustomCrossOver-ChangeBit-Custom-CustomCrossOver-
#5434	NEW    cov: 1606 ft: 5888 corp: 422/120Kb lim: 65536 exec/s: 905 rss: 1285Mb L: 5/21292 MS: 2 InsertByte-Custom-
#5445	NEW    cov: 1606 ft: 5888 corp: 423/120Kb lim: 65536 exec/s: 907 rss: 1287Mb L: 5/21292 MS: 2 InsertByte-Custom-
#5458	NEW    cov: 1606 ft: 5888 corp: 421/120Kb lim: 65536 exec/s: 909 rss: 1291Mb L: 66/21292 MS: 6 EraseBytes-Custom-ShuffleBytes-Custom-PersAutoDict-Custom- DE: "init"-
#5469	NEW    cov: 1606 ft: 5888 corp: 421/120Kb lim: 65536 exec/s: 911 rss: 1293Mb L: 9/21292 MS: 2 PersAutoDict-Custom- DE: "PATH"-
#5472	NEW    cov: 1606 ft: 5888 corp: 422/120Kb lim: 65536 exec/s: 912 rss: 1294Mb L: 16/21292 MS: 6 ShuffleBytes-Custom-ChangeBinInt-Custom-EraseBytes-Custom-
#5473	NEW    cov: 1606 ft: 5888 corp: 423/120Kb lim: 65536 exec/s: 912 rss: 1294Mb L: 10/21292 MS: 2 ChangeByte-Custom-
#5474	NEW    cov: 1606 ft: 5888 corp: 423/120Kb lim: 65536 exec/s: 912 rss: 1294Mb L: 6/21292 MS: 2 ChangeByte-Custom-
#5481	NEW    cov: 1606 ft: 5951 corp: 424/121Kb lim: 65536 exec/s: 913 rss: 1296Mb L: 1039/21292 MS: 3 ChangeBit-Custom-CustomCrossOver-
#5490	NEW    cov: 1606 ft: 5951 corp: 424/121Kb lim: 65536 exec/s: 915 rss: 1298Mb L: 8/21292 MS: 7 InsertRepeatedBytes-Custom-ChangeASCIIInt-Custom-CustomCrossOver-CopyPart-Custom-
#5491	NEW    cov: 1606 ft: 5951 corp: 424/121Kb lim: 65536 exec/s: 915 rss: 1298Mb L: 25/21292 MS: 2 PersAutoDict-Custom- DE: "\377\377\377\377\377\377\377N"-
#5493	NEW    cov: 1606 ft: 5954 corp: 425/122Kb lim: 65536 exec/s: 915 rss: 1299Mb L: 497/21292 MS: 4 ChangeByte-Custom-ChangeByte-Custom-
#5512	NEW    cov: 1606 ft: 5955 corp: 426/127Kb lim: 65536 exec/s: 918 rss: 1303Mb L: 5188/21292 MS: 5 CustomCrossOver-ShuffleBytes-Custom-CustomCrossOver-CustomCrossOver-
#5550	NEW    cov: 1606 ft: 5955 corp: 427/127Kb lim: 65536 exec/s: 925 rss: 1311Mb L: 11/21292 MS: 6 PersAutoDict-Custom-PersAutoDict-Custom-EraseBytes-Custom- DE: "blocks"-"\377\377\377\377\377\377\377\377"-
#5560	NEW    cov: 1606 ft: 5956 corp: 428/127Kb lim: 65536 exec/s: 926 rss: 1313Mb L: 101/21292 MS: 10 CMP-Custom-CMP-Custom-PersAutoDict-Custom-InsertByte-Custom-PersAutoDict-Custom- DE: "\377\377\377\377\377\377\377\377"-"\377\377\377b"-"does-not-exist"-"\010\000\000\000"-
#5567	NEW    cov: 1606 ft: 5962 corp: 429/128Kb lim: 65536 exec/s: 927 rss: 1314Mb L: 768/21292 MS: 4 ChangeBinInt-Custom-ChangeBit-Custom-
#5579	NEW    cov: 1606 ft: 5962 corp: 430/128Kb lim: 65536 exec/s: 929 rss: 1317Mb L: 3/21292 MS: 4 ChangeBinInt-Custom-EraseBytes-Custom-
#5586	NEW    cov: 1606 ft: 5962 corp: 430/128Kb lim: 65536 exec/s: 931 rss: 1318Mb L: 275/21292 MS: 4 CopyPart-Custom-ChangeBinInt-Custom-
#5597	NEW    cov: 1606 ft: 5962 corp: 431/128Kb lim: 65536 exec/s: 932 rss: 1321Mb L: 6/21292 MS: 2 EraseBytes-Custom-
#5617	NEW    cov: 1606 ft: 5962 corp: 431/127Kb lim: 65536 exec/s: 936 rss: 1325Mb L: 627/21292 MS: 10 ChangeBit-Custom-InsertByte-Custom-ChangeASCIIInt-Custom-CopyPart-Custom-ChangeASCIIInt-Custom-
#5623	NEW    cov: 1606 ft: 5962 corp: 431/127Kb lim: 65536 exec/s: 937 rss: 1326Mb L: 24/21292 MS: 1 CustomCrossOver-
#5631	NEW    cov: 1606 ft: 5963 corp: 431/127Kb lim: 65536 exec/s: 938 rss: 1328Mb L: 136/21292 MS: 6 ShuffleBytes-Custom-InsertRepeatedBytes-Custom-InsertRepeatedBytes-Custom-
#5632	NEW    cov: 1606 ft: 5963 corp: 430/127Kb lim: 65536 exec/s: 938 rss: 1328Mb L: 5/21292 MS: 2 CopyPart-Custom-
#5641	NEW    cov: 1606 ft: 5963 corp: 430/125Kb lim: 65536 exec/s: 940 rss: 1330Mb L: 165/21292 MS: 8 InsertRepeatedBytes-Custom-ShuffleBytes-Custom-CMP-Custom-CopyPart-Custom- DE: "\017\000\000\000\000\000\000\000"-
#5651	NEW    cov: 1606 ft: 5966 corp: 431/125Kb lim: 65536 exec/s: 941 rss: 1332Mb L: 146/21292 MS: 8 InsertRepeatedBytes-Custom-CustomCrossOver-CMP-Custom-CustomCrossOver-ChangeBinInt-Custom- DE: "\006\000"-
#5653	NEW    cov: 1606 ft: 5967 corp: 432/126Kb lim: 65536 exec/s: 942 rss: 1333Mb L: 553/21292 MS: 4 ChangeBinInt-Custom-CopyPart-Custom-
#5657	NEW    cov: 1606 ft: 5967 corp: 432/126Kb lim: 65536 exec/s: 942 rss: 1334Mb L: 152/21292 MS: 6 CrossOver-Custom-CustomCrossOver-CustomCrossOver-EraseBytes-Custom-
#5659	NEW    cov: 1606 ft: 5967 corp: 432/126Kb lim: 65536 exec/s: 943 rss: 1334Mb L: 8/21292 MS: 2 CustomCrossOver-CustomCrossOver-
#5702	NEW    cov: 1606 ft: 5967 corp: 432/126Kb lim: 65536 exec/s: 950 rss: 1344Mb L: 323/21292 MS: 5 ShuffleBytes-Custom-CopyPart-Custom-CustomCrossOver-
#5703	NEW    cov: 1606 ft: 5967 corp: 432/126Kb lim: 65536 exec/s: 950 rss: 1344Mb L: 5/21292 MS: 2 EraseBytes-Custom-
#5704	NEW    cov: 1606 ft: 5967 corp: 432/126Kb lim: 65536 exec/s: 950 rss: 1345Mb L: 37/21292 MS: 2 EraseBytes-Custom-
#5795	NEW    cov: 1606 ft: 5967 corp: 432/126Kb lim: 65536 exec/s: 965 rss: 1366Mb L: 45/21292 MS: 2 EraseBytes-Custom-
#5796	NEW    cov: 1606 ft: 5967 corp: 432/126Kb lim: 65536 exec/s: 966 rss: 1367Mb L: 28/21292 MS: 2 ShuffleBytes-Custom-
#5833	NEW    cov: 1606 ft: 5967 corp: 432/125Kb lim: 65536 exec/s: 972 rss: 1375Mb L: 318/21292 MS: 4 ShuffleBytes-Custom-PersAutoDict-Custom- DE: "already registered"-
#5834	NEW    cov: 1606 ft: 5972 corp: 433/136Kb lim: 65536 exec/s: 972 rss: 1375Mb L: 10496/21292 MS: 2 CrossOver-Custom-
#5862	NEW    cov: 1606 ft: 5973 corp: 434/137Kb lim: 65536 exec/s: 977 rss: 1381Mb L: 1025/21292 MS: 4 CustomCrossOver-PersAutoDict-Custom-CustomCrossOver- DE: "globby"-
#5863	NEW    cov: 1606 ft: 5973 corp: 434/137Kb lim: 65536 exec/s: 977 rss: 1381Mb L: 4/21292 MS: 2 ShuffleBytes-Custom-
#5865	NEW    cov: 1606 ft: 5973 corp: 433/137Kb lim: 65536 exec/s: 977 rss: 1382Mb L: 4/21292 MS: 3 CrossOver-Custom-CustomCrossOver-
#5876	NEW    cov: 1606 ft: 5973 corp: 433/137Kb lim: 65536 exec/s: 839 rss: 1385Mb L: 5/21292 MS: 2 EraseBytes-Custom-
#6290	RELOAD cov: 1606 ft: 6007 corp: 451/174Kb lim: 65536 exec/s: 898 rss: 1478Mb
#6294	NEW    cov: 1606 ft: 6007 corp: 452/174Kb lim: 65536 exec/s: 899 rss: 1479Mb L: 3/28447 MS: 8 InsertByte-Custom-EraseBytes-Custom-ChangeBit-Custom-EraseBytes-Custom-
#6300	NEW    cov: 1606 ft: 6007 corp: 452/174Kb lim: 65536 exec/s: 900 rss: 1481Mb L: 3/28447 MS: 2 ChangeBinInt-Custom-
#6314	NEW    cov: 1606 ft: 6007 corp: 452/174Kb lim: 65536 exec/s: 902 rss: 1483Mb L: 7/28447 MS: 5 InsertRepeatedBytes-Custom-CustomCrossOver-CustomCrossOver-CustomCrossOver-
#6340	NEW    cov: 1606 ft: 6007 corp: 453/174Kb lim: 65536 exec/s: 905 rss: 1489Mb L: 5/28447 MS: 2 InsertByte-Custom-
#6345	NEW    cov: 1606 ft: 6008 corp: 453/174Kb lim: 65536 exec/s: 906 rss: 1490Mb L: 234/28447 MS: 10 ChangeBit-Custom-CopyPart-Custom-ManualDict-Custom-EraseBytes-Custom-ManualDict-Custom- DE: "errors"-"verbose"-
#6346	NEW    cov: 1606 ft: 6008 corp: 454/174Kb lim: 65536 exec/s: 906 rss: 1491Mb L: 8/28447 MS: 2 CopyPart-Custom-
#6363	NEW    cov: 1606 ft: 6009 corp: 455/174Kb lim: 65536 exec/s: 909 rss: 1495Mb L: 271/28447 MS: 4 ShuffleBytes-Custom-InsertByte-Custom-
#6421	NEW    cov: 1606 ft: 6009 corp: 454/173Kb lim: 65536 exec/s: 917 rss: 1507Mb L: 329/28447 MS: 5 ManualDict-Custom-CustomCrossOver-CMP-Custom- DE: "\\n"-"\377\017"-
#6428	NEW    cov: 1606 ft: 6009 corp: 452/172Kb lim: 65536 exec/s: 918 rss: 1509Mb L: 9/28447 MS: 4 ManualDict-Custom-CMP-Custom- DE: "cache"-"\377\377\377\036"-
#6435	NEW    cov: 1606 ft: 6009 corp: 452/172Kb lim: 65536 exec/s: 919 rss: 1511Mb L: 8/28447 MS: 4 ChangeByte-Custom-EraseBytes-Custom-
#6441	NEW    cov: 1606 ft: 6009 corp: 452/172Kb lim: 65536 exec/s: 920 rss: 1513Mb L: 25/28447 MS: 2 ChangeBinInt-Custom-
#6452	NEW    cov: 1606 ft: 6009 corp: 453/172Kb lim: 65536 exec/s: 921 rss: 1515Mb L: 2/28447 MS: 2 EraseBytes-Custom-
#6463	NEW    cov: 1606 ft: 6009 corp: 453/172Kb lim: 65536 exec/s: 923 rss: 1517Mb L: 799/28447 MS: 2 EraseBytes-Custom-
#6478	NEW    cov: 1606 ft: 6009 corp: 453/170Kb lim: 65536 exec/s: 925 rss: 1520Mb L: 4849/28447 MS: 10 ChangeByte-Custom-ChangeASCIIInt-Custom-PersAutoDict-Custom-InsertByte-Custom-InsertByte-Custom- DE: "run"-
#6496	NEW    cov: 1606 ft: 6009 corp: 454/170Kb lim: 65536 exec/s: 928 rss: 1524Mb L: 4/28447 MS: 6 InsertByte-Custom-ChangeByte-Custom-ChangeByte-Custom-
#6511	NEW    cov: 1606 ft: 6010 corp: 454/168Kb lim: 65536 exec/s: 930 rss: 1527Mb L: 641/28447 MS: 10 ChangeBit-Custom-InsertRepeatedBytes-Custom-PersAutoDict-Custom-ChangeBit-Custom-CMP-Custom- DE: "run_log"-"utc"-
#6527	NEW    cov: 1606 ft: 6010 corp: 454/168Kb lim: 65536 exec/s: 932 rss: 1531Mb L: 12/28447 MS: 2 ManualDict-Custom- DE: "task"-
#6562	NEW    cov: 1606 ft: 6010 corp: 454/168Kb lim: 65536 exec/s: 937 rss: 1538Mb L: 43/28447 MS: 10 InsertRepeatedBytes-Custom-PersAutoDict-Custom-ManualDict-Custom-ChangeBinInt-Custom-EraseBytes-Custom- DE: "\377\377\377\005"-"0x"-
#6564	NEW    cov: 1606 ft: 6010 corp: 454/168Kb lim: 65536 exec/s: 937 rss: 1539Mb L: 2194/28447 MS: 4 InsertRepeatedBytes-Custom-ChangeByte-Custom-
#6566	NEW    cov: 1606 ft: 6011 corp: 455/168Kb lim: 65536 exec/s: 938 rss: 1540Mb L: 31/28447 MS: 4 ShuffleBytes-Custom-ShuffleBytes-Custom-
#6571	NEW    cov: 1606 ft: 6011 corp: 455/168Kb lim: 65536 exec/s: 938 rss: 1541Mb L: 43/28447 MS: 9 ChangeByte-Custom-ChangeByte-Custom-ChangeByte-Custom-PersAutoDict-Custom-CustomCrossOver- DE: "cache"-
#6597	NEW    cov: 1606 ft: 6011 corp: 455/168Kb lim: 65536 exec/s: 942 rss: 1546Mb L: 12/28447 MS: 2 EraseBytes-Custom-
#6599	NEW    cov: 1606 ft: 6011 corp: 455/168Kb lim: 65536 exec/s: 942 rss: 1546Mb L: 6/28447 MS: 4 ChangeBinInt-Custom-ChangeBit-Custom-
#6614	NEW    cov: 1606 ft: 6011 corp: 455/168Kb lim: 65536 exec/s: 944 rss: 1549Mb L: 8/28447 MS: 10 ManualDict-Custom-CopyPart-Custom-ChangeBinInt-Custom-EraseBytes-Custom-ChangeByte-Custom- DE: "[["-
#6646	NEW    cov: 1606 ft: 6011 corp: 455/168Kb lim: 65536 exec/s: 949 rss: 1557Mb L: 8/28447 MS: 4 ShuffleBytes-Custom-ShuffleBytes-Custom-
#6657	NEW    cov: 1606 ft: 6011 corp: 455/168Kb lim: 65536 exec/s: 951 rss: 1559Mb L: 2/28447 MS: 1 CustomCrossOver-
#6687	NEW    cov: 1606 ft: 6015 corp: 456/169Kb lim: 65536 exec/s: 955 rss: 1566Mb L: 662/28447 MS: 10 InsertByte-Custom-CopyPart-Custom-EraseBytes-Custom-ChangeASCIIInt-Custom-InsertByte-Custom-
#6688	NEW    cov: 1606 ft: 6015 corp: 454/169Kb lim: 65536 exec/s: 955 rss: 1566Mb L: 6/28447 MS: 1 CustomCrossOver-
#6709	NEW    cov: 1606 ft: 6015 corp: 453/169Kb lim: 65536 exec/s: 958 rss: 1571Mb L: 3/28447 MS: 1 CustomCrossOver-
#6714	NEW    cov: 1606 ft: 6016 corp: 454/169Kb lim: 65536 exec/s: 959 rss: 1572Mb L: 40/28447 MS: 10 ChangeBinInt-Custom-ChangeBit-Custom-ChangeBinInt-Custom-CopyPart-Custom-InsertRepeatedBytes-Custom-
#6739	NEW    cov: 1606 ft: 6016 corp: 454/169Kb lim: 65536 exec/s: 962 rss: 1577Mb L: 9/28447 MS: 7 CustomCrossOver-CustomCrossOver-ChangeBinInt-Custom-ChangeByte-Custom-CustomCrossOver-
#6740	NEW    cov: 1606 ft: 6016 corp: 453/169Kb lim: 65536 exec/s: 962 rss: 1577Mb L: 4/28447 MS: 1 CustomCrossOver-
#6763	NEW    cov: 1606 ft: 6016 corp: 453/169Kb lim: 65536 exec/s: 845 rss: 1582Mb L: 71/28447 MS: 6 CopyPart-Custom-ChangeBit-Custom-EraseBytes-Custom-
#6768	NEW    cov: 1606 ft: 6016 corp: 453/169Kb lim: 65536 exec/s: 846 rss: 1583Mb L: 7/28447 MS: 7 CustomCrossOver-CustomCrossOver-ManualDict-Custom-CustomCrossOver-ShuffleBytes-Custom- DE: "crc32"-
#6769	NEW    cov: 1606 ft: 6016 corp: 454/169Kb lim: 65536 exec/s: 846 rss: 1584Mb L: 15/28447 MS: 2 CMP-Custom- DE: "\024\000\000\000\003\000\000\000"-
#6770	NEW    cov: 1606 ft: 6016 corp: 454/169Kb lim: 65536 exec/s: 846 rss: 1584Mb L: 69/28447 MS: 2 InsertByte-Custom-
#6776	NEW    cov: 1606 ft: 6016 corp: 453/169Kb lim: 65536 exec/s: 847 rss: 1585Mb L: 4/28447 MS: 2 ShuffleBytes-Custom-
#6780	NEW    cov: 1606 ft: 6016 corp: 454/169Kb lim: 65536 exec/s: 847 rss: 1586Mb L: 132/28447 MS: 8 EraseBytes-Custom-ManualDict-Custom-ChangeBinInt-Custom-InsertRepeatedBytes-Custom- DE: "theme"-
#6784	NEW    cov: 1606 ft: 6016 corp: 455/169Kb lim: 65536 exec/s: 848 rss: 1587Mb L: 8/28447 MS: 6 CustomCrossOver-ManualDict-Custom-ShuffleBytes-Custom-CustomCrossOver- DE: "hide_cache_hits"-
#6787	NEW    cov: 1606 ft: 6016 corp: 455/169Kb lim: 65536 exec/s: 848 rss: 1588Mb L: 17/28447 MS: 4 CMP-Custom-CustomCrossOver-CustomCrossOver- DE: "\027\000"-
#6808	NEW    cov: 1606 ft: 6016 corp: 453/169Kb lim: 65536 exec/s: 851 rss: 1592Mb L: 5/28447 MS: 2 CopyPart-Custom-
#6864	NEW    cov: 1606 ft: 6016 corp: 453/169Kb lim: 65536 exec/s: 858 rss: 1606Mb L: 3/28447 MS: 1 CustomCrossOver-
#6870	NEW    cov: 1606 ft: 6016 corp: 453/169Kb lim: 65536 exec/s: 858 rss: 1607Mb L: 3/28447 MS: 2 ChangeBit-Custom-
#6916	NEW    cov: 1606 ft: 6016 corp: 452/169Kb lim: 65536 exec/s: 864 rss: 1618Mb L: 4/28447 MS: 1 CustomCrossOver-
#6917	NEW    cov: 1606 ft: 6016 corp: 452/169Kb lim: 65536 exec/s: 864 rss: 1618Mb L: 9/28447 MS: 2 ChangeBit-Custom-
#6933	NEW    cov: 1606 ft: 6016 corp: 451/169Kb lim: 65536 exec/s: 866 rss: 1621Mb L: 3/28447 MS: 2 ChangeBit-Custom-
#7007	NEW    cov: 1606 ft: 6016 corp: 451/169Kb lim: 65536 exec/s: 875 rss: 1639Mb L: 47/28447 MS: 6 CustomCrossOver-CustomCrossOver-InsertRepeatedBytes-Custom-CMP-Custom- DE: "\001\000\000\000\000\000\000\000"-
#7009	NEW    cov: 1606 ft: 6016 corp: 451/169Kb lim: 65536 exec/s: 876 rss: 1640Mb L: 6/28447 MS: 4 CopyPart-Custom-EraseBytes-Custom-
#7028	NEW    cov: 1606 ft: 6016 corp: 452/169Kb lim: 65536 exec/s: 878 rss: 1644Mb L: 11/28447 MS: 5 CustomCrossOver-CustomCrossOver-CustomCrossOver-EraseBytes-Custom-
#7036	NEW    cov: 1606 ft: 6016 corp: 452/169Kb lim: 65536 exec/s: 879 rss: 1646Mb L: 17/28447 MS: 6 ShuffleBytes-Custom-ChangeByte-Custom-InsertByte-Custom-
#7038	NEW    cov: 1606 ft: 6016 corp: 452/169Kb lim: 65536 exec/s: 879 rss: 1646Mb L: 5/28447 MS: 4 EraseBytes-Custom-EraseBytes-Custom-
#7050	NEW    cov: 1606 ft: 6016 corp: 452/168Kb lim: 65536 exec/s: 881 rss: 1649Mb L: 4658/28447 MS: 4 PersAutoDict-Custom-EraseBytes-Custom- DE: "temp"-
#7071	NEW    cov: 1606 ft: 6016 corp: 452/168Kb lim: 65536 exec/s: 883 rss: 1654Mb L: 7/28447 MS: 2 ChangeByte-Custom-
#7093	NEW    cov: 1606 ft: 6016 corp: 452/168Kb lim: 65536 exec/s: 886 rss: 1659Mb L: 512/28447 MS: 3 CustomCrossOver-EraseBytes-Custom-
#7144	NEW    cov: 1606 ft: 6016 corp: 451/168Kb lim: 65536 exec/s: 893 rss: 1670Mb L: 8/28447 MS: 1 CustomCrossOver-
#7160	NEW    cov: 1606 ft: 6016 corp: 451/168Kb lim: 65536 exec/s: 895 rss: 1674Mb L: 45/28447 MS: 2 ChangeBit-Custom-
#7171	NEW    cov: 1606 ft: 6016 corp: 451/168Kb lim: 65536 exec/s: 896 rss: 1676Mb L: 7/28447 MS: 2 ChangeByte-Custom-
#7569	RELOAD cov: 1607 ft: 6059 corp: 483/341Kb lim: 65536 exec/s: 946 rss: 1766Mb
#7573	NEW    cov: 1607 ft: 6059 corp: 483/341Kb lim: 65536 exec/s: 946 rss: 1766Mb L: 25/51121 MS: 7 ChangeBinInt-Custom-ChangeBinInt-Custom-CustomCrossOver-ShuffleBytes-Custom-
#7619	NEW    cov: 1607 ft: 6059 corp: 483/341Kb lim: 65536 exec/s: 952 rss: 1777Mb L: 2/51121 MS: 2 EraseBytes-Custom-
#7622	NEW    cov: 1607 ft: 6059 corp: 484/345Kb lim: 65536 exec/s: 952 rss: 1777Mb L: 4663/51121 MS: 6 InsertRepeatedBytes-Custom-CopyPart-Custom-ChangeBinInt-Custom-
#7623	NEW    cov: 1607 ft: 6059 corp: 485/345Kb lim: 65536 exec/s: 952 rss: 1778Mb L: 9/51121 MS: 1 CustomCrossOver-
#7663	NEW    cov: 1607 ft: 6059 corp: 486/346Kb lim: 65536 exec/s: 851 rss: 1787Mb L: 253/51121 MS: 10 ShuffleBytes-Custom-ChangeByte-Custom-ChangeBinInt-Custom-CopyPart-Custom-CopyPart-Custom-
#7665	NEW    cov: 1607 ft: 6059 corp: 486/346Kb lim: 65536 exec/s: 851 rss: 1787Mb L: 136/51121 MS: 4 ChangeBinInt-Custom-InsertRepeatedBytes-Custom-
#7676	NEW    cov: 1607 ft: 6059 corp: 487/346Kb lim: 65536 exec/s: 852 rss: 1789Mb L: 2/51121 MS: 2 EraseBytes-Custom-
#7683	NEW    cov: 1607 ft: 6059 corp: 488/346Kb lim: 65536 exec/s: 853 rss: 1791Mb L: 2/51121 MS: 4 CMP-Custom-EraseBytes-Custom- DE: "\022\000"-
#7719	NEW    cov: 1607 ft: 6059 corp: 488/346Kb lim: 65536 exec/s: 857 rss: 1799Mb L: 3/51121 MS: 2 ChangeBit-Custom-
#7730	NEW    cov: 1607 ft: 6059 corp: 488/346Kb lim: 65536 exec/s: 858 rss: 1802Mb L: 6/51121 MS: 2 ChangeByte-Custom-
#7741	NEW    cov: 1607 ft: 6059 corp: 489/346Kb lim: 65536 exec/s: 860 rss: 1804Mb L: 29/51121 MS: 1 CustomCrossOver-
#7753	NEW    cov: 1607 ft: 6059 corp: 488/345Kb lim: 65536 exec/s: 861 rss: 1807Mb L: 8/51121 MS: 3 CustomCrossOver-ChangeBit-Custom-
#7766	NEW    cov: 1607 ft: 6059 corp: 488/345Kb lim: 65536 exec/s: 862 rss: 1810Mb L: 57/51121 MS: 6 PersAutoDict-Custom-CMP-Custom-ManualDict-Custom- DE: "errors"-"\000\000\000\000\000\000\000\000"-"beez_fuzz_junk"-
#7769	NEW    cov: 1607 ft: 6059 corp: 489/345Kb lim: 65536 exec/s: 863 rss: 1810Mb L: 36/51121 MS: 6 CopyPart-Custom-PersAutoDict-Custom-InsertByte-Custom- DE: "buildScriptPath"-
#7770	NEW    cov: 1607 ft: 6059 corp: 489/345Kb lim: 65536 exec/s: 863 rss: 1811Mb L: 7/51121 MS: 2 CrossOver-Custom-
#7781	NEW    cov: 1607 ft: 6059 corp: 490/345Kb lim: 65536 exec/s: 864 rss: 1813Mb L: 6/51121 MS: 2 InsertByte-Custom-
#7797	NEW    cov: 1607 ft: 6059 corp: 490/345Kb lim: 65536 exec/s: 866 rss: 1816Mb L: 55/51121 MS: 2 ChangeBit-Custom-
#7804	NEW    cov: 1607 ft: 6059 corp: 490/345Kb lim: 65536 exec/s: 867 rss: 1818Mb L: 44/51121 MS: 4 CopyPart-Custom-CMP-Custom- DE: "\001\000\000\000\000\000\000g"-
#7826	NEW    cov: 1607 ft: 6059 corp: 490/345Kb lim: 65536 exec/s: 869 rss: 1823Mb L: 45/51121 MS: 4 ChangeBit-Custom-ManualDict-Custom- DE: "fnv1a32"-
#7866	NEW    cov: 1607 ft: 6059 corp: 490/345Kb lim: 65536 exec/s: 874 rss: 1832Mb L: 3/51121 MS: 7 CopyPart-Custom-EraseBytes-Custom-CustomCrossOver-CustomCrossOver-CustomCrossOver-
#7883	NEW    cov: 1607 ft: 6059 corp: 490/345Kb lim: 65536 exec/s: 875 rss: 1835Mb L: 3/51121 MS: 4 ChangeBit-Custom-ChangeByte-Custom-
#7887	NEW    cov: 1607 ft: 6059 corp: 490/345Kb lim: 65536 exec/s: 876 rss: 1836Mb L: 4/51121 MS: 6 CopyPart-Custom-CustomCrossOver-EraseBytes-Custom-CustomCrossOver-
#7888	NEW    cov: 1607 ft: 6063 corp: 491/350Kb lim: 65536 exec/s: 876 rss: 1837Mb L: 5143/51121 MS: 2 InsertByte-Custom-
#7891	NEW    cov: 1607 ft: 6063 corp: 491/350Kb lim: 65536 exec/s: 876 rss: 1837Mb L: 12/51121 MS: 3 CustomCrossOver-CustomCrossOver-CustomCrossOver-
#7892	NEW    cov: 1609 ft: 6067 corp: 492/350Kb lim: 65536 exec/s: 876 rss: 1837Mb L: 1/51121 MS: 2 EraseBytes-Custom-
#7908	NEW    cov: 1609 ft: 6067 corp: 492/350Kb lim: 65536 exec/s: 878 rss: 1841Mb L: 48/51121 MS: 2 InsertRepeatedBytes-Custom-
#7909	NEW    cov: 1609 ft: 6067 corp: 492/333Kb lim: 65536 exec/s: 878 rss: 1841Mb L: 21/51121 MS: 2 ChangeASCIIInt-Custom-
#7912	NEW    cov: 1609 ft: 6067 corp: 492/333Kb lim: 65536 exec/s: 879 rss: 1842Mb L: 13/51121 MS: 6 ManualDict-Custom-CMP-Custom-ChangeByte-Custom- DE: "code"-"utc"-
#7913	NEW    cov: 1609 ft: 6067 corp: 490/333Kb lim: 65536 exec/s: 879 rss: 1842Mb L: 2/51121 MS: 2 ChangeByte-Custom-
#7914	NEW    cov: 1609 ft: 6071 corp: 488/333Kb lim: 65536 exec/s: 879 rss: 1843Mb L: 8/51121 MS: 2 ChangeBit-Custom-
#7925	NEW    cov: 1609 ft: 6071 corp: 488/333Kb lim: 65536 exec/s: 880 rss: 1845Mb L: 6/51121 MS: 2 PersAutoDict-Custom- DE: "\\n"-
#7931	NEW    cov: 1609 ft: 6071 corp: 488/333Kb lim: 65536 exec/s: 881 rss: 1846Mb L: 3/51121 MS: 2 EraseBytes-Custom-
#7938	NEW    cov: 1609 ft: 6071 corp: 488/333Kb lim: 65536 exec/s: 882 rss: 1848Mb L: 6/51121 MS: 4 ShuffleBytes-Custom-EraseBytes-Custom-
#7940	NEW    cov: 1609 ft: 6071 corp: 488/333Kb lim: 65536 exec/s: 882 rss: 1848Mb L: 3/51121 MS: 4 CMP-Custom-CopyPart-Custom- DE: "tri"-
#7981	NEW    cov: 1609 ft: 6071 corp: 488/333Kb lim: 65536 exec/s: 886 rss: 1857Mb L: 4/51121 MS: 2 EraseBytes-Custom-
#7983	NEW    cov: 1609 ft: 6071 corp: 486/332Kb lim: 65536 exec/s: 887 rss: 1858Mb L: 7/51121 MS: 4 ShuffleBytes-Custom-ChangeBit-Custom-
#7994	NEW    cov: 1609 ft: 6071 corp: 487/332Kb lim: 65536 exec/s: 888 rss: 1860Mb L: 3/51121 MS: 2 EraseBytes-Custom-
#8015	NEW    cov: 1609 ft: 6071 corp: 488/332Kb lim: 65536 exec/s: 890 rss: 1865Mb L: 9/51121 MS: 1 CustomCrossOver-
#8021	NEW    cov: 1609 ft: 6071 corp: 489/332Kb lim: 65536 exec/s: 891 rss: 1867Mb L: 2/51121 MS: 2 ChangeByte-Custom-
#8064	NEW    cov: 1609 ft: 6071 corp: 490/332Kb lim: 65536 exec/s: 896 rss: 1876Mb L: 3/51121 MS: 3 CustomCrossOver-CustomCrossOver-CustomCrossOver-
#8069	NEW    cov: 1609 ft: 6071 corp: 490/332Kb lim: 65536 exec/s: 896 rss: 1878Mb L: 9/51121 MS: 10 PersAutoDict-Custom-ManualDict-Custom-ShuffleBytes-Custom-ManualDict-Custom-ChangeBit-Custom- DE: "["-"orphan"-"vault"-
#8100	NEW    cov: 1609 ft: 6071 corp: 489/332Kb lim: 65536 exec/s: 900 rss: 1885Mb L: 135/51121 MS: 2 InsertRepeatedBytes-Custom-
#8105	NEW    cov: 1609 ft: 6071 corp: 489/332Kb lim: 65536 exec/s: 900 rss: 1886Mb L: 6/51121 MS: 8 CopyPart-Custom-CustomCrossOver-CMP-Custom-CustomCrossOver-ShuffleBytes-Custom- DE: "\377\000"-
#8106	NEW    cov: 1609 ft: 6071 corp: 490/332Kb lim: 65536 exec/s: 900 rss: 1886Mb L: 2/51121 MS: 2 ShuffleBytes-Custom-
#8114	NEW    cov: 1609 ft: 6071 corp: 490/329Kb lim: 65536 exec/s: 901 rss: 1888Mb L: 11137/51121 MS: 6 ManualDict-Custom-InsertByte-Custom-InsertByte-Custom- DE: "setGcThroughputMode"-
#8139	NEW    cov: 1609 ft: 6071 corp: 490/329Kb lim: 65536 exec/s: 904 rss: 1893Mb L: 2/51121 MS: 7 CustomCrossOver-CustomCrossOver-CustomCrossOver-ChangeByte-Custom-ChangeByte-Custom-
#8151	NEW    cov: 1609 ft: 6071 corp: 491/329Kb lim: 65536 exec/s: 905 rss: 1896Mb L: 3/51121 MS: 4 EraseBytes-Custom-ChangeByte-Custom-
#8191	NEW    cov: 1609 ft: 6071 corp: 491/329Kb lim: 65536 exec/s: 910 rss: 1905Mb L: 1044/51121 MS: 10 ShuffleBytes-Custom-CopyPart-Custom-PersAutoDict-Custom-ManualDict-Custom-EraseBytes-Custom- DE: "\022\000"-"~="-
#8192	pulse  cov: 1609 ft: 6071 corp: 491/329Kb lim: 65536 exec/s: 910 rss: 1905Mb
#8217	NEW    cov: 1609 ft: 6071 corp: 490/329Kb lim: 65536 exec/s: 913 rss: 1911Mb L: 4/51121 MS: 2 ChangeBit-Custom-
#8253	NEW    cov: 1609 ft: 6071 corp: 491/329Kb lim: 65536 exec/s: 917 rss: 1919Mb L: 4/51121 MS: 2 ChangeBinInt-Custom-
#8270	NEW    cov: 1609 ft: 6072 corp: 491/322Kb lim: 65536 exec/s: 918 rss: 1923Mb L: 4093/51121 MS: 4 CMP-Custom-EraseBytes-Custom- DE: "\000\000\000\005"-
#8272	NEW    cov: 1609 ft: 6072 corp: 491/322Kb lim: 65536 exec/s: 919 rss: 1924Mb L: 3/51121 MS: 2 CustomCrossOver-CustomCrossOver-
#8294	NEW    cov: 1609 ft: 6072 corp: 491/322Kb lim: 65536 exec/s: 921 rss: 1929Mb L: 1533/51121 MS: 3 CopyPart-Custom-CustomCrossOver-
#8305	NEW    cov: 1609 ft: 6072 corp: 491/321Kb lim: 65536 exec/s: 922 rss: 1931Mb L: 321/51121 MS: 2 PersAutoDict-Custom- DE: "utc"-
#8306	NEW    cov: 1609 ft: 6072 corp: 491/321Kb lim: 65536 exec/s: 922 rss: 1931Mb L: 117/51121 MS: 2 CMP-Custom- DE: "\000\000\000\000\000\000\000\000"-
#8312	NEW    cov: 1609 ft: 6072 corp: 491/321Kb lim: 65536 exec/s: 923 rss: 1932Mb L: 2/51121 MS: 2 InsertByte-Custom-
#8358	NEW    cov: 1609 ft: 6072 corp: 491/321Kb lim: 65536 exec/s: 928 rss: 1942Mb L: 7/51121 MS: 1 CustomCrossOver-
#8361	NEW    cov: 1609 ft: 6073 corp: 492/321Kb lim: 65536 exec/s: 929 rss: 1943Mb L: 91/51121 MS: 5 InsertRepeatedBytes-Custom-ChangeByte-Custom-CustomCrossOver-
#8377	NEW    cov: 1609 ft: 6073 corp: 492/321Kb lim: 65536 exec/s: 930 rss: 1946Mb L: 532/51121 MS: 2 EraseBytes-Custom-
#8393	NEW    cov: 1609 ft: 6073 corp: 492/321Kb lim: 65536 exec/s: 932 rss: 1950Mb L: 5/51121 MS: 2 ShuffleBytes-Custom-
#8399	NEW    cov: 1609 ft: 6073 corp: 493/321Kb lim: 65536 exec/s: 933 rss: 1951Mb L: 10/51121 MS: 2 ChangeBit-Custom-
#8406	NEW    cov: 1609 ft: 6073 corp: 494/321Kb lim: 65536 exec/s: 934 rss: 1952Mb L: 3/51121 MS: 3 ChangeBit-Custom-CustomCrossOver-
#8417	NEW    cov: 1609 ft: 6073 corp: 495/321Kb lim: 65536 exec/s: 935 rss: 1955Mb L: 2/51121 MS: 2 ChangeByte-Custom-
#8428	NEW    cov: 1609 ft: 6074 corp: 496/321Kb lim: 65536 exec/s: 936 rss: 1957Mb L: 322/51121 MS: 2 CopyPart-Custom-
#8434	NEW    cov: 1609 ft: 6141 corp: 497/322Kb lim: 65536 exec/s: 937 rss: 1959Mb L: 944/51121 MS: 2 ManualDict-Custom- DE: "fnv1a32"-
#8442	NEW    cov: 1609 ft: 6141 corp: 497/322Kb lim: 65536 exec/s: 938 rss: 1961Mb L: 6/51121 MS: 5 InsertByte-Custom-CMP-Custom-CustomCrossOver- DE: "temp"-
#8757	RELOAD cov: 1609 ft: 6151 corp: 505/369Kb lim: 65536 exec/s: 875 rss: 2030Mb
#8812	NEW    cov: 1609 ft: 6151 corp: 505/368Kb lim: 65536 exec/s: 881 rss: 2043Mb L: 263/61977 MS: 9 CrossOver-Custom-InsertRepeatedBytes-Custom-CustomCrossOver-InsertRepeatedBytes-Custom-CopyPart-Custom-
#8825	NEW    cov: 1609 ft: 6151 corp: 505/368Kb lim: 65536 exec/s: 882 rss: 2046Mb L: 6/61977 MS: 6 InsertByte-Custom-ChangeBit-Custom-ChangeBit-Custom-
#8887	NEW    cov: 1609 ft: 6151 corp: 506/368Kb lim: 65536 exec/s: 888 rss: 2059Mb L: 4/61977 MS: 4 InsertByte-Custom-ShuffleBytes-Custom-
#8891	NEW    cov: 1609 ft: 6151 corp: 506/368Kb lim: 65536 exec/s: 889 rss: 2061Mb L: 98/61977 MS: 8 EraseBytes-Custom-ManualDict-Custom-EraseBytes-Custom-InsertRepeatedBytes-Custom- DE: "NOLINT"-
#8899	NEW    cov: 1609 ft: 6151 corp: 507/368Kb lim: 65536 exec/s: 889 rss: 2062Mb L: 587/61977 MS: 6 ShuffleBytes-Custom-ShuffleBytes-Custom-InsertRepeatedBytes-Custom-
#8910	NEW    cov: 1609 ft: 6151 corp: 507/368Kb lim: 65536 exec/s: 891 rss: 2065Mb L: 130/61977 MS: 2 InsertRepeatedBytes-Custom-
#8941	NEW    cov: 1609 ft: 6152 corp: 508/418Kb lim: 65536 exec/s: 894 rss: 2072Mb L: 51121/61977 MS: 2 ChangeASCIIInt-Custom-
#8942	NEW    cov: 1609 ft: 6152 corp: 507/418Kb lim: 65536 exec/s: 894 rss: 2073Mb L: 262/61977 MS: 1 CustomCrossOver-
#8986	NEW    cov: 1609 ft: 6152 corp: 507/418Kb lim: 65536 exec/s: 898 rss: 2082Mb L: 17/61977 MS: 8 CopyPart-Custom-CopyPart-Custom-ManualDict-Custom-ChangeBit-Custom- DE: ">"-
#8992	NEW    cov: 1609 ft: 6152 corp: 508/418Kb lim: 65536 exec/s: 899 rss: 2083Mb L: 3/61977 MS: 2 EraseBytes-Custom-
#8995	NEW    cov: 1609 ft: 6152 corp: 508/418Kb lim: 65536 exec/s: 899 rss: 2084Mb L: 22/61977 MS: 6 CopyPart-Custom-PersAutoDict-Custom-InsertRepeatedBytes-Custom- DE: "\377\377\377\005"-
#9007	NEW    cov: 1609 ft: 6152 corp: 509/418Kb lim: 65536 exec/s: 900 rss: 2087Mb L: 23/61977 MS: 4 InsertByte-Custom-InsertByte-Custom-
#9012	NEW    cov: 1609 ft: 6152 corp: 509/418Kb lim: 65536 exec/s: 901 rss: 2088Mb L: 129/61977 MS: 10 InsertRepeatedBytes-Custom-ManualDict-Custom-ManualDict-Custom-ShuffleBytes-Custom-InsertRepeatedBytes-Custom- DE: "999999"-"stress"-
#9018	NEW    cov: 1609 ft: 6152 corp: 509/418Kb lim: 65536 exec/s: 901 rss: 2090Mb L: 56/61977 MS: 2 PersAutoDict-Custom- DE: "beez.config"-
#9021	NEW    cov: 1609 ft: 6152 corp: 509/418Kb lim: 65536 exec/s: 902 rss: 2090Mb L: 4489/61977 MS: 6 PersAutoDict-Custom-ChangeBinInt-Custom-EraseBytes-Custom- DE: "vars"-
#9030	NEW    cov: 1609 ft: 6153 corp: 510/418Kb lim: 65536 exec/s: 903 rss: 2092Mb L: 97/61977 MS: 8 CMP-Custom-ManualDict-Custom-ChangeByte-Custom-CopyPart-Custom- DE: "\377\000"-"\037"-
#9031	NEW    cov: 1609 ft: 6153 corp: 510/418Kb lim: 65536 exec/s: 903 rss: 2093Mb L: 2/61977 MS: 2 ChangeBinInt-Custom-
#9049	NEW    cov: 1609 ft: 6153 corp: 510/418Kb lim: 65536 exec/s: 904 rss: 2097Mb L: 4/61977 MS: 6 ShuffleBytes-Custom-ChangeBit-Custom-InsertByte-Custom-
#9059	NEW    cov: 1609 ft: 6153 corp: 510/418Kb lim: 65536 exec/s: 905 rss: 2099Mb L: 24/61977 MS: 10 ShuffleBytes-Custom-ChangeByte-Custom-PersAutoDict-Custom-ManualDict-Custom-EraseBytes-Custom- DE: "\026\000\000\000\003\000\000\000"-"temp_directory_path"-
#9073	NEW    cov: 1609 ft: 6153 corp: 511/418Kb lim: 65536 exec/s: 907 rss: 2103Mb L: 3/61977 MS: 8 ChangeBinInt-Custom-PersAutoDict-Custom-EraseBytes-Custom-EraseBytes-Custom- DE: "\\n"-
#9074	NEW    cov: 1609 ft: 6153 corp: 511/418Kb lim: 65536 exec/s: 907 rss: 2103Mb L: 56/61977 MS: 2 CMP-Custom- DE: "\000\000\000\000\000\000\000\000"-
#9090	NEW    cov: 1609 ft: 6153 corp: 512/418Kb lim: 65536 exec/s: 909 rss: 2107Mb L: 1/61977 MS: 2 EraseBytes-Custom-
#9101	NEW    cov: 1609 ft: 6153 corp: 511/418Kb lim: 65536 exec/s: 910 rss: 2109Mb L: 2/61977 MS: 2 ShuffleBytes-Custom-
#9102	NEW    cov: 1609 ft: 6153 corp: 511/418Kb lim: 65536 exec/s: 910 rss: 2109Mb L: 4639/61977 MS: 1 CustomCrossOver-
#9148	NEW    cov: 1609 ft: 6153 corp: 512/418Kb lim: 65536 exec/s: 914 rss: 2120Mb L: 3/61977 MS: 2 ChangeBit-Custom-
#9160	NEW    cov: 1609 ft: 6153 corp: 512/418Kb lim: 65536 exec/s: 916 rss: 2123Mb L: 5/61977 MS: 4 ChangeBinInt-Custom-ChangeBinInt-Custom-
#9182	NEW    cov: 1609 ft: 6153 corp: 512/418Kb lim: 65536 exec/s: 918 rss: 2127Mb L: 4/61977 MS: 3 ChangeBinInt-Custom-CustomCrossOver-
#9188	NEW    cov: 1609 ft: 6153 corp: 513/418Kb lim: 65536 exec/s: 918 rss: 2129Mb L: 2/61977 MS: 1 CustomCrossOver-
#9198	NEW    cov: 1609 ft: 6153 corp: 513/418Kb lim: 65536 exec/s: 919 rss: 2131Mb L: 126/61977 MS: 10 ShuffleBytes-Custom-CMP-Custom-EraseBytes-Custom-PersAutoDict-Custom-InsertRepeatedBytes-Custom- DE: "\002\000\000\000"-"init"-
#9211	NEW    cov: 1609 ft: 6153 corp: 513/417Kb lim: 65536 exec/s: 921 rss: 2133Mb L: 15/61977 MS: 6 ManualDict-Custom-EraseBytes-Custom-CMP-Custom- DE: "true"-"\001\000\001\000\000\000\000\000"-
#9258	NEW    cov: 1609 ft: 6153 corp: 512/417Kb lim: 65536 exec/s: 925 rss: 2145Mb L: 2/61977 MS: 4 EraseBytes-Custom-ChangeByte-Custom-
#9278	NEW    cov: 1609 ft: 6153 corp: 512/417Kb lim: 65536 exec/s: 927 rss: 2148Mb L: 59/61977 MS: 10 ChangeBit-Custom-CMP-Custom-ChangeByte-Custom-InsertByte-Custom-InsertRepeatedBytes-Custom- DE: "\377\377"-
#9335	NEW    cov: 1609 ft: 6153 corp: 513/417Kb lim: 65536 exec/s: 933 rss: 2161Mb L: 4/61977 MS: 4 ChangeBinInt-Custom-InsertByte-Custom-
#9346	NEW    cov: 1609 ft: 6153 corp: 514/417Kb lim: 65536 exec/s: 934 rss: 2164Mb L: 2/61977 MS: 2 CopyPart-Custom-
#9408	NEW    cov: 1609 ft: 6153 corp: 515/417Kb lim: 65536 exec/s: 855 rss: 2178Mb L: 1/61977 MS: 4 CopyPart-Custom-EraseBytes-Custom-
#9417	NEW    cov: 1609 ft: 6153 corp: 515/417Kb lim: 65536 exec/s: 856 rss: 2181Mb L: 2/61977 MS: 6 PersAutoDict-Custom-InsertByte-Custom-CustomCrossOver-CustomCrossOver- DE: "O\000\000\000\000\000\000\000"-
#9430	NEW    cov: 1609 ft: 6153 corp: 516/418Kb lim: 65536 exec/s: 857 rss: 2183Mb L: 2/61977 MS: 5 CustomCrossOver-ChangeBit-Custom-CopyPart-Custom-
#9436	NEW    cov: 1609 ft: 6153 corp: 517/418Kb lim: 65536 exec/s: 857 rss: 2185Mb L: 1/61977 MS: 2 EraseBytes-Custom-
#9454	NEW    cov: 1609 ft: 6153 corp: 517/417Kb lim: 65536 exec/s: 859 rss: 2189Mb L: 37/61977 MS: 6 PersAutoDict-Custom-ChangeBit-Custom-ShuffleBytes-Custom- DE: "tri"-
#9472	NEW    cov: 1609 ft: 6153 corp: 517/417Kb lim: 65536 exec/s: 861 rss: 2193Mb L: 450/61977 MS: 6 ShuffleBytes-Custom-InsertRepeatedBytes-Custom-CopyPart-Custom-
#9483	NEW    cov: 1609 ft: 6153 corp: 517/417Kb lim: 65536 exec/s: 862 rss: 2195Mb L: 4/61977 MS: 2 ChangeByte-Custom-
#9578	NEW    cov: 1609 ft: 6153 corp: 517/417Kb lim: 65536 exec/s: 870 rss: 2217Mb L: 224/61977 MS: 10 ShuffleBytes-Custom-ManualDict-Custom-EraseBytes-Custom-InsertByte-Custom-CopyPart-Custom- DE: "vault"-
#9624	NEW    cov: 1609 ft: 6153 corp: 517/417Kb lim: 65536 exec/s: 874 rss: 2227Mb L: 2/61977 MS: 2 EraseBytes-Custom-
#9972	RELOAD cov: 1609 ft: 6176 corp: 536/649Kb lim: 65536 exec/s: 906 rss: 2302Mb
#9977	NEW    cov: 1609 ft: 6183 corp: 537/649Kb lim: 65536 exec/s: 907 rss: 2303Mb L: 80/62104 MS: 10 ManualDict-Custom-ManualDict-Custom-CMP-Custom-ChangeBinInt-Custom-CopyPart-Custom- DE: "mutate"-"icons"-"\243\000\000\000\000\000\000\000"-
#9991	NEW    cov: 1609 ft: 6184 corp: 538/711Kb lim: 65536 exec/s: 908 rss: 2306Mb L: 63900/63900 MS: 8 ManualDict-Custom-ChangeBinInt-Custom-PersAutoDict-Custom-CopyPart-Custom- DE: "Lua error"-"indicator"-
#10003	NEW    cov: 1609 ft: 6184 corp: 539/711Kb lim: 65536 exec/s: 909 rss: 2309Mb L: 2/63900 MS: 3 CustomCrossOver-CopyPart-Custom-
#10026	NEW    cov: 1609 ft: 6184 corp: 539/711Kb lim: 65536 exec/s: 911 rss: 2314Mb L: 99/63900 MS: 5 ChangeByte-Custom-CustomCrossOver-InsertRepeatedBytes-Custom-
#10032	NEW    cov: 1609 ft: 6184 corp: 540/711Kb lim: 65536 exec/s: 912 rss: 2315Mb L: 1/63900 MS: 2 EraseBytes-Custom-
#10036	NEW    cov: 1609 ft: 6185 corp: 541/719Kb lim: 65536 exec/s: 912 rss: 2316Mb L: 8723/63900 MS: 8 PersAutoDict-Custom-ChangeBit-Custom-PersAutoDict-Custom-CMP-Custom- DE: "TOKEN"-"\000\000\000\005"-"goto"-
#10042	NEW    cov: 1609 ft: 6185 corp: 540/719Kb lim: 65536 exec/s: 912 rss: 2317Mb L: 3/63900 MS: 2 CopyPart-Custom-
#10062	NEW    cov: 1609 ft: 6185 corp: 540/719Kb lim: 65536 exec/s: 914 rss: 2322Mb L: 7/63900 MS: 7 ManualDict-Custom-CustomCrossOver-CustomCrossOver-ChangeByte-Custom-CustomCrossOver- DE: "setGcThroughputMode"-
#10089	NEW    cov: 1609 ft: 6185 corp: 540/719Kb lim: 65536 exec/s: 917 rss: 2327Mb L: 15/63900 MS: 4 ChangeBit-Custom-PersAutoDict-Custom- DE: "\024b\011\240\374\177\000\000"-
#10129	NEW    cov: 1609 ft: 6185 corp: 540/719Kb lim: 65536 exec/s: 920 rss: 2336Mb L: 261/63900 MS: 10 ChangeByte-Custom-ChangeBit-Custom-ManualDict-Custom-InsertRepeatedBytes-Custom-InsertRepeatedBytes-Custom- DE: "progress"-
#10145	NEW    cov: 1609 ft: 6185 corp: 540/719Kb lim: 65536 exec/s: 922 rss: 2339Mb L: 8/63900 MS: 2 ShuffleBytes-Custom-
#10266	NEW    cov: 1609 ft: 6185 corp: 540/719Kb lim: 65536 exec/s: 933 rss: 2366Mb L: 257/63900 MS: 2 ShuffleBytes-Custom-
#10362	NEW    cov: 1609 ft: 6185 corp: 541/719Kb lim: 65536 exec/s: 863 rss: 2387Mb L: 1/63900 MS: 2 EraseBytes-Custom-
#10374	NEW    cov: 1609 ft: 6185 corp: 542/754Kb lim: 65536 exec/s: 864 rss: 2390Mb L: 35390/63900 MS: 4 EraseBytes-Custom-ChangeBit-Custom-
#10402	NEW    cov: 1609 ft: 6185 corp: 542/754Kb lim: 65536 exec/s: 866 rss: 2396Mb L: 32/63900 MS: 6 ChangeByte-Custom-ManualDict-Custom-ChangeBit-Custom- DE: "USER"-
#10443	NEW    cov: 1609 ft: 6208 corp: 543/754Kb lim: 65536 exec/s: 870 rss: 2405Mb L: 10/63900 MS: 2 ChangeBinInt-Custom-
#10486	NEW    cov: 1609 ft: 6208 corp: 543/754Kb lim: 65536 exec/s: 873 rss: 2415Mb L: 2135/63900 MS: 6 ChangeBinInt-Custom-ChangeByte-Custom-ChangeBinInt-Custom-
#10528	NEW    cov: 1609 ft: 6213 corp: 544/754Kb lim: 65536 exec/s: 877 rss: 2425Mb L: 11/63900 MS: 4 PersAutoDict-Custom-InsertByte-Custom- DE: "["-
#10531	NEW    cov: 1609 ft: 6213 corp: 544/754Kb lim: 65536 exec/s: 877 rss: 2426Mb L: 3/63900 MS: 3 CustomCrossOver-CustomCrossOver-CustomCrossOver-
#10576	NEW    cov: 1609 ft: 6213 corp: 544/754Kb lim: 65536 exec/s: 881 rss: 2436Mb L: 19/63900 MS: 6 ChangeBinInt-Custom-CustomCrossOver-CustomCrossOver-CustomCrossOver-CustomCrossOver-
#10582	NEW    cov: 1609 ft: 6213 corp: 545/771Kb lim: 65536 exec/s: 881 rss: 2437Mb L: 17470/63900 MS: 2 EraseBytes-Custom-
#10617	NEW    cov: 1609 ft: 6214 corp: 546/771Kb lim: 65536 exec/s: 884 rss: 2445Mb L: 697/63900 MS: 9 ChangeBit-Custom-ChangeByte-Custom-CustomCrossOver-ChangeBit-Custom-EraseBytes-Custom-
#10624	NEW    cov: 1609 ft: 6214 corp: 547/771Kb lim: 65536 exec/s: 885 rss: 2446Mb L: 2/63900 MS: 4 InsertByte-Custom-EraseBytes-Custom-
#10626	NEW    cov: 1609 ft: 6214 corp: 547/771Kb lim: 65536 exec/s: 885 rss: 2447Mb L: 2/63900 MS: 2 CustomCrossOver-CustomCrossOver-
#10657	NEW    cov: 1609 ft: 6214 corp: 548/771Kb lim: 65536 exec/s: 888 rss: 2453Mb L: 1/63900 MS: 2 EraseBytes-Custom-
#10683	NEW    cov: 1609 ft: 6214 corp: 548/771Kb lim: 65536 exec/s: 890 rss: 2459Mb L: 11/63900 MS: 2 CopyPart-Custom-
#10684	NEW    cov: 1609 ft: 6214 corp: 549/771Kb lim: 65536 exec/s: 890 rss: 2459Mb L: 1/63900 MS: 2 EraseBytes-Custom-
#10685	NEW    cov: 1609 ft: 6214 corp: 549/771Kb lim: 65536 exec/s: 890 rss: 2459Mb L: 3/63900 MS: 2 ShuffleBytes-Custom-
#10686	NEW    cov: 1609 ft: 6214 corp: 550/771Kb lim: 65536 exec/s: 890 rss: 2459Mb L: 1/63900 MS: 2 EraseBytes-Custom-
#10703	NEW    cov: 1609 ft: 6214 corp: 550/771Kb lim: 65536 exec/s: 891 rss: 2463Mb L: 6/63900 MS: 3 CustomCrossOver-ManualDict-Custom- DE: "inline"-
#10725	NEW    cov: 1609 ft: 6214 corp: 551/771Kb lim: 65536 exec/s: 893 rss: 2468Mb L: 2/63900 MS: 4 ShuffleBytes-Custom-CopyPart-Custom-
#10805	NEW    cov: 1609 ft: 6214 corp: 551/771Kb lim: 65536 exec/s: 900 rss: 2486Mb L: 2/63900 MS: 7 CustomCrossOver-CustomCrossOver-ManualDict-Custom-CopyPart-Custom-CustomCrossOver- DE: "TOKEN"-
#10821	NEW    cov: 1609 ft: 6214 corp: 552/771Kb lim: 65536 exec/s: 901 rss: 2490Mb L: 1/63900 MS: 2 ShuffleBytes-Custom-
#10827	NEW    cov: 1609 ft: 6214 corp: 552/771Kb lim: 65536 exec/s: 902 rss: 2492Mb L: 80/63900 MS: 2 InsertRepeatedBytes-Custom-
#10845	NEW    cov: 1609 ft: 6214 corp: 553/771Kb lim: 65536 exec/s: 903 rss: 2496Mb L: 1/63900 MS: 6 ChangeBit-Custom-ChangeBinInt-Custom-EraseBytes-Custom-
#10850	NEW    cov: 1609 ft: 6214 corp: 553/771Kb lim: 65536 exec/s: 904 rss: 2497Mb L: 3/63900 MS: 10 EraseBytes-Custom-ChangeBit-Custom-ChangeBinInt-Custom-InsertByte-Custom-EraseBytes-Custom-
#10867	NEW    cov: 1609 ft: 6214 corp: 553/771Kb lim: 65536 exec/s: 905 rss: 2501Mb L: 8702/63900 MS: 4 ManualDict-Custom-ChangeByte-Custom- DE: "require"-
#11230	RELOAD cov: 1609 ft: 6234 corp: 567/741Kb lim: 65536 exec/s: 935 rss: 2577Mb
#11237	NEW    cov: 1609 ft: 6234 corp: 567/741Kb lim: 65536 exec/s: 936 rss: 2578Mb L: 3/63900 MS: 4 ShuffleBytes-Custom-ShuffleBytes-Custom-
#11253	NEW    cov: 1609 ft: 6234 corp: 567/741Kb lim: 65536 exec/s: 865 rss: 2582Mb L: 3/63900 MS: 1 CustomCrossOver-
#11294	NEW    cov: 1609 ft: 6234 corp: 567/741Kb lim: 65536 exec/s: 868 rss: 2590Mb L: 2/63900 MS: 2 ChangeBit-Custom-
#11321	NEW    cov: 1609 ft: 6234 corp: 567/741Kb lim: 65536 exec/s: 870 rss: 2596Mb L: 6/63900 MS: 4 CopyPart-Custom-PersAutoDict-Custom- DE: "\377\377\377\036"-
#11322	NEW    cov: 1609 ft: 6234 corp: 567/741Kb lim: 65536 exec/s: 870 rss: 2596Mb L: 2/63900 MS: 2 ChangeBit-Custom-
#11376	NEW    cov: 1609 ft: 6234 corp: 567/741Kb lim: 65536 exec/s: 875 rss: 2608Mb L: 2/63900 MS: 6 ChangeBit-Custom-CustomCrossOver-CustomCrossOver-ChangeBinInt-Custom-
#11385	NEW    cov: 1609 ft: 6234 corp: 566/741Kb lim: 65536 exec/s: 875 rss: 2610Mb L: 2/63900 MS: 8 ChangeBit-Custom-InsertByte-Custom-CopyPart-Custom-EraseBytes-Custom-
#11388	NEW    cov: 1609 ft: 6235 corp: 567/741Kb lim: 65536 exec/s: 876 rss: 2610Mb L: 18/63900 MS: 6 InsertByte-Custom-CMP-Custom-ShuffleBytes-Custom- DE: "beez"-
#11406	NEW    cov: 1609 ft: 6235 corp: 567/741Kb lim: 65536 exec/s: 877 rss: 2614Mb L: 16/63900 MS: 6 ChangeBit-Custom-PersAutoDict-Custom-ManualDict-Custom- DE: "run_log"-"22"-
#11424	NEW    cov: 1609 ft: 6235 corp: 567/741Kb lim: 65536 exec/s: 878 rss: 2619Mb L: 2/63900 MS: 4 CustomCrossOver-EraseBytes-Custom-CustomCrossOver-
#11469	NEW    cov: 1609 ft: 6235 corp: 567/741Kb lim: 65536 exec/s: 882 rss: 2629Mb L: 3/63900 MS: 7 CustomCrossOver-CustomCrossOver-PersAutoDict-Custom-CustomCrossOver-ShuffleBytes-Custom- DE: "does-not-exist"-
#11479	NEW    cov: 1609 ft: 6235 corp: 567/741Kb lim: 65536 exec/s: 883 rss: 2631Mb L: 1021/63900 MS: 10 CMP-Custom-ChangeBinInt-Custom-EraseBytes-Custom-PersAutoDict-Custom-CMP-Custom- DE: "__gc"-"theme"-"\003\000\000\000"-
#11482	NEW    cov: 1609 ft: 6235 corp: 567/741Kb lim: 65536 exec/s: 883 rss: 2631Mb L: 1/63900 MS: 6 ChangeByte-Custom-ShuffleBytes-Custom-ChangeBit-Custom-
#11617	NEW    cov: 1609 ft: 6235 corp: 568/741Kb lim: 65536 exec/s: 893 rss: 2660Mb L: 2/63900 MS: 8 CopyPart-Custom-CustomCrossOver-CustomCrossOver-ChangeByte-Custom-CrossOver-Custom-
#11653	NEW    cov: 1609 ft: 6235 corp: 568/740Kb lim: 65536 exec/s: 896 rss: 2667Mb L: 528/63900 MS: 2 EraseBytes-Custom-
#11679	NEW    cov: 1609 ft: 6235 corp: 568/740Kb lim: 65536 exec/s: 898 rss: 2672Mb L: 3/63900 MS: 2 InsertByte-Custom-
#11765	NEW    cov: 1609 ft: 6240 corp: 567/740Kb lim: 65536 exec/s: 905 rss: 2691Mb L: 12/63900 MS: 1 CustomCrossOver-
#11781	NEW    cov: 1609 ft: 6240 corp: 567/740Kb lim: 65536 exec/s: 906 rss: 2695Mb L: 5/63900 MS: 2 ShuffleBytes-Custom-
#11802	NEW    cov: 1609 ft: 6240 corp: 567/740Kb lim: 65536 exec/s: 907 rss: 2700Mb L: 2/63900 MS: 2 ShuffleBytes-Custom-
#11825	NEW    cov: 1609 ft: 6240 corp: 567/740Kb lim: 65536 exec/s: 909 rss: 2705Mb L: 2/63900 MS: 4 InsertRepeatedBytes-Custom-CustomCrossOver-CustomCrossOver-
#11891	NEW    cov: 1609 ft: 6240 corp: 567/740Kb lim: 65536 exec/s: 914 rss: 2719Mb L: 35/63900 MS: 2 ChangeByte-Custom-
#11917	NEW    cov: 1609 ft: 6240 corp: 568/740Kb lim: 65536 exec/s: 916 rss: 2723Mb L: 2/63900 MS: 2 CopyPart-Custom-
#11928	NEW    cov: 1609 ft: 6240 corp: 568/740Kb lim: 65536 exec/s: 917 rss: 2726Mb L: 4102/63900 MS: 2 CMP-Custom- DE: "c\233\374\016\000\000\000\000"-
#11953	NEW    cov: 1609 ft: 6240 corp: 569/740Kb lim: 65536 exec/s: 919 rss: 2732Mb L: 10/63900 MS: 7 CustomCrossOver-CustomCrossOver-InsertRepeatedBytes-Custom-CustomCrossOver-ManualDict-Custom- DE: "fnv1a32"-
#12014	NEW    cov: 1609 ft: 6240 corp: 570/740Kb lim: 65536 exec/s: 924 rss: 2746Mb L: 6/63900 MS: 2 ShuffleBytes-Custom-
#12015	NEW    cov: 1609 ft: 6240 corp: 570/740Kb lim: 65536 exec/s: 924 rss: 2746Mb L: 3/63900 MS: 1 CustomCrossOver-
#12025	NEW    cov: 1609 ft: 6241 corp: 571/741Kb lim: 65536 exec/s: 925 rss: 2749Mb L: 766/63900 MS: 7 CustomCrossOver-CustomCrossOver-CustomCrossOver-PersAutoDict-Custom-CrossOver-Custom- DE: "\377\023"-
#12031	NEW    cov: 1609 ft: 6241 corp: 571/741Kb lim: 65536 exec/s: 925 rss: 2750Mb L: 1/63900 MS: 2 EraseBytes-Custom-
#12092	NEW    cov: 1609 ft: 6241 corp: 571/741Kb lim: 65536 exec/s: 930 rss: 2761Mb L: 259/63900 MS: 2 InsertByte-Custom-
#12122	NEW    cov: 1609 ft: 6245 corp: 572/787Kb lim: 65536 exec/s: 932 rss: 2767Mb L: 47164/63900 MS: 10 EraseBytes-Custom-CopyPart-Custom-InsertByte-Custom-EraseBytes-Custom-PersAutoDict-Custom- DE: "\377\377\377\036"-
#12127	NEW    cov: 1609 ft: 6245 corp: 572/786Kb lim: 65536 exec/s: 932 rss: 2768Mb L: 5934/63900 MS: 10 CopyPart-Custom-ChangeByte-Custom-CopyPart-Custom-PersAutoDict-Custom-EraseBytes-Custom- DE: "\000\000\000\005"-
#12393	RELOAD cov: 1609 ft: 6253 corp: 582/912Kb lim: 65536 exec/s: 885 rss: 2824Mb
#12398	NEW    cov: 1609 ft: 6253 corp: 582/912Kb lim: 65536 exec/s: 885 rss: 2824Mb L: 2/63989 MS: 6 CustomCrossOver-CustomCrossOver-CustomCrossOver-ChangeByte-Custom-CustomCrossOver-
#12514	NEW    cov: 1609 ft: 6253 corp: 582/912Kb lim: 65536 exec/s: 893 rss: 2850Mb L: 2/63989 MS: 2 EraseBytes-Custom-
#12520	NEW    cov: 1609 ft: 6253 corp: 583/912Kb lim: 65536 exec/s: 894 rss: 2852Mb L: 1/63989 MS: 2 CopyPart-Custom-
	NEW_FUNC[1/11]: 0x000000513bc0 in std::__detail::_Hash_node<std::pair<std::__cxx11::basic_string<char, std::char_traits<char>, std::allocator<char>> const, std::shared_ptr<beez::core::StepConfig const>>, true>::_M_next() const /usr/bin/../lib/gcc/x86_64-redhat-linux/16/../../../../include/c++/16/bits/hashtable_policy.h:367
	NEW_FUNC[2/11]: 0x000000513d50 in std::__detail::_Hashtable_alloc<std::allocator<std::__detail::_Hash_node<std::pair<std::__cxx11::basic_string<char, std::char_traits<char>, std::allocator<char>> const, std::shared_ptr<beez::core::StepConfig const>>, true>>>::_M_deallocate_node(std::__detail::_Hash_node<std::pair<std::__cxx11::basic_string<char, std::char_traits<char>, std::allocator<char>> const, std::shared_ptr<beez::core::StepConfig const>>, true>*) /usr/bin/../lib/gcc/x86_64-redhat-linux/16/../../../../include/c++/16/bits/hashtable_policy.h:1590
#12523	NEW    cov: 1656 ft: 6329 corp: 584/912Kb lim: 65536 exec/s: 894 rss: 2853Mb L: 32/63989 MS: 3 CustomCrossOver-CustomCrossOver-CustomCrossOver-
#12549	NEW    cov: 1656 ft: 6333 corp: 585/912Kb lim: 65536 exec/s: 896 rss: 2859Mb L: 3/63989 MS: 2 InsertByte-Custom-
#12566	NEW    cov: 1656 ft: 6333 corp: 585/907Kb lim: 65536 exec/s: 897 rss: 2863Mb L: 64/63989 MS: 4 PersAutoDict-Custom-InsertRepeatedBytes-Custom- DE: "\001\000\000\000\000\000\000\017"-
#12567	NEW    cov: 1656 ft: 6336 corp: 585/907Kb lim: 65536 exec/s: 897 rss: 2863Mb L: 8/63989 MS: 2 InsertByte-Custom-
#12568	NEW    cov: 1656 ft: 6338 corp: 585/907Kb lim: 65536 exec/s: 897 rss: 2863Mb L: 8/63989 MS: 1 CustomCrossOver-
#12582	NEW    cov: 1656 ft: 6342 corp: 585/905Kb lim: 65536 exec/s: 898 rss: 2866Mb L: 2583/63989 MS: 8 PersAutoDict-Custom-EraseBytes-Custom-ManualDict-Custom-CopyPart-Custom- DE: "tonumber"-"TMPDIR"-
#12587	NEW    cov: 1656 ft: 6343 corp: 585/905Kb lim: 65536 exec/s: 899 rss: 2867Mb L: 65/63989 MS: 8 CustomCrossOver-CMP-Custom-InsertByte-Custom-ChangeBit-Custom-CustomCrossOver- DE: "\321\237\267\271\000\000\000\000"-
#12588	NEW    cov: 1656 ft: 6343 corp: 586/905Kb lim: 65536 exec/s: 899 rss: 2867Mb L: 5/63989 MS: 2 ChangeByte-Custom-
#12589	NEW    cov: 1656 ft: 6343 corp: 586/905Kb lim: 65536 exec/s: 899 rss: 2867Mb L: 6/63989 MS: 2 ShuffleBytes-Custom-
#12600	NEW    cov: 1656 ft: 6343 corp: 587/905Kb lim: 65536 exec/s: 900 rss: 2869Mb L: 1/63989 MS: 2 ChangeByte-Custom-
#12643	NEW    cov: 1656 ft: 6343 corp: 588/905Kb lim: 65536 exec/s: 903 rss: 2878Mb L: 26/63989 MS: 6 ShuffleBytes-Custom-ChangeBinInt-Custom-EraseBytes-Custom-
#12697	NEW    cov: 1656 ft: 6343 corp: 588/905Kb lim: 65536 exec/s: 906 rss: 2890Mb L: 1/63989 MS: 6 ManualDict-Custom-CustomCrossOver-CustomCrossOver-EraseBytes-Custom- DE: "=="-
#12709	NEW    cov: 1656 ft: 6346 corp: 589/905Kb lim: 65536 exec/s: 907 rss: 2892Mb L: 4/63989 MS: 4 ChangeByte-Custom-ChangeBit-Custom-
#12765	NEW    cov: 1656 ft: 6346 corp: 590/927Kb lim: 65536 exec/s: 911 rss: 2904Mb L: 22401/63989 MS: 2 ChangeBit-Custom-
#12799	NEW    cov: 1656 ft: 6346 corp: 591/927Kb lim: 65536 exec/s: 914 rss: 2911Mb L: 35/63989 MS: 8 InsertRepeatedBytes-Custom-ChangeBit-Custom-ShuffleBytes-Custom-PersAutoDict-Custom- DE: "\024\000\000\000\003\000\000\000"-
#12853	NEW    cov: 1656 ft: 6346 corp: 591/927Kb lim: 65536 exec/s: 918 rss: 2922Mb L: 30/63989 MS: 5 CustomCrossOver-CustomCrossOver-CustomCrossOver-InsertByte-Custom-
#12897	NEW    cov: 1656 ft: 6346 corp: 592/927Kb lim: 65536 exec/s: 921 rss: 2931Mb L: 1/63989 MS: 6 CrossOver-Custom-CMP-Custom-CustomCrossOver-CustomCrossOver- DE: "\000\000\000\000\000\000\000\000"-
#12978	NEW    cov: 1656 ft: 6346 corp: 592/927Kb lim: 65536 exec/s: 927 rss: 2948Mb L: 19/63989 MS: 2 ManualDict-Custom- DE: "ranges"-
#12990	NEW    cov: 1656 ft: 6351 corp: 593/938Kb lim: 65536 exec/s: 927 rss: 2951Mb L: 12068/63989 MS: 4 InsertRepeatedBytes-Custom-InsertByte-Custom-
#13086	NEW    cov: 1656 ft: 6351 corp: 594/938Kb lim: 65536 exec/s: 934 rss: 2971Mb L: 2/63989 MS: 1 CustomCrossOver-
#13090	NEW    cov: 1656 ft: 6351 corp: 594/938Kb lim: 65536 exec/s: 935 rss: 2972Mb L: 4310/63989 MS: 7 EraseBytes-Custom-InsertByte-Custom-ChangeBit-Custom-CustomCrossOver-
#13112	NEW    cov: 1656 ft: 6351 corp: 594/938Kb lim: 65536 exec/s: 874 rss: 2977Mb L: 25/63989 MS: 4 InsertByte-Custom-ChangeBinInt-Custom-
#13122	NEW    cov: 1656 ft: 6352 corp: 595/938Kb lim: 65536 exec/s: 874 rss: 2979Mb L: 50/63989 MS: 10 EraseBytes-Custom-ShuffleBytes-Custom-EraseBytes-Custom-InsertRepeatedBytes-Custom-EraseBytes-Custom-
#13257	NEW    cov: 1656 ft: 6352 corp: 595/938Kb lim: 65536 exec/s: 883 rss: 3009Mb L: 15/63989 MS: 8 CustomCrossOver-ChangeBit-Custom-PersAutoDict-Custom-CustomCrossOver-PersAutoDict-Custom- DE: "select"-"NOLINT"-
#13286	NEW    cov: 1656 ft: 6352 corp: 595/938Kb lim: 65536 exec/s: 885 rss: 3016Mb L: 2/63989 MS: 4 CustomCrossOver-CustomCrossOver-CustomCrossOver-CustomCrossOver-
#13566	RELOAD cov: 1656 ft: 6368 corp: 602/1081Kb lim: 65536 exec/s: 904 rss: 3071Mb
#13576	NEW    cov: 1656 ft: 6368 corp: 602/1081Kb lim: 65536 exec/s: 905 rss: 3073Mb L: 66/65097 MS: 10 CopyPart-Custom-ManualDict-Custom-ManualDict-Custom-EraseBytes-Custom-CopyPart-Custom- DE: "else"-"wait"-
#13603	NEW    cov: 1656 ft: 6368 corp: 603/1081Kb lim: 65536 exec/s: 906 rss: 3079Mb L: 4/65097 MS: 4 ChangeBit-Custom-ChangeASCIIInt-Custom-
#13613	NEW    cov: 1656 ft: 6487 corp: 603/1081Kb lim: 65536 exec/s: 907 rss: 3082Mb L: 18/65097 MS: 7 CustomCrossOver-CustomCrossOver-EraseBytes-Custom-ChangeByte-Custom-CustomCrossOver-
#13624	NEW    cov: 1656 ft: 6573 corp: 604/1081Kb lim: 65536 exec/s: 908 rss: 3083Mb L: 137/65097 MS: 2 InsertRepeatedBytes-Custom-
#13638	NEW    cov: 1656 ft: 6631 corp: 605/1081Kb lim: 65536 exec/s: 909 rss: 3086Mb L: 33/65097 MS: 7 ManualDict-Custom-CopyPart-Custom-CustomCrossOver-InsertRepeatedBytes-Custom- DE: "["-
#13664	NEW    cov: 1656 ft: 6631 corp: 605/1081Kb lim: 65536 exec/s: 910 rss: 3092Mb L: 3/65097 MS: 2 CopyPart-Custom-
#13720	NEW    cov: 1656 ft: 6702 corp: 606/1081Kb lim: 65536 exec/s: 914 rss: 3103Mb L: 61/65097 MS: 2 ChangeBit-Custom-
#13749	NEW    cov: 1656 ft: 6702 corp: 606/1081Kb lim: 65536 exec/s: 916 rss: 3109Mb L: 1034/65097 MS: 5 CustomCrossOver-CustomCrossOver-CustomCrossOver-CMP-Custom- DE: "\177\377\377\377\377\377\377\376"-
#13771	NEW    cov: 1656 ft: 6702 corp: 607/1081Kb lim: 65536 exec/s: 918 rss: 3114Mb L: 2/65097 MS: 2 CustomCrossOver-CustomCrossOver-
#13780	NEW    cov: 1656 ft: 6705 corp: 608/1081Kb lim: 65536 exec/s: 918 rss: 3116Mb L: 68/65097 MS: 7 ChangeBit-Custom-ChangeByte-Custom-CustomCrossOver-CopyPart-Custom-
#13793	NEW    cov: 1656 ft: 6706 corp: 608/1081Kb lim: 65536 exec/s: 919 rss: 3119Mb L: 17/65097 MS: 4 CustomCrossOver-ShuffleBytes-Custom-CustomCrossOver-
#13839	NEW    cov: 1656 ft: 6706 corp: 608/1081Kb lim: 65536 exec/s: 922 rss: 3127Mb L: 2/65097 MS: 1 CustomCrossOver-
#13966	NEW    cov: 1656 ft: 6706 corp: 608/1080Kb lim: 65536 exec/s: 931 rss: 3155Mb L: 101/65097 MS: 4 ManualDict-Custom-ChangeBinInt-Custom- DE: "}"-
#14012	NEW    cov: 1656 ft: 6706 corp: 608/1080Kb lim: 65536 exec/s: 934 rss: 3165Mb L: 16/65097 MS: 2 ChangeBit-Custom-
#14028	NEW    cov: 1656 ft: 6706 corp: 608/1080Kb lim: 65536 exec/s: 935 rss: 3168Mb L: 5/65097 MS: 1 CustomCrossOver-
#14108	NEW    cov: 1656 ft: 6706 corp: 609/1080Kb lim: 65536 exec/s: 881 rss: 3185Mb L: 4/65097 MS: 8 CustomCrossOver-CustomCrossOver-EraseBytes-Custom-CopyPart-Custom-CopyPart-Custom-
#14183	NEW    cov: 1656 ft: 6707 corp: 610/1143Kb lim: 65536 exec/s: 886 rss: 3203Mb L: 64613/65097 MS: 10 ChangeASCIIInt-Custom-ShuffleBytes-Custom-ShuffleBytes-Custom-ManualDict-Custom-CopyPart-Custom- DE: "TOKEN"-
#14218	NEW    cov: 1656 ft: 6707 corp: 611/1143Kb lim: 65536 exec/s: 888 rss: 3211Mb L: 38/65097 MS: 10 ManualDict-Custom-CMP-Custom-PersAutoDict-Custom-EraseBytes-Custom-CopyPart-Custom- DE: "algorithm"-"j\000\000\000"-"buildScriptPath"-
#14415	NEW    cov: 1656 ft: 6707 corp: 611/1143Kb lim: 65536 exec/s: 900 rss: 3255Mb L: 15/65097 MS: 3 CustomCrossOver-ShuffleBytes-Custom-
#14424	NEW    cov: 1656 ft: 6707 corp: 611/1143Kb lim: 65536 exec/s: 901 rss: 3256Mb L: 21/65097 MS: 8 ManualDict-Custom-EraseBytes-Custom-ChangeByte-Custom-CMP-Custom- DE: "missing-b"-"\001\000\000\000\330Z2\241"-
#14755	RELOAD cov: 1656 ft: 6724 corp: 623/1482Kb lim: 65536 exec/s: 922 rss: 3327Mb
#14763	NEW    cov: 1656 ft: 6724 corp: 623/1482Kb lim: 65536 exec/s: 922 rss: 3327Mb L: 93/65418 MS: 6 InsertRepeatedBytes-Custom-ManualDict-Custom-EraseBytes-Custom- DE: "TMPDIR"-
#14829	NEW    cov: 1656 ft: 6724 corp: 623/1482Kb lim: 65536 exec/s: 926 rss: 3342Mb L: 65299/65418 MS: 2 CopyPart-Custom-
#14888	NEW    cov: 1656 ft: 6724 corp: 624/1482Kb lim: 65536 exec/s: 930 rss: 3354Mb L: 75/65418 MS: 8 ChangeByte-Custom-EraseBytes-Custom-ChangeByte-Custom-InsertRepeatedBytes-Custom-
#14916	NEW    cov: 1656 ft: 6724 corp: 625/1482Kb lim: 65536 exec/s: 932 rss: 3360Mb L: 11/65418 MS: 4 CMP-Custom-CustomCrossOver-CustomCrossOver- DE: "O\000\000\000\000\000\000\000"-
#14951	NEW    cov: 1656 ft: 6724 corp: 625/1482Kb lim: 65536 exec/s: 879 rss: 3368Mb L: 2/65418 MS: 6 PersAutoDict-Custom-CustomCrossOver-CustomCrossOver-CustomCrossOver-CustomCrossOver- DE: "\015\000\000\000"-
#14961	NEW    cov: 1656 ft: 6724 corp: 624/1482Kb lim: 65536 exec/s: 880 rss: 3370Mb L: 2/65418 MS: 7 InsertRepeatedBytes-Custom-InsertByte-Custom-CustomCrossOver-CustomCrossOver-CustomCrossOver-
#14999	NEW    cov: 1656 ft: 6724 corp: 625/1482Kb lim: 65536 exec/s: 882 rss: 3378Mb L: 3/65418 MS: 4 CustomCrossOver-CustomCrossOver-InsertByte-Custom-
#15000	NEW    cov: 1656 ft: 6724 corp: 624/1482Kb lim: 65536 exec/s: 882 rss: 3378Mb L: 7/65418 MS: 2 PersAutoDict-Custom- DE: "wait"-
#15004	NEW    cov: 1656 ft: 6724 corp: 625/1482Kb lim: 65536 exec/s: 882 rss: 3379Mb L: 2/65418 MS: 5 CustomCrossOver-ShuffleBytes-Custom-CustomCrossOver-CustomCrossOver-
#15015	NEW    cov: 1656 ft: 6724 corp: 625/1482Kb lim: 65536 exec/s: 883 rss: 3381Mb L: 3/65418 MS: 2 PersAutoDict-Custom- DE: "~="-
#15146	NEW    cov: 1656 ft: 6724 corp: 625/1482Kb lim: 65536 exec/s: 890 rss: 3411Mb L: 33/65418 MS: 2 ChangeBinInt-Custom-
#15195	NEW    cov: 1656 ft: 6724 corp: 626/1482Kb lim: 65536 exec/s: 893 rss: 3421Mb L: 12/65418 MS: 8 ShuffleBytes-Custom-CopyPart-Custom-InsertByte-Custom-ChangeASCIIInt-Custom-
#15209	NEW    cov: 1656 ft: 6724 corp: 626/1482Kb lim: 65536 exec/s: 894 rss: 3424Mb L: 37433/65418 MS: 7 ChangeBit-Custom-ChangeBinInt-Custom-ShuffleBytes-Custom-CustomCrossOver-
#15223	NEW    cov: 1656 ft: 6724 corp: 626/1482Kb lim: 65536 exec/s: 895 rss: 3427Mb L: 17/65418 MS: 6 CustomCrossOver-InsertByte-Custom-EraseBytes-Custom-CustomCrossOver-
#15224	NEW    cov: 1656 ft: 6724 corp: 626/1482Kb lim: 65536 exec/s: 895 rss: 3427Mb L: 1/65418 MS: 2 ChangeBit-Custom-
#15292	NEW    cov: 1656 ft: 6724 corp: 626/1482Kb lim: 65536 exec/s: 899 rss: 3442Mb L: 8/65418 MS: 6 ChangeBinInt-Custom-ChangeByte-Custom-ChangeBit-Custom-
#15322	NEW    cov: 1656 ft: 6724 corp: 626/1482Kb lim: 65536 exec/s: 901 rss: 3449Mb L: 112/65418 MS: 10 InsertRepeatedBytes-Custom-InsertRepeatedBytes-Custom-InsertRepeatedBytes-Custom-ChangeBit-Custom-PersAutoDict-Custom- DE: "["-
#15349	NEW    cov: 1656 ft: 6742 corp: 626/1482Kb lim: 65536 exec/s: 902 rss: 3455Mb L: 3/65418 MS: 3 ChangeBinInt-Custom-CustomCrossOver-
#15432	NEW    cov: 1656 ft: 6742 corp: 626/1482Kb lim: 65536 exec/s: 907 rss: 3474Mb L: 175/65418 MS: 6 CopyPart-Custom-InsertRepeatedBytes-Custom-ManualDict-Custom- DE: "log_level"-
#15542	NEW    cov: 1656 ft: 6742 corp: 626/1481Kb lim: 65536 exec/s: 914 rss: 3498Mb L: 63766/65418 MS: 10 ChangeBit-Custom-EraseBytes-Custom-InsertRepeatedBytes-Custom-CMP-Custom-CopyPart-Custom- DE: "\177\377\377\377\377\377\377\376"-
#15616	NEW    cov: 1656 ft: 6742 corp: 626/1481Kb lim: 65536 exec/s: 918 rss: 3513Mb L: 10/65418 MS: 7 PersAutoDict-Custom-ChangeBit-Custom-CustomCrossOver-PersAutoDict-Custom- DE: "log_level"-"\017\000\000\000\000\000\000\000"-
#15617	NEW    cov: 1656 ft: 6742 corp: 626/1481Kb lim: 65536 exec/s: 918 rss: 3513Mb L: 2/65418 MS: 2 EraseBytes-Custom-
#15618	NEW    cov: 1656 ft: 6743 corp: 627/1490Kb lim: 65536 exec/s: 918 rss: 3514Mb L: 8723/65418 MS: 2 PersAutoDict-Custom- DE: "vars"-
#15812	RELOAD cov: 1656 ft: 6755 corp: 626/1560Kb lim: 65536 exec/s: 930 rss: 3557Mb
#15843	NEW    cov: 1656 ft: 6756 corp: 627/1564Kb lim: 65536 exec/s: 880 rss: 3563Mb L: 4193/65497 MS: 2 ChangeByte-Custom-
#15869	NEW    cov: 1656 ft: 6756 corp: 628/1564Kb lim: 65536 exec/s: 881 rss: 3568Mb L: 16/65497 MS: 2 ChangeBit-Custom-
#15949	NEW    cov: 1656 ft: 6756 corp: 628/1564Kb lim: 65536 exec/s: 886 rss: 3585Mb L: 306/65497 MS: 9 InsertByte-Custom-ChangeBinInt-Custom-CustomCrossOver-InsertByte-Custom-CrossOver-Custom-
#15977	NEW    cov: 1656 ft: 6756 corp: 628/1564Kb lim: 65536 exec/s: 887 rss: 3591Mb L: 2/65497 MS: 6 CopyPart-Custom-ChangeBinInt-Custom-EraseBytes-Custom-
#15988	NEW    cov: 1656 ft: 6756 corp: 628/1564Kb lim: 65536 exec/s: 888 rss: 3593Mb L: 7/65497 MS: 1 CustomCrossOver-
#15998	NEW    cov: 1656 ft: 6757 corp: 629/1581Kb lim: 65536 exec/s: 888 rss: 3595Mb L: 17109/65497 MS: 10 ChangeASCIIInt-Custom-ShuffleBytes-Custom-ChangeBinInt-Custom-ChangeASCIIInt-Custom-CMP-Custom- DE: "\000\000\000\025"-
#16014	NEW    cov: 1656 ft: 6758 corp: 630/1637Kb lim: 65536 exec/s: 889 rss: 3599Mb L: 57596/65497 MS: 2 InsertByte-Custom-
#16023	NEW    cov: 1656 ft: 6759 corp: 630/1637Kb lim: 65536 exec/s: 890 rss: 3601Mb L: 89/65497 MS: 8 ChangeBit-Custom-InsertByte-Custom-ChangeByte-Custom-InsertRepeatedBytes-Custom-
#16029	NEW    cov: 1656 ft: 6759 corp: 630/1637Kb lim: 65536 exec/s: 890 rss: 3602Mb L: 7/65497 MS: 2 ChangeBit-Custom-
#16038	NEW    cov: 1656 ft: 6760 corp: 631/1637Kb lim: 65536 exec/s: 891 rss: 3603Mb L: 4/65497 MS: 5 CustomCrossOver-CustomCrossOver-CrossOver-Custom-CustomCrossOver-
#16074	NEW    cov: 1656 ft: 6760 corp: 631/1637Kb lim: 65536 exec/s: 893 rss: 3611Mb L: 61/65497 MS: 2 ChangeBit-Custom-
#16170	NEW    cov: 1656 ft: 6760 corp: 631/1637Kb lim: 65536 exec/s: 898 rss: 3634Mb L: 2/65497 MS: 2 ShuffleBytes-Custom-
#16173	NEW    cov: 1656 ft: 6761 corp: 632/1637Kb lim: 65536 exec/s: 898 rss: 3634Mb L: 65/65497 MS: 6 ShuffleBytes-Custom-CMP-Custom-ChangeASCIIInt-Custom- DE: "\001\000\000\013"-
#16175	NEW    cov: 1656 ft: 6762 corp: 633/1638Kb lim: 65536 exec/s: 898 rss: 3635Mb L: 923/65497 MS: 4 ManualDict-Custom-ShuffleBytes-Custom- DE: "tonumber"-
#16196	NEW    cov: 1656 ft: 6762 corp: 633/1638Kb lim: 65536 exec/s: 899 rss: 3640Mb L: 4322/65497 MS: 2 EraseBytes-Custom-
#16271	NEW    cov: 1656 ft: 6762 corp: 633/1630Kb lim: 65536 exec/s: 903 rss: 3653Mb L: 57688/65497 MS: 10 ManualDict-Custom-InsertRepeatedBytes-Custom-InsertByte-Custom-CMP-Custom-ChangeASCIIInt-Custom- DE: ".."-"net"-
#16272	NEW    cov: 1656 ft: 6762 corp: 633/1578Kb lim: 65536 exec/s: 904 rss: 3654Mb L: 3899/65497 MS: 1 CustomCrossOver-
#16361	NEW    cov: 1656 ft: 6762 corp: 634/1578Kb lim: 65536 exec/s: 908 rss: 3672Mb L: 35/65497 MS: 8 PersAutoDict-Custom-PersAutoDict-Custom-ManualDict-Custom-EraseBytes-Custom- DE: "function"-"gzip"-"fnv1a32"-
#16384	pulse  cov: 1656 ft: 6762 corp: 634/1578Kb lim: 65536 exec/s: 910 rss: 3678Mb
#16389	NEW    cov: 1656 ft: 6763 corp: 635/1642Kb lim: 65536 exec/s: 910 rss: 3679Mb L: 65512/65512 MS: 6 InsertByte-Custom-ShuffleBytes-Custom-InsertRepeatedBytes-Custom-
#16462	NEW    cov: 1656 ft: 6763 corp: 635/1642Kb lim: 65536 exec/s: 914 rss: 3695Mb L: 18/65512 MS: 4 CMP-Custom-CustomCrossOver-CustomCrossOver- DE: "select"-
#16470	NEW    cov: 1656 ft: 6764 corp: 636/1706Kb lim: 65536 exec/s: 915 rss: 3697Mb L: 65527/65527 MS: 6 ChangeBinInt-Custom-PersAutoDict-Custom-CopyPart-Custom- DE: ";\000\000\000\000\000\000\000"-
#16577	NEW    cov: 1656 ft: 6764 corp: 636/1706Kb lim: 65536 exec/s: 920 rss: 3718Mb L: 44/65527 MS: 4 ChangeBinInt-Custom-ChangeBinInt-Custom-
#16589	NEW    cov: 1656 ft: 6764 corp: 636/1706Kb lim: 65536 exec/s: 921 rss: 3721Mb L: 3/65527 MS: 3 CustomCrossOver-ChangeBit-Custom-
#16650	NEW    cov: 1656 ft: 6764 corp: 637/1738Kb lim: 65536 exec/s: 925 rss: 3734Mb L: 32726/65527 MS: 2 CopyPart-Custom-
#16706	NEW    cov: 1656 ft: 6765 corp: 638/1738Kb lim: 65536 exec/s: 928 rss: 3745Mb L: 528/65527 MS: 2 ChangeByte-Custom-
#16914	RELOAD cov: 1656 ft: 6778 corp: 645/1895Kb lim: 65536 exec/s: 890 rss: 3790Mb
#16951	NEW    cov: 1656 ft: 6778 corp: 645/1895Kb lim: 65536 exec/s: 892 rss: 3796Mb L: 12/65527 MS: 4 CMP-Custom-ManualDict-Custom- DE: "\001\037"-"missing-a"-
#17072	NEW    cov: 1656 ft: 6778 corp: 644/1895Kb lim: 65536 exec/s: 898 rss: 3823Mb L: 7/65527 MS: 2 CMP-Custom- DE: "\001\000\000\003"-
#17073	NEW    cov: 1656 ft: 6780 corp: 643/1894Kb lim: 65536 exec/s: 898 rss: 3823Mb L: 16/65527 MS: 1 CustomCrossOver-
#17089	NEW    cov: 1656 ft: 6790 corp: 644/1895Kb lim: 65536 exec/s: 899 rss: 3827Mb L: 513/65527 MS: 2 CMP-Custom- DE: "\377\377\377\002\000\000\000\025"-
#17091	NEW    cov: 1656 ft: 6790 corp: 644/1894Kb lim: 65536 exec/s: 899 rss: 3827Mb L: 23/65527 MS: 4 ManualDict-Custom-ChangeBit-Custom- DE: "R\"("-
#17132	NEW    cov: 1656 ft: 6790 corp: 645/1898Kb lim: 65536 exec/s: 901 rss: 3837Mb L: 4112/65527 MS: 1 CustomCrossOver-
#17168	NEW    cov: 1656 ft: 6792 corp: 645/1894Kb lim: 65536 exec/s: 903 rss: 3844Mb L: 3838/65527 MS: 2 InsertByte-Custom-
#17173	NEW    cov: 1656 ft: 6792 corp: 645/1894Kb lim: 65536 exec/s: 903 rss: 3845Mb L: 46/65527 MS: 10 CopyPart-Custom-CopyPart-Custom-ShuffleBytes-Custom-CopyPart-Custom-PersAutoDict-Custom- DE: "env"-
#17174	NEW    cov: 1656 ft: 6793 corp: 644/1894Kb lim: 65536 exec/s: 903 rss: 3845Mb L: 2/65527 MS: 2 ManualDict-Custom- DE: "<"-
#17230	NEW    cov: 1656 ft: 6795 corp: 645/1895Kb lim: 65536 exec/s: 906 rss: 3857Mb L: 1036/65527 MS: 2 ManualDict-Custom- DE: "algorithm"-
#17231	NEW    cov: 1656 ft: 6795 corp: 645/1895Kb lim: 65536 exec/s: 906 rss: 3858Mb L: 971/65527 MS: 2 PersAutoDict-Custom- DE: "missing-b"-
#17297	NEW    cov: 1656 ft: 6795 corp: 645/1894Kb lim: 65536 exec/s: 910 rss: 3872Mb L: 1023/65527 MS: 2 ChangeBinInt-Custom-
#17331	NEW    cov: 1656 ft: 6795 corp: 645/1894Kb lim: 65536 exec/s: 912 rss: 3880Mb L: 143/65527 MS: 8 ManualDict-Custom-CopyPart-Custom-PersAutoDict-Custom-ManualDict-Custom- DE: "dots"-"\377\377"-"ghost-step"-
#17348	NEW    cov: 1656 ft: 6795 corp: 645/1877Kb lim: 65536 exec/s: 913 rss: 3883Mb L: 36/65527 MS: 4 ManualDict-Custom-ChangeBinInt-Custom- DE: "braced"-
#17359	NEW    cov: 1656 ft: 6795 corp: 645/1877Kb lim: 65536 exec/s: 913 rss: 3885Mb L: 2/65527 MS: 2 ChangeBit-Custom-
#17393	NEW    cov: 1656 ft: 6799 corp: 645/1877Kb lim: 65536 exec/s: 915 rss: 3891Mb L: 2/65527 MS: 6 ChangeByte-Custom-CustomCrossOver-CustomCrossOver-ChangeBit-Custom-
#17407	NEW    cov: 1656 ft: 6800 corp: 646/1933Kb lim: 65536 exec/s: 916 rss: 3894Mb L: 57600/65527 MS: 8 PersAutoDict-Custom-ChangeByte-Custom-ChangeBinInt-Custom-ChangeBit-Custom- DE: "vault"-
#17438	NEW    cov: 1656 ft: 6800 corp: 646/1933Kb lim: 65536 exec/s: 917 rss: 3900Mb L: 3/65527 MS: 2 EraseBytes-Custom-
#17444	NEW    cov: 1656 ft: 6807 corp: 645/1933Kb lim: 65536 exec/s: 918 rss: 3902Mb L: 2/65527 MS: 2 EraseBytes-Custom-
#17469	NEW    cov: 1656 ft: 6808 corp: 646/1933Kb lim: 65536 exec/s: 919 rss: 3907Mb L: 68/65527 MS: 8 CustomCrossOver-CrossOver-Custom-CustomCrossOver-CopyPart-Custom-InsertRepeatedBytes-Custom-
#17505	NEW    cov: 1656 ft: 6808 corp: 646/1933Kb lim: 65536 exec/s: 921 rss: 3915Mb L: 1/65527 MS: 2 EraseBytes-Custom-
#17536	NEW    cov: 1656 ft: 6808 corp: 646/1933Kb lim: 65536 exec/s: 922 rss: 3921Mb L: 1/65527 MS: 2 ShuffleBytes-Custom-
#17545	NEW    cov: 1656 ft: 6809 corp: 647/1933Kb lim: 65536 exec/s: 923 rss: 3923Mb L: 3/65527 MS: 5 CustomCrossOver-CustomCrossOver-CustomCrossOver-InsertByte-Custom-
#17600	NEW    cov: 1656 ft: 6809 corp: 647/1933Kb lim: 65536 exec/s: 926 rss: 3936Mb L: 199/65527 MS: 10 EraseBytes-Custom-ChangeBinInt-Custom-InsertRepeatedBytes-Custom-PersAutoDict-Custom-CopyPart-Custom- DE: "function"-
#17649	NEW    cov: 1656 ft: 6809 corp: 647/1933Kb lim: 65536 exec/s: 882 rss: 3947Mb L: 5/65527 MS: 8 EraseBytes-Custom-ChangeBit-Custom-PersAutoDict-Custom-EraseBytes-Custom- DE: "sol.\360\237\224\251"-
#17685	NEW    cov: 1656 ft: 6809 corp: 648/1933Kb lim: 65536 exec/s: 884 rss: 3956Mb L: 1/65527 MS: 2 EraseBytes-Custom-
#17716	NEW    cov: 1656 ft: 6810 corp: 649/1997Kb lim: 65536 exec/s: 885 rss: 3963Mb L: 65530/65530 MS: 2 CopyPart-Custom-
#17763	NEW    cov: 1656 ft: 6810 corp: 649/1997Kb lim: 65536 exec/s: 888 rss: 3974Mb L: 20/65530 MS: 2 CustomCrossOver-CustomCrossOver-
#17916	RELOAD cov: 1656 ft: 6823 corp: 654/2139Kb lim: 65536 exec/s: 895 rss: 4007Mb
#17947	NEW    cov: 1656 ft: 6823 corp: 654/2139Kb lim: 65536 exec/s: 897 rss: 4011Mb L: 45/65536 MS: 2 InsertRepeatedBytes-Custom-
#17994	NEW    cov: 1656 ft: 6823 corp: 655/2139Kb lim: 65536 exec/s: 899 rss: 4023Mb L: 8/65536 MS: 4 CopyPart-Custom-ChangeBit-Custom-
#18250	NEW    cov: 1656 ft: 6823 corp: 655/2136Kb lim: 65536 exec/s: 912 rss: 4078Mb L: 5113/65536 MS: 1 CustomCrossOver-
#18276	NEW    cov: 1656 ft: 6823 corp: 654/2136Kb lim: 65536 exec/s: 913 rss: 4083Mb L: 2/65536 MS: 2 ChangeBit-Custom-
#18298	NEW    cov: 1656 ft: 6823 corp: 654/2136Kb lim: 65536 exec/s: 914 rss: 4088Mb L: 923/65536 MS: 3 ManualDict-Custom-CustomCrossOver- DE: "compact"-
#18395	NEW    cov: 1656 ft: 6823 corp: 654/2136Kb lim: 65536 exec/s: 919 rss: 4108Mb L: 510/65536 MS: 4 InsertRepeatedBytes-Custom-PersAutoDict-Custom- DE: "\001\000\001\000\000\000\000\000"-
#18463	NEW    cov: 1656 ft: 6823 corp: 654/2136Kb lim: 65536 exec/s: 923 rss: 4123Mb L: 65027/65536 MS: 6 InsertByte-Custom-CopyPart-Custom-CrossOver-Custom-
#18469	NEW    cov: 1656 ft: 6827 corp: 655/2144Kb lim: 65536 exec/s: 923 rss: 4124Mb L: 8578/65536 MS: 2 ChangeByte-Custom-
#18621	NEW    cov: 1656 ft: 6827 corp: 656/2144Kb lim: 65536 exec/s: 886 rss: 4158Mb L: 4/65536 MS: 4 EraseBytes-Custom-ShuffleBytes-Custom-
#18637	NEW    cov: 1656 ft: 6827 corp: 656/2144Kb lim: 65536 exec/s: 887 rss: 4162Mb L: 280/65536 MS: 2 InsertRepeatedBytes-Custom-
#18678	NEW    cov: 1656 ft: 6829 corp: 657/2144Kb lim: 65536 exec/s: 889 rss: 4170Mb L: 18/65536 MS: 2 EraseBytes-Custom-
#19003	RELOAD cov: 1656 ft: 6833 corp: 663/2228Kb lim: 65536 exec/s: 904 rss: 4240Mb
#19160	NEW    cov: 1656 ft: 6833 corp: 663/2224Kb lim: 65536 exec/s: 912 rss: 4271Mb L: 87/65536 MS: 4 ChangeBit-Custom-InsertByte-Custom-
#19176	NEW    cov: 1656 ft: 6833 corp: 664/2224Kb lim: 65536 exec/s: 913 rss: 4275Mb L: 1/65536 MS: 2 ShuffleBytes-Custom-
#19250	NEW    cov: 1656 ft: 6833 corp: 665/2224Kb lim: 65536 exec/s: 916 rss: 4292Mb L: 8/65536 MS: 8 ChangeBinInt-Custom-InsertByte-Custom-CopyPart-Custom-ShuffleBytes-Custom-
#19271	NEW    cov: 1656 ft: 6833 corp: 665/2224Kb lim: 65536 exec/s: 917 rss: 4296Mb L: 23/65536 MS: 2 EraseBytes-Custom-
#19296	NEW    cov: 1656 ft: 6834 corp: 666/2232Kb lim: 65536 exec/s: 918 rss: 4302Mb L: 8299/65536 MS: 10 ChangeASCIIInt-Custom-CMP-Custom-ShuffleBytes-Custom-InsertRepeatedBytes-Custom-ManualDict-Custom- DE: "\001\000\000\000\000\000\000<"-"999999"-
#19403	NEW    cov: 1656 ft: 6834 corp: 666/2232Kb lim: 65536 exec/s: 881 rss: 4326Mb L: 4098/65536 MS: 4 ManualDict-Custom-InsertByte-Custom- DE: "pin_threads_to_cores"-
#19405	NEW    cov: 1656 ft: 6835 corp: 667/2233Kb lim: 65536 exec/s: 882 rss: 4327Mb L: 529/65536 MS: 4 PersAutoDict-Custom-InsertRepeatedBytes-Custom- DE: "\177\377\377\377\377\377\377\376"-
#19519	NEW    cov: 1656 ft: 6836 corp: 668/2233Kb lim: 65536 exec/s: 887 rss: 4350Mb L: 117/65536 MS: 8 ShuffleBytes-Custom-EraseBytes-Custom-EraseBytes-Custom-InsertRepeatedBytes-Custom-
#19549	NEW    cov: 1656 ft: 6836 corp: 668/2233Kb lim: 65536 exec/s: 888 rss: 4356Mb L: 57/65536 MS: 10 ChangeBinInt-Custom-InsertByte-Custom-ChangeByte-Custom-ShuffleBytes-Custom-InsertRepeatedBytes-Custom-
#19735	NEW    cov: 1656 ft: 6836 corp: 667/2199Kb lim: 65536 exec/s: 897 rss: 4397Mb L: 34080/65536 MS: 1 CustomCrossOver-
#19755	NEW    cov: 1656 ft: 6836 corp: 667/2199Kb lim: 65536 exec/s: 897 rss: 4401Mb L: 57/65536 MS: 10 InsertByte-Custom-EraseBytes-Custom-PersAutoDict-Custom-CopyPart-Custom-EraseBytes-Custom- DE: "\001\000\000\000\000\000\000\017"-
#19772	NEW    cov: 1656 ft: 6836 corp: 667/2199Kb lim: 65536 exec/s: 898 rss: 4405Mb L: 6/65536 MS: 3 CustomCrossOver-ShuffleBytes-Custom-
#19863	NEW    cov: 1656 ft: 6837 corp: 668/2201Kb lim: 65536 exec/s: 902 rss: 4425Mb L: 1754/65536 MS: 2 InsertRepeatedBytes-Custom-
#19864	NEW    cov: 1656 ft: 6837 corp: 667/2200Kb lim: 65536 exec/s: 902 rss: 4425Mb L: 1026/65536 MS: 2 PersAutoDict-Custom- DE: "wait"-
#20004	RELOAD cov: 1656 ft: 6838 corp: 669/2186Kb lim: 65536 exec/s: 909 rss: 4458Mb
#20072	NEW    cov: 1656 ft: 6838 corp: 668/2186Kb lim: 65536 exec/s: 912 rss: 4471Mb L: 2/65536 MS: 4 CMP-Custom-CustomCrossOver-CustomCrossOver- DE: "net"-
#20160	NEW    cov: 1656 ft: 6841 corp: 669/2218Kb lim: 65536 exec/s: 916 rss: 4491Mb L: 32809/65536 MS: 4 CustomCrossOver-CustomCrossOver-ChangeByte-Custom-
#20166	NEW    cov: 1656 ft: 6841 corp: 669/2218Kb lim: 65536 exec/s: 916 rss: 4492Mb L: 130/65536 MS: 2 InsertRepeatedBytes-Custom-
#20303	NEW    cov: 1656 ft: 6842 corp: 670/2220Kb lim: 65536 exec/s: 882 rss: 4521Mb L: 2117/65536 MS: 4 EraseBytes-Custom-InsertRepeatedBytes-Custom-
#20349	NEW    cov: 1656 ft: 6842 corp: 670/2220Kb lim: 65536 exec/s: 884 rss: 4531Mb L: 17/65536 MS: 2 ManualDict-Custom- DE: "DSL error"-
#20555	NEW    cov: 1656 ft: 6842 corp: 671/2220Kb lim: 65536 exec/s: 893 rss: 4576Mb L: 5/65536 MS: 2 ManualDict-Custom- DE: "env-"-
#20641	NEW    cov: 1656 ft: 6842 corp: 672/2220Kb lim: 65536 exec/s: 897 rss: 4596Mb L: 8/65536 MS: 2 ChangeBinInt-Custom-
#20815	NEW    cov: 1656 ft: 6842 corp: 672/2220Kb lim: 65536 exec/s: 905 rss: 4634Mb L: 58/65536 MS: 8 ShuffleBytes-Custom-InsertByte-Custom-ChangeBinInt-Custom-CopyPart-Custom-
#20866	NEW    cov: 1656 ft: 6843 corp: 673/2220Kb lim: 65536 exec/s: 907 rss: 4646Mb L: 37/65536 MS: 2 ManualDict-Custom- DE: "cache"-
#21036	RELOAD cov: 1656 ft: 6844 corp: 672/2213Kb lim: 65536 exec/s: 914 rss: 4683Mb
#21037	NEW    cov: 1656 ft: 6846 corp: 673/2213Kb lim: 65536 exec/s: 914 rss: 4683Mb L: 7/65536 MS: 2 ChangeBit-Custom-
#21038	NEW    cov: 1656 ft: 6846 corp: 673/2212Kb lim: 65536 exec/s: 914 rss: 4683Mb L: 16/65536 MS: 2 ManualDict-Custom- DE: "do"-
#21044	NEW    cov: 1656 ft: 6846 corp: 674/2212Kb lim: 65536 exec/s: 914 rss: 4684Mb L: 9/65536 MS: 2 PersAutoDict-Custom- DE: "\037"-
#21136	NEW    cov: 1656 ft: 6846 corp: 674/2212Kb lim: 65536 exec/s: 918 rss: 4704Mb L: 2/65536 MS: 2 CustomCrossOver-CustomCrossOver-
#21141	NEW    cov: 1656 ft: 6846 corp: 673/2179Kb lim: 65536 exec/s: 919 rss: 4705Mb L: 33554/65536 MS: 10 EraseBytes-Custom-ChangeBinInt-Custom-ChangeBit-Custom-ChangeByte-Custom-CopyPart-Custom-
#21455	NEW    cov: 1656 ft: 6847 corp: 674/2179Kb lim: 65536 exec/s: 893 rss: 4773Mb L: 198/65536 MS: 8 ShuffleBytes-Custom-ChangeByte-Custom-ChangeBit-Custom-CopyPart-Custom-
#21761	NEW    cov: 1656 ft: 6850 corp: 675/2243Kb lim: 65536 exec/s: 906 rss: 4836Mb L: 65522/65536 MS: 2 InsertByte-Custom-
#21972	NEW    cov: 1656 ft: 6850 corp: 675/2243Kb lim: 65536 exec/s: 915 rss: 4882Mb L: 1/65536 MS: 2 ChangeByte-Custom-
#21976	NEW    cov: 1656 ft: 6850 corp: 675/2243Kb lim: 65536 exec/s: 915 rss: 4883Mb L: 11/65536 MS: 8 CopyPart-Custom-ChangeBinInt-Custom-ShuffleBytes-Custom-ChangeBit-Custom-
#22069	RELOAD cov: 1656 ft: 6851 corp: 677/2213Kb lim: 65536 exec/s: 919 rss: 4904Mb
#22075	NEW    cov: 1656 ft: 6851 corp: 675/2212Kb lim: 65536 exec/s: 919 rss: 4905Mb L: 1/65536 MS: 1 CustomCrossOver-
#22288	NEW    cov: 1656 ft: 6857 corp: 676/2213Kb lim: 65536 exec/s: 891 rss: 4946Mb L: 56/65536 MS: 6 CopyPart-Custom-CopyPart-Custom-ManualDict-Custom- DE: "mergeSettingsFromLuaTable"-
#22505	NEW    cov: 1656 ft: 6857 corp: 677/2213Kb lim: 65536 exec/s: 900 rss: 4993Mb L: 1/65536 MS: 3 CustomCrossOver-ShuffleBytes-Custom-
#22572	NEW    cov: 1656 ft: 6857 corp: 677/2181Kb lim: 65536 exec/s: 902 rss: 5007Mb L: 32767/65536 MS: 4 PersAutoDict-Custom-ManualDict-Custom- DE: "missing-b"-"level"-
#22600	NEW    cov: 1656 ft: 6858 corp: 678/2181Kb lim: 65536 exec/s: 904 rss: 5013Mb L: 263/65536 MS: 6 ChangeBit-Custom-PersAutoDict-Custom-ChangeBit-Custom- DE: "\377\377\377\002\000\000\000\025"-
#22614	NEW    cov: 1656 ft: 6859 corp: 679/2181Kb lim: 65536 exec/s: 904 rss: 5016Mb L: 11/65536 MS: 8 EraseBytes-Custom-InsertByte-Custom-EraseBytes-Custom-PersAutoDict-Custom- DE: "\\r"-
#22635	NEW    cov: 1656 ft: 6859 corp: 679/2181Kb lim: 65536 exec/s: 905 rss: 5020Mb L: 23/65536 MS: 2 ManualDict-Custom- DE: "spawn"-
#22778	NEW    cov: 1656 ft: 6859 corp: 679/2181Kb lim: 65536 exec/s: 911 rss: 5053Mb L: 110/65536 MS: 6 PersAutoDict-Custom-ChangeByte-Custom-EraseBytes-Custom- DE: "temp"-
#22799	NEW    cov: 1656 ft: 6859 corp: 680/2198Kb lim: 65536 exec/s: 911 rss: 5058Mb L: 17352/65536 MS: 1 CustomCrossOver-
#22834	NEW    cov: 1656 ft: 6864 corp: 681/2199Kb lim: 65536 exec/s: 913 rss: 5066Mb L: 380/65536 MS: 10 ChangeBit-Custom-InsertRepeatedBytes-Custom-ChangeByte-Custom-ManualDict-Custom-ChangeByte-Custom- DE: "buildScriptPath"-
#22860	NEW    cov: 1656 ft: 6867 corp: 682/2199Kb lim: 65536 exec/s: 914 rss: 5072Mb L: 5/65536 MS: 1 CustomCrossOver-
#22893	NEW    cov: 1656 ft: 6870 corp: 683/2199Kb lim: 65536 exec/s: 915 rss: 5079Mb L: 67/65536 MS: 6 ChangeByte-Custom-InsertRepeatedBytes-Custom-ShuffleBytes-Custom-
#22960	NEW    cov: 1656 ft: 6870 corp: 683/2199Kb lim: 65536 exec/s: 918 rss: 5094Mb L: 5/65536 MS: 4 ChangeBinInt-Custom-InsertByte-Custom-
#23127	RELOAD cov: 1656 ft: 6871 corp: 683/2173Kb lim: 65536 exec/s: 889 rss: 5130Mb
#23153	NEW    cov: 1656 ft: 6871 corp: 683/2173Kb lim: 65536 exec/s: 890 rss: 5135Mb L: 2/65536 MS: 1 CustomCrossOver-
#23209	NEW    cov: 1656 ft: 6871 corp: 683/2173Kb lim: 65536 exec/s: 892 rss: 5148Mb L: 7/65536 MS: 2 ChangeBit-Custom-
#23232	NEW    cov: 1656 ft: 6871 corp: 683/2172Kb lim: 65536 exec/s: 893 rss: 5153Mb L: 10/65536 MS: 6 PersAutoDict-Custom-ChangeBit-Custom-ShuffleBytes-Custom- DE: "outputs"-
#23327	NEW    cov: 1656 ft: 6872 corp: 684/2172Kb lim: 65536 exec/s: 897 rss: 5172Mb L: 57/65536 MS: 7 PersAutoDict-Custom-CustomCrossOver-CustomCrossOver-CMP-Custom-CustomCrossOver- DE: "\001\000\000\003"-"@/tmp/beez_fuzz_project/build.lua"-
#23350	NEW    cov: 1656 ft: 6872 corp: 684/2172Kb lim: 65536 exec/s: 898 rss: 5176Mb L: 17352/65536 MS: 4 EraseBytes-Custom-CustomCrossOver-CustomCrossOver-
#23365	NEW    cov: 1656 ft: 6873 corp: 685/2172Kb lim: 65536 exec/s: 898 rss: 5179Mb L: 163/65536 MS: 10 InsertRepeatedBytes-Custom-InsertByte-Custom-InsertByte-Custom-PersAutoDict-Custom-ChangeBit-Custom- DE: "22"-
#23372	NEW    cov: 1656 ft: 6873 corp: 685/2172Kb lim: 65536 exec/s: 898 rss: 5180Mb L: 1/65536 MS: 3 InsertRepeatedBytes-Custom-CustomCrossOver-
#23389	NEW    cov: 1656 ft: 6873 corp: 685/2172Kb lim: 65536 exec/s: 899 rss: 5184Mb L: 102/65536 MS: 4 CMP-Custom-InsertRepeatedBytes-Custom- DE: "\001\000\000\003\000\000\000\025"-
#23407	NEW    cov: 1656 ft: 6873 corp: 684/2154Kb lim: 65536 exec/s: 900 rss: 5188Mb L: 16749/65536 MS: 6 InsertByte-Custom-EraseBytes-Custom-CopyPart-Custom-
#23436	NEW    cov: 1656 ft: 6873 corp: 684/2154Kb lim: 65536 exec/s: 901 rss: 5194Mb L: 2/65536 MS: 8 ShuffleBytes-Custom-ChangeByte-Custom-CopyPart-Custom-ChangeByte-Custom-
#23451	NEW    cov: 1656 ft: 6873 corp: 684/2154Kb lim: 65536 exec/s: 901 rss: 5197Mb L: 22/65536 MS: 7 CustomCrossOver-CMP-Custom-CustomCrossOver-CustomCrossOver-ManualDict-Custom- DE: "\377\377\377\377\377\377\377\016"-"output_mode"-
#23452	NEW    cov: 1656 ft: 6874 corp: 685/2154Kb lim: 65536 exec/s: 902 rss: 5197Mb L: 16/65536 MS: 2 ChangeBinInt-Custom-
#23460	NEW    cov: 1656 ft: 6874 corp: 685/2154Kb lim: 65536 exec/s: 902 rss: 5199Mb L: 21/65536 MS: 6 PersAutoDict-Custom-ShuffleBytes-Custom-PersAutoDict-Custom- DE: "\015\000\000\000"-"missing-b"-
#23488	NEW    cov: 1656 ft: 6879 corp: 686/2158Kb lim: 65536 exec/s: 903 rss: 5205Mb L: 3364/65536 MS: 6 ChangeByte-Custom-PersAutoDict-Custom-EraseBytes-Custom- DE: "mutate"-
#23524	NEW    cov: 1656 ft: 6879 corp: 686/2158Kb lim: 65536 exec/s: 904 rss: 5212Mb L: 16/65536 MS: 2 CMP-Custom- DE: "\000\000\000\000\000\000\000\000"-
#23700	NEW    cov: 1656 ft: 6879 corp: 685/2158Kb lim: 65536 exec/s: 911 rss: 5251Mb L: 2/65536 MS: 2 InsertByte-Custom-
#23780	NEW    cov: 1656 ft: 6880 corp: 686/2158Kb lim: 65536 exec/s: 914 rss: 5269Mb L: 167/65536 MS: 10 CopyPart-Custom-InsertRepeatedBytes-Custom-EraseBytes-Custom-InsertRepeatedBytes-Custom-PersAutoDict-Custom- DE: "theme"-
#23894	NEW    cov: 1656 ft: 6880 corp: 687/2158Kb lim: 65536 exec/s: 919 rss: 5294Mb L: 3/65536 MS: 8 ChangeBit-Custom-ShuffleBytes-Custom-ChangeByte-Custom-ShuffleBytes-Custom-
#23907	NEW    cov: 1656 ft: 6880 corp: 687/2158Kb lim: 65536 exec/s: 919 rss: 5297Mb L: 21/65536 MS: 6 ChangeBit-Custom-InsertByte-Custom-ManualDict-Custom- DE: "BEEZ_FZ_"-
#23964	NEW    cov: 1656 ft: 6880 corp: 687/2158Kb lim: 65536 exec/s: 887 rss: 5310Mb L: 128/65536 MS: 4 CopyPart-Custom-PersAutoDict-Custom- DE: "env"-
#23974	NEW    cov: 1656 ft: 6880 corp: 687/2149Kb lim: 65536 exec/s: 887 rss: 5312Mb L: 118/65536 MS: 10 PersAutoDict-Custom-InsertByte-Custom-InsertRepeatedBytes-Custom-ManualDict-Custom-CopyPart-Custom- DE: "vault"-"default"-
#24098	RELOAD cov: 1656 ft: 6882 corp: 688/2177Kb lim: 65536 exec/s: 892 rss: 5340Mb
#24112	NEW    cov: 1656 ft: 6886 corp: 689/2177Kb lim: 65536 exec/s: 893 rss: 5342Mb L: 6/65536 MS: 8 ChangeByte-Custom-CopyPart-Custom-ShuffleBytes-Custom-ChangeBit-Custom-
#24195	NEW    cov: 1656 ft: 6886 corp: 689/2177Kb lim: 65536 exec/s: 896 rss: 5359Mb L: 12/65536 MS: 6 ChangeByte-Custom-PersAutoDict-Custom-ShuffleBytes-Custom- DE: "log_level"-
#24226	NEW    cov: 1656 ft: 6886 corp: 689/2177Kb lim: 65536 exec/s: 897 rss: 5366Mb L: 2/65536 MS: 2 CopyPart-Custom-
#24366	NEW    cov: 1656 ft: 6888 corp: 690/2177Kb lim: 65536 exec/s: 902 rss: 5395Mb L: 109/65536 MS: 10 ChangeBinInt-Custom-EraseBytes-Custom-ManualDict-Custom-ManualDict-Custom-CMP-Custom- DE: "pairs"-"summary"-"\377!"-
#24508	NEW    cov: 1656 ft: 6888 corp: 690/2177Kb lim: 65536 exec/s: 907 rss: 5426Mb L: 7/65536 MS: 4 ShuffleBytes-Custom-ManualDict-Custom- DE: "step-"-
#24509	NEW    cov: 1656 ft: 6888 corp: 690/2177Kb lim: 65536 exec/s: 907 rss: 5427Mb L: 57602/65536 MS: 2 PersAutoDict-Custom- DE: "=="-
#24510	NEW    cov: 1656 ft: 6888 corp: 690/2177Kb lim: 65536 exec/s: 907 rss: 5427Mb L: 1/65536 MS: 2 ChangeBit-Custom-
#24693	NEW    cov: 1656 ft: 6891 corp: 691/2202Kb lim: 65536 exec/s: 914 rss: 5467Mb L: 26021/65536 MS: 6 ChangeBinInt-Custom-EraseBytes-Custom-ChangeBit-Custom-
#24741	NEW    cov: 1656 ft: 6891 corp: 691/2202Kb lim: 65536 exec/s: 916 rss: 5475Mb L: 17/65536 MS: 6 ShuffleBytes-Custom-CopyPart-Custom-InsertByte-Custom-
#24812	NEW    cov: 1656 ft: 6891 corp: 692/2202Kb lim: 65536 exec/s: 918 rss: 5492Mb L: 18/65536 MS: 1 CustomCrossOver-
#24822	NEW    cov: 1656 ft: 6927 corp: 693/2203Kb lim: 65536 exec/s: 886 rss: 5493Mb L: 49/65536 MS: 10 ManualDict-Custom-PersAutoDict-Custom-ChangeASCIIInt-Custom-CMP-Custom-PersAutoDict-Custom- DE: "mode"-"DSL error"-"merge"-"init"-
#25097	RELOAD cov: 1656 ft: 6927 corp: 695/2234Kb lim: 65536 exec/s: 896 rss: 5554Mb
#25110	NEW    cov: 1656 ft: 6927 corp: 696/2234Kb lim: 65536 exec/s: 896 rss: 5556Mb L: 12/65536 MS: 5 CopyPart-Custom-ChangeASCIIInt-Custom-CustomCrossOver-
#25111	NEW    cov: 1656 ft: 6927 corp: 696/2234Kb lim: 65536 exec/s: 896 rss: 5556Mb L: 3/65536 MS: 2 InsertByte-Custom-
#25139	NEW    cov: 1656 ft: 6927 corp: 696/2234Kb lim: 65536 exec/s: 897 rss: 5563Mb L: 10/65536 MS: 6 ShuffleBytes-Custom-ShuffleBytes-Custom-InsertByte-Custom-
#25205	NEW    cov: 1656 ft: 6927 corp: 697/2234Kb lim: 65536 exec/s: 900 rss: 5576Mb L: 15/65536 MS: 2 CMP-Custom- DE: "\377\377\377\377\377\377\377\012"-
#25325	NEW    cov: 1656 ft: 6929 corp: 698/2235Kb lim: 65536 exec/s: 904 rss: 5603Mb L: 5/65536 MS: 10 EraseBytes-Custom-EraseBytes-Custom-InsertByte-Custom-ChangeByte-Custom-InsertByte-Custom-
#25411	NEW    cov: 1656 ft: 6929 corp: 698/2234Kb lim: 65536 exec/s: 907 rss: 5621Mb L: 16/65536 MS: 1 CustomCrossOver-
#25507	NEW    cov: 1656 ft: 6929 corp: 698/2234Kb lim: 65536 exec/s: 910 rss: 5644Mb L: 32770/65536 MS: 2 InsertByte-Custom-
#25709	NEW    cov: 1656 ft: 6938 corp: 697/2234Kb lim: 65536 exec/s: 886 rss: 5687Mb L: 12/65536 MS: 4 ChangeByte-Custom-InsertByte-Custom-
#25730	NEW    cov: 1656 ft: 6940 corp: 698/2242Kb lim: 65536 exec/s: 887 rss: 5692Mb L: 7707/65536 MS: 2 ChangeBit-Custom-
#25737	NEW    cov: 1656 ft: 6941 corp: 699/2246Kb lim: 65536 exec/s: 887 rss: 5693Mb L: 3900/65536 MS: 4 InsertByte-Custom-ChangeBinInt-Custom-
#25738	NEW    cov: 1656 ft: 6941 corp: 700/2277Kb lim: 65536 exec/s: 887 rss: 5693Mb L: 31934/65536 MS: 2 ManualDict-Custom- DE: "cache_write_strategy"-
#26102	RELOAD cov: 1656 ft: 6944 corp: 700/2267Kb lim: 65536 exec/s: 900 rss: 5767Mb
#26160	NEW    cov: 1656 ft: 6944 corp: 700/2267Kb lim: 65536 exec/s: 902 rss: 5779Mb L: 52/65536 MS: 6 EraseBytes-Custom-PersAutoDict-Custom-ManualDict-Custom- DE: "braced"-"throughput"-
#26161	NEW    cov: 1656 ft: 6944 corp: 700/2267Kb lim: 65536 exec/s: 902 rss: 5779Mb L: 8/65536 MS: 2 ManualDict-Custom- DE: "ipairs"-
#26163	NEW    cov: 1656 ft: 6947 corp: 700/2242Kb lim: 65536 exec/s: 902 rss: 5779Mb L: 31937/65536 MS: 4 ChangeBit-Custom-ManualDict-Custom- DE: "rejects numeric entries"-
#26230	NEW    cov: 1656 ft: 6947 corp: 701/2242Kb lim: 65536 exec/s: 904 rss: 5794Mb L: 2/65536 MS: 4 ShuffleBytes-Custom-InsertByte-Custom-
#26311	NEW    cov: 1656 ft: 6947 corp: 702/2242Kb lim: 65536 exec/s: 907 rss: 5811Mb L: 1/65536 MS: 2 ChangeBit-Custom-
#26432	NEW    cov: 1656 ft: 6947 corp: 703/2242Kb lim: 65536 exec/s: 911 rss: 5836Mb L: 258/65536 MS: 1 CustomCrossOver-
#26586	NEW    cov: 1656 ft: 6947 corp: 703/2242Kb lim: 65536 exec/s: 886 rss: 5869Mb L: 12/65536 MS: 8 ChangeBit-Custom-ShuffleBytes-Custom-ChangeByte-Custom-ShuffleBytes-Custom-
#26603	NEW    cov: 1656 ft: 6947 corp: 702/2238Kb lim: 65536 exec/s: 886 rss: 5872Mb L: 56/65536 MS: 4 CopyPart-Custom-PersAutoDict-Custom- DE: "workflow phase invocation is missing required field"-
#26683	NEW    cov: 1656 ft: 6947 corp: 702/2238Kb lim: 65536 exec/s: 889 rss: 5890Mb L: 35/65536 MS: 7 ShuffleBytes-Custom-CrossOver-Custom-CustomCrossOver-CustomCrossOver-CustomCrossOver-
#26745	NEW    cov: 1656 ft: 6947 corp: 702/2238Kb lim: 65536 exec/s: 891 rss: 5904Mb L: 11/65536 MS: 3 CustomCrossOver-CMP-Custom- DE: "\377\377\377\000"-
#26838	NEW    cov: 1656 ft: 6947 corp: 702/2236Kb lim: 65536 exec/s: 894 rss: 5922Mb L: 195/65536 MS: 6 InsertByte-Custom-InsertRepeatedBytes-Custom-ShuffleBytes-Custom-
#26864	NEW    cov: 1656 ft: 6947 corp: 703/2236Kb lim: 65536 exec/s: 895 rss: 5928Mb L: 2/65536 MS: 1 CustomCrossOver-
#26865	NEW    cov: 1656 ft: 6947 corp: 703/2236Kb lim: 65536 exec/s: 895 rss: 5928Mb L: 3/65536 MS: 2 CopyPart-Custom-
#26881	NEW    cov: 1656 ft: 6947 corp: 704/2244Kb lim: 65536 exec/s: 896 rss: 5931Mb L: 8620/65536 MS: 1 CustomCrossOver-
#26892	NEW    cov: 1656 ft: 6947 corp: 705/2244Kb lim: 65536 exec/s: 896 rss: 5933Mb L: 34/65536 MS: 2 ChangeByte-Custom-
#26908	NEW    cov: 1656 ft: 6950 corp: 703/2243Kb lim: 65536 exec/s: 896 rss: 5936Mb L: 6/65536 MS: 2 ShuffleBytes-Custom-
#26909	NEW    cov: 1656 ft: 6950 corp: 704/2243Kb lim: 65536 exec/s: 896 rss: 5936Mb L: 5/65536 MS: 2 ChangeBit-Custom-
#26940	NEW    cov: 1656 ft: 6954 corp: 705/2244Kb lim: 65536 exec/s: 898 rss: 5943Mb L: 238/65536 MS: 2 EraseBytes-Custom-
#26996	NEW    cov: 1656 ft: 6954 corp: 706/2244Kb lim: 65536 exec/s: 899 rss: 5955Mb L: 17/65536 MS: 2 InsertByte-Custom-
#26997	NEW    cov: 1656 ft: 6954 corp: 707/2244Kb lim: 65536 exec/s: 899 rss: 5955Mb L: 2/65536 MS: 2 ChangeByte-Custom-
#26998	NEW    cov: 1656 ft: 6954 corp: 707/2243Kb lim: 65536 exec/s: 899 rss: 5955Mb L: 17/65536 MS: 2 ChangeBit-Custom-
#27005	NEW    cov: 1656 ft: 6954 corp: 708/2243Kb lim: 65536 exec/s: 900 rss: 5956Mb L: 4/65536 MS: 4 EraseBytes-Custom-CopyPart-Custom-
#27136	RELOAD cov: 1656 ft: 6954 corp: 707/2211Kb lim: 65536 exec/s: 904 rss: 5984Mb
#27142	NEW    cov: 1656 ft: 6954 corp: 707/2211Kb lim: 65536 exec/s: 904 rss: 5984Mb L: 10/65536 MS: 2 EraseBytes-Custom-
#27153	NEW    cov: 1656 ft: 6954 corp: 708/2211Kb lim: 65536 exec/s: 905 rss: 5988Mb L: 5/65536 MS: 1 CustomCrossOver-
#27201	NEW    cov: 1656 ft: 6958 corp: 709/2211Kb lim: 65536 exec/s: 906 rss: 5996Mb L: 22/65536 MS: 6 CMP-Custom-ChangeBit-Custom-ShuffleBytes-Custom- DE: "ram_t"-
#27216	NEW    cov: 1656 ft: 6959 corp: 710/2230Kb lim: 65536 exec/s: 907 rss: 5999Mb L: 19806/65536 MS: 10 EraseBytes-Custom-InsertByte-Custom-ChangeBit-Custom-CopyPart-Custom-InsertRepeatedBytes-Custom-
#27338	NEW    cov: 1656 ft: 6959 corp: 711/2230Kb lim: 65536 exec/s: 911 rss: 6024Mb L: 3/65536 MS: 4 CopyPart-Custom-CopyPart-Custom-
#27355	NEW    cov: 1656 ft: 7012 corp: 712/2230Kb lim: 65536 exec/s: 911 rss: 6028Mb L: 61/65536 MS: 2 CustomCrossOver-CustomCrossOver-
#27518	NEW    cov: 1656 ft: 7012 corp: 712/2230Kb lim: 65536 exec/s: 887 rss: 6063Mb L: 16/65536 MS: 4 CustomCrossOver-ChangeByte-Custom-CustomCrossOver-
#27602	NEW    cov: 1656 ft: 7013 corp: 713/2230Kb lim: 65536 exec/s: 890 rss: 6083Mb L: 14/65536 MS: 8 ManualDict-Custom-ManualDict-Custom-EraseBytes-Custom-CMP-Custom- DE: "]]"-"BEEZ_FZ_"-"diff"-
#27887	NEW    cov: 1656 ft: 7013 corp: 713/2230Kb lim: 65536 exec/s: 899 rss: 6142Mb L: 22/65536 MS: 10 CopyPart-Custom-InsertByte-Custom-ManualDict-Custom-ChangeByte-Custom-EraseBytes-Custom- DE: "length"-
#28142	RELOAD cov: 1656 ft: 7016 corp: 715/2267Kb lim: 65536 exec/s: 907 rss: 6198Mb
#28175	NEW    cov: 1656 ft: 7016 corp: 714/2266Kb lim: 65536 exec/s: 908 rss: 6205Mb L: 28/65536 MS: 6 CMP-Custom-ChangeByte-Custom-ManualDict-Custom- DE: "\217\263\230\220\001\000\000\000"-"zstd"-
#28177	NEW    cov: 1656 ft: 7016 corp: 714/2266Kb lim: 65536 exec/s: 908 rss: 6205Mb L: 20/65536 MS: 4 ChangeBinInt-Custom-PersAutoDict-Custom- DE: "zstd"-
#28190	NEW    cov: 1656 ft: 7016 corp: 714/2266Kb lim: 65536 exec/s: 909 rss: 6208Mb L: 19/65536 MS: 4 CustomCrossOver-ChangeByte-Custom-CustomCrossOver-
#28202	NEW    cov: 1656 ft: 7016 corp: 715/2266Kb lim: 65536 exec/s: 909 rss: 6211Mb L: 1/65536 MS: 4 ShuffleBytes-Custom-EraseBytes-Custom-
#28245	NEW    cov: 1656 ft: 7016 corp: 715/2266Kb lim: 65536 exec/s: 911 rss: 6221Mb L: 100/65536 MS: 6 ChangeASCIIInt-Custom-CopyPart-Custom-InsertByte-Custom-
#28441	NEW    cov: 1656 ft: 7016 corp: 715/2266Kb lim: 65536 exec/s: 888 rss: 6264Mb L: 3/65536 MS: 1 CustomCrossOver-
#28495	NEW    cov: 1656 ft: 7016 corp: 716/2266Kb lim: 65536 exec/s: 890 rss: 6275Mb L: 5/65536 MS: 8 ShuffleBytes-Custom-ChangeByte-Custom-ChangeByte-Custom-ChangeBinInt-Custom-
#28571	NEW    cov: 1656 ft: 7016 corp: 717/2266Kb lim: 65536 exec/s: 892 rss: 6291Mb L: 2/65536 MS: 2 ChangeByte-Custom-
#28963	NEW    cov: 1656 ft: 7016 corp: 717/2265Kb lim: 65536 exec/s: 905 rss: 6377Mb L: 12/65536 MS: 4 ManualDict-Custom-CopyPart-Custom- DE: "logging"-
#29014	NEW    cov: 1656 ft: 7016 corp: 718/2265Kb lim: 65536 exec/s: 906 rss: 6389Mb L: 24/65536 MS: 2 PersAutoDict-Custom- DE: "rejects numeric entries"-
#29037	NEW    cov: 1656 ft: 7016 corp: 718/2265Kb lim: 65536 exec/s: 907 rss: 6394Mb L: 11/65536 MS: 3 CustomCrossOver-CustomCrossOver-CustomCrossOver-
#29103	RELOAD cov: 1656 ft: 7021 corp: 717/2295Kb lim: 65536 exec/s: 909 rss: 6409Mb
#29147	NEW    cov: 1656 ft: 7025 corp: 718/2296Kb lim: 65536 exec/s: 910 rss: 6417Mb L: 64/65536 MS: 6 ChangeBinInt-Custom-CopyPart-Custom-CustomCrossOver-CustomCrossOver-
#29186	NEW    cov: 1656 ft: 7025 corp: 719/2296Kb lim: 65536 exec/s: 912 rss: 6425Mb L: 198/65536 MS: 8 InsertRepeatedBytes-Custom-ChangeBit-Custom-ChangeBinInt-Custom-CMP-Custom- DE: "\007\000\000\000\000\000\000\000"-
#29300	NEW    cov: 1656 ft: 7025 corp: 719/2296Kb lim: 65536 exec/s: 887 rss: 6449Mb L: 8194/65536 MS: 6 CustomCrossOver-ChangeBinInt-Custom-CustomCrossOver-PersAutoDict-Custom- DE: "\377\023"-
#29375	NEW    cov: 1656 ft: 7025 corp: 719/2296Kb lim: 65536 exec/s: 890 rss: 6465Mb L: 16/65536 MS: 10 CMP-Custom-ChangeByte-Custom-CopyPart-Custom-ChangeBit-Custom-InsertByte-Custom- DE: "__gc"-
#29378	NEW    cov: 1656 ft: 7025 corp: 720/2296Kb lim: 65536 exec/s: 890 rss: 6465Mb L: 19/65536 MS: 4 CustomCrossOver-CopyPart-Custom-CustomCrossOver-
#29539	NEW    cov: 1656 ft: 7025 corp: 720/2296Kb lim: 65536 exec/s: 895 rss: 6501Mb L: 17/65536 MS: 2 ChangeByte-Custom-
#29690	NEW    cov: 1656 ft: 7025 corp: 720/2296Kb lim: 65536 exec/s: 899 rss: 6535Mb L: 5/65536 MS: 1 CustomCrossOver-
#29728	NEW    cov: 1656 ft: 7026 corp: 721/2329Kb lim: 65536 exec/s: 900 rss: 6544Mb L: 34184/65536 MS: 6 ManualDict-Custom-PersAutoDict-Custom-InsertRepeatedBytes-Custom- DE: "already registered"-"mergeSettingsFromLuaTable"-
#29757	NEW    cov: 1656 ft: 7026 corp: 721/2329Kb lim: 65536 exec/s: 901 rss: 6549Mb L: 33628/65536 MS: 8 ShuffleBytes-Custom-InsertByte-Custom-EraseBytes-Custom-EraseBytes-Custom-
#29773	NEW    cov: 1656 ft: 7026 corp: 721/2329Kb lim: 65536 exec/s: 902 rss: 6552Mb L: 25/65536 MS: 2 InsertRepeatedBytes-Custom-
#29794	NEW    cov: 1656 ft: 7032 corp: 722/2337Kb lim: 65536 exec/s: 902 rss: 6557Mb L: 7819/65536 MS: 2 CopyPart-Custom-
#29858	RELOAD cov: 1656 ft: 7032 corp: 722/2336Kb lim: 65536 exec/s: 904 rss: 6570Mb
#30097	NEW    cov: 1656 ft: 7032 corp: 722/2336Kb lim: 65536 exec/s: 885 rss: 6623Mb L: 21/65536 MS: 8 CMP-Custom-ChangeByte-Custom-ShuffleBytes-Custom-PersAutoDict-Custom- DE: "\377\377\377\000\000\000\000\001"-"\012\000\000\000\000\000\000\000"-
#30261	NEW    cov: 1656 ft: 7032 corp: 722/2336Kb lim: 65536 exec/s: 890 rss: 6625Mb L: 46/65536 MS: 8 CopyPart-Custom-ChangeByte-Custom-ChangeBit-Custom-ManualDict-Custom- DE: "mergeSettingsFromLuaTable"-
#30273	NEW    cov: 1656 ft: 7032 corp: 722/2336Kb lim: 65536 exec/s: 890 rss: 6625Mb L: 8308/65536 MS: 4 ManualDict-Custom-EraseBytes-Custom- DE: "summary"-
#30434	NEW    cov: 1656 ft: 7032 corp: 722/2336Kb lim: 65536 exec/s: 895 rss: 6625Mb L: 2/65536 MS: 2 ChangeBinInt-Custom-
#30514	RELOAD cov: 1656 ft: 7032 corp: 722/2331Kb lim: 65536 exec/s: 897 rss: 6625Mb
#30770	NEW    cov: 1656 ft: 7032 corp: 723/2331Kb lim: 65536 exec/s: 879 rss: 6625Mb L: 14/65536 MS: 2 InsertByte-Custom-
#31016	NEW    cov: 1656 ft: 7032 corp: 723/2331Kb lim: 65536 exec/s: 886 rss: 6625Mb L: 2/65536 MS: 2 ChangeByte-Custom-
#31129	RELOAD cov: 1656 ft: 7032 corp: 724/2330Kb lim: 65536 exec/s: 864 rss: 6625Mb
#31175	NEW    cov: 1656 ft: 7032 corp: 724/2330Kb lim: 65536 exec/s: 865 rss: 6625Mb L: 10/65536 MS: 1 CustomCrossOver-
#31191	NEW    cov: 1656 ft: 7033 corp: 725/2334Kb lim: 65536 exec/s: 866 rss: 6625Mb L: 4095/65536 MS: 2 CMP-Custom- DE: "\000\037"-
#31251	NEW    cov: 1656 ft: 7033 corp: 725/2334Kb lim: 65536 exec/s: 868 rss: 6625Mb L: 1/65536 MS: 8 CustomCrossOver-CMP-Custom-CustomCrossOver-ShuffleBytes-Custom-ChangeBit-Custom- DE: "\031\000\000\000"-
#31362	NEW    cov: 1656 ft: 7033 corp: 725/2334Kb lim: 65536 exec/s: 871 rss: 6625Mb L: 52/65536 MS: 2 ChangeBit-Custom-
#31406	NEW    cov: 1656 ft: 7034 corp: 726/2334Kb lim: 65536 exec/s: 872 rss: 6625Mb L: 84/65536 MS: 8 ShuffleBytes-Custom-ShuffleBytes-Custom-ChangeBit-Custom-ShuffleBytes-Custom-
#31534	NEW    cov: 1656 ft: 7034 corp: 726/2334Kb lim: 65536 exec/s: 875 rss: 6625Mb L: 11/65536 MS: 4 ShuffleBytes-Custom-CustomCrossOver-CustomCrossOver-
#31597	NEW    cov: 1656 ft: 7034 corp: 727/2334Kb lim: 65536 exec/s: 877 rss: 6625Mb L: 2/65536 MS: 4 ChangeBit-Custom-CustomCrossOver-CustomCrossOver-
#31611	NEW    cov: 1656 ft: 7035 corp: 728/2334Kb lim: 65536 exec/s: 878 rss: 6625Mb L: 21/65536 MS: 6 CustomCrossOver-InsertByte-Custom-CustomCrossOver-ShuffleBytes-Custom-
#31637	NEW    cov: 1656 ft: 7035 corp: 729/2334Kb lim: 65536 exec/s: 855 rss: 6625Mb L: 9/65536 MS: 2 PersAutoDict-Custom- DE: "\377\377\377\377\377\377\377N"-
#31649	NEW    cov: 1656 ft: 7035 corp: 730/2334Kb lim: 65536 exec/s: 855 rss: 6625Mb L: 3/65536 MS: 4 InsertByte-Custom-ChangeBit-Custom-
#31654	NEW    cov: 1656 ft: 7035 corp: 731/2334Kb lim: 65536 exec/s: 855 rss: 6625Mb L: 280/65536 MS: 8 CustomCrossOver-ShuffleBytes-Custom-ChangeBinInt-Custom-CustomCrossOver-ManualDict-Custom- DE: "use_mmap_for_hashing"-
#31740	RELOAD cov: 1656 ft: 7035 corp: 732/2349Kb lim: 65536 exec/s: 857 rss: 6625Mb
#31860	NEW    cov: 1656 ft: 7035 corp: 732/2349Kb lim: 65536 exec/s: 861 rss: 6625Mb L: 8463/65536 MS: 10 ChangeBinInt-Custom-InsertRepeatedBytes-Custom-ChangeBinInt-Custom-ChangeBit-Custom-ShuffleBytes-Custom-
#31892	NEW    cov: 1656 ft: 7035 corp: 732/2349Kb lim: 65536 exec/s: 861 rss: 6625Mb L: 2/65536 MS: 4 ShuffleBytes-Custom-ShuffleBytes-Custom-
#31984	NEW    cov: 1656 ft: 7035 corp: 732/2349Kb lim: 65536 exec/s: 864 rss: 6625Mb L: 25/65536 MS: 4 ShuffleBytes-Custom-ManualDict-Custom- DE: "SECRET"-
#31985	NEW    cov: 1656 ft: 7035 corp: 732/2349Kb lim: 65536 exec/s: 864 rss: 6625Mb L: 4/65536 MS: 2 CopyPart-Custom-
#32003	NEW    cov: 1656 ft: 7035 corp: 732/2349Kb lim: 65536 exec/s: 864 rss: 6625Mb L: 2/65536 MS: 5 ShuffleBytes-Custom-EraseBytes-Custom-CustomCrossOver-
#32317	NEW    cov: 1656 ft: 7035 corp: 732/2349Kb lim: 65536 exec/s: 850 rss: 6625Mb L: 21/65536 MS: 8 ChangeByte-Custom-EraseBytes-Custom-ChangeBinInt-Custom-PersAutoDict-Custom- DE: "BEEZ_FZ_"-
#32338	NEW    cov: 1656 ft: 7035 corp: 733/2349Kb lim: 65536 exec/s: 851 rss: 6625Mb L: 3/65536 MS: 2 ChangeBit-Custom-
#32351	NEW    cov: 1656 ft: 7035 corp: 733/2349Kb lim: 65536 exec/s: 851 rss: 6625Mb L: 16665/65536 MS: 5 ShuffleBytes-Custom-ChangeASCIIInt-Custom-CustomCrossOver-
#32362	NEW    cov: 1656 ft: 7035 corp: 733/2333Kb lim: 65536 exec/s: 851 rss: 6625Mb L: 3631/65536 MS: 2 CopyPart-Custom-
#32434	RELOAD cov: 1656 ft: 7035 corp: 734/2341Kb lim: 65536 exec/s: 853 rss: 6625Mb
#32509	NEW    cov: 1656 ft: 7035 corp: 734/2341Kb lim: 65536 exec/s: 855 rss: 6625Mb L: 76/65536 MS: 10 ChangeByte-Custom-InsertByte-Custom-ManualDict-Custom-ChangeByte-Custom-ChangeBinInt-Custom- DE: "beez.config"-
#32561	NEW    cov: 1656 ft: 7035 corp: 735/2341Kb lim: 65536 exec/s: 856 rss: 6625Mb L: 11/65536 MS: 4 PersAutoDict-Custom-InsertByte-Custom- DE: "SECRET"-
#32694	NEW    cov: 1656 ft: 7037 corp: 736/2341Kb lim: 65536 exec/s: 860 rss: 6626Mb L: 34/65536 MS: 6 ChangeBinInt-Custom-InsertRepeatedBytes-Custom-ManualDict-Custom- DE: "max_threads"-
#32747	NEW    cov: 1656 ft: 7037 corp: 737/2341Kb lim: 65536 exec/s: 861 rss: 6638Mb L: 2/65536 MS: 5 InsertRepeatedBytes-Custom-ManualDict-Custom-CustomCrossOver- DE: "TMPDIR"-
#32768	pulse  cov: 1656 ft: 7037 corp: 737/2341Kb lim: 65536 exec/s: 862 rss: 6642Mb
#32854	NEW    cov: 1656 ft: 7037 corp: 737/2341Kb lim: 65536 exec/s: 864 rss: 6659Mb L: 2/65536 MS: 3 ShuffleBytes-Custom-CustomCrossOver-
#33022	NEW    cov: 1656 ft: 7037 corp: 737/2341Kb lim: 65536 exec/s: 846 rss: 6694Mb L: 9/65536 MS: 3 CustomCrossOver-CustomCrossOver-CustomCrossOver-
#33113	NEW    cov: 1656 ft: 7037 corp: 737/2341Kb lim: 65536 exec/s: 849 rss: 6713Mb L: 19/65536 MS: 2 PersAutoDict-Custom- DE: "default"-
#33189	NEW    cov: 1656 ft: 7037 corp: 737/2340Kb lim: 65536 exec/s: 851 rss: 6730Mb L: 35106/65536 MS: 2 EraseBytes-Custom-
#33319	RELOAD cov: 1656 ft: 7039 corp: 738/2323Kb lim: 65536 exec/s: 854 rss: 6757Mb
#33340	NEW    cov: 1656 ft: 7039 corp: 738/2323Kb lim: 65536 exec/s: 854 rss: 6761Mb L: 1/65536 MS: 2 ShuffleBytes-Custom-
#33775	RELOAD cov: 1656 ft: 7040 corp: 740/2334Kb lim: 65536 exec/s: 750 rss: 6839Mb
#33969	NEW    cov: 1656 ft: 7040 corp: 740/2334Kb lim: 65536 exec/s: 754 rss: 6866Mb L: 6/65536 MS: 8 ManualDict-Custom-EraseBytes-Custom-ChangeByte-Custom-ShuffleBytes-Custom- DE: "crc32"-
#34004	NEW    cov: 1656 ft: 7040 corp: 739/2334Kb lim: 65536 exec/s: 755 rss: 6872Mb L: 7/65536 MS: 8 CustomCrossOver-CrossOver-Custom-ChangeByte-Custom-ChangeByte-Custom-CustomCrossOver-
#34006	NEW    cov: 1656 ft: 7040 corp: 739/2334Kb lim: 65536 exec/s: 755 rss: 6872Mb L: 6/65536 MS: 4 InsertByte-Custom-ShuffleBytes-Custom-
#34022	NEW    cov: 1656 ft: 7040 corp: 738/2334Kb lim: 65536 exec/s: 756 rss: 6873Mb L: 12/65536 MS: 2 ChangeByte-Custom-
#34027	NEW    cov: 1656 ft: 7045 corp: 739/2348Kb lim: 65536 exec/s: 756 rss: 6874Mb L: 14925/65536 MS: 10 PersAutoDict-Custom-ManualDict-Custom-InsertByte-Custom-CMP-Custom-CMP-Custom- DE: "diff"-"themes"-"\001\000\000\000\000\000\000\002"-"\001\000\000\020"-
#34032	NEW    cov: 1656 ft: 7047 corp: 740/2348Kb lim: 65536 exec/s: 756 rss: 6875Mb L: 53/65536 MS: 10 ChangeByte-Custom-ChangeBit-Custom-ShuffleBytes-Custom-CopyPart-Custom-EraseBytes-Custom-
#34034	NEW    cov: 1656 ft: 7047 corp: 738/2348Kb lim: 65536 exec/s: 756 rss: 6875Mb L: 2/65536 MS: 2 CustomCrossOver-CustomCrossOver-
#34152	NEW    cov: 1656 ft: 7047 corp: 738/2348Kb lim: 65536 exec/s: 758 rss: 6890Mb L: 65284/65536 MS: 6 ChangeByte-Custom-ChangeASCIIInt-Custom-CopyPart-Custom-
#34573	NEW    cov: 1656 ft: 7047 corp: 738/2342Kb lim: 65536 exec/s: 751 rss: 6900Mb L: 44801/65536 MS: 2 PersAutoDict-Custom- DE: "do"-
#34582	NEW    cov: 1656 ft: 7047 corp: 738/2342Kb lim: 65536 exec/s: 751 rss: 6900Mb L: 12/65536 MS: 8 ChangeBit-Custom-ManualDict-Custom-CMP-Custom-ChangeBit-Custom- DE: "[["-"\377\377\377\025"-
#34682	RELOAD cov: 1656 ft: 7047 corp: 738/2335Kb lim: 65536 exec/s: 753 rss: 6908Mb
#34700	NEW    cov: 1656 ft: 7047 corp: 738/2335Kb lim: 65536 exec/s: 754 rss: 6911Mb L: 16995/65536 MS: 6 ManualDict-Custom-ChangeBit-Custom-ChangeBinInt-Custom- DE: "blocks"-
#34966	NEW    cov: 1656 ft: 7047 corp: 738/2335Kb lim: 65536 exec/s: 743 rss: 6953Mb L: 3/65536 MS: 2 ChangeBit-Custom-
#35090	RELOAD cov: 1656 ft: 7047 corp: 738/2335Kb lim: 65536 exec/s: 649 rss: 6969Mb
