INFO: found LLVMFuzzerCustomMutator (0x4d05e8). Disabling -len_control by default.
Dictionary: 286 entries
INFO: Running with entropic power schedule (0xFF, 100).
INFO: Seed: 875781353
INFO: Loaded 1 modules   (4931 inline 8-bit counters): 4931 [0x1494dbc, 0x14960ff), 
INFO: Loaded 1 PC tables (4931 PCs): 4931 [0x11acb48,0x11bff78), 
INFO:       87 files found in report/fuzz/corpus/lua_dsl
INFO: seed corpus: files: 87 min: 18b max: 1590b total: 18107b rss: 30Mb
#88	INITED cov: 1400 ft: 3607 corp: 60/11997b exec/s: 0 rss: 56Mb
#89	NEW    cov: 1400 ft: 3607 corp: 60/11914b lim: 65536 exec/s: 0 rss: 56Mb L: 26/1590 MS: 1 CustomCrossOver-
#90	NEW    cov: 1402 ft: 3615 corp: 61/13504b lim: 65536 exec/s: 0 rss: 56Mb L: 1590/1590 MS: 1 CustomCrossOver-
#92	NEW    cov: 1402 ft: 3621 corp: 62/13952b lim: 65536 exec/s: 0 rss: 57Mb L: 448/1590 MS: 3 ChangeBinInt-Custom-CustomCrossOver-
#93	NEW    cov: 1402 ft: 3634 corp: 62/13942b lim: 65536 exec/s: 0 rss: 57Mb L: 79/1590 MS: 2 EraseBytes-Custom-
#95	NEW    cov: 1402 ft: 3635 corp: 63/14026b lim: 65536 exec/s: 0 rss: 57Mb L: 84/1590 MS: 2 CustomCrossOver-CustomCrossOver-
#96	NEW    cov: 1402 ft: 3639 corp: 64/14056b lim: 65536 exec/s: 0 rss: 58Mb L: 30/1590 MS: 1 CustomCrossOver-
#97	NEW    cov: 1402 ft: 3658 corp: 65/14290b lim: 65536 exec/s: 0 rss: 58Mb L: 234/1590 MS: 1 CustomCrossOver-
#100	NEW    cov: 1402 ft: 3664 corp: 66/14909b lim: 65536 exec/s: 0 rss: 59Mb L: 619/1590 MS: 5 InsertRepeatedBytes-Custom-CustomCrossOver-ChangeASCIIInt-Custom-
#101	NEW    cov: 1402 ft: 3664 corp: 66/14879b lim: 65536 exec/s: 0 rss: 59Mb L: 26/1590 MS: 1 CustomCrossOver-
#102	NEW    cov: 1402 ft: 3664 corp: 66/14475b lim: 65536 exec/s: 0 rss: 59Mb L: 44/1590 MS: 2 EraseBytes-Custom-
#103	NEW    cov: 1402 ft: 3665 corp: 67/14586b lim: 65536 exec/s: 0 rss: 59Mb L: 111/1590 MS: 2 ChangeBinInt-Custom-
#104	NEW    cov: 1402 ft: 3665 corp: 66/12981b lim: 65536 exec/s: 0 rss: 60Mb L: 602/1590 MS: 1 CustomCrossOver-
#105	NEW    cov: 1402 ft: 3668 corp: 67/13337b lim: 65536 exec/s: 0 rss: 60Mb L: 356/1590 MS: 2 InsertRepeatedBytes-Custom-
#107	NEW    cov: 1402 ft: 3672 corp: 68/13418b lim: 65536 exec/s: 0 rss: 60Mb L: 81/1590 MS: 3 CustomCrossOver-InsertRepeatedBytes-Custom-
#108	NEW    cov: 1402 ft: 3676 corp: 69/13652b lim: 65536 exec/s: 0 rss: 61Mb L: 234/1590 MS: 1 CustomCrossOver-
#109	NEW    cov: 1402 ft: 3679 corp: 69/13614b lim: 65536 exec/s: 0 rss: 61Mb L: 187/1590 MS: 2 EraseBytes-Custom-
#111	NEW    cov: 1402 ft: 3680 corp: 70/14062b lim: 65536 exec/s: 0 rss: 61Mb L: 448/1590 MS: 4 ShuffleBytes-Custom-ChangeBinInt-Custom-
#112	NEW    cov: 1402 ft: 4021 corp: 70/13892b lim: 65536 exec/s: 0 rss: 61Mb L: 24/1590 MS: 2 ChangeBinInt-Custom-
#113	NEW    cov: 1402 ft: 4024 corp: 69/13767b lim: 65536 exec/s: 0 rss: 62Mb L: 23/1590 MS: 1 CustomCrossOver-
#115	NEW    cov: 1402 ft: 4024 corp: 69/13681b lim: 65536 exec/s: 0 rss: 62Mb L: 25/1590 MS: 3 EraseBytes-Custom-CustomCrossOver-
#116	NEW    cov: 1420 ft: 4210 corp: 68/13535b lim: 65536 exec/s: 0 rss: 62Mb L: 58/1590 MS: 2 ShuffleBytes-Custom-
#117	NEW    cov: 1420 ft: 4210 corp: 69/13561b lim: 65536 exec/s: 0 rss: 63Mb L: 26/1590 MS: 1 CustomCrossOver-
#118	NEW    cov: 1420 ft: 4210 corp: 69/13531b lim: 65536 exec/s: 0 rss: 63Mb L: 30/1590 MS: 2 CMP-Custom- DE: "\000\000\000\000\000\000\000\013"-
#119	NEW    cov: 1420 ft: 4228 corp: 70/13866b lim: 65536 exec/s: 0 rss: 63Mb L: 335/1590 MS: 2 ManualDict-Custom- DE: "cache_write_strategy"-
#124	NEW    cov: 1420 ft: 4235 corp: 71/14632b lim: 65536 exec/s: 0 rss: 64Mb L: 766/1590 MS: 7 CustomCrossOver-CustomCrossOver-PersAutoDict-Custom-CustomCrossOver-ChangeBinInt-Custom- DE: "\000\000\000\000\000\000\000\013"-
#125	NEW    cov: 1420 ft: 4236 corp: 72/14770b lim: 65536 exec/s: 0 rss: 65Mb L: 138/1590 MS: 1 CustomCrossOver-
#126	NEW    cov: 1420 ft: 4238 corp: 73/14909b lim: 65536 exec/s: 0 rss: 65Mb L: 139/1590 MS: 2 EraseBytes-Custom-
#127	NEW    cov: 1420 ft: 4238 corp: 74/15041b lim: 65536 exec/s: 0 rss: 65Mb L: 132/1590 MS: 2 CMP-Custom- DE: "\377\377"-
#129	NEW    cov: 1420 ft: 4238 corp: 75/15108b lim: 65536 exec/s: 0 rss: 66Mb L: 67/1590 MS: 3 CustomCrossOver-PersAutoDict-Custom- DE: "cache_write_strategy"-
#140	NEW    cov: 1420 ft: 4251 corp: 76/15476b lim: 65536 exec/s: 0 rss: 68Mb L: 368/1590 MS: 2 CrossOver-Custom-
#141	NEW    cov: 1420 ft: 4251 corp: 76/15458b lim: 65536 exec/s: 0 rss: 68Mb L: 31/1590 MS: 2 CMP-Custom- DE: "\002\000\000\000\000\000\000\000"-
#145	NEW    cov: 1420 ft: 4252 corp: 77/15737b lim: 65536 exec/s: 0 rss: 69Mb L: 279/1590 MS: 8 InsertRepeatedBytes-Custom-CrossOver-Custom-ShuffleBytes-Custom-ChangeBit-Custom-
#146	NEW    cov: 1420 ft: 4256 corp: 77/15736b lim: 65536 exec/s: 0 rss: 70Mb L: 51/1590 MS: 2 InsertRepeatedBytes-Custom-
#147	NEW    cov: 1420 ft: 4256 corp: 77/15696b lim: 65536 exec/s: 0 rss: 70Mb L: 41/1590 MS: 1 CustomCrossOver-
#148	NEW    cov: 1420 ft: 4259 corp: 78/16144b lim: 65536 exec/s: 0 rss: 70Mb L: 448/1590 MS: 1 CustomCrossOver-
#149	NEW    cov: 1420 ft: 4263 corp: 79/16Kb lim: 65536 exec/s: 0 rss: 70Mb L: 448/1590 MS: 1 CustomCrossOver-
#151	NEW    cov: 1420 ft: 4263 corp: 80/16Kb lim: 65536 exec/s: 0 rss: 71Mb L: 555/1590 MS: 3 CustomCrossOver-InsertRepeatedBytes-Custom-
#152	NEW    cov: 1420 ft: 4263 corp: 81/16Kb lim: 65536 exec/s: 0 rss: 71Mb L: 21/1590 MS: 1 CustomCrossOver-
#153	NEW    cov: 1420 ft: 4270 corp: 82/17Kb lim: 65536 exec/s: 0 rss: 71Mb L: 770/1590 MS: 2 CopyPart-Custom-
#154	NEW    cov: 1420 ft: 4270 corp: 82/17Kb lim: 65536 exec/s: 0 rss: 72Mb L: 61/1590 MS: 1 CustomCrossOver-
#155	NEW    cov: 1420 ft: 4270 corp: 83/17Kb lim: 65536 exec/s: 0 rss: 72Mb L: 48/1590 MS: 1 CustomCrossOver-
#156	NEW    cov: 1420 ft: 4270 corp: 84/17Kb lim: 65536 exec/s: 0 rss: 72Mb L: 61/1590 MS: 1 CustomCrossOver-
#157	NEW    cov: 1420 ft: 4276 corp: 85/18Kb lim: 65536 exec/s: 0 rss: 72Mb L: 766/1590 MS: 1 CustomCrossOver-
#158	NEW    cov: 1420 ft: 4277 corp: 85/18Kb lim: 65536 exec/s: 0 rss: 73Mb L: 174/1590 MS: 2 ChangeBinInt-Custom-
#159	NEW    cov: 1420 ft: 4277 corp: 85/17Kb lim: 65536 exec/s: 0 rss: 73Mb L: 30/1590 MS: 1 CustomCrossOver-
#160	NEW    cov: 1420 ft: 4281 corp: 86/18Kb lim: 65536 exec/s: 0 rss: 73Mb L: 28/1590 MS: 1 CustomCrossOver-
#161	NEW    cov: 1420 ft: 4289 corp: 86/17Kb lim: 65536 exec/s: 0 rss: 73Mb L: 16/1590 MS: 2 EraseBytes-Custom-
#163	NEW    cov: 1420 ft: 4289 corp: 86/17Kb lim: 65536 exec/s: 0 rss: 74Mb L: 24/1590 MS: 2 CustomCrossOver-CustomCrossOver-
#164	NEW    cov: 1420 ft: 4289 corp: 87/18Kb lim: 65536 exec/s: 0 rss: 74Mb L: 141/1590 MS: 2 InsertByte-Custom-
#169	NEW    cov: 1420 ft: 4292 corp: 88/18Kb lim: 65536 exec/s: 0 rss: 75Mb L: 354/1590 MS: 8 ManualDict-Custom-CustomCrossOver-CustomCrossOver-PersAutoDict-Custom-EraseBytes-Custom- DE: "enabled"-"\000\000\000\000\000\000\000\013"-
#170	NEW    cov: 1420 ft: 4295 corp: 88/18Kb lim: 65536 exec/s: 0 rss: 76Mb L: 174/1590 MS: 1 CustomCrossOver-
#171	NEW    cov: 1420 ft: 4296 corp: 89/18Kb lim: 65536 exec/s: 0 rss: 76Mb L: 15/1590 MS: 2 EraseBytes-Custom-
#173	NEW    cov: 1420 ft: 4299 corp: 90/19Kb lim: 65536 exec/s: 0 rss: 76Mb L: 865/1590 MS: 4 ManualDict-Custom-PersAutoDict-Custom- DE: "wf-"-"\377\377"-
#174	NEW    cov: 1420 ft: 4299 corp: 91/19Kb lim: 65536 exec/s: 0 rss: 77Mb L: 57/1590 MS: 2 EraseBytes-Custom-
#175	NEW    cov: 1420 ft: 4300 corp: 92/19Kb lim: 65536 exec/s: 0 rss: 77Mb L: 487/1590 MS: 2 ChangeBit-Custom-
#177	NEW    cov: 1420 ft: 4304 corp: 93/19Kb lim: 65536 exec/s: 0 rss: 78Mb L: 322/1590 MS: 4 CopyPart-Custom-ManualDict-Custom- DE: "end"-
#178	NEW    cov: 1420 ft: 4304 corp: 94/20Kb lim: 65536 exec/s: 0 rss: 78Mb L: 141/1590 MS: 1 CustomCrossOver-
#179	NEW    cov: 1420 ft: 4305 corp: 95/20Kb lim: 65536 exec/s: 0 rss: 78Mb L: 78/1590 MS: 2 InsertByte-Custom-
#183	NEW    cov: 1420 ft: 4305 corp: 95/19Kb lim: 65536 exec/s: 0 rss: 79Mb L: 134/1590 MS: 5 CustomCrossOver-CustomCrossOver-CopyPart-Custom-CustomCrossOver-
#184	NEW    cov: 1420 ft: 4305 corp: 96/19Kb lim: 65536 exec/s: 0 rss: 79Mb L: 163/1590 MS: 1 CustomCrossOver-
#185	NEW    cov: 1420 ft: 4335 corp: 97/20Kb lim: 65536 exec/s: 0 rss: 80Mb L: 68/1590 MS: 2 ShuffleBytes-Custom-
#186	NEW    cov: 1420 ft: 4335 corp: 97/20Kb lim: 65536 exec/s: 0 rss: 80Mb L: 12/1590 MS: 2 EraseBytes-Custom-
#187	NEW    cov: 1420 ft: 4344 corp: 98/22Kb lim: 65536 exec/s: 0 rss: 80Mb L: 2148/2148 MS: 2 ShuffleBytes-Custom-
#188	NEW    cov: 1420 ft: 4344 corp: 98/22Kb lim: 65536 exec/s: 0 rss: 80Mb L: 22/2148 MS: 2 ChangeBit-Custom-
#189	NEW    cov: 1420 ft: 4344 corp: 98/22Kb lim: 65536 exec/s: 0 rss: 81Mb L: 228/2148 MS: 2 CopyPart-Custom-
#190	NEW    cov: 1420 ft: 4353 corp: 99/22Kb lim: 65536 exec/s: 0 rss: 81Mb L: 229/2148 MS: 2 ManualDict-Custom- DE: "configure_step"-
#191	NEW    cov: 1420 ft: 4353 corp: 98/22Kb lim: 65536 exec/s: 0 rss: 81Mb L: 21/2148 MS: 1 CustomCrossOver-
#192	NEW    cov: 1420 ft: 4353 corp: 98/22Kb lim: 65536 exec/s: 0 rss: 81Mb L: 18/2148 MS: 2 CopyPart-Custom-
#193	NEW    cov: 1420 ft: 4353 corp: 98/21Kb lim: 65536 exec/s: 0 rss: 82Mb L: 137/2148 MS: 2 CrossOver-Custom-
#194	NEW    cov: 1420 ft: 4353 corp: 99/21Kb lim: 65536 exec/s: 0 rss: 82Mb L: 40/2148 MS: 2 EraseBytes-Custom-
#195	NEW    cov: 1420 ft: 4353 corp: 99/21Kb lim: 65536 exec/s: 0 rss: 82Mb L: 110/2148 MS: 1 CustomCrossOver-
#196	NEW    cov: 1420 ft: 4358 corp: 97/21Kb lim: 65536 exec/s: 0 rss: 82Mb L: 19/2148 MS: 2 PersAutoDict-Custom- DE: "wf-"-
#197	NEW    cov: 1420 ft: 4362 corp: 98/21Kb lim: 65536 exec/s: 0 rss: 83Mb L: 234/2148 MS: 2 CMP-Custom- DE: "\000\000\000\000\000\000\000\000"-
#198	NEW    cov: 1420 ft: 4365 corp: 99/22Kb lim: 65536 exec/s: 0 rss: 83Mb L: 19/2148 MS: 1 CustomCrossOver-
#200	NEW    cov: 1420 ft: 4366 corp: 100/22Kb lim: 65536 exec/s: 0 rss: 83Mb L: 30/2148 MS: 3 ChangeByte-Custom-CustomCrossOver-
#201	NEW    cov: 1420 ft: 4366 corp: 99/21Kb lim: 65536 exec/s: 0 rss: 84Mb L: 174/2148 MS: 1 CustomCrossOver-
#202	NEW    cov: 1420 ft: 4366 corp: 100/22Kb lim: 65536 exec/s: 0 rss: 84Mb L: 1122/2148 MS: 2 CrossOver-Custom-
#208	NEW    cov: 1420 ft: 4366 corp: 100/22Kb lim: 65536 exec/s: 0 rss: 85Mb L: 48/2148 MS: 2 PersAutoDict-Custom- DE: "\000\000\000\000\000\000\000\013"-
#209	NEW    cov: 1420 ft: 4366 corp: 100/22Kb lim: 65536 exec/s: 0 rss: 85Mb L: 18/2148 MS: 1 CustomCrossOver-
#212	NEW    cov: 1420 ft: 4368 corp: 101/23Kb lim: 65536 exec/s: 0 rss: 86Mb L: 809/2148 MS: 5 CrossOver-Custom-CustomCrossOver-ChangeBinInt-Custom-
#213	NEW    cov: 1420 ft: 4378 corp: 102/23Kb lim: 65536 exec/s: 0 rss: 86Mb L: 21/2148 MS: 2 ShuffleBytes-Custom-
#214	NEW    cov: 1420 ft: 4383 corp: 103/23Kb lim: 65536 exec/s: 0 rss: 87Mb L: 138/2148 MS: 2 EraseBytes-Custom-
#215	NEW    cov: 1420 ft: 4387 corp: 102/23Kb lim: 65536 exec/s: 0 rss: 87Mb L: 49/2148 MS: 2 CrossOver-Custom-
#217	NEW    cov: 1420 ft: 4388 corp: 103/23Kb lim: 65536 exec/s: 0 rss: 87Mb L: 62/2148 MS: 4 CMP-Custom-EraseBytes-Custom- DE: "\242\225[\030\000\000\000\000"-
#231	NEW    cov: 1420 ft: 4388 corp: 103/23Kb lim: 65536 exec/s: 0 rss: 91Mb L: 61/2148 MS: 6 ChangeBit-Custom-CopyPart-Custom-CustomCrossOver-CustomCrossOver-
#233	NEW    cov: 1420 ft: 4390 corp: 104/23Kb lim: 65536 exec/s: 0 rss: 91Mb L: 448/2148 MS: 2 CustomCrossOver-CustomCrossOver-
#234	NEW    cov: 1420 ft: 4390 corp: 105/24Kb lim: 65536 exec/s: 0 rss: 91Mb L: 107/2148 MS: 2 CopyPart-Custom-
#240	NEW    cov: 1420 ft: 4392 corp: 106/24Kb lim: 65536 exec/s: 0 rss: 93Mb L: 18/2148 MS: 1 CustomCrossOver-
#243	NEW    cov: 1420 ft: 4400 corp: 107/24Kb lim: 65536 exec/s: 0 rss: 93Mb L: 157/2148 MS: 6 InsertRepeatedBytes-Custom-ChangeBit-Custom-CMP-Custom- DE: "\377\377\377\020"-
#246	NEW    cov: 1420 ft: 4400 corp: 106/23Kb lim: 65536 exec/s: 0 rss: 94Mb L: 246/2148 MS: 6 CopyPart-Custom-ManualDict-Custom-PersAutoDict-Custom- DE: "mask_secrets"-"cache_write_strategy"-
#247	NEW    cov: 1420 ft: 4400 corp: 106/23Kb lim: 65536 exec/s: 0 rss: 94Mb L: 34/2148 MS: 1 CustomCrossOver-
#248	NEW    cov: 1420 ft: 4403 corp: 107/23Kb lim: 65536 exec/s: 0 rss: 94Mb L: 138/2148 MS: 2 ShuffleBytes-Custom-
#250	NEW    cov: 1420 ft: 4403 corp: 107/23Kb lim: 65536 exec/s: 0 rss: 95Mb L: 194/2148 MS: 4 InsertRepeatedBytes-Custom-EraseBytes-Custom-
#254	NEW    cov: 1420 ft: 4403 corp: 108/24Kb lim: 65536 exec/s: 0 rss: 96Mb L: 726/2148 MS: 8 InsertByte-Custom-ChangeBit-Custom-ChangeBinInt-Custom-EraseBytes-Custom-
#255	NEW    cov: 1420 ft: 4412 corp: 109/24Kb lim: 65536 exec/s: 0 rss: 96Mb L: 27/2148 MS: 2 ChangeByte-Custom-
#259	NEW    cov: 1420 ft: 4413 corp: 109/24Kb lim: 65536 exec/s: 0 rss: 97Mb L: 246/2148 MS: 5 CustomCrossOver-CustomCrossOver-CustomCrossOver-ChangeByte-Custom-
#260	NEW    cov: 1420 ft: 4415 corp: 110/24Kb lim: 65536 exec/s: 0 rss: 97Mb L: 27/2148 MS: 2 ChangeBit-Custom-
#261	NEW    cov: 1420 ft: 4419 corp: 111/24Kb lim: 65536 exec/s: 0 rss: 97Mb L: 449/2148 MS: 2 ManualDict-Custom- DE: "string"-
#262	NEW    cov: 1420 ft: 4419 corp: 112/24Kb lim: 65536 exec/s: 0 rss: 98Mb L: 34/2148 MS: 2 ChangeByte-Custom-
#263	NEW    cov: 1420 ft: 4427 corp: 111/23Kb lim: 65536 exec/s: 0 rss: 98Mb L: 315/2148 MS: 2 ManualDict-Custom- DE: "run"-
#266	NEW    cov: 1420 ft: 4429 corp: 111/23Kb lim: 65536 exec/s: 0 rss: 99Mb L: 224/2148 MS: 6 ChangeByte-Custom-ChangeASCIIInt-Custom-InsertRepeatedBytes-Custom-
#267	NEW    cov: 1420 ft: 4429 corp: 112/23Kb lim: 65536 exec/s: 0 rss: 99Mb L: 62/2148 MS: 2 InsertByte-Custom-
#268	NEW    cov: 1420 ft: 4429 corp: 112/23Kb lim: 65536 exec/s: 0 rss: 99Mb L: 132/2148 MS: 2 CopyPart-Custom-
#272	NEW    cov: 1420 ft: 4429 corp: 113/23Kb lim: 65536 exec/s: 0 rss: 100Mb L: 299/2148 MS: 5 CustomCrossOver-CustomCrossOver-CustomCrossOver-InsertByte-Custom-
#273	NEW    cov: 1420 ft: 4433 corp: 113/23Kb lim: 65536 exec/s: 0 rss: 100Mb L: 260/2148 MS: 2 PersAutoDict-Custom- DE: "configure_step"-
#275	NEW    cov: 1420 ft: 4433 corp: 113/22Kb lim: 65536 exec/s: 0 rss: 101Mb L: 34/2148 MS: 4 ChangeASCIIInt-Custom-ChangeASCIIInt-Custom-
#276	NEW    cov: 1420 ft: 4433 corp: 114/22Kb lim: 65536 exec/s: 0 rss: 101Mb L: 48/2148 MS: 2 EraseBytes-Custom-
#278	NEW    cov: 1420 ft: 4433 corp: 114/22Kb lim: 65536 exec/s: 0 rss: 101Mb L: 69/2148 MS: 4 PersAutoDict-Custom-ShuffleBytes-Custom- DE: "\377\377"-
#279	NEW    cov: 1420 ft: 4434 corp: 114/22Kb lim: 65536 exec/s: 0 rss: 102Mb L: 49/2148 MS: 2 ChangeBinInt-Custom-
#280	NEW    cov: 1420 ft: 4436 corp: 114/22Kb lim: 65536 exec/s: 0 rss: 102Mb L: 20/2148 MS: 2 EraseBytes-Custom-
#281	NEW    cov: 1420 ft: 4436 corp: 112/22Kb lim: 65536 exec/s: 0 rss: 102Mb L: 32/2148 MS: 2 EraseBytes-Custom-
#287	NEW    cov: 1420 ft: 4436 corp: 113/22Kb lim: 65536 exec/s: 0 rss: 104Mb L: 137/2148 MS: 2 CMP-Custom- DE: "\020\000\000\000\000\000\000\000"-
#288	NEW    cov: 1420 ft: 4440 corp: 114/23Kb lim: 65536 exec/s: 0 rss: 104Mb L: 494/2148 MS: 2 ChangeBinInt-Custom-
#289	NEW    cov: 1420 ft: 4440 corp: 115/23Kb lim: 65536 exec/s: 0 rss: 104Mb L: 59/2148 MS: 2 ManualDict-Custom- DE: "env"-
#291	NEW    cov: 1420 ft: 4440 corp: 115/23Kb lim: 65536 exec/s: 0 rss: 104Mb L: 24/2148 MS: 3 ChangeBit-Custom-CustomCrossOver-
#292	NEW    cov: 1420 ft: 4442 corp: 116/23Kb lim: 65536 exec/s: 0 rss: 105Mb L: 230/2148 MS: 2 InsertByte-Custom-
#293	NEW    cov: 1420 ft: 4442 corp: 117/23Kb lim: 65536 exec/s: 0 rss: 105Mb L: 27/2148 MS: 2 ShuffleBytes-Custom-
#294	NEW    cov: 1420 ft: 4442 corp: 117/23Kb lim: 65536 exec/s: 0 rss: 105Mb L: 32/2148 MS: 2 InsertByte-Custom-
#296	NEW    cov: 1420 ft: 4443 corp: 117/23Kb lim: 65536 exec/s: 0 rss: 106Mb L: 255/2148 MS: 3 CustomCrossOver-EraseBytes-Custom-
#300	NEW    cov: 1420 ft: 4443 corp: 117/23Kb lim: 65536 exec/s: 0 rss: 106Mb L: 545/2148 MS: 8 ShuffleBytes-Custom-EraseBytes-Custom-ChangeASCIIInt-Custom-CopyPart-Custom-
#302	NEW    cov: 1420 ft: 4446 corp: 118/24Kb lim: 65536 exec/s: 0 rss: 107Mb L: 747/2148 MS: 4 ShuffleBytes-Custom-InsertByte-Custom-
#305	NEW    cov: 1420 ft: 4449 corp: 118/24Kb lim: 65536 exec/s: 0 rss: 107Mb L: 63/2148 MS: 5 ShuffleBytes-Custom-CustomCrossOver-EraseBytes-Custom-
#306	NEW    cov: 1420 ft: 4449 corp: 119/24Kb lim: 65536 exec/s: 0 rss: 107Mb L: 59/2148 MS: 2 ChangeByte-Custom-
#312	NEW    cov: 1420 ft: 4453 corp: 119/24Kb lim: 65536 exec/s: 0 rss: 109Mb L: 449/2148 MS: 2 ManualDict-Custom- DE: "failures"-
#314	NEW    cov: 1420 ft: 4464 corp: 120/24Kb lim: 65536 exec/s: 0 rss: 109Mb L: 768/2148 MS: 3 CustomCrossOver-CMP-Custom- DE: "\377\001"-
#317	NEW    cov: 1420 ft: 4467 corp: 121/25Kb lim: 65536 exec/s: 0 rss: 110Mb L: 239/2148 MS: 4 CrossOver-Custom-CustomCrossOver-CustomCrossOver-
#318	NEW    cov: 1420 ft: 4476 corp: 122/25Kb lim: 65536 exec/s: 0 rss: 110Mb L: 876/2148 MS: 2 ChangeBinInt-Custom-
#324	NEW    cov: 1420 ft: 4481 corp: 122/25Kb lim: 65536 exec/s: 0 rss: 111Mb L: 58/2148 MS: 2 InsertByte-Custom-
#327	NEW    cov: 1420 ft: 4482 corp: 123/26Kb lim: 65536 exec/s: 0 rss: 112Mb L: 68/2148 MS: 5 CopyPart-Custom-CustomCrossOver-PersAutoDict-Custom- DE: "mask_secrets"-
#329	NEW    cov: 1420 ft: 4482 corp: 123/25Kb lim: 65536 exec/s: 0 rss: 112Mb L: 35/2148 MS: 4 InsertByte-Custom-ShuffleBytes-Custom-
#330	NEW    cov: 1420 ft: 4482 corp: 122/25Kb lim: 65536 exec/s: 0 rss: 113Mb L: 35/2148 MS: 2 ManualDict-Custom- DE: "log_steps"-
#332	NEW    cov: 1420 ft: 4488 corp: 122/25Kb lim: 65536 exec/s: 0 rss: 113Mb L: 158/2148 MS: 4 ShuffleBytes-Custom-InsertRepeatedBytes-Custom-
#333	NEW    cov: 1420 ft: 4488 corp: 120/24Kb lim: 65536 exec/s: 0 rss: 113Mb L: 16/2148 MS: 2 ChangeByte-Custom-
#336	NEW    cov: 1420 ft: 4490 corp: 121/25Kb lim: 65536 exec/s: 0 rss: 114Mb L: 358/2148 MS: 6 InsertRepeatedBytes-Custom-ChangeByte-Custom-CMP-Custom- DE: "\020\000\000\000\000\000\000\000"-
#337	NEW    cov: 1420 ft: 4491 corp: 122/25Kb lim: 65536 exec/s: 0 rss: 114Mb L: 157/2148 MS: 2 ShuffleBytes-Custom-
#338	NEW    cov: 1420 ft: 4491 corp: 121/25Kb lim: 65536 exec/s: 0 rss: 115Mb L: 48/2148 MS: 2 ChangeByte-Custom-
#339	NEW    cov: 1420 ft: 4497 corp: 122/25Kb lim: 65536 exec/s: 0 rss: 115Mb L: 771/2148 MS: 2 ChangeBit-Custom-
#344	NEW    cov: 1420 ft: 4498 corp: 123/26Kb lim: 65536 exec/s: 0 rss: 116Mb L: 108/2148 MS: 8 CopyPart-Custom-CustomCrossOver-CustomCrossOver-InsertByte-Custom-ManualDict-Custom- DE: "metadata"-
#349	NEW    cov: 1420 ft: 4498 corp: 123/26Kb lim: 65536 exec/s: 0 rss: 117Mb L: 25/2148 MS: 10 EraseBytes-Custom-ChangeByte-Custom-ChangeByte-Custom-ChangeBit-Custom-EraseBytes-Custom-
#350	NEW    cov: 1420 ft: 4498 corp: 122/25Kb lim: 65536 exec/s: 0 rss: 117Mb L: 24/2148 MS: 2 EraseBytes-Custom-
#357	NEW    cov: 1420 ft: 4498 corp: 122/25Kb lim: 65536 exec/s: 0 rss: 119Mb L: 256/2148 MS: 4 InsertRepeatedBytes-Custom-CMP-Custom- DE: "down"-
#358	NEW    cov: 1420 ft: 4498 corp: 122/25Kb lim: 65536 exec/s: 0 rss: 119Mb L: 358/2148 MS: 1 CustomCrossOver-
#359	NEW    cov: 1420 ft: 4498 corp: 122/25Kb lim: 65536 exec/s: 0 rss: 119Mb L: 37/2148 MS: 2 ManualDict-Custom- DE: "CXX"-
#360	NEW    cov: 1420 ft: 4501 corp: 123/25Kb lim: 65536 exec/s: 0 rss: 120Mb L: 141/2148 MS: 2 ManualDict-Custom- DE: "("-
#361	NEW    cov: 1420 ft: 4501 corp: 124/25Kb lim: 65536 exec/s: 0 rss: 120Mb L: 12/2148 MS: 2 CopyPart-Custom-
#362	NEW    cov: 1420 ft: 4503 corp: 125/27Kb lim: 65536 exec/s: 0 rss: 120Mb L: 2148/2148 MS: 1 CustomCrossOver-
#363	NEW    cov: 1420 ft: 4503 corp: 126/27Kb lim: 65536 exec/s: 0 rss: 120Mb L: 54/2148 MS: 2 ShuffleBytes-Custom-
#366	NEW    cov: 1420 ft: 4503 corp: 126/27Kb lim: 65536 exec/s: 0 rss: 121Mb L: 53/2148 MS: 4 CustomCrossOver-CustomCrossOver-CopyPart-Custom-
#367	NEW    cov: 1420 ft: 4503 corp: 126/27Kb lim: 65536 exec/s: 0 rss: 121Mb L: 69/2148 MS: 2 InsertByte-Custom-
#368	NEW    cov: 1420 ft: 4503 corp: 126/27Kb lim: 65536 exec/s: 0 rss: 122Mb L: 19/2148 MS: 2 ChangeBinInt-Custom-
#369	NEW    cov: 1420 ft: 4508 corp: 126/27Kb lim: 65536 exec/s: 0 rss: 122Mb L: 17/2148 MS: 2 EraseBytes-Custom-
#380	NEW    cov: 1420 ft: 4508 corp: 127/27Kb lim: 65536 exec/s: 0 rss: 124Mb L: 18/2148 MS: 1 CustomCrossOver-
#381	NEW    cov: 1420 ft: 4508 corp: 126/26Kb lim: 65536 exec/s: 0 rss: 124Mb L: 79/2148 MS: 2 EraseBytes-Custom-
#382	NEW    cov: 1420 ft: 4508 corp: 126/26Kb lim: 65536 exec/s: 0 rss: 125Mb L: 21/2148 MS: 2 ChangeByte-Custom-
#385	NEW    cov: 1420 ft: 4508 corp: 126/26Kb lim: 65536 exec/s: 0 rss: 125Mb L: 292/2148 MS: 4 CustomCrossOver-CustomCrossOver-EraseBytes-Custom-
#390	NEW    cov: 1420 ft: 4516 corp: 127/26Kb lim: 65536 exec/s: 0 rss: 127Mb L: 52/2148 MS: 10 CMP-Custom-ChangeASCIIInt-Custom-CMP-Custom-ChangeASCIIInt-Custom-CMP-Custom- DE: "sol.s"-"\000\000\000\000\000\000\000\000"-"\000\000"-
#391	NEW    cov: 1420 ft: 4516 corp: 128/26Kb lim: 65536 exec/s: 0 rss: 127Mb L: 22/2148 MS: 2 InsertByte-Custom-
#392	NEW    cov: 1420 ft: 4516 corp: 128/26Kb lim: 65536 exec/s: 0 rss: 127Mb L: 61/2148 MS: 2 ShuffleBytes-Custom-
#396	NEW    cov: 1420 ft: 4519 corp: 129/26Kb lim: 65536 exec/s: 0 rss: 128Mb L: 23/2148 MS: 6 InsertByte-Custom-ChangeByte-Custom-CustomCrossOver-CustomCrossOver-
#397	NEW    cov: 1420 ft: 4521 corp: 130/26Kb lim: 65536 exec/s: 0 rss: 128Mb L: 61/2148 MS: 1 CustomCrossOver-
#398	NEW    cov: 1420 ft: 4528 corp: 131/27Kb lim: 65536 exec/s: 0 rss: 129Mb L: 264/2148 MS: 2 InsertRepeatedBytes-Custom-
#400	NEW    cov: 1420 ft: 4528 corp: 131/27Kb lim: 65536 exec/s: 0 rss: 129Mb L: 59/2148 MS: 3 PersAutoDict-Custom-CustomCrossOver- DE: "\020\000\000\000\000\000\000\000"-
#401	NEW    cov: 1420 ft: 4534 corp: 131/26Kb lim: 65536 exec/s: 0 rss: 129Mb L: 35/2148 MS: 2 ChangeByte-Custom-
#402	NEW    cov: 1420 ft: 4534 corp: 132/26Kb lim: 65536 exec/s: 0 rss: 130Mb L: 18/2148 MS: 2 ChangeByte-Custom-
#403	NEW    cov: 1420 ft: 4534 corp: 133/26Kb lim: 65536 exec/s: 0 rss: 130Mb L: 12/2148 MS: 2 PersAutoDict-Custom- DE: "\000\000"-
#404	NEW    cov: 1420 ft: 4540 corp: 134/27Kb lim: 65536 exec/s: 0 rss: 130Mb L: 124/2148 MS: 2 CrossOver-Custom-
#405	NEW    cov: 1420 ft: 4540 corp: 135/27Kb lim: 65536 exec/s: 0 rss: 130Mb L: 18/2148 MS: 1 CustomCrossOver-
#406	NEW    cov: 1420 ft: 4540 corp: 136/27Kb lim: 65536 exec/s: 0 rss: 130Mb L: 33/2148 MS: 2 EraseBytes-Custom-
#407	NEW    cov: 1420 ft: 4540 corp: 137/27Kb lim: 65536 exec/s: 0 rss: 131Mb L: 18/2148 MS: 2 ShuffleBytes-Custom-
#412	NEW    cov: 1420 ft: 4541 corp: 137/27Kb lim: 65536 exec/s: 0 rss: 132Mb L: 188/2148 MS: 10 CopyPart-Custom-ChangeBinInt-Custom-InsertRepeatedBytes-Custom-CopyPart-Custom-ShuffleBytes-Custom-
#413	NEW    cov: 1420 ft: 4543 corp: 138/27Kb lim: 65536 exec/s: 0 rss: 132Mb L: 235/2148 MS: 2 ShuffleBytes-Custom-
#414	NEW    cov: 1420 ft: 4543 corp: 138/27Kb lim: 65536 exec/s: 0 rss: 132Mb L: 27/2148 MS: 1 CustomCrossOver-
#417	NEW    cov: 1420 ft: 4544 corp: 139/27Kb lim: 65536 exec/s: 0 rss: 133Mb L: 38/2148 MS: 6 CopyPart-Custom-CMP-Custom-ChangeBinInt-Custom- DE: "ram_t"-
#421	NEW    cov: 1420 ft: 4546 corp: 140/28Kb lim: 65536 exec/s: 0 rss: 134Mb L: 1543/2148 MS: 6 CustomCrossOver-CustomCrossOver-InsertByte-Custom-CrossOver-Custom-
#427	NEW    cov: 1420 ft: 4546 corp: 140/28Kb lim: 65536 exec/s: 0 rss: 135Mb L: 16/2148 MS: 2 CopyPart-Custom-
#429	NEW    cov: 1420 ft: 4548 corp: 140/27Kb lim: 65536 exec/s: 0 rss: 135Mb L: 1085/2148 MS: 4 InsertByte-Custom-CopyPart-Custom-
#430	NEW    cov: 1420 ft: 4549 corp: 141/27Kb lim: 65536 exec/s: 0 rss: 136Mb L: 120/2148 MS: 2 ChangeByte-Custom-
#432	NEW    cov: 1420 ft: 4549 corp: 141/27Kb lim: 65536 exec/s: 0 rss: 136Mb L: 52/2148 MS: 2 CustomCrossOver-CustomCrossOver-
#433	NEW    cov: 1420 ft: 4550 corp: 142/27Kb lim: 65536 exec/s: 0 rss: 136Mb L: 73/2148 MS: 2 InsertRepeatedBytes-Custom-
#434	NEW    cov: 1420 ft: 4550 corp: 142/27Kb lim: 65536 exec/s: 0 rss: 137Mb L: 22/2148 MS: 1 CustomCrossOver-
#435	NEW    cov: 1420 ft: 4550 corp: 142/27Kb lim: 65536 exec/s: 0 rss: 137Mb L: 1117/2148 MS: 2 InsertByte-Custom-
#436	NEW    cov: 1420 ft: 4553 corp: 143/27Kb lim: 65536 exec/s: 0 rss: 137Mb L: 74/2148 MS: 2 InsertRepeatedBytes-Custom-
#441	NEW    cov: 1425 ft: 4572 corp: 144/28Kb lim: 65536 exec/s: 0 rss: 138Mb L: 268/2148 MS: 8 ManualDict-Custom-CustomCrossOver-PersAutoDict-Custom-CustomCrossOver-InsertByte-Custom- DE: "step"-"\242\225[\030\000\000\000\000"-
#442	NEW    cov: 1425 ft: 4572 corp: 144/28Kb lim: 65536 exec/s: 0 rss: 138Mb L: 16/2148 MS: 1 CustomCrossOver-
#443	NEW    cov: 1425 ft: 4572 corp: 145/28Kb lim: 65536 exec/s: 0 rss: 139Mb L: 15/2148 MS: 1 CustomCrossOver-
#444	NEW    cov: 1425 ft: 4572 corp: 146/28Kb lim: 65536 exec/s: 0 rss: 139Mb L: 25/2148 MS: 2 InsertByte-Custom-
#448	NEW    cov: 1425 ft: 4572 corp: 147/28Kb lim: 65536 exec/s: 0 rss: 140Mb L: 92/2148 MS: 8 ShuffleBytes-Custom-InsertRepeatedBytes-Custom-ChangeBinInt-Custom-PersAutoDict-Custom- DE: "("-
#449	NEW    cov: 1425 ft: 4572 corp: 148/28Kb lim: 65536 exec/s: 0 rss: 140Mb L: 35/2148 MS: 2 CopyPart-Custom-
#450	NEW    cov: 1425 ft: 4572 corp: 149/28Kb lim: 65536 exec/s: 0 rss: 140Mb L: 22/2148 MS: 1 CustomCrossOver-
#461	NEW    cov: 1425 ft: 4572 corp: 150/28Kb lim: 65536 exec/s: 0 rss: 143Mb L: 48/2148 MS: 2 CrossOver-Custom-
#462	NEW    cov: 1425 ft: 4572 corp: 151/28Kb lim: 65536 exec/s: 0 rss: 143Mb L: 83/2148 MS: 2 CMP-Custom- DE: "sol.\360\237\224\251"-
#464	NEW    cov: 1425 ft: 4573 corp: 150/28Kb lim: 65536 exec/s: 0 rss: 143Mb L: 77/2148 MS: 3 InsertRepeatedBytes-Custom-CustomCrossOver-
#466	NEW    cov: 1425 ft: 4575 corp: 151/28Kb lim: 65536 exec/s: 0 rss: 144Mb L: 63/2148 MS: 3 ChangeByte-Custom-CustomCrossOver-
#472	NEW    cov: 1425 ft: 4577 corp: 152/28Kb lim: 65536 exec/s: 0 rss: 145Mb L: 140/2148 MS: 2 ManualDict-Custom- DE: "show_time_saved"-
#474	NEW    cov: 1425 ft: 4577 corp: 152/28Kb lim: 65536 exec/s: 0 rss: 146Mb L: 37/2148 MS: 4 ManualDict-Custom-CopyPart-Custom- DE: "prefix_format"-
#480	NEW    cov: 1425 ft: 4577 corp: 153/28Kb lim: 65536 exec/s: 0 rss: 147Mb L: 22/2148 MS: 2 ChangeBit-Custom-
#484	NEW    cov: 1425 ft: 4580 corp: 154/28Kb lim: 65536 exec/s: 0 rss: 148Mb L: 446/2148 MS: 7 CopyPart-Custom-CustomCrossOver-ChangeByte-Custom-ChangeBit-Custom-
#486	NEW    cov: 1425 ft: 4580 corp: 155/28Kb lim: 65536 exec/s: 0 rss: 149Mb L: 50/2148 MS: 4 PersAutoDict-Custom-ManualDict-Custom- DE: "wf-"-"load_dotenv"-
#487	NEW    cov: 1425 ft: 4580 corp: 156/28Kb lim: 65536 exec/s: 0 rss: 149Mb L: 32/2148 MS: 1 CustomCrossOver-
#488	NEW    cov: 1425 ft: 4580 corp: 156/28Kb lim: 65536 exec/s: 0 rss: 149Mb L: 31/2148 MS: 2 EraseBytes-Custom-
#489	NEW    cov: 1425 ft: 4580 corp: 155/28Kb lim: 65536 exec/s: 0 rss: 149Mb L: 31/2148 MS: 2 PersAutoDict-Custom- DE: "show_time_saved"-
#490	NEW    cov: 1425 ft: 4580 corp: 156/28Kb lim: 65536 exec/s: 0 rss: 150Mb L: 255/2148 MS: 1 CustomCrossOver-
#498	NEW    cov: 1425 ft: 4583 corp: 157/29Kb lim: 65536 exec/s: 0 rss: 151Mb L: 255/2148 MS: 5 InsertRepeatedBytes-Custom-PersAutoDict-Custom-CustomCrossOver- DE: "sol.\360\237\224\251"-
#499	NEW    cov: 1425 ft: 4583 corp: 158/29Kb lim: 65536 exec/s: 0 rss: 152Mb L: 18/2148 MS: 2 ChangeByte-Custom-
#504	NEW    cov: 1425 ft: 4583 corp: 159/29Kb lim: 65536 exec/s: 0 rss: 153Mb L: 117/2148 MS: 10 PersAutoDict-Custom-InsertByte-Custom-ManualDict-Custom-CopyPart-Custom-ManualDict-Custom- DE: "metadata"-"gzip"-"configure_step"-
#506	NEW    cov: 1425 ft: 4583 corp: 160/29Kb lim: 65536 exec/s: 0 rss: 153Mb L: 173/2148 MS: 4 CopyPart-Custom-InsertRepeatedBytes-Custom-
#512	NEW    cov: 1425 ft: 4587 corp: 161/30Kb lim: 65536 exec/s: 0 rss: 155Mb L: 767/2148 MS: 2 ChangeBit-Custom-
#513	NEW    cov: 1425 ft: 4591 corp: 162/30Kb lim: 65536 exec/s: 0 rss: 155Mb L: 256/2148 MS: 2 ChangeBinInt-Custom-
#514	NEW    cov: 1425 ft: 4591 corp: 163/30Kb lim: 65536 exec/s: 0 rss: 156Mb L: 246/2148 MS: 2 ChangeBinInt-Custom-
#515	NEW    cov: 1428 ft: 4608 corp: 164/30Kb lim: 65536 exec/s: 0 rss: 156Mb L: 60/2148 MS: 2 ChangeByte-Custom-
#516	NEW    cov: 1428 ft: 4608 corp: 164/30Kb lim: 65536 exec/s: 0 rss: 156Mb L: 67/2148 MS: 2 ShuffleBytes-Custom-
#517	NEW    cov: 1428 ft: 4608 corp: 164/30Kb lim: 65536 exec/s: 0 rss: 156Mb L: 23/2148 MS: 2 ChangeByte-Custom-
#518	NEW    cov: 1428 ft: 4608 corp: 164/30Kb lim: 65536 exec/s: 0 rss: 156Mb L: 35/2148 MS: 2 ChangeBinInt-Custom-
#519	NEW    cov: 1428 ft: 4608 corp: 165/30Kb lim: 65536 exec/s: 0 rss: 157Mb L: 12/2148 MS: 1 CustomCrossOver-
#521	NEW    cov: 1428 ft: 4609 corp: 166/30Kb lim: 65536 exec/s: 0 rss: 157Mb L: 48/2148 MS: 2 CustomCrossOver-CustomCrossOver-
#522	NEW    cov: 1428 ft: 4610 corp: 167/31Kb lim: 65536 exec/s: 0 rss: 157Mb L: 358/2148 MS: 2 PersAutoDict-Custom- DE: "string"-
#523	NEW    cov: 1428 ft: 4610 corp: 165/31Kb lim: 65536 exec/s: 0 rss: 158Mb L: 16/2148 MS: 1 CustomCrossOver-
#524	NEW    cov: 1428 ft: 4610 corp: 166/31Kb lim: 65536 exec/s: 0 rss: 158Mb L: 28/2148 MS: 2 InsertByte-Custom-
#530	NEW    cov: 1428 ft: 4610 corp: 167/31Kb lim: 65536 exec/s: 0 rss: 159Mb L: 121/2148 MS: 2 ManualDict-Custom- DE: "inline"-
#531	NEW    cov: 1428 ft: 4610 corp: 167/31Kb lim: 65536 exec/s: 0 rss: 159Mb L: 20/2148 MS: 2 ChangeBinInt-Custom-
#534	NEW    cov: 1428 ft: 4610 corp: 167/31Kb lim: 65536 exec/s: 0 rss: 160Mb L: 142/2148 MS: 6 ChangeByte-Custom-PersAutoDict-Custom-ChangeASCIIInt-Custom- DE: "\000\000\000\000\000\000\000\013"-
#535	NEW    cov: 1428 ft: 4610 corp: 167/31Kb lim: 65536 exec/s: 0 rss: 160Mb L: 21/2148 MS: 2 ManualDict-Custom- DE: "999999"-
#536	NEW    cov: 1428 ft: 4614 corp: 165/31Kb lim: 65536 exec/s: 0 rss: 161Mb L: 23/2148 MS: 2 PersAutoDict-Custom- DE: "\377\377"-
#537	NEW    cov: 1428 ft: 4618 corp: 165/30Kb lim: 65536 exec/s: 0 rss: 161Mb L: 16/2148 MS: 1 CustomCrossOver-
#538	NEW    cov: 1428 ft: 4620 corp: 166/30Kb lim: 65536 exec/s: 0 rss: 161Mb L: 175/2148 MS: 2 EraseBytes-Custom-
#539	NEW    cov: 1428 ft: 4620 corp: 167/30Kb lim: 65536 exec/s: 0 rss: 161Mb L: 28/2148 MS: 1 CustomCrossOver-
#545	NEW    cov: 1428 ft: 4620 corp: 167/30Kb lim: 65536 exec/s: 0 rss: 163Mb L: 31/2148 MS: 2 ShuffleBytes-Custom-
#546	NEW    cov: 1428 ft: 4620 corp: 168/31Kb lim: 65536 exec/s: 0 rss: 163Mb L: 258/2148 MS: 2 InsertByte-Custom-
#548	NEW    cov: 1428 ft: 4621 corp: 169/31Kb lim: 65536 exec/s: 0 rss: 163Mb L: 134/2148 MS: 3 CustomCrossOver-ChangeBit-Custom-
#549	NEW    cov: 1428 ft: 4621 corp: 169/31Kb lim: 65536 exec/s: 0 rss: 164Mb L: 28/2148 MS: 1 CustomCrossOver-
#555	NEW    cov: 1428 ft: 4621 corp: 168/30Kb lim: 65536 exec/s: 0 rss: 165Mb L: 66/2148 MS: 2 InsertRepeatedBytes-Custom-
#556	NEW    cov: 1428 ft: 4621 corp: 169/30Kb lim: 65536 exec/s: 0 rss: 165Mb L: 31/2148 MS: 2 ChangeBit-Custom-
#557	NEW    cov: 1428 ft: 4621 corp: 170/30Kb lim: 65536 exec/s: 0 rss: 165Mb L: 21/2148 MS: 2 ChangeBit-Custom-
#558	NEW    cov: 1428 ft: 4621 corp: 171/30Kb lim: 65536 exec/s: 0 rss: 166Mb L: 16/2148 MS: 2 PersAutoDict-Custom- DE: "999999"-
#564	NEW    cov: 1428 ft: 4625 corp: 172/31Kb lim: 65536 exec/s: 0 rss: 167Mb L: 31/2148 MS: 2 ShuffleBytes-Custom-
#567	NEW    cov: 1428 ft: 4625 corp: 172/30Kb lim: 65536 exec/s: 0 rss: 168Mb L: 64/2148 MS: 5 CustomCrossOver-ChangeByte-Custom-PersAutoDict-Custom- DE: "metadata"-
#568	NEW    cov: 1428 ft: 4625 corp: 173/31Kb lim: 65536 exec/s: 0 rss: 168Mb L: 148/2148 MS: 2 CMP-Custom- DE: "\001\000\000\000\000\000\000\013"-
#569	NEW    cov: 1428 ft: 4630 corp: 171/30Kb lim: 65536 exec/s: 0 rss: 168Mb L: 17/2148 MS: 2 ManualDict-Custom- DE: "\036"-
#570	NEW    cov: 1428 ft: 4633 corp: 172/30Kb lim: 65536 exec/s: 0 rss: 169Mb L: 27/2148 MS: 2 ChangeByte-Custom-
#571	NEW    cov: 1428 ft: 4643 corp: 173/33Kb lim: 65536 exec/s: 0 rss: 169Mb L: 2149/2149 MS: 2 ShuffleBytes-Custom-
#572	NEW    cov: 1428 ft: 4643 corp: 173/33Kb lim: 65536 exec/s: 0 rss: 169Mb L: 21/2149 MS: 1 CustomCrossOver-
	NEW_FUNC[1/4]: 0x00000050bc50 in std::shared_ptr<beez::core::StepConfig const>::~shared_ptr() /usr/bin/../lib/gcc/x86_64-redhat-linux/16/../../../../include/c++/16/bits/shared_ptr.h:175
	NEW_FUNC[2/4]: 0x00000050bd20 in std::__shared_ptr<beez::core::StepConfig const, (__gnu_cxx::_Lock_policy)2>::~__shared_ptr() /usr/bin/../lib/gcc/x86_64-redhat-linux/16/../../../../include/c++/16/bits/shared_ptr_base.h:1610
#573	NEW    cov: 1436 ft: 4657 corp: 174/33Kb lim: 65536 exec/s: 0 rss: 170Mb L: 246/2149 MS: 1 CustomCrossOver-
#574	NEW    cov: 1436 ft: 4658 corp: 175/33Kb lim: 65536 exec/s: 0 rss: 171Mb L: 40/2149 MS: 2 ManualDict-Custom- DE: "function"-
#578	NEW    cov: 1436 ft: 4659 corp: 176/33Kb lim: 65536 exec/s: 0 rss: 172Mb L: 203/2149 MS: 8 ChangeBit-Custom-CopyPart-Custom-InsertRepeatedBytes-Custom-ManualDict-Custom- DE: "registerWorkflow"-
#579	NEW    cov: 1436 ft: 4659 corp: 174/33Kb lim: 65536 exec/s: 0 rss: 172Mb L: 20/2149 MS: 2 ChangeBit-Custom-
#584	NEW    cov: 1436 ft: 4659 corp: 175/34Kb lim: 65536 exec/s: 0 rss: 173Mb L: 577/2149 MS: 10 ManualDict-Custom-CopyPart-Custom-ManualDict-Custom-InsertByte-Custom-CopyPart-Custom- DE: "env"-"max_threads"-
#585	NEW    cov: 1436 ft: 4659 corp: 174/33Kb lim: 65536 exec/s: 0 rss: 173Mb L: 21/2149 MS: 1 CustomCrossOver-
#586	NEW    cov: 1436 ft: 4659 corp: 175/33Kb lim: 65536 exec/s: 0 rss: 174Mb L: 21/2149 MS: 2 ShuffleBytes-Custom-
#597	NEW    cov: 1436 ft: 4661 corp: 175/33Kb lim: 65536 exec/s: 0 rss: 176Mb L: 27/2149 MS: 1 CustomCrossOver-
#599	NEW    cov: 1436 ft: 4662 corp: 176/34Kb lim: 65536 exec/s: 0 rss: 176Mb L: 173/2149 MS: 4 CrossOver-Custom-ChangeBit-Custom-
#601	NEW    cov: 1436 ft: 4663 corp: 177/34Kb lim: 65536 exec/s: 0 rss: 177Mb L: 495/2149 MS: 4 ManualDict-Custom-InsertRepeatedBytes-Custom- DE: "cache_write_strategy"-
#607	NEW    cov: 1436 ft: 4663 corp: 178/34Kb lim: 65536 exec/s: 0 rss: 178Mb L: 243/2149 MS: 1 CustomCrossOver-
#608	NEW    cov: 1436 ft: 4666 corp: 177/34Kb lim: 65536 exec/s: 0 rss: 178Mb L: 15/2149 MS: 2 EraseBytes-Custom-
#631	NEW    cov: 1436 ft: 4666 corp: 177/34Kb lim: 65536 exec/s: 0 rss: 184Mb L: 23/2149 MS: 6 ChangeBit-Custom-ShuffleBytes-Custom-InsertByte-Custom-
#632	NEW    cov: 1436 ft: 4666 corp: 177/33Kb lim: 65536 exec/s: 0 rss: 184Mb L: 208/2149 MS: 2 EraseBytes-Custom-
#633	NEW    cov: 1436 ft: 4666 corp: 177/33Kb lim: 65536 exec/s: 0 rss: 185Mb L: 27/2149 MS: 2 ShuffleBytes-Custom-
#634	NEW    cov: 1436 ft: 4666 corp: 177/33Kb lim: 65536 exec/s: 0 rss: 185Mb L: 20/2149 MS: 2 InsertByte-Custom-
#637	NEW    cov: 1436 ft: 4669 corp: 178/34Kb lim: 65536 exec/s: 0 rss: 186Mb L: 937/2149 MS: 6 ChangeByte-Custom-ChangeBit-Custom-CopyPart-Custom-
#638	NEW    cov: 1436 ft: 4669 corp: 179/34Kb lim: 65536 exec/s: 0 rss: 186Mb L: 17/2149 MS: 2 EraseBytes-Custom-
#639	NEW    cov: 1436 ft: 4669 corp: 180/34Kb lim: 65536 exec/s: 0 rss: 186Mb L: 23/2149 MS: 2 ChangeASCIIInt-Custom-
#640	NEW    cov: 1436 ft: 4671 corp: 181/36Kb lim: 65536 exec/s: 0 rss: 186Mb L: 2163/2163 MS: 2 ShuffleBytes-Custom-
#642	NEW    cov: 1436 ft: 4671 corp: 182/37Kb lim: 65536 exec/s: 0 rss: 187Mb L: 179/2163 MS: 4 EraseBytes-Custom-CopyPart-Custom-
#652	NEW    cov: 1436 ft: 4672 corp: 183/37Kb lim: 65536 exec/s: 0 rss: 189Mb L: 335/2163 MS: 7 CustomCrossOver-ChangeBinInt-Custom-CustomCrossOver-InsertRepeatedBytes-Custom-CustomCrossOver-
#661	NEW    cov: 1436 ft: 4672 corp: 184/37Kb lim: 65536 exec/s: 661 rss: 191Mb L: 35/2163 MS: 5 CustomCrossOver-ChangeByte-Custom-CustomCrossOver-CustomCrossOver-
#662	NEW    cov: 1436 ft: 4672 corp: 185/37Kb lim: 65536 exec/s: 662 rss: 191Mb L: 39/2163 MS: 2 InsertByte-Custom-
#663	NEW    cov: 1436 ft: 4676 corp: 185/37Kb lim: 65536 exec/s: 663 rss: 191Mb L: 537/2163 MS: 2 CrossOver-Custom-
#664	NEW    cov: 1436 ft: 4676 corp: 185/37Kb lim: 65536 exec/s: 664 rss: 192Mb L: 16/2163 MS: 1 CustomCrossOver-
#666	NEW    cov: 1436 ft: 4676 corp: 185/37Kb lim: 65536 exec/s: 666 rss: 192Mb L: 18/2163 MS: 3 CopyPart-Custom-CustomCrossOver-
#667	NEW    cov: 1436 ft: 4676 corp: 186/37Kb lim: 65536 exec/s: 667 rss: 192Mb L: 12/2163 MS: 2 ChangeBinInt-Custom-
#673	NEW    cov: 1436 ft: 4686 corp: 187/37Kb lim: 65536 exec/s: 673 rss: 194Mb L: 362/2163 MS: 2 ManualDict-Custom- DE: "BEEZ_ENV"-
#674	NEW    cov: 1436 ft: 4689 corp: 188/37Kb lim: 65536 exec/s: 674 rss: 194Mb L: 265/2163 MS: 2 InsertByte-Custom-
#676	NEW    cov: 1436 ft: 4689 corp: 189/38Kb lim: 65536 exec/s: 676 rss: 195Mb L: 763/2163 MS: 4 ChangeByte-Custom-InsertByte-Custom-
#687	NEW    cov: 1436 ft: 4689 corp: 189/38Kb lim: 65536 exec/s: 687 rss: 198Mb L: 26/2163 MS: 2 EraseBytes-Custom-
#688	NEW    cov: 1436 ft: 4689 corp: 190/38Kb lim: 65536 exec/s: 688 rss: 198Mb L: 19/2163 MS: 2 InsertByte-Custom-
#691	NEW    cov: 1436 ft: 4689 corp: 189/38Kb lim: 65536 exec/s: 691 rss: 199Mb L: 17/2163 MS: 5 PersAutoDict-Custom-CopyPart-Custom-CustomCrossOver- DE: "gzip"-
#692	NEW    cov: 1436 ft: 4689 corp: 189/38Kb lim: 65536 exec/s: 692 rss: 199Mb L: 17/2163 MS: 2 ChangeByte-Custom-
#698	NEW    cov: 1436 ft: 4690 corp: 190/38Kb lim: 65536 exec/s: 698 rss: 200Mb L: 142/2163 MS: 1 CustomCrossOver-
#699	NEW    cov: 1436 ft: 4690 corp: 189/38Kb lim: 65536 exec/s: 699 rss: 201Mb L: 27/2163 MS: 2 PersAutoDict-Custom- DE: "\000\000\000\000\000\000\000\013"-
#700	NEW    cov: 1436 ft: 4690 corp: 189/38Kb lim: 65536 exec/s: 700 rss: 201Mb L: 141/2163 MS: 2 ChangeASCIIInt-Custom-
#701	NEW    cov: 1436 ft: 4690 corp: 190/38Kb lim: 65536 exec/s: 701 rss: 201Mb L: 31/2163 MS: 2 EraseBytes-Custom-
#702	NEW    cov: 1436 ft: 4690 corp: 191/38Kb lim: 65536 exec/s: 702 rss: 201Mb L: 32/2163 MS: 2 PersAutoDict-Custom- DE: "\377\377\377\020"-
#703	NEW    cov: 1436 ft: 4690 corp: 191/38Kb lim: 65536 exec/s: 703 rss: 202Mb L: 1078/2163 MS: 1 CustomCrossOver-
#706	NEW    cov: 1436 ft: 4690 corp: 191/37Kb lim: 65536 exec/s: 706 rss: 202Mb L: 37/2163 MS: 4 CMP-Custom-CustomCrossOver-CustomCrossOver- DE: "\377\024"-
#707	NEW    cov: 1436 ft: 4690 corp: 190/37Kb lim: 65536 exec/s: 707 rss: 203Mb L: 13/2163 MS: 2 EraseBytes-Custom-
#713	NEW    cov: 1436 ft: 4701 corp: 190/37Kb lim: 65536 exec/s: 713 rss: 204Mb L: 134/2163 MS: 1 CustomCrossOver-
#714	NEW    cov: 1436 ft: 4704 corp: 191/38Kb lim: 65536 exec/s: 714 rss: 204Mb L: 777/2163 MS: 2 ChangeByte-Custom-
#720	NEW    cov: 1436 ft: 4704 corp: 192/38Kb lim: 65536 exec/s: 720 rss: 206Mb L: 11/2163 MS: 2 EraseBytes-Custom-
#721	NEW    cov: 1436 ft: 4704 corp: 192/38Kb lim: 65536 exec/s: 721 rss: 206Mb L: 17/2163 MS: 1 CustomCrossOver-
#723	NEW    cov: 1436 ft: 4704 corp: 193/38Kb lim: 65536 exec/s: 723 rss: 206Mb L: 18/2163 MS: 2 CustomCrossOver-CustomCrossOver-
#724	NEW    cov: 1436 ft: 4707 corp: 194/40Kb lim: 65536 exec/s: 724 rss: 207Mb L: 2170/2170 MS: 2 ManualDict-Custom- DE: "workers"-
#726	NEW    cov: 1436 ft: 4707 corp: 194/40Kb lim: 65536 exec/s: 726 rss: 207Mb L: 17/2170 MS: 3 CrossOver-Custom-CustomCrossOver-
#731	NEW    cov: 1436 ft: 4707 corp: 195/40Kb lim: 65536 exec/s: 731 rss: 208Mb L: 19/2170 MS: 8 PersAutoDict-Custom-InsertByte-Custom-CustomCrossOver-EraseBytes-Custom-CustomCrossOver- DE: "env"-
#732	NEW    cov: 1436 ft: 4707 corp: 196/40Kb lim: 65536 exec/s: 732 rss: 208Mb L: 223/2170 MS: 2 InsertRepeatedBytes-Custom-
#735	NEW    cov: 1436 ft: 4707 corp: 197/40Kb lim: 65536 exec/s: 735 rss: 209Mb L: 218/2170 MS: 6 CMP-Custom-CopyPart-Custom-InsertRepeatedBytes-Custom- DE: "\025\000"-
#736	NEW    cov: 1436 ft: 4708 corp: 198/40Kb lim: 65536 exec/s: 736 rss: 209Mb L: 26/2170 MS: 2 ShuffleBytes-Custom-
#737	NEW    cov: 1436 ft: 4709 corp: 199/40Kb lim: 65536 exec/s: 737 rss: 210Mb L: 132/2170 MS: 2 ChangeByte-Custom-
#742	NEW    cov: 1436 ft: 4714 corp: 200/42Kb lim: 65536 exec/s: 742 rss: 211Mb L: 1558/2170 MS: 10 InsertRepeatedBytes-Custom-InsertRepeatedBytes-Custom-ChangeBit-Custom-ChangeBit-Custom-ChangeByte-Custom-
#743	NEW    cov: 1436 ft: 4714 corp: 200/42Kb lim: 65536 exec/s: 743 rss: 211Mb L: 110/2170 MS: 2 InsertRepeatedBytes-Custom-
#748	NEW    cov: 1436 ft: 4714 corp: 201/42Kb lim: 65536 exec/s: 748 rss: 212Mb L: 247/2170 MS: 7 PersAutoDict-Custom-CustomCrossOver-CustomCrossOver-CustomCrossOver-ChangeBinInt-Custom- DE: "sol.\360\237\224\251"-
#749	NEW    cov: 1436 ft: 4717 corp: 199/42Kb lim: 65536 exec/s: 749 rss: 212Mb L: 29/2170 MS: 2 InsertByte-Custom-
Loaded 1024/1387 files from report/fuzz/corpus/lua_dsl
	NEW_FUNC[1/37]: 0x000000502910 in std::__detail::_Node_const_iterator<std::pair<std::__cxx11::basic_string<char, std::char_traits<char>, std::allocator<char>> const, beez::core::Workflow>, false, true>::operator*() const /usr/bin/../lib/gcc/x86_64-redhat-linux/16/../../../../include/c++/16/bits/hashtable_policy.h:498
	NEW_FUNC[2/37]: 0x000000502d98 in std::tuple_element<0ul, std::pair<std::__cxx11::basic_string<char, std::char_traits<char>, std::allocator<char>> const, beez::core::Workflow>>::type const& std::get<0ul, std::__cxx11::basic_string<char, std::char_traits<char>, std::allocator<char>> const, beez::core::Workflow>(std::pair<std::__cxx11::basic_string<char, std::char_traits<char>, std::allocator<char>> const, beez::core::Workflow> const&) /usr/bin/../lib/gcc/x86_64-redhat-linux/16/../../../../include/c++/16/bits/stl_pair.h:1299
#1897	RELOAD cov: 1606 ft: 5393 corp: 283/50Kb lim: 65536 exec/s: 948 rss: 476Mb
#1905	NEW    cov: 1606 ft: 5600 corp: 284/50Kb lim: 65536 exec/s: 952 rss: 478Mb L: 41/2170 MS: 6 ManualDict-Custom-PersAutoDict-Custom-ManualDict-Custom- DE: "ghost-step"-"ram_t"-"truecolor"-
#1906	NEW    cov: 1606 ft: 5601 corp: 285/51Kb lim: 65536 exec/s: 953 rss: 478Mb L: 109/2170 MS: 2 CrossOver-Custom-
#1916	NEW    cov: 1606 ft: 5601 corp: 286/51Kb lim: 65536 exec/s: 958 rss: 481Mb L: 27/2170 MS: 7 CrossOver-Custom-CustomCrossOver-InsertByte-Custom-CustomCrossOver-CustomCrossOver-
#1917	NEW    cov: 1606 ft: 5604 corp: 287/51Kb lim: 65536 exec/s: 958 rss: 481Mb L: 389/2170 MS: 1 CustomCrossOver-
#1943	NEW    cov: 1606 ft: 5604 corp: 287/51Kb lim: 65536 exec/s: 971 rss: 487Mb L: 12/2170 MS: 2 CopyPart-Custom-
#1949	NEW    cov: 1606 ft: 5604 corp: 288/51Kb lim: 65536 exec/s: 974 rss: 489Mb L: 10/2170 MS: 1 CustomCrossOver-
#1952	NEW    cov: 1606 ft: 5604 corp: 289/51Kb lim: 65536 exec/s: 976 rss: 490Mb L: 13/2170 MS: 5 InsertRepeatedBytes-Custom-CustomCrossOver-EraseBytes-Custom-
#1963	NEW    cov: 1606 ft: 5604 corp: 290/51Kb lim: 65536 exec/s: 981 rss: 492Mb L: 71/2170 MS: 2 ManualDict-Custom- DE: "bulk-"-
#1964	NEW    cov: 1606 ft: 5604 corp: 290/51Kb lim: 65536 exec/s: 982 rss: 492Mb L: 8/2170 MS: 1 CustomCrossOver-
#1966	NEW    cov: 1606 ft: 5604 corp: 291/51Kb lim: 65536 exec/s: 983 rss: 493Mb L: 10/2170 MS: 3 CrossOver-Custom-CustomCrossOver-
#1984	NEW    cov: 1606 ft: 5604 corp: 291/51Kb lim: 65536 exec/s: 992 rss: 497Mb L: 27/2170 MS: 6 InsertByte-Custom-ManualDict-Custom-ChangeBit-Custom- DE: "~="-
#1990	NEW    cov: 1606 ft: 5604 corp: 291/51Kb lim: 65536 exec/s: 995 rss: 498Mb L: 1417/2170 MS: 2 ChangeBinInt-Custom-
#1997	NEW    cov: 1606 ft: 5604 corp: 291/51Kb lim: 65536 exec/s: 998 rss: 500Mb L: 13/2170 MS: 4 CMP-Custom-EraseBytes-Custom- DE: "archive"-
#2001	NEW    cov: 1606 ft: 5605 corp: 292/51Kb lim: 65536 exec/s: 1000 rss: 501Mb L: 128/2170 MS: 8 ManualDict-Custom-ChangeByte-Custom-InsertRepeatedBytes-Custom-CMP-Custom- DE: "true"-"\011\000"-
#2003	NEW    cov: 1606 ft: 5605 corp: 292/51Kb lim: 65536 exec/s: 1001 rss: 501Mb L: 22/2170 MS: 3 ChangeByte-Custom-CustomCrossOver-
#2014	NEW    cov: 1606 ft: 5605 corp: 292/51Kb lim: 65536 exec/s: 1007 rss: 504Mb L: 19/2170 MS: 2 ShuffleBytes-Custom-
#2015	NEW    cov: 1606 ft: 5605 corp: 292/51Kb lim: 65536 exec/s: 1007 rss: 504Mb L: 134/2170 MS: 2 InsertRepeatedBytes-Custom-
#2019	NEW    cov: 1606 ft: 5608 corp: 293/52Kb lim: 65536 exec/s: 1009 rss: 505Mb L: 712/2170 MS: 8 PersAutoDict-Custom-CMP-Custom-ChangeByte-Custom-ManualDict-Custom- DE: "registerWorkflow"-"\377\036"-"mutate"-
#2032	NEW    cov: 1606 ft: 5608 corp: 293/52Kb lim: 65536 exec/s: 1016 rss: 508Mb L: 39/2170 MS: 6 PersAutoDict-Custom-CMP-Custom-CopyPart-Custom- DE: "inline"-"\001\000\000\000"-
#2048	pulse  cov: 1606 ft: 5608 corp: 293/52Kb lim: 65536 exec/s: 1024 rss: 511Mb
#2058	NEW    cov: 1606 ft: 5608 corp: 294/52Kb lim: 65536 exec/s: 1029 rss: 514Mb L: 10/2170 MS: 1 CustomCrossOver-
#2080	NEW    cov: 1606 ft: 5614 corp: 295/52Kb lim: 65536 exec/s: 1040 rss: 519Mb L: 128/2170 MS: 4 ShuffleBytes-Custom-ChangeBinInt-Custom-
#2090	NEW    cov: 1606 ft: 5615 corp: 296/53Kb lim: 65536 exec/s: 1045 rss: 522Mb L: 878/2170 MS: 8 InsertByte-Custom-InsertRepeatedBytes-Custom-CustomCrossOver-CustomCrossOver-CopyPart-Custom-
#2096	NEW    cov: 1606 ft: 5616 corp: 297/53Kb lim: 65536 exec/s: 1048 rss: 523Mb L: 17/2170 MS: 2 PersAutoDict-Custom- DE: "\001\000\000\000"-
#2098	NEW    cov: 1606 ft: 5616 corp: 298/53Kb lim: 65536 exec/s: 1049 rss: 524Mb L: 19/2170 MS: 4 ChangeByte-Custom-PersAutoDict-Custom- DE: "BEEZ_ENV"-
#2101	NEW    cov: 1606 ft: 5616 corp: 299/53Kb lim: 65536 exec/s: 1050 rss: 524Mb L: 20/2170 MS: 6 InsertByte-Custom-ManualDict-Custom-ShuffleBytes-Custom- DE: "22"-
#2115	NEW    cov: 1606 ft: 5617 corp: 300/54Kb lim: 65536 exec/s: 1057 rss: 527Mb L: 1305/2170 MS: 8 ShuffleBytes-Custom-ShuffleBytes-Custom-PersAutoDict-Custom-ChangeBinInt-Custom- DE: "cache_write_strategy"-
#2117	NEW    cov: 1606 ft: 5617 corp: 300/54Kb lim: 65536 exec/s: 1058 rss: 528Mb L: 17/2170 MS: 4 ChangeByte-Custom-EraseBytes-Custom-
#2123	NEW    cov: 1606 ft: 5617 corp: 300/54Kb lim: 65536 exec/s: 1061 rss: 529Mb L: 10/2170 MS: 2 EraseBytes-Custom-
#2128	NEW    cov: 1606 ft: 5619 corp: 301/54Kb lim: 65536 exec/s: 1064 rss: 530Mb L: 49/2170 MS: 10 EraseBytes-Custom-ChangeBit-Custom-InsertRepeatedBytes-Custom-ChangeBinInt-Custom-ChangeBinInt-Custom-
#2131	NEW    cov: 1606 ft: 5626 corp: 302/54Kb lim: 65536 exec/s: 1065 rss: 531Mb L: 40/2170 MS: 6 InsertByte-Custom-ChangeBinInt-Custom-ChangeBinInt-Custom-
#2132	NEW    cov: 1606 ft: 5627 corp: 303/54Kb lim: 65536 exec/s: 1066 rss: 531Mb L: 121/2170 MS: 2 PersAutoDict-Custom- DE: "\000\000"-
#2143	NEW    cov: 1606 ft: 5628 corp: 304/55Kb lim: 65536 exec/s: 1071 rss: 533Mb L: 460/2170 MS: 2 CopyPart-Custom-
#2144	NEW    cov: 1606 ft: 5628 corp: 305/55Kb lim: 65536 exec/s: 1072 rss: 534Mb L: 15/2170 MS: 2 EraseBytes-Custom-
#2145	NEW    cov: 1606 ft: 5628 corp: 306/55Kb lim: 65536 exec/s: 1072 rss: 534Mb L: 150/2170 MS: 1 CustomCrossOver-
#2153	NEW    cov: 1606 ft: 5630 corp: 307/55Kb lim: 65536 exec/s: 1076 rss: 535Mb L: 175/2170 MS: 5 EraseBytes-Custom-CMP-Custom-CustomCrossOver- DE: "ping"-
#2154	NEW    cov: 1606 ft: 5630 corp: 307/55Kb lim: 65536 exec/s: 1077 rss: 536Mb L: 17/2170 MS: 2 InsertByte-Custom-
#2161	NEW    cov: 1606 ft: 5630 corp: 307/55Kb lim: 65536 exec/s: 1080 rss: 537Mb L: 19/2170 MS: 4 ChangeByte-Custom-ChangeByte-Custom-
#2164	NEW    cov: 1606 ft: 5636 corp: 308/55Kb lim: 65536 exec/s: 1082 rss: 538Mb L: 333/2170 MS: 5 ManualDict-Custom-CustomCrossOver-InsertRepeatedBytes-Custom- DE: "theme"-
#2168	NEW    cov: 1606 ft: 5639 corp: 309/55Kb lim: 65536 exec/s: 1084 rss: 539Mb L: 19/2170 MS: 8 ChangeBinInt-Custom-ChangeByte-Custom-PersAutoDict-Custom-ChangeByte-Custom- DE: "mask_secrets"-
#2205	NEW    cov: 1606 ft: 5639 corp: 310/55Kb lim: 65536 exec/s: 1102 rss: 547Mb L: 74/2170 MS: 3 InsertRepeatedBytes-Custom-CustomCrossOver-
#2216	NEW    cov: 1606 ft: 5639 corp: 311/55Kb lim: 65536 exec/s: 1108 rss: 550Mb L: 9/2170 MS: 2 ShuffleBytes-Custom-
#2263	NEW    cov: 1606 ft: 5639 corp: 312/56Kb lim: 65536 exec/s: 1131 rss: 561Mb L: 1034/2170 MS: 3 CustomCrossOver-CMP-Custom- DE: "sol.sol::"-
#2264	NEW    cov: 1606 ft: 5639 corp: 312/56Kb lim: 65536 exec/s: 1132 rss: 561Mb L: 17/2170 MS: 2 CopyPart-Custom-
#2277	NEW    cov: 1606 ft: 5645 corp: 313/57Kb lim: 65536 exec/s: 1138 rss: 564Mb L: 390/2170 MS: 4 ManualDict-Custom-CustomCrossOver-CustomCrossOver- DE: "HOME"-
#2283	NEW    cov: 1606 ft: 5645 corp: 313/57Kb lim: 65536 exec/s: 1141 rss: 565Mb L: 11/2170 MS: 1 CustomCrossOver-
#2286	NEW    cov: 1606 ft: 5645 corp: 313/56Kb lim: 65536 exec/s: 1143 rss: 566Mb L: 1377/2170 MS: 6 ShuffleBytes-Custom-ChangeBinInt-Custom-InsertByte-Custom-
#2287	NEW    cov: 1606 ft: 5645 corp: 313/56Kb lim: 65536 exec/s: 1143 rss: 566Mb L: 20/2170 MS: 2 CMP-Custom- DE: "\377\377\377\377\377\377\377\377"-
#2288	NEW    cov: 1606 ft: 5645 corp: 314/56Kb lim: 65536 exec/s: 1144 rss: 566Mb L: 22/2170 MS: 2 ChangeBinInt-Custom-
#2296	NEW    cov: 1606 ft: 5645 corp: 314/56Kb lim: 65536 exec/s: 1148 rss: 568Mb L: 40/2170 MS: 6 ManualDict-Custom-ChangeBit-Custom-EraseBytes-Custom- DE: "4294967295"-
#2302	NEW    cov: 1606 ft: 5645 corp: 315/56Kb lim: 65536 exec/s: 1151 rss: 570Mb L: 13/2170 MS: 2 ChangeByte-Custom-
#2304	NEW    cov: 1606 ft: 5645 corp: 315/56Kb lim: 65536 exec/s: 1152 rss: 570Mb L: 12/2170 MS: 4 CopyPart-Custom-ManualDict-Custom- DE: "task"-
#2316	NEW    cov: 1606 ft: 5645 corp: 316/56Kb lim: 65536 exec/s: 1158 rss: 573Mb L: 14/2170 MS: 4 ManualDict-Custom-PersAutoDict-Custom- DE: "fnv1a64"-"string"-
#2328	NEW    cov: 1606 ft: 5645 corp: 317/56Kb lim: 65536 exec/s: 1164 rss: 576Mb L: 8/2170 MS: 3 ManualDict-Custom-CustomCrossOver- DE: "references undefined step"-
#2339	NEW    cov: 1606 ft: 5645 corp: 318/56Kb lim: 65536 exec/s: 1169 rss: 579Mb L: 390/2170 MS: 2 ChangeBit-Custom-
#2346	NEW    cov: 1606 ft: 5645 corp: 318/56Kb lim: 65536 exec/s: 782 rss: 581Mb L: 17/2170 MS: 4 EraseBytes-Custom-ChangeByte-Custom-
#2348	NEW    cov: 1606 ft: 5645 corp: 314/56Kb lim: 65536 exec/s: 782 rss: 581Mb L: 10/2170 MS: 3 CopyPart-Custom-CustomCrossOver-
#2351	NEW    cov: 1606 ft: 5645 corp: 313/55Kb lim: 65536 exec/s: 783 rss: 582Mb L: 1050/2170 MS: 6 ChangeBit-Custom-ManualDict-Custom-ChangeByte-Custom- DE: "bulk-"-
#2357	NEW    cov: 1606 ft: 5645 corp: 313/55Kb lim: 65536 exec/s: 785 rss: 583Mb L: 29/2170 MS: 2 PersAutoDict-Custom- DE: "registerWorkflow"-
#2363	NEW    cov: 1606 ft: 5645 corp: 313/55Kb lim: 65536 exec/s: 787 rss: 585Mb L: 17/2170 MS: 2 CMP-Custom- DE: "xpcall"-
#2389	NEW    cov: 1606 ft: 5645 corp: 313/55Kb lim: 65536 exec/s: 796 rss: 591Mb L: 9/2170 MS: 2 InsertByte-Custom-
#2395	NEW    cov: 1606 ft: 5645 corp: 313/55Kb lim: 65536 exec/s: 798 rss: 592Mb L: 14/2170 MS: 2 EraseBytes-Custom-
#2406	NEW    cov: 1606 ft: 5649 corp: 312/55Kb lim: 65536 exec/s: 802 rss: 594Mb L: 16/2170 MS: 1 CustomCrossOver-
#2426	NEW    cov: 1606 ft: 5651 corp: 313/55Kb lim: 65536 exec/s: 808 rss: 599Mb L: 286/2170 MS: 7 CustomCrossOver-PersAutoDict-Custom-CustomCrossOver-ChangeBinInt-Custom-CustomCrossOver- DE: "metadata"-
#2427	NEW    cov: 1606 ft: 5651 corp: 313/55Kb lim: 65536 exec/s: 809 rss: 599Mb L: 8/2170 MS: 2 EraseBytes-Custom-
#2428	NEW    cov: 1606 ft: 5651 corp: 313/55Kb lim: 65536 exec/s: 809 rss: 599Mb L: 16/2170 MS: 2 EraseBytes-Custom-
#2444	NEW    cov: 1606 ft: 5651 corp: 314/55Kb lim: 65536 exec/s: 814 rss: 603Mb L: 28/2170 MS: 1 CustomCrossOver-
#2445	NEW    cov: 1606 ft: 5651 corp: 314/55Kb lim: 65536 exec/s: 815 rss: 603Mb L: 47/2170 MS: 2 ChangeBit-Custom-
#2461	NEW    cov: 1606 ft: 5651 corp: 313/55Kb lim: 65536 exec/s: 820 rss: 606Mb L: 10/2170 MS: 2 ChangeBinInt-Custom-
#2468	NEW    cov: 1606 ft: 5652 corp: 314/57Kb lim: 65536 exec/s: 822 rss: 608Mb L: 2122/2170 MS: 3 ShuffleBytes-Custom-CustomCrossOver-
#2475	NEW    cov: 1606 ft: 5652 corp: 314/57Kb lim: 65536 exec/s: 825 rss: 610Mb L: 32/2170 MS: 4 ShuffleBytes-Custom-ShuffleBytes-Custom-
#2481	NEW    cov: 1606 ft: 5652 corp: 314/57Kb lim: 65536 exec/s: 827 rss: 611Mb L: 40/2170 MS: 2 ChangeBinInt-Custom-
#2487	NEW    cov: 1606 ft: 5652 corp: 314/57Kb lim: 65536 exec/s: 829 rss: 612Mb L: 218/2170 MS: 2 InsertByte-Custom-
#2493	NEW    cov: 1606 ft: 5652 corp: 315/57Kb lim: 65536 exec/s: 831 rss: 614Mb L: 13/2170 MS: 2 ShuffleBytes-Custom-
#2513	NEW    cov: 1606 ft: 5652 corp: 315/56Kb lim: 65536 exec/s: 837 rss: 619Mb L: 78/2170 MS: 5 CustomCrossOver-CustomCrossOver-CustomCrossOver-CustomCrossOver-CustomCrossOver-
#2522	NEW    cov: 1606 ft: 5652 corp: 315/56Kb lim: 65536 exec/s: 840 rss: 620Mb L: 37/2170 MS: 7 ChangeBit-Custom-ShuffleBytes-Custom-CustomCrossOver-EraseBytes-Custom-
#2530	NEW    cov: 1606 ft: 5652 corp: 315/56Kb lim: 65536 exec/s: 843 rss: 622Mb L: 19/2170 MS: 6 ChangeBinInt-Custom-ShuffleBytes-Custom-EraseBytes-Custom-
#2531	NEW    cov: 1606 ft: 5652 corp: 315/56Kb lim: 65536 exec/s: 843 rss: 623Mb L: 217/2170 MS: 2 ChangeBit-Custom-
#2542	NEW    cov: 1606 ft: 5653 corp: 316/56Kb lim: 65536 exec/s: 847 rss: 625Mb L: 12/2170 MS: 2 ShuffleBytes-Custom-
#2543	NEW    cov: 1606 ft: 5653 corp: 317/56Kb lim: 65536 exec/s: 847 rss: 625Mb L: 13/2170 MS: 2 PersAutoDict-Custom- DE: "enabled"-
#2565	NEW    cov: 1606 ft: 5653 corp: 317/56Kb lim: 65536 exec/s: 855 rss: 630Mb L: 22/2170 MS: 4 ManualDict-Custom-ChangeBit-Custom- DE: "R\"("-
#2566	NEW    cov: 1606 ft: 5653 corp: 317/56Kb lim: 65536 exec/s: 855 rss: 630Mb L: 8/2170 MS: 2 ChangeByte-Custom-
#2568	NEW    cov: 1606 ft: 5653 corp: 317/56Kb lim: 65536 exec/s: 856 rss: 631Mb L: 17/2170 MS: 4 ChangeBinInt-Custom-ChangeBinInt-Custom-
#2579	NEW    cov: 1606 ft: 5653 corp: 317/56Kb lim: 65536 exec/s: 859 rss: 633Mb L: 138/2170 MS: 2 ShuffleBytes-Custom-
#2582	NEW    cov: 1606 ft: 5653 corp: 317/56Kb lim: 65536 exec/s: 860 rss: 634Mb L: 20/2170 MS: 6 ShuffleBytes-Custom-PersAutoDict-Custom-CMP-Custom- DE: "step"-"sleep"-
#2583	NEW    cov: 1606 ft: 5653 corp: 314/56Kb lim: 65536 exec/s: 861 rss: 634Mb L: 12/2170 MS: 1 CustomCrossOver-
#2614	NEW    cov: 1606 ft: 5653 corp: 314/56Kb lim: 65536 exec/s: 871 rss: 641Mb L: 1026/2170 MS: 2 ShuffleBytes-Custom-
#2625	NEW    cov: 1606 ft: 5653 corp: 315/56Kb lim: 65536 exec/s: 875 rss: 643Mb L: 19/2170 MS: 2 CMP-Custom- DE: "\377\377\377\377\377\377\377\377"-
#2632	NEW    cov: 1606 ft: 5653 corp: 316/56Kb lim: 65536 exec/s: 877 rss: 645Mb L: 15/2170 MS: 2 CustomCrossOver-CustomCrossOver-
#2636	NEW    cov: 1606 ft: 5653 corp: 316/56Kb lim: 65536 exec/s: 878 rss: 646Mb L: 1231/2170 MS: 8 PersAutoDict-Custom-CMP-Custom-ChangeByte-Custom-CopyPart-Custom- DE: "xpcall"-"epoc"-
#2643	NEW    cov: 1606 ft: 5653 corp: 317/56Kb lim: 65536 exec/s: 881 rss: 647Mb L: 52/2170 MS: 4 InsertByte-Custom-InsertRepeatedBytes-Custom-
#2647	NEW    cov: 1606 ft: 5653 corp: 317/56Kb lim: 65536 exec/s: 882 rss: 648Mb L: 1153/2170 MS: 8 ChangeBit-Custom-InsertByte-Custom-PersAutoDict-Custom-InsertByte-Custom- DE: "\377\024"-
#2653	NEW    cov: 1606 ft: 5653 corp: 315/55Kb lim: 65536 exec/s: 884 rss: 649Mb L: 151/2170 MS: 2 CopyPart-Custom-
#2654	NEW    cov: 1606 ft: 5653 corp: 316/55Kb lim: 65536 exec/s: 884 rss: 649Mb L: 25/2170 MS: 2 PersAutoDict-Custom- DE: "\001\000\000\000\000\000\000\013"-
#2660	NEW    cov: 1606 ft: 5653 corp: 316/55Kb lim: 65536 exec/s: 886 rss: 651Mb L: 26/2170 MS: 2 EraseBytes-Custom-
#2666	NEW    cov: 1606 ft: 5654 corp: 316/53Kb lim: 65536 exec/s: 888 rss: 652Mb L: 257/2122 MS: 2 InsertByte-Custom-
#2669	NEW    cov: 1606 ft: 5657 corp: 316/53Kb lim: 65536 exec/s: 889 rss: 653Mb L: 1425/2122 MS: 5 CustomCrossOver-CopyPart-Custom-CrossOver-Custom-
#2670	NEW    cov: 1606 ft: 5657 corp: 315/53Kb lim: 65536 exec/s: 890 rss: 653Mb L: 10/2122 MS: 1 CustomCrossOver-
#2676	NEW    cov: 1606 ft: 5661 corp: 316/54Kb lim: 65536 exec/s: 892 rss: 654Mb L: 1377/2122 MS: 2 ChangeBinInt-Custom-
#2692	NEW    cov: 1606 ft: 5661 corp: 316/54Kb lim: 65536 exec/s: 897 rss: 658Mb L: 19/2122 MS: 2 ShuffleBytes-Custom-
#2705	NEW    cov: 1606 ft: 5661 corp: 317/54Kb lim: 65536 exec/s: 901 rss: 662Mb L: 9/2122 MS: 6 InsertByte-Custom-ChangeBit-Custom-EraseBytes-Custom-
#2706	NEW    cov: 1606 ft: 5661 corp: 317/54Kb lim: 65536 exec/s: 902 rss: 662Mb L: 10/2122 MS: 2 ChangeBit-Custom-
#2709	NEW    cov: 1606 ft: 5661 corp: 317/53Kb lim: 65536 exec/s: 903 rss: 663Mb L: 147/2122 MS: 6 ShuffleBytes-Custom-InsertByte-Custom-CMP-Custom- DE: "to_lowercase"-
#2715	NEW    cov: 1606 ft: 5661 corp: 318/53Kb lim: 65536 exec/s: 905 rss: 664Mb L: 17/2122 MS: 2 CopyPart-Custom-
#2731	NEW    cov: 1606 ft: 5664 corp: 319/53Kb lim: 65536 exec/s: 910 rss: 668Mb L: 22/2122 MS: 2 CrossOver-Custom-
#2737	NEW    cov: 1606 ft: 5664 corp: 318/53Kb lim: 65536 exec/s: 912 rss: 670Mb L: 22/2122 MS: 2 ChangeBinInt-Custom-
#2738	NEW    cov: 1606 ft: 5664 corp: 319/53Kb lim: 65536 exec/s: 912 rss: 670Mb L: 11/2122 MS: 2 EraseBytes-Custom-
#3516	RELOAD cov: 1606 ft: 5765 corp: 378/71Kb lim: 65536 exec/s: 879 rss: 849Mb
#3517	NEW    cov: 1606 ft: 5765 corp: 378/71Kb lim: 65536 exec/s: 879 rss: 849Mb L: 9/5054 MS: 2 ShuffleBytes-Custom-
#3523	NEW    cov: 1606 ft: 5765 corp: 378/71Kb lim: 65536 exec/s: 880 rss: 850Mb L: 37/5054 MS: 1 CustomCrossOver-
#3524	NEW    cov: 1606 ft: 5765 corp: 377/71Kb lim: 65536 exec/s: 881 rss: 850Mb L: 9/5054 MS: 1 CustomCrossOver-
#3528	NEW    cov: 1606 ft: 5768 corp: 378/72Kb lim: 65536 exec/s: 882 rss: 851Mb L: 897/5054 MS: 8 ChangeBit-Custom-CMP-Custom-CopyPart-Custom-ManualDict-Custom- DE: "\001\000\000\000\000\000\000\000"-"indicator"-
#3534	NEW    cov: 1606 ft: 5768 corp: 378/72Kb lim: 65536 exec/s: 883 rss: 853Mb L: 27/5054 MS: 2 ManualDict-Custom- DE: "open_libraries"-
#3537	NEW    cov: 1606 ft: 5768 corp: 379/72Kb lim: 65536 exec/s: 884 rss: 854Mb L: 9/5054 MS: 5 EraseBytes-Custom-CrossOver-Custom-CustomCrossOver-
#3573	NEW    cov: 1606 ft: 5768 corp: 380/72Kb lim: 65536 exec/s: 893 rss: 861Mb L: 9/5054 MS: 1 CustomCrossOver-
#3594	NEW    cov: 1606 ft: 5768 corp: 378/71Kb lim: 65536 exec/s: 898 rss: 866Mb L: 17/5054 MS: 2 CopyPart-Custom-
#3596	NEW    cov: 1606 ft: 5768 corp: 379/71Kb lim: 65536 exec/s: 899 rss: 867Mb L: 25/5054 MS: 4 ChangeByte-Custom-EraseBytes-Custom-
#3599	NEW    cov: 1606 ft: 5768 corp: 379/71Kb lim: 65536 exec/s: 899 rss: 867Mb L: 113/5054 MS: 5 CrossOver-Custom-PersAutoDict-Custom-CustomCrossOver- DE: "function"-
#3605	NEW    cov: 1606 ft: 5768 corp: 379/71Kb lim: 65536 exec/s: 901 rss: 869Mb L: 8/5054 MS: 2 ShuffleBytes-Custom-
#3609	NEW    cov: 1606 ft: 5768 corp: 379/71Kb lim: 65536 exec/s: 902 rss: 870Mb L: 54/5054 MS: 8 PersAutoDict-Custom-ChangeBit-Custom-ShuffleBytes-Custom-ManualDict-Custom- DE: "registerWorkflow"-"in"-
#3612	NEW    cov: 1606 ft: 5768 corp: 379/71Kb lim: 65536 exec/s: 903 rss: 870Mb L: 34/5054 MS: 6 ManualDict-Custom-CopyPart-Custom-EraseBytes-Custom- DE: "}"-
#3621	NEW    cov: 1606 ft: 5784 corp: 380/71Kb lim: 65536 exec/s: 905 rss: 873Mb L: 43/5054 MS: 6 CrossOver-Custom-CustomCrossOver-ChangeByte-Custom-CustomCrossOver-
#3622	NEW    cov: 1606 ft: 5784 corp: 380/71Kb lim: 65536 exec/s: 905 rss: 873Mb L: 9/5054 MS: 2 ChangeBit-Custom-
#3653	NEW    cov: 1606 ft: 5784 corp: 381/71Kb lim: 65536 exec/s: 913 rss: 879Mb L: 10/5054 MS: 2 PersAutoDict-Custom- DE: "\242\225[\030\000\000\000\000"-
#3674	NEW    cov: 1606 ft: 5784 corp: 381/71Kb lim: 65536 exec/s: 918 rss: 884Mb L: 248/5054 MS: 2 InsertRepeatedBytes-Custom-
#3678	NEW    cov: 1606 ft: 5784 corp: 381/71Kb lim: 65536 exec/s: 919 rss: 885Mb L: 22/5054 MS: 7 CrossOver-Custom-CopyPart-Custom-ChangeByte-Custom-CustomCrossOver-
#3681	NEW    cov: 1606 ft: 5784 corp: 381/71Kb lim: 65536 exec/s: 920 rss: 885Mb L: 12/5054 MS: 6 InsertByte-Custom-ChangeBit-Custom-ChangeBinInt-Custom-
#3702	NEW    cov: 1606 ft: 5784 corp: 382/71Kb lim: 65536 exec/s: 925 rss: 890Mb L: 18/5054 MS: 2 CopyPart-Custom-
#3703	NEW    cov: 1606 ft: 5784 corp: 382/71Kb lim: 65536 exec/s: 925 rss: 891Mb L: 527/5054 MS: 2 EraseBytes-Custom-
#3709	NEW    cov: 1606 ft: 5784 corp: 383/71Kb lim: 65536 exec/s: 927 rss: 892Mb L: 7/5054 MS: 2 PersAutoDict-Custom- DE: "epoc"-
#3710	NEW    cov: 1606 ft: 5784 corp: 383/71Kb lim: 65536 exec/s: 927 rss: 892Mb L: 7/5054 MS: 2 EraseBytes-Custom-
#3718	NEW    cov: 1606 ft: 5784 corp: 383/71Kb lim: 65536 exec/s: 929 rss: 893Mb L: 19/5054 MS: 4 CustomCrossOver-ShuffleBytes-Custom-CustomCrossOver-
#3719	NEW    cov: 1606 ft: 5784 corp: 383/71Kb lim: 65536 exec/s: 929 rss: 894Mb L: 12/5054 MS: 2 ChangeByte-Custom-
#3720	NEW    cov: 1606 ft: 5784 corp: 383/71Kb lim: 65536 exec/s: 930 rss: 894Mb L: 11/5054 MS: 2 ChangeBinInt-Custom-
#3725	NEW    cov: 1606 ft: 5784 corp: 384/71Kb lim: 65536 exec/s: 931 rss: 895Mb L: 106/5054 MS: 8 CustomCrossOver-CrossOver-Custom-ShuffleBytes-Custom-ManualDict-Custom-CustomCrossOver- DE: "\\n"-
#3746	NEW    cov: 1606 ft: 5784 corp: 385/71Kb lim: 65536 exec/s: 936 rss: 899Mb L: 36/5054 MS: 2 CopyPart-Custom-
#3768	NEW    cov: 1606 ft: 5784 corp: 385/71Kb lim: 65536 exec/s: 942 rss: 904Mb L: 1097/5054 MS: 4 InsertRepeatedBytes-Custom-CMP-Custom- DE: "\000\000\000\000K\\W\001"-
#3780	NEW    cov: 1606 ft: 5784 corp: 385/71Kb lim: 65536 exec/s: 945 rss: 907Mb L: 69/5054 MS: 4 ChangeByte-Custom-InsertRepeatedBytes-Custom-
#3786	NEW    cov: 1606 ft: 5784 corp: 385/71Kb lim: 65536 exec/s: 946 rss: 909Mb L: 33/5054 MS: 2 ChangeByte-Custom-
#3795	NEW    cov: 1606 ft: 5784 corp: 385/71Kb lim: 65536 exec/s: 948 rss: 911Mb L: 11/5054 MS: 5 ChangeByte-Custom-CustomCrossOver-CustomCrossOver-CustomCrossOver-
#3796	NEW    cov: 1606 ft: 5784 corp: 386/71Kb lim: 65536 exec/s: 949 rss: 911Mb L: 41/5054 MS: 2 InsertByte-Custom-
#3809	NEW    cov: 1606 ft: 5786 corp: 386/71Kb lim: 65536 exec/s: 952 rss: 914Mb L: 16/5054 MS: 4 InsertByte-Custom-CustomCrossOver-CustomCrossOver-
#3816	NEW    cov: 1606 ft: 5786 corp: 387/71Kb lim: 65536 exec/s: 954 rss: 916Mb L: 10/5054 MS: 4 ChangeByte-Custom-ShuffleBytes-Custom-
#3818	NEW    cov: 1606 ft: 5786 corp: 387/71Kb lim: 65536 exec/s: 954 rss: 916Mb L: 10/5054 MS: 4 ShuffleBytes-Custom-ChangeByte-Custom-
#3819	NEW    cov: 1606 ft: 5786 corp: 387/71Kb lim: 65536 exec/s: 954 rss: 916Mb L: 162/5054 MS: 2 CopyPart-Custom-
#3821	NEW    cov: 1606 ft: 5786 corp: 386/71Kb lim: 65536 exec/s: 955 rss: 917Mb L: 13/5054 MS: 4 ManualDict-Custom-ChangeBinInt-Custom- DE: "USER"-
#3823	NEW    cov: 1606 ft: 5786 corp: 385/71Kb lim: 65536 exec/s: 955 rss: 917Mb L: 26/5054 MS: 4 ChangeByte-Custom-CrossOver-Custom-
#3829	NEW    cov: 1606 ft: 5786 corp: 385/71Kb lim: 65536 exec/s: 957 rss: 919Mb L: 18/5054 MS: 2 InsertByte-Custom-
#3841	NEW    cov: 1606 ft: 5786 corp: 385/70Kb lim: 65536 exec/s: 960 rss: 921Mb L: 16/5054 MS: 4 ChangeBinInt-Custom-CMP-Custom- DE: "\000\032"-
#3842	NEW    cov: 1606 ft: 5786 corp: 385/70Kb lim: 65536 exec/s: 960 rss: 922Mb L: 17/5054 MS: 2 ChangeBit-Custom-
#3843	NEW    cov: 1606 ft: 5786 corp: 384/70Kb lim: 65536 exec/s: 960 rss: 922Mb L: 22/5054 MS: 2 ChangeByte-Custom-
#3860	NEW    cov: 1606 ft: 5786 corp: 384/70Kb lim: 65536 exec/s: 965 rss: 926Mb L: 16/5054 MS: 4 InsertByte-Custom-InsertByte-Custom-
#3876	NEW    cov: 1606 ft: 5791 corp: 385/75Kb lim: 65536 exec/s: 969 rss: 930Mb L: 5188/5188 MS: 2 CopyPart-Custom-
#3882	NEW    cov: 1606 ft: 5791 corp: 386/75Kb lim: 65536 exec/s: 970 rss: 931Mb L: 9/5188 MS: 1 CustomCrossOver-
#3899	NEW    cov: 1606 ft: 5791 corp: 387/75Kb lim: 65536 exec/s: 974 rss: 935Mb L: 10/5188 MS: 4 ChangeBit-Custom-ChangeByte-Custom-
#3900	NEW    cov: 1606 ft: 5791 corp: 388/75Kb lim: 65536 exec/s: 975 rss: 935Mb L: 9/5188 MS: 2 ChangeBit-Custom-
#3901	NEW    cov: 1606 ft: 5791 corp: 388/75Kb lim: 65536 exec/s: 975 rss: 935Mb L: 37/5188 MS: 2 InsertRepeatedBytes-Custom-
#3904	NEW    cov: 1606 ft: 5791 corp: 389/75Kb lim: 65536 exec/s: 976 rss: 935Mb L: 10/5188 MS: 6 ChangeBit-Custom-ShuffleBytes-Custom-ChangeByte-Custom-
#3910	NEW    cov: 1606 ft: 5791 corp: 390/75Kb lim: 65536 exec/s: 977 rss: 937Mb L: 9/5188 MS: 2 ChangeBinInt-Custom-
#3922	NEW    cov: 1606 ft: 5791 corp: 391/76Kb lim: 65536 exec/s: 980 rss: 940Mb L: 60/5188 MS: 3 ShuffleBytes-Custom-CustomCrossOver-
#3943	NEW    cov: 1606 ft: 5791 corp: 392/76Kb lim: 65536 exec/s: 985 rss: 944Mb L: 10/5188 MS: 2 ChangeBit-Custom-
#3946	NEW    cov: 1606 ft: 5791 corp: 393/76Kb lim: 65536 exec/s: 986 rss: 945Mb L: 9/5188 MS: 6 CopyPart-Custom-ShuffleBytes-Custom-EraseBytes-Custom-
#3948	NEW    cov: 1606 ft: 5791 corp: 390/75Kb lim: 65536 exec/s: 987 rss: 945Mb L: 11/5188 MS: 4 ShuffleBytes-Custom-ChangeBit-Custom-
#3949	NEW    cov: 1606 ft: 5791 corp: 391/75Kb lim: 65536 exec/s: 987 rss: 945Mb L: 8/5188 MS: 1 CustomCrossOver-
#3956	NEW    cov: 1606 ft: 5791 corp: 391/75Kb lim: 65536 exec/s: 989 rss: 947Mb L: 34/5188 MS: 4 ManualDict-Custom-CMP-Custom- DE: "{"-"\001\000\000\006"-
#3972	NEW    cov: 1606 ft: 5791 corp: 391/75Kb lim: 65536 exec/s: 993 rss: 950Mb L: 18/5188 MS: 1 CustomCrossOver-
#3978	NEW    cov: 1606 ft: 5791 corp: 391/75Kb lim: 65536 exec/s: 994 rss: 951Mb L: 50/5188 MS: 2 CrossOver-Custom-
#4009	NEW    cov: 1606 ft: 5791 corp: 391/75Kb lim: 65536 exec/s: 1002 rss: 958Mb L: 34/5188 MS: 2 InsertRepeatedBytes-Custom-
#4013	NEW    cov: 1606 ft: 5820 corp: 392/75Kb lim: 65536 exec/s: 1003 rss: 959Mb L: 137/5188 MS: 8 InsertRepeatedBytes-Custom-InsertByte-Custom-ChangeByte-Custom-PersAutoDict-Custom- DE: "end"-
#4056	NEW    cov: 1606 ft: 5820 corp: 393/75Kb lim: 65536 exec/s: 1014 rss: 968Mb L: 10/5188 MS: 6 InsertByte-Custom-CMP-Custom-EraseBytes-Custom- DE: "ping"-
#4062	NEW    cov: 1606 ft: 5820 corp: 390/75Kb lim: 65536 exec/s: 1015 rss: 969Mb L: 8/5188 MS: 2 ChangeBinInt-Custom-
#4083	NEW    cov: 1606 ft: 5820 corp: 389/75Kb lim: 65536 exec/s: 1020 rss: 974Mb L: 26/5188 MS: 2 ChangeASCIIInt-Custom-
#4084	NEW    cov: 1606 ft: 5820 corp: 386/75Kb lim: 65536 exec/s: 1021 rss: 974Mb L: 6/5188 MS: 2 EraseBytes-Custom-
#4096	pulse  cov: 1606 ft: 5820 corp: 386/75Kb lim: 65536 exec/s: 1024 rss: 977Mb
#4097	NEW    cov: 1606 ft: 5820 corp: 386/75Kb lim: 65536 exec/s: 1024 rss: 977Mb L: 2551/5188 MS: 5 CustomCrossOver-ShuffleBytes-Custom-CopyPart-Custom-
#4103	NEW    cov: 1606 ft: 5822 corp: 386/75Kb lim: 65536 exec/s: 1025 rss: 978Mb L: 1025/5188 MS: 1 CustomCrossOver-
#4104	NEW    cov: 1606 ft: 5823 corp: 386/75Kb lim: 65536 exec/s: 1026 rss: 979Mb L: 12/5188 MS: 2 InsertByte-Custom-
#4105	NEW    cov: 1606 ft: 5823 corp: 386/75Kb lim: 65536 exec/s: 1026 rss: 979Mb L: 7/5188 MS: 2 ManualDict-Custom- DE: "PATH"-
#4116	NEW    cov: 1606 ft: 5823 corp: 386/75Kb lim: 65536 exec/s: 823 rss: 981Mb L: 6/5188 MS: 2 EraseBytes-Custom-
#4129	NEW    cov: 1606 ft: 5826 corp: 387/76Kb lim: 65536 exec/s: 825 rss: 984Mb L: 1426/5188 MS: 6 InsertByte-Custom-ChangeByte-Custom-ShuffleBytes-Custom-
#4145	NEW    cov: 1606 ft: 5826 corp: 387/76Kb lim: 65536 exec/s: 829 rss: 988Mb L: 34/5188 MS: 2 ChangeBinInt-Custom-
#4151	NEW    cov: 1606 ft: 5826 corp: 388/76Kb lim: 65536 exec/s: 830 rss: 990Mb L: 9/5188 MS: 2 ShuffleBytes-Custom-
#4157	NEW    cov: 1606 ft: 5826 corp: 388/76Kb lim: 65536 exec/s: 831 rss: 991Mb L: 8/5188 MS: 2 CopyPart-Custom-
#4173	NEW    cov: 1606 ft: 5826 corp: 389/76Kb lim: 65536 exec/s: 834 rss: 995Mb L: 16/5188 MS: 2 EraseBytes-Custom-
#4185	NEW    cov: 1606 ft: 5826 corp: 390/76Kb lim: 65536 exec/s: 837 rss: 997Mb L: 5/5188 MS: 4 CopyPart-Custom-EraseBytes-Custom-
#4187	NEW    cov: 1606 ft: 5829 corp: 391/76Kb lim: 65536 exec/s: 837 rss: 998Mb L: 121/5188 MS: 4 ChangeBit-Custom-CopyPart-Custom-
#4200	NEW    cov: 1606 ft: 5893 corp: 392/76Kb lim: 65536 exec/s: 840 rss: 1000Mb L: 10/5188 MS: 6 PersAutoDict-Custom-ChangeBit-Custom-CopyPart-Custom- DE: "xpcall"-
#4226	NEW    cov: 1606 ft: 5893 corp: 392/76Kb lim: 65536 exec/s: 845 rss: 1006Mb L: 7/5188 MS: 2 ChangeByte-Custom-
#4232	NEW    cov: 1606 ft: 5893 corp: 393/76Kb lim: 65536 exec/s: 846 rss: 1007Mb L: 7/5188 MS: 2 EraseBytes-Custom-
#4245	NEW    cov: 1606 ft: 5896 corp: 394/76Kb lim: 65536 exec/s: 849 rss: 1010Mb L: 29/5188 MS: 6 ManualDict-Custom-ChangeBinInt-Custom-ChangeByte-Custom- DE: "adversarial-cache"-
#4253	NEW    cov: 1606 ft: 5896 corp: 395/76Kb lim: 65536 exec/s: 850 rss: 1012Mb L: 177/5188 MS: 5 ChangeASCIIInt-Custom-InsertRepeatedBytes-Custom-CustomCrossOver-
#4271	NEW    cov: 1606 ft: 5896 corp: 395/76Kb lim: 65536 exec/s: 854 rss: 1016Mb L: 10/5188 MS: 6 InsertByte-Custom-ChangeByte-Custom-CopyPart-Custom-
#4303	NEW    cov: 1606 ft: 5897 corp: 396/76Kb lim: 65536 exec/s: 860 rss: 1023Mb L: 15/5188 MS: 3 CustomCrossOver-CMP-Custom- DE: "fs"-
#4304	NEW    cov: 1606 ft: 5898 corp: 397/77Kb lim: 65536 exec/s: 860 rss: 1023Mb L: 514/5188 MS: 1 CustomCrossOver-
#4315	NEW    cov: 1606 ft: 5898 corp: 397/77Kb lim: 65536 exec/s: 863 rss: 1025Mb L: 16/5188 MS: 2 ChangeByte-Custom-
#4320	NEW    cov: 1606 ft: 5898 corp: 398/77Kb lim: 65536 exec/s: 864 rss: 1026Mb L: 25/5188 MS: 9 ChangeByte-Custom-CMP-Custom-InsertRepeatedBytes-Custom-ChangeBit-Custom-CustomCrossOver- DE: "\001\000\000\000\000\000\000\001"-
#4343	NEW    cov: 1606 ft: 5899 corp: 399/77Kb lim: 65536 exec/s: 868 rss: 1031Mb L: 217/5188 MS: 6 CMP-Custom-InsertByte-Custom-PersAutoDict-Custom- DE: "\001\000\000\000\000\374\255\344"-"sol.s"-
#4349	NEW    cov: 1606 ft: 5900 corp: 400/78Kb lim: 65536 exec/s: 869 rss: 1032Mb L: 527/5188 MS: 2 CopyPart-Custom-
#4370	NEW    cov: 1606 ft: 5900 corp: 401/78Kb lim: 65536 exec/s: 874 rss: 1037Mb L: 6/5188 MS: 1 CustomCrossOver-
#4383	NEW    cov: 1606 ft: 5900 corp: 399/78Kb lim: 65536 exec/s: 876 rss: 1041Mb L: 6/5188 MS: 4 CustomCrossOver-ShuffleBytes-Custom-CustomCrossOver-
#4396	NEW    cov: 1606 ft: 5900 corp: 399/78Kb lim: 65536 exec/s: 879 rss: 1044Mb L: 10/5188 MS: 4 CMP-Custom-CustomCrossOver-CustomCrossOver- DE: "\000\000\000\000\000\000\000\000"-
#4414	NEW    cov: 1606 ft: 5900 corp: 400/78Kb lim: 65536 exec/s: 882 rss: 1048Mb L: 12/5188 MS: 6 ChangeBinInt-Custom-InsertByte-Custom-CMP-Custom- DE: "\000 "-
#4415	NEW    cov: 1606 ft: 5900 corp: 400/78Kb lim: 65536 exec/s: 883 rss: 1048Mb L: 139/5188 MS: 1 CustomCrossOver-
#4973	RELOAD cov: 1606 ft: 5964 corp: 436/131Kb lim: 65536 exec/s: 994 rss: 1174Mb
#4984	NEW    cov: 1606 ft: 5964 corp: 436/131Kb lim: 65536 exec/s: 996 rss: 1177Mb L: 4/21292 MS: 2 EraseBytes-Custom-
#5003	NEW    cov: 1606 ft: 5964 corp: 436/127Kb lim: 65536 exec/s: 833 rss: 1181Mb L: 2097/21292 MS: 8 ChangeByte-Custom-ManualDict-Custom-ChangeByte-Custom-PersAutoDict-Custom- DE: "silent"-"sol.\360\237\224\251"-
#5059	NEW    cov: 1606 ft: 5965 corp: 437/127Kb lim: 65536 exec/s: 843 rss: 1194Mb L: 31/21292 MS: 2 CMP-Custom- DE: "copy"-
#5060	NEW    cov: 1606 ft: 5965 corp: 437/127Kb lim: 65536 exec/s: 843 rss: 1194Mb L: 8/21292 MS: 1 CustomCrossOver-
#5062	NEW    cov: 1606 ft: 5965 corp: 437/127Kb lim: 65536 exec/s: 843 rss: 1195Mb L: 21/21292 MS: 3 ShuffleBytes-Custom-CustomCrossOver-
#5072	NEW    cov: 1606 ft: 5965 corp: 438/127Kb lim: 65536 exec/s: 845 rss: 1196Mb L: 6/21292 MS: 7 CopyPart-Custom-CopyPart-Custom-CustomCrossOver-CustomCrossOver-CustomCrossOver-
#5073	NEW    cov: 1606 ft: 5965 corp: 439/127Kb lim: 65536 exec/s: 845 rss: 1197Mb L: 6/21292 MS: 1 CustomCrossOver-
#5076	NEW    cov: 1606 ft: 5965 corp: 440/127Kb lim: 65536 exec/s: 846 rss: 1197Mb L: 65/21292 MS: 5 ManualDict-Custom-CustomCrossOver-EraseBytes-Custom- DE: "~="-
#5092	NEW    cov: 1606 ft: 5965 corp: 439/127Kb lim: 65536 exec/s: 848 rss: 1201Mb L: 8/21292 MS: 2 ShuffleBytes-Custom-
#5108	NEW    cov: 1606 ft: 5965 corp: 439/127Kb lim: 65536 exec/s: 851 rss: 1205Mb L: 18/21292 MS: 2 PersAutoDict-Custom- DE: "\377\024"-
#5114	NEW    cov: 1606 ft: 5966 corp: 439/127Kb lim: 65536 exec/s: 852 rss: 1206Mb L: 17/21292 MS: 1 CustomCrossOver-
#5115	NEW    cov: 1606 ft: 5966 corp: 440/127Kb lim: 65536 exec/s: 852 rss: 1207Mb L: 4/21292 MS: 2 CrossOver-Custom-
#5136	NEW    cov: 1606 ft: 5967 corp: 441/128Kb lim: 65536 exec/s: 856 rss: 1212Mb L: 864/21292 MS: 2 ChangeASCIIInt-Custom-
#5138	NEW    cov: 1606 ft: 5967 corp: 442/128Kb lim: 65536 exec/s: 856 rss: 1212Mb L: 7/21292 MS: 3 PersAutoDict-Custom-CustomCrossOver- DE: "\020\000\000\000\000\000\000\000"-
#5175	NEW    cov: 1606 ft: 5968 corp: 443/129Kb lim: 65536 exec/s: 862 rss: 1221Mb L: 1730/21292 MS: 4 CMP-Custom-PersAutoDict-Custom- DE: "text"-"\002\000\000\000\000\000\000\000"-
#5197	NEW    cov: 1606 ft: 5969 corp: 444/129Kb lim: 65536 exec/s: 866 rss: 1226Mb L: 44/21292 MS: 4 ChangeByte-Custom-PersAutoDict-Custom- DE: "adversarial-cache"-
#5198	NEW    cov: 1606 ft: 5969 corp: 445/129Kb lim: 65536 exec/s: 866 rss: 1226Mb L: 11/21292 MS: 2 InsertByte-Custom-
#5204	NEW    cov: 1606 ft: 5969 corp: 445/129Kb lim: 65536 exec/s: 867 rss: 1227Mb L: 2078/21292 MS: 2 EraseBytes-Custom-
#5205	NEW    cov: 1606 ft: 5970 corp: 445/129Kb lim: 65536 exec/s: 867 rss: 1227Mb L: 20/21292 MS: 2 InsertByte-Custom-
#5217	NEW    cov: 1606 ft: 5970 corp: 445/129Kb lim: 65536 exec/s: 869 rss: 1230Mb L: 27/21292 MS: 4 ShuffleBytes-Custom-ManualDict-Custom- DE: "algorithm"-
#5309	NEW    cov: 1606 ft: 5970 corp: 445/129Kb lim: 65536 exec/s: 884 rss: 1250Mb L: 7/21292 MS: 4 ChangeByte-Custom-EraseBytes-Custom-
#5317	NEW    cov: 1606 ft: 5972 corp: 446/129Kb lim: 65536 exec/s: 886 rss: 1252Mb L: 157/21292 MS: 6 ChangeBit-Custom-InsertRepeatedBytes-Custom-ChangeBinInt-Custom-
#5341	NEW    cov: 1606 ft: 5972 corp: 447/129Kb lim: 65536 exec/s: 890 rss: 1257Mb L: 6/21292 MS: 5 CustomCrossOver-ChangeBinInt-Custom-CustomCrossOver-CustomCrossOver-
#5347	NEW    cov: 1606 ft: 5972 corp: 447/129Kb lim: 65536 exec/s: 891 rss: 1258Mb L: 5/21292 MS: 2 CopyPart-Custom-
#5352	NEW    cov: 1606 ft: 5974 corp: 448/135Kb lim: 65536 exec/s: 892 rss: 1260Mb L: 6126/21292 MS: 10 InsertByte-Custom-ShuffleBytes-Custom-PersAutoDict-Custom-CMP-Custom-ChangeBit-Custom- DE: "open_libraries"-"\377\377\377\377\377\377\377\026"-
#5353	NEW    cov: 1606 ft: 5974 corp: 448/135Kb lim: 65536 exec/s: 892 rss: 1260Mb L: 17/21292 MS: 2 CrossOver-Custom-
#5360	NEW    cov: 1606 ft: 5975 corp: 449/135Kb lim: 65536 exec/s: 893 rss: 1261Mb L: 3/21292 MS: 4 EraseBytes-Custom-EraseBytes-Custom-
#5421	NEW    cov: 1606 ft: 5975 corp: 449/135Kb lim: 65536 exec/s: 903 rss: 1276Mb L: 5/21292 MS: 2 ChangeBit-Custom-
#5470	NEW    cov: 1606 ft: 5975 corp: 448/135Kb lim: 65536 exec/s: 911 rss: 1287Mb L: 9/21292 MS: 8 InsertByte-Custom-InsertByte-Custom-ChangeByte-Custom-ChangeByte-Custom-
#5484	NEW    cov: 1606 ft: 5977 corp: 449/135Kb lim: 65536 exec/s: 914 rss: 1290Mb L: 194/21292 MS: 6 CustomCrossOver-CustomCrossOver-ManualDict-Custom-InsertRepeatedBytes-Custom- DE: "already registered"-
#5496	NEW    cov: 1606 ft: 5977 corp: 449/135Kb lim: 65536 exec/s: 916 rss: 1293Mb L: 1457/21292 MS: 4 PersAutoDict-Custom-EraseBytes-Custom- DE: "copy"-
#5508	NEW    cov: 1606 ft: 5977 corp: 450/135Kb lim: 65536 exec/s: 918 rss: 1296Mb L: 82/21292 MS: 4 PersAutoDict-Custom-PersAutoDict-Custom- DE: "\036"-"~="-
#5521	NEW    cov: 1606 ft: 5977 corp: 450/135Kb lim: 65536 exec/s: 920 rss: 1299Mb L: 7/21292 MS: 4 ChangeBinInt-Custom-CustomCrossOver-CustomCrossOver-
#5528	NEW    cov: 1606 ft: 5977 corp: 451/135Kb lim: 65536 exec/s: 921 rss: 1300Mb L: 14/21292 MS: 4 CMP-Custom-PersAutoDict-Custom- DE: "path"-"\036"-
#5535	NEW    cov: 1606 ft: 5977 corp: 451/135Kb lim: 65536 exec/s: 922 rss: 1302Mb L: 8/21292 MS: 3 CustomCrossOver-ChangeBit-Custom-
#5562	NEW    cov: 1606 ft: 5977 corp: 450/135Kb lim: 65536 exec/s: 927 rss: 1308Mb L: 7/21292 MS: 4 ChangeBinInt-Custom-ChangeBinInt-Custom-
#5568	NEW    cov: 1606 ft: 5977 corp: 450/135Kb lim: 65536 exec/s: 928 rss: 1309Mb L: 8/21292 MS: 2 ChangeByte-Custom-
#5584	NEW    cov: 1606 ft: 5977 corp: 450/135Kb lim: 65536 exec/s: 930 rss: 1314Mb L: 6/21292 MS: 2 ChangeBit-Custom-
#5595	NEW    cov: 1606 ft: 5977 corp: 451/135Kb lim: 65536 exec/s: 932 rss: 1316Mb L: 5/21292 MS: 1 CustomCrossOver-
#5603	NEW    cov: 1606 ft: 5977 corp: 450/135Kb lim: 65536 exec/s: 933 rss: 1318Mb L: 10/21292 MS: 4 CustomCrossOver-CustomCrossOver-EraseBytes-Custom-
#5621	NEW    cov: 1606 ft: 5978 corp: 451/135Kb lim: 65536 exec/s: 936 rss: 1322Mb L: 63/21292 MS: 5 CustomCrossOver-ManualDict-Custom-InsertRepeatedBytes-Custom- DE: "HOME"-
#5622	NEW    cov: 1606 ft: 5978 corp: 451/135Kb lim: 65536 exec/s: 937 rss: 1322Mb L: 19/21292 MS: 2 CopyPart-Custom-
#5633	NEW    cov: 1606 ft: 5978 corp: 452/135Kb lim: 65536 exec/s: 938 rss: 1325Mb L: 6/21292 MS: 2 ChangeBit-Custom-
#5658	NEW    cov: 1606 ft: 5978 corp: 452/135Kb lim: 65536 exec/s: 943 rss: 1330Mb L: 7/21292 MS: 10 ChangeByte-Custom-ShuffleBytes-Custom-EraseBytes-Custom-CMP-Custom-EraseBytes-Custom- DE: "__sub"-
#5699	NEW    cov: 1606 ft: 5979 corp: 453/135Kb lim: 65536 exec/s: 949 rss: 1339Mb L: 14/21292 MS: 2 ManualDict-Custom- DE: "output"-
#5700	NEW    cov: 1606 ft: 5979 corp: 454/135Kb lim: 65536 exec/s: 950 rss: 1340Mb L: 72/21292 MS: 1 CustomCrossOver-
#5716	NEW    cov: 1606 ft: 5982 corp: 455/135Kb lim: 65536 exec/s: 952 rss: 1343Mb L: 215/21292 MS: 1 CustomCrossOver-
#5718	NEW    cov: 1606 ft: 5982 corp: 456/135Kb lim: 65536 exec/s: 953 rss: 1343Mb L: 5/21292 MS: 3 CrossOver-Custom-CustomCrossOver-
#5722	NEW    cov: 1606 ft: 5982 corp: 456/135Kb lim: 65536 exec/s: 953 rss: 1344Mb L: 74/21292 MS: 7 CustomCrossOver-InsertRepeatedBytes-Custom-ChangeBit-Custom-EraseBytes-Custom-
#5723	NEW    cov: 1606 ft: 5984 corp: 456/135Kb lim: 65536 exec/s: 953 rss: 1344Mb L: 262/21292 MS: 2 CopyPart-Custom-
#5744	NEW    cov: 1606 ft: 5984 corp: 454/135Kb lim: 65536 exec/s: 957 rss: 1348Mb L: 9/21292 MS: 2 ChangeBit-Custom-
#5750	NEW    cov: 1606 ft: 5985 corp: 455/135Kb lim: 65536 exec/s: 958 rss: 1350Mb L: 165/21292 MS: 2 ManualDict-Custom- DE: "use_mmap_for_hashing"-
#5757	NEW    cov: 1606 ft: 5986 corp: 456/135Kb lim: 65536 exec/s: 959 rss: 1351Mb L: 246/21292 MS: 3 CustomCrossOver-InsertRepeatedBytes-Custom-
#5772	NEW    cov: 1606 ft: 5986 corp: 457/136Kb lim: 65536 exec/s: 962 rss: 1355Mb L: 295/21292 MS: 10 PersAutoDict-Custom-ChangeByte-Custom-InsertRepeatedBytes-Custom-ChangeBit-Custom-ChangeBit-Custom- DE: "\001\000\000\000\000\000\000\013"-
#5773	NEW    cov: 1606 ft: 5986 corp: 457/136Kb lim: 65536 exec/s: 962 rss: 1355Mb L: 13/21292 MS: 1 CustomCrossOver-
#5802	NEW    cov: 1606 ft: 5986 corp: 457/135Kb lim: 65536 exec/s: 967 rss: 1361Mb L: 68/21292 MS: 7 ChangeByte-Custom-InsertByte-Custom-ChangeBinInt-Custom-CustomCrossOver-
#5833	NEW    cov: 1606 ft: 5986 corp: 458/135Kb lim: 65536 exec/s: 972 rss: 1368Mb L: 4/21292 MS: 2 ChangeByte-Custom-
#5837	NEW    cov: 1606 ft: 5986 corp: 458/135Kb lim: 65536 exec/s: 972 rss: 1369Mb L: 9/21292 MS: 5 ChangeByte-Custom-CustomCrossOver-CustomCrossOver-CustomCrossOver-
#5845	NEW    cov: 1606 ft: 5986 corp: 458/135Kb lim: 65536 exec/s: 974 rss: 1371Mb L: 18/21292 MS: 6 ChangeBit-Custom-ChangeBit-Custom-ChangeByte-Custom-
#6469	RELOAD cov: 1606 ft: 6009 corp: 480/171Kb lim: 65536 exec/s: 924 rss: 1512Mb
#6485	NEW    cov: 1606 ft: 6009 corp: 480/171Kb lim: 65536 exec/s: 926 rss: 1515Mb L: 5/28447 MS: 2 EraseBytes-Custom-
#6506	NEW    cov: 1606 ft: 6009 corp: 481/171Kb lim: 65536 exec/s: 929 rss: 1520Mb L: 10/28447 MS: 2 ManualDict-Custom- DE: "pairs"-
#6507	NEW    cov: 1606 ft: 6009 corp: 481/171Kb lim: 65536 exec/s: 929 rss: 1520Mb L: 8/28447 MS: 2 ShuffleBytes-Custom-
#6523	NEW    cov: 1606 ft: 6009 corp: 481/171Kb lim: 65536 exec/s: 931 rss: 1524Mb L: 6/28447 MS: 1 CustomCrossOver-
#6549	NEW    cov: 1606 ft: 6009 corp: 479/170Kb lim: 65536 exec/s: 935 rss: 1530Mb L: 4/28447 MS: 2 ShuffleBytes-Custom-
#6611	NEW    cov: 1606 ft: 6009 corp: 480/170Kb lim: 65536 exec/s: 944 rss: 1545Mb L: 4/28447 MS: 4 CopyPart-Custom-EraseBytes-Custom-
#6613	NEW    cov: 1606 ft: 6009 corp: 480/170Kb lim: 65536 exec/s: 944 rss: 1545Mb L: 23/28447 MS: 4 ChangeBinInt-Custom-ManualDict-Custom- DE: "list"-
#6619	NEW    cov: 1606 ft: 6009 corp: 481/170Kb lim: 65536 exec/s: 945 rss: 1546Mb L: 12/28447 MS: 2 EraseBytes-Custom-
#6647	NEW    cov: 1606 ft: 6009 corp: 482/170Kb lim: 65536 exec/s: 949 rss: 1553Mb L: 20/28447 MS: 6 CMP-Custom-ChangeASCIIInt-Custom-ManualDict-Custom- DE: "\377\377"-"not"-
#6653	NEW    cov: 1606 ft: 6011 corp: 483/170Kb lim: 65536 exec/s: 950 rss: 1555Mb L: 10/28447 MS: 2 InsertByte-Custom-
#6672	NEW    cov: 1606 ft: 6011 corp: 484/170Kb lim: 65536 exec/s: 953 rss: 1559Mb L: 4/28447 MS: 8 EraseBytes-Custom-EraseBytes-Custom-EraseBytes-Custom-EraseBytes-Custom-
#6686	NEW    cov: 1606 ft: 6011 corp: 483/170Kb lim: 65536 exec/s: 955 rss: 1561Mb L: 3/28447 MS: 7 InsertByte-Custom-InsertByte-Custom-ShuffleBytes-Custom-CustomCrossOver-
#6758	NEW    cov: 1606 ft: 6012 corp: 484/170Kb lim: 65536 exec/s: 965 rss: 1577Mb L: 67/28447 MS: 4 InsertByte-Custom-CopyPart-Custom-
#6759	NEW    cov: 1606 ft: 6012 corp: 484/170Kb lim: 65536 exec/s: 965 rss: 1578Mb L: 17/28447 MS: 2 ChangeBinInt-Custom-
#6775	NEW    cov: 1606 ft: 6013 corp: 485/170Kb lim: 65536 exec/s: 967 rss: 1581Mb L: 55/28447 MS: 1 CustomCrossOver-
#6780	NEW    cov: 1606 ft: 6013 corp: 484/170Kb lim: 65536 exec/s: 968 rss: 1582Mb L: 6/28447 MS: 10 CMP-Custom-ChangeBinInt-Custom-EraseBytes-Custom-EraseBytes-Custom-CopyPart-Custom- DE: "\014\000\000\000"-
#6795	NEW    cov: 1606 ft: 6013 corp: 484/170Kb lim: 65536 exec/s: 849 rss: 1585Mb L: 3/28447 MS: 7 CrossOver-Custom-CustomCrossOver-ChangeByte-Custom-CustomCrossOver-CustomCrossOver-
#6806	NEW    cov: 1606 ft: 6013 corp: 485/170Kb lim: 65536 exec/s: 850 rss: 1588Mb L: 3/28447 MS: 2 EraseBytes-Custom-
#6827	NEW    cov: 1606 ft: 6013 corp: 486/170Kb lim: 65536 exec/s: 853 rss: 1592Mb L: 7/28447 MS: 2 ShuffleBytes-Custom-
#6866	NEW    cov: 1606 ft: 6013 corp: 486/170Kb lim: 65536 exec/s: 858 rss: 1601Mb L: 257/28447 MS: 8 InsertRepeatedBytes-Custom-CMP-Custom-CMP-Custom-ManualDict-Custom- DE: ";\000\000\000\000\000\000\000"-"select"-"tostring"-
#6877	NEW    cov: 1606 ft: 6013 corp: 487/170Kb lim: 65536 exec/s: 859 rss: 1603Mb L: 4/28447 MS: 2 ChangeBit-Custom-
#6889	NEW    cov: 1606 ft: 6013 corp: 486/170Kb lim: 65536 exec/s: 861 rss: 1606Mb L: 3/28447 MS: 3 CMP-Custom-CustomCrossOver- DE: "\000\000\000\000\000\000\000\000"-
#6915	NEW    cov: 1606 ft: 6013 corp: 486/170Kb lim: 65536 exec/s: 864 rss: 1611Mb L: 3/28447 MS: 2 ChangeBit-Custom-
#6918	NEW    cov: 1606 ft: 6014 corp: 487/170Kb lim: 65536 exec/s: 864 rss: 1612Mb L: 80/28447 MS: 6 CMP-Custom-CopyPart-Custom-PersAutoDict-Custom- DE: "\000\000\000\000\000\000\000\000"-"sol.sol::"-
#6926	NEW    cov: 1606 ft: 6014 corp: 487/170Kb lim: 65536 exec/s: 865 rss: 1614Mb L: 11/28447 MS: 6 ChangeBit-Custom-InsertByte-Custom-ChangeBinInt-Custom-
#6945	NEW    cov: 1606 ft: 6014 corp: 488/170Kb lim: 65536 exec/s: 868 rss: 1618Mb L: 16/28447 MS: 7 CrossOver-Custom-ManualDict-Custom-CrossOver-Custom-CustomCrossOver- DE: "code"-
#6946	NEW    cov: 1606 ft: 6014 corp: 488/170Kb lim: 65536 exec/s: 868 rss: 1618Mb L: 13/28447 MS: 2 EraseBytes-Custom-
#6972	NEW    cov: 1606 ft: 6014 corp: 487/170Kb lim: 65536 exec/s: 871 rss: 1624Mb L: 4/28447 MS: 2 CopyPart-Custom-
#6989	NEW    cov: 1606 ft: 6014 corp: 487/170Kb lim: 65536 exec/s: 873 rss: 1627Mb L: 512/28447 MS: 4 CMP-Custom-InsertByte-Custom- DE: "\231)\216x\000\000\000\000"-
#7010	NEW    cov: 1606 ft: 6014 corp: 488/170Kb lim: 65536 exec/s: 876 rss: 1632Mb L: 3/28447 MS: 2 ChangeByte-Custom-
#7034	NEW    cov: 1606 ft: 6014 corp: 489/170Kb lim: 65536 exec/s: 879 rss: 1637Mb L: 3/28447 MS: 8 ShuffleBytes-Custom-EraseBytes-Custom-ShuffleBytes-Custom-EraseBytes-Custom-
#7047	NEW    cov: 1606 ft: 6014 corp: 490/170Kb lim: 65536 exec/s: 880 rss: 1640Mb L: 3/28447 MS: 5 ChangeBit-Custom-InsertRepeatedBytes-Custom-CustomCrossOver-
#7048	NEW    cov: 1606 ft: 6014 corp: 490/170Kb lim: 65536 exec/s: 881 rss: 1641Mb L: 7/28447 MS: 1 CustomCrossOver-
#7054	NEW    cov: 1606 ft: 6014 corp: 491/170Kb lim: 65536 exec/s: 881 rss: 1642Mb L: 23/28447 MS: 2 ManualDict-Custom- DE: "show_time_saved"-
#7120	NEW    cov: 1606 ft: 6014 corp: 491/170Kb lim: 65536 exec/s: 890 rss: 1657Mb L: 3/28447 MS: 2 ChangeByte-Custom-
#7148	NEW    cov: 1606 ft: 6015 corp: 492/170Kb lim: 65536 exec/s: 893 rss: 1663Mb L: 50/28447 MS: 6 ChangeByte-Custom-InsertByte-Custom-ShuffleBytes-Custom-
#7159	NEW    cov: 1606 ft: 6019 corp: 492/170Kb lim: 65536 exec/s: 894 rss: 1666Mb L: 17/28447 MS: 2 InsertByte-Custom-
#7163	NEW    cov: 1606 ft: 6021 corp: 493/170Kb lim: 65536 exec/s: 895 rss: 1666Mb L: 189/28447 MS: 8 InsertByte-Custom-ShuffleBytes-Custom-InsertRepeatedBytes-Custom-CMP-Custom- DE: "\004\000\000\000"-
#7169	NEW    cov: 1606 ft: 6021 corp: 494/170Kb lim: 65536 exec/s: 896 rss: 1668Mb L: 3/28447 MS: 1 CustomCrossOver-
#7174	NEW    cov: 1606 ft: 6021 corp: 495/170Kb lim: 65536 exec/s: 896 rss: 1669Mb L: 4/28447 MS: 6 CustomCrossOver-CustomCrossOver-CustomCrossOver-CustomCrossOver-EraseBytes-Custom-
#7176	NEW    cov: 1606 ft: 6021 corp: 495/170Kb lim: 65536 exec/s: 897 rss: 1669Mb L: 47/28447 MS: 4 ChangeBit-Custom-ManualDict-Custom- DE: "optimize_gc_for_throughput"-
#7182	NEW    cov: 1606 ft: 6021 corp: 495/170Kb lim: 65536 exec/s: 897 rss: 1671Mb L: 7/28447 MS: 1 CustomCrossOver-
#7192	NEW    cov: 1606 ft: 6028 corp: 496/170Kb lim: 65536 exec/s: 899 rss: 1673Mb L: 10/28447 MS: 10 CopyPart-Custom-ShuffleBytes-Custom-InsertByte-Custom-ChangeBit-Custom-ManualDict-Custom- DE: "length"-
#7228	NEW    cov: 1606 ft: 6028 corp: 494/170Kb lim: 65536 exec/s: 903 rss: 1682Mb L: 13/28447 MS: 2 InsertByte-Custom-
#7230	NEW    cov: 1606 ft: 6028 corp: 495/170Kb lim: 65536 exec/s: 903 rss: 1682Mb L: 2/28447 MS: 4 EraseBytes-Custom-EraseBytes-Custom-
#7231	NEW    cov: 1606 ft: 6029 corp: 496/174Kb lim: 65536 exec/s: 903 rss: 1682Mb L: 4330/28447 MS: 2 InsertByte-Custom-
#7232	NEW    cov: 1606 ft: 6029 corp: 496/174Kb lim: 65536 exec/s: 904 rss: 1683Mb L: 227/28447 MS: 2 ChangeByte-Custom-
#7233	NEW    cov: 1606 ft: 6029 corp: 496/174Kb lim: 65536 exec/s: 904 rss: 1683Mb L: 13/28447 MS: 2 PersAutoDict-Custom- DE: "code"-
#7269	NEW    cov: 1606 ft: 6029 corp: 495/174Kb lim: 65536 exec/s: 908 rss: 1690Mb L: 3/28447 MS: 2 ChangeByte-Custom-
#7290	NEW    cov: 1606 ft: 6029 corp: 495/174Kb lim: 65536 exec/s: 911 rss: 1695Mb L: 4/28447 MS: 2 EraseBytes-Custom-
#7329	NEW    cov: 1606 ft: 6035 corp: 495/174Kb lim: 65536 exec/s: 916 rss: 1704Mb L: 103/28447 MS: 8 ChangeBit-Custom-InsertRepeatedBytes-Custom-CopyPart-Custom-ManualDict-Custom- DE: "while"-
#7333	NEW    cov: 1606 ft: 6035 corp: 494/174Kb lim: 65536 exec/s: 916 rss: 1705Mb L: 261/28447 MS: 8 InsertRepeatedBytes-Custom-InsertByte-Custom-InsertRepeatedBytes-Custom-CMP-Custom- DE: "\340.i}\000\000\000\000"-
#7373	NEW    cov: 1606 ft: 6035 corp: 494/173Kb lim: 65536 exec/s: 921 rss: 1714Mb L: 124/28447 MS: 10 EraseBytes-Custom-ChangeBit-Custom-InsertByte-Custom-EraseBytes-Custom-ChangeBit-Custom-
#7374	NEW    cov: 1606 ft: 6036 corp: 494/173Kb lim: 65536 exec/s: 921 rss: 1714Mb L: 12/28447 MS: 2 ChangeBinInt-Custom-
#7786	RELOAD cov: 1607 ft: 6078 corp: 505/365Kb lim: 65536 exec/s: 865 rss: 1807Mb
#7792	NEW    cov: 1607 ft: 6078 corp: 506/365Kb lim: 65536 exec/s: 865 rss: 1808Mb L: 5/51121 MS: 2 ShuffleBytes-Custom-
#7793	NEW    cov: 1607 ft: 6079 corp: 507/365Kb lim: 65536 exec/s: 865 rss: 1808Mb L: 261/51121 MS: 2 ChangeBit-Custom-
#7819	NEW    cov: 1607 ft: 6079 corp: 508/365Kb lim: 65536 exec/s: 868 rss: 1814Mb L: 7/51121 MS: 2 CMP-Custom- DE: "\377\377\377\000"-
#7829	NEW    cov: 1607 ft: 6079 corp: 508/365Kb lim: 65536 exec/s: 869 rss: 1817Mb L: 2/51121 MS: 10 ManualDict-Custom-EraseBytes-Custom-EraseBytes-Custom-ShuffleBytes-Custom-EraseBytes-Custom- DE: "\\n"-
#7840	NEW    cov: 1607 ft: 6079 corp: 508/365Kb lim: 65536 exec/s: 871 rss: 1819Mb L: 4/51121 MS: 2 InsertByte-Custom-
#7841	NEW    cov: 1607 ft: 6079 corp: 509/365Kb lim: 65536 exec/s: 871 rss: 1819Mb L: 3/51121 MS: 1 CustomCrossOver-
#7843	NEW    cov: 1607 ft: 6079 corp: 509/365Kb lim: 65536 exec/s: 871 rss: 1820Mb L: 19/51121 MS: 4 InsertByte-Custom-PersAutoDict-Custom- DE: "\000\000"-
#7844	NEW    cov: 1607 ft: 6079 corp: 508/365Kb lim: 65536 exec/s: 871 rss: 1820Mb L: 2/51121 MS: 2 EraseBytes-Custom-
#7875	NEW    cov: 1607 ft: 6079 corp: 508/365Kb lim: 65536 exec/s: 875 rss: 1827Mb L: 29/51121 MS: 2 ChangeBinInt-Custom-
#7888	NEW    cov: 1607 ft: 6080 corp: 509/365Kb lim: 65536 exec/s: 876 rss: 1831Mb L: 126/51121 MS: 6 ManualDict-Custom-CopyPart-Custom-EraseBytes-Custom- DE: "off"-
#7911	NEW    cov: 1607 ft: 6080 corp: 509/365Kb lim: 65536 exec/s: 879 rss: 1835Mb L: 4/51121 MS: 5 EraseBytes-Custom-CopyPart-Custom-CustomCrossOver-
#7932	NEW    cov: 1607 ft: 6080 corp: 509/365Kb lim: 65536 exec/s: 881 rss: 1840Mb L: 6/51121 MS: 2 ChangeBinInt-Custom-
#7959	NEW    cov: 1607 ft: 6080 corp: 510/365Kb lim: 65536 exec/s: 884 rss: 1846Mb L: 5/51121 MS: 4 InsertByte-Custom-ChangeBinInt-Custom-
#7991	NEW    cov: 1607 ft: 6080 corp: 511/365Kb lim: 65536 exec/s: 887 rss: 1853Mb L: 7/51121 MS: 4 ShuffleBytes-Custom-PersAutoDict-Custom- DE: "\377\036"-
#8007	NEW    cov: 1607 ft: 6080 corp: 512/365Kb lim: 65536 exec/s: 889 rss: 1857Mb L: 7/51121 MS: 2 PersAutoDict-Custom- DE: "USER"-
#8032	NEW    cov: 1607 ft: 6080 corp: 512/365Kb lim: 65536 exec/s: 892 rss: 1863Mb L: 16/51121 MS: 6 EraseBytes-Custom-CustomCrossOver-CustomCrossOver-CustomCrossOver-CustomCrossOver-
#8038	NEW    cov: 1607 ft: 6080 corp: 512/365Kb lim: 65536 exec/s: 893 rss: 1864Mb L: 4/51121 MS: 2 ChangeBit-Custom-
#8049	NEW    cov: 1607 ft: 6080 corp: 512/365Kb lim: 65536 exec/s: 894 rss: 1866Mb L: 3/51121 MS: 2 ChangeByte-Custom-
#8057	NEW    cov: 1607 ft: 6080 corp: 512/364Kb lim: 65536 exec/s: 895 rss: 1868Mb L: 79/51121 MS: 6 ChangeByte-Custom-CopyPart-Custom-ShuffleBytes-Custom-
#8078	NEW    cov: 1607 ft: 6080 corp: 512/364Kb lim: 65536 exec/s: 897 rss: 1873Mb L: 2/51121 MS: 2 ChangeBit-Custom-
#8082	NEW    cov: 1607 ft: 6080 corp: 512/364Kb lim: 65536 exec/s: 898 rss: 1874Mb L: 3/51121 MS: 7 InsertByte-Custom-InsertByte-Custom-CopyPart-Custom-CustomCrossOver-
#8091	NEW    cov: 1607 ft: 6082 corp: 513/425Kb lim: 65536 exec/s: 899 rss: 1876Mb L: 61977/61977 MS: 8 ChangeASCIIInt-Custom-PersAutoDict-Custom-ChangeBit-Custom-CopyPart-Custom- DE: "path"-
#8097	NEW    cov: 1607 ft: 6082 corp: 513/425Kb lim: 65536 exec/s: 899 rss: 1877Mb L: 8/61977 MS: 2 CMP-Custom- DE: "fs"-
#8118	NEW    cov: 1607 ft: 6082 corp: 513/425Kb lim: 65536 exec/s: 902 rss: 1882Mb L: 6/61977 MS: 2 ChangeByte-Custom-
#8122	NEW    cov: 1607 ft: 6082 corp: 513/425Kb lim: 65536 exec/s: 902 rss: 1883Mb L: 9/61977 MS: 5 CustomCrossOver-CopyPart-Custom-CustomCrossOver-CustomCrossOver-
#8128	NEW    cov: 1607 ft: 6082 corp: 513/425Kb lim: 65536 exec/s: 903 rss: 1885Mb L: 5/61977 MS: 2 InsertByte-Custom-
#8139	NEW    cov: 1607 ft: 6082 corp: 514/425Kb lim: 65536 exec/s: 904 rss: 1887Mb L: 2/61977 MS: 1 CustomCrossOver-
#8158	NEW    cov: 1607 ft: 6083 corp: 515/426Kb lim: 65536 exec/s: 906 rss: 1892Mb L: 1191/61977 MS: 8 ChangeBit-Custom-InsertByte-Custom-CMP-Custom-InsertRepeatedBytes-Custom- DE: "text"-
#8169	NEW    cov: 1607 ft: 6083 corp: 515/426Kb lim: 65536 exec/s: 907 rss: 1895Mb L: 3/61977 MS: 2 ShuffleBytes-Custom-
#8177	NEW    cov: 1607 ft: 6083 corp: 515/426Kb lim: 65536 exec/s: 908 rss: 1896Mb L: 27/61977 MS: 6 CMP-Custom-ChangeBit-Custom-ChangeBinInt-Custom- DE: "\006\000\000\000"-
#8192	pulse  cov: 1607 ft: 6083 corp: 515/426Kb lim: 65536 exec/s: 910 rss: 1900Mb
#8193	NEW    cov: 1607 ft: 6083 corp: 513/426Kb lim: 65536 exec/s: 910 rss: 1900Mb L: 5/61977 MS: 2 InsertByte-Custom-
#8204	NEW    cov: 1607 ft: 6083 corp: 513/425Kb lim: 65536 exec/s: 911 rss: 1902Mb L: 18/61977 MS: 1 CustomCrossOver-
#8205	NEW    cov: 1607 ft: 6083 corp: 512/425Kb lim: 65536 exec/s: 911 rss: 1902Mb L: 3/61977 MS: 2 ChangeBit-Custom-
#8216	NEW    cov: 1607 ft: 6083 corp: 512/425Kb lim: 65536 exec/s: 912 rss: 1905Mb L: 2/61977 MS: 2 CopyPart-Custom-
#8226	NEW    cov: 1607 ft: 6083 corp: 513/429Kb lim: 65536 exec/s: 914 rss: 1908Mb L: 4160/61977 MS: 10 ShuffleBytes-Custom-CopyPart-Custom-CMP-Custom-ShuffleBytes-Custom-ManualDict-Custom- DE: "\377\377\377\377\211\007&\260"-"blocks"-
#8227	NEW    cov: 1607 ft: 6083 corp: 513/429Kb lim: 65536 exec/s: 914 rss: 1908Mb L: 2/61977 MS: 2 ChangeByte-Custom-
#8239	NEW    cov: 1607 ft: 6083 corp: 511/429Kb lim: 65536 exec/s: 915 rss: 1910Mb L: 10/61977 MS: 4 ChangeBinInt-Custom-InsertByte-Custom-
#8266	NEW    cov: 1607 ft: 6083 corp: 511/429Kb lim: 65536 exec/s: 918 rss: 1917Mb L: 2/61977 MS: 3 ChangeByte-Custom-CustomCrossOver-
#8275	NEW    cov: 1607 ft: 6083 corp: 511/429Kb lim: 65536 exec/s: 919 rss: 1919Mb L: 19/61977 MS: 7 CustomCrossOver-ShuffleBytes-Custom-CopyPart-Custom-CMP-Custom- DE: "\377\377\377\377\377\377\377\377"-
#8287	NEW    cov: 1607 ft: 6083 corp: 511/429Kb lim: 65536 exec/s: 920 rss: 1922Mb L: 29/61977 MS: 4 CMP-Custom-ChangeBit-Custom- DE: "\001\000\000\000\000\000\000\017"-
#8318	NEW    cov: 1607 ft: 6083 corp: 511/429Kb lim: 65536 exec/s: 924 rss: 1929Mb L: 2/61977 MS: 2 ShuffleBytes-Custom-
#8347	NEW    cov: 1607 ft: 6083 corp: 511/429Kb lim: 65536 exec/s: 927 rss: 1936Mb L: 45/61977 MS: 4 CustomCrossOver-CustomCrossOver-CustomCrossOver-CustomCrossOver-
#8368	NEW    cov: 1607 ft: 6083 corp: 511/429Kb lim: 65536 exec/s: 929 rss: 1941Mb L: 4/61977 MS: 2 EraseBytes-Custom-
#8396	NEW    cov: 1607 ft: 6083 corp: 511/429Kb lim: 65536 exec/s: 932 rss: 1947Mb L: 29/61977 MS: 6 InsertByte-Custom-InsertByte-Custom-ShuffleBytes-Custom-
#8419	NEW    cov: 1607 ft: 6085 corp: 511/429Kb lim: 65536 exec/s: 935 rss: 1953Mb L: 19/61977 MS: 5 ChangeASCIIInt-Custom-ChangeByte-Custom-CustomCrossOver-
#8445	NEW    cov: 1607 ft: 6085 corp: 512/429Kb lim: 65536 exec/s: 938 rss: 1958Mb L: 2/61977 MS: 2 EraseBytes-Custom-
#8446	NEW    cov: 1607 ft: 6085 corp: 513/429Kb lim: 65536 exec/s: 938 rss: 1959Mb L: 2/61977 MS: 1 CustomCrossOver-
#8455	NEW    cov: 1607 ft: 6100 corp: 514/430Kb lim: 65536 exec/s: 939 rss: 1961Mb L: 1094/61977 MS: 8 CopyPart-Custom-InsertByte-Custom-ChangeByte-Custom-CopyPart-Custom-
#8497	NEW    cov: 1607 ft: 6100 corp: 514/430Kb lim: 65536 exec/s: 849 rss: 1970Mb L: 18/61977 MS: 4 ChangeBit-Custom-CopyPart-Custom-
#8503	NEW    cov: 1607 ft: 6100 corp: 515/430Kb lim: 65536 exec/s: 850 rss: 1972Mb L: 2/61977 MS: 2 ChangeBit-Custom-
#8504	NEW    cov: 1607 ft: 6100 corp: 515/430Kb lim: 65536 exec/s: 850 rss: 1972Mb L: 5/61977 MS: 2 ShuffleBytes-Custom-
#8529	NEW    cov: 1607 ft: 6100 corp: 516/430Kb lim: 65536 exec/s: 852 rss: 1978Mb L: 258/61977 MS: 10 CopyPart-Custom-InsertRepeatedBytes-Custom-ChangeASCIIInt-Custom-ManualDict-Custom-EraseBytes-Custom- DE: "("-
#8535	NEW    cov: 1607 ft: 6100 corp: 516/430Kb lim: 65536 exec/s: 853 rss: 1979Mb L: 3/61977 MS: 2 ChangeByte-Custom-
#8541	NEW    cov: 1607 ft: 6100 corp: 515/430Kb lim: 65536 exec/s: 854 rss: 1981Mb L: 40/61977 MS: 2 PersAutoDict-Custom- DE: "load_dotenv"-
#8583	NEW    cov: 1607 ft: 6100 corp: 515/430Kb lim: 65536 exec/s: 858 rss: 1990Mb L: 135/61977 MS: 4 PersAutoDict-Custom-InsertRepeatedBytes-Custom- DE: "metadata"-
#8591	NEW    cov: 1607 ft: 6100 corp: 516/430Kb lim: 65536 exec/s: 859 rss: 1992Mb L: 8/61977 MS: 6 ChangeBit-Custom-EraseBytes-Custom-EraseBytes-Custom-
#8910	RELOAD cov: 1609 ft: 6116 corp: 535/426Kb lim: 65536 exec/s: 891 rss: 2062Mb
#8914	NEW    cov: 1609 ft: 6116 corp: 535/426Kb lim: 65536 exec/s: 891 rss: 2063Mb L: 5/61977 MS: 8 ChangeBit-Custom-EraseBytes-Custom-CMP-Custom-ChangeByte-Custom- DE: "\000\004"-
#8946	NEW    cov: 1609 ft: 6117 corp: 536/426Kb lim: 65536 exec/s: 894 rss: 2069Mb L: 43/61977 MS: 3 InsertByte-Custom-CustomCrossOver-
#8997	NEW    cov: 1609 ft: 6117 corp: 536/426Kb lim: 65536 exec/s: 899 rss: 2081Mb L: 5/61977 MS: 2 ChangeByte-Custom-
#9074	NEW    cov: 1609 ft: 6117 corp: 537/426Kb lim: 65536 exec/s: 907 rss: 2098Mb L: 2/61977 MS: 3 InsertByte-Custom-CustomCrossOver-
#9081	NEW    cov: 1609 ft: 6117 corp: 537/426Kb lim: 65536 exec/s: 908 rss: 2099Mb L: 2/61977 MS: 2 CustomCrossOver-CustomCrossOver-
#9087	NEW    cov: 1609 ft: 6117 corp: 537/426Kb lim: 65536 exec/s: 908 rss: 2100Mb L: 2/61977 MS: 2 EraseBytes-Custom-
#9113	NEW    cov: 1609 ft: 6117 corp: 538/426Kb lim: 65536 exec/s: 911 rss: 2106Mb L: 1/61977 MS: 2 ShuffleBytes-Custom-
#9144	NEW    cov: 1609 ft: 6117 corp: 539/462Kb lim: 65536 exec/s: 914 rss: 2113Mb L: 36398/61977 MS: 2 PersAutoDict-Custom- DE: "list"-
#9177	NEW    cov: 1609 ft: 6117 corp: 540/462Kb lim: 65536 exec/s: 917 rss: 2120Mb L: 3/61977 MS: 6 ChangeByte-Custom-EraseBytes-Custom-EraseBytes-Custom-
#9178	NEW    cov: 1609 ft: 6117 corp: 541/462Kb lim: 65536 exec/s: 917 rss: 2121Mb L: 3/61977 MS: 1 CustomCrossOver-
#9223	NEW    cov: 1609 ft: 6117 corp: 541/462Kb lim: 65536 exec/s: 922 rss: 2132Mb L: 3/61977 MS: 7 CrossOver-Custom-CustomCrossOver-ChangeBinInt-Custom-CustomCrossOver-CustomCrossOver-
#9241	NEW    cov: 1609 ft: 6117 corp: 541/462Kb lim: 65536 exec/s: 924 rss: 2135Mb L: 28/61977 MS: 6 PersAutoDict-Custom-EraseBytes-Custom-PersAutoDict-Custom- DE: "\377\377\377\000"-"log_steps"-
#9244	NEW    cov: 1609 ft: 6117 corp: 541/461Kb lim: 65536 exec/s: 924 rss: 2136Mb L: 4395/61977 MS: 6 EraseBytes-Custom-ManualDict-Custom-CopyPart-Custom- DE: "repeat"-
#9307	NEW    cov: 1609 ft: 6117 corp: 541/461Kb lim: 65536 exec/s: 930 rss: 2151Mb L: 18/61977 MS: 6 ChangeByte-Custom-CMP-Custom-InsertRepeatedBytes-Custom- DE: "\000\022"-
#9316	NEW    cov: 1609 ft: 6118 corp: 542/462Kb lim: 65536 exec/s: 931 rss: 2153Mb L: 1054/61977 MS: 8 InsertByte-Custom-ChangeByte-Custom-ChangeBinInt-Custom-InsertRepeatedBytes-Custom-
#9317	NEW    cov: 1609 ft: 6118 corp: 542/462Kb lim: 65536 exec/s: 931 rss: 2153Mb L: 3/61977 MS: 2 ChangeBinInt-Custom-
#9322	NEW    cov: 1609 ft: 6118 corp: 542/462Kb lim: 65536 exec/s: 932 rss: 2154Mb L: 19/61977 MS: 8 InsertByte-Custom-CustomCrossOver-PersAutoDict-Custom-CustomCrossOver-InsertByte-Custom- DE: "~="-
#9367	NEW    cov: 1609 ft: 6118 corp: 542/462Kb lim: 65536 exec/s: 851 rss: 2164Mb L: 40/61977 MS: 10 CMP-Custom-ChangeBit-Custom-ChangeByte-Custom-ManualDict-Custom-CMP-Custom- DE: "\000\000\000c"-"config"-"\001\000\001\000\000\000\000\000"-
#9377	NEW    cov: 1609 ft: 6118 corp: 543/462Kb lim: 65536 exec/s: 852 rss: 2167Mb L: 25/61977 MS: 10 PersAutoDict-Custom-ChangeByte-Custom-EraseBytes-Custom-ManualDict-Custom-ManualDict-Custom- DE: "path"-"NOLINT"-"workflow"-
#9403	NEW    cov: 1609 ft: 6118 corp: 544/462Kb lim: 65536 exec/s: 854 rss: 2172Mb L: 4/61977 MS: 2 InsertByte-Custom-
#9507	NEW    cov: 1609 ft: 6118 corp: 544/459Kb lim: 65536 exec/s: 864 rss: 2196Mb L: 2047/61977 MS: 8 InsertRepeatedBytes-Custom-ManualDict-Custom-ChangeBinInt-Custom-ChangeByte-Custom- DE: "fnv1a32"-
#9515	NEW    cov: 1609 ft: 6118 corp: 545/459Kb lim: 65536 exec/s: 865 rss: 2198Mb L: 4/61977 MS: 6 InsertByte-Custom-ShuffleBytes-Custom-InsertByte-Custom-
#9523	NEW    cov: 1609 ft: 6118 corp: 545/459Kb lim: 65536 exec/s: 865 rss: 2200Mb L: 2/61977 MS: 5 PersAutoDict-Custom-CustomCrossOver-ChangeByte-Custom- DE: "bulk-"-
#9524	NEW    cov: 1609 ft: 6118 corp: 546/459Kb lim: 65536 exec/s: 865 rss: 2200Mb L: 1/61977 MS: 2 EraseBytes-Custom-
#9525	NEW    cov: 1609 ft: 6118 corp: 546/459Kb lim: 65536 exec/s: 865 rss: 2200Mb L: 2/61977 MS: 2 ChangeByte-Custom-
#9542	NEW    cov: 1609 ft: 6118 corp: 547/459Kb lim: 65536 exec/s: 867 rss: 2204Mb L: 19/61977 MS: 4 PersAutoDict-Custom-ChangeBit-Custom- DE: ";\000\000\000\000\000\000\000"-
#9631	NEW    cov: 1609 ft: 6118 corp: 547/459Kb lim: 65536 exec/s: 875 rss: 2224Mb L: 7/61977 MS: 8 ChangeByte-Custom-ShuffleBytes-Custom-ChangeBinInt-Custom-EraseBytes-Custom-
#9640	NEW    cov: 1609 ft: 6118 corp: 547/459Kb lim: 65536 exec/s: 876 rss: 2226Mb L: 6/61977 MS: 8 ManualDict-Custom-ChangeBit-Custom-ChangeByte-Custom-EraseBytes-Custom- DE: "never"-
#9651	NEW    cov: 1609 ft: 6118 corp: 547/459Kb lim: 65536 exec/s: 877 rss: 2228Mb L: 5/61977 MS: 2 EraseBytes-Custom-
#9663	NEW    cov: 1609 ft: 6118 corp: 548/459Kb lim: 65536 exec/s: 878 rss: 2231Mb L: 4/61977 MS: 4 CopyPart-Custom-ShuffleBytes-Custom-
#9702	NEW    cov: 1609 ft: 6118 corp: 548/459Kb lim: 65536 exec/s: 882 rss: 2240Mb L: 2/61977 MS: 6 InsertByte-Custom-ChangeBinInt-Custom-CustomCrossOver-CustomCrossOver-
#9728	NEW    cov: 1609 ft: 6118 corp: 549/459Kb lim: 65536 exec/s: 884 rss: 2246Mb L: 10/61977 MS: 2 ShuffleBytes-Custom-
#9769	NEW    cov: 1609 ft: 6118 corp: 549/454Kb lim: 65536 exec/s: 888 rss: 2255Mb L: 27/61977 MS: 2 InsertRepeatedBytes-Custom-
#9775	NEW    cov: 1609 ft: 6118 corp: 550/454Kb lim: 65536 exec/s: 888 rss: 2257Mb L: 1/61977 MS: 2 EraseBytes-Custom-
#9778	NEW    cov: 1609 ft: 6120 corp: 551/454Kb lim: 65536 exec/s: 888 rss: 2257Mb L: 95/61977 MS: 6 ChangeByte-Custom-ManualDict-Custom-InsertRepeatedBytes-Custom- DE: "TERM"-
#9794	NEW    cov: 1609 ft: 6120 corp: 551/454Kb lim: 65536 exec/s: 890 rss: 2260Mb L: 2/61977 MS: 2 EraseBytes-Custom-
#9795	NEW    cov: 1609 ft: 6120 corp: 552/454Kb lim: 65536 exec/s: 890 rss: 2260Mb L: 2/61977 MS: 2 ShuffleBytes-Custom-
#9797	NEW    cov: 1609 ft: 6120 corp: 552/454Kb lim: 65536 exec/s: 890 rss: 2260Mb L: 3/61977 MS: 3 CrossOver-Custom-CustomCrossOver-
#9798	NEW    cov: 1609 ft: 6120 corp: 552/454Kb lim: 65536 exec/s: 890 rss: 2261Mb L: 2/61977 MS: 2 EraseBytes-Custom-
#10127	RELOAD cov: 1609 ft: 6143 corp: 575/689Kb lim: 65536 exec/s: 920 rss: 2332Mb
#10133	NEW    cov: 1609 ft: 6143 corp: 576/689Kb lim: 65536 exec/s: 921 rss: 2333Mb L: 2/62104 MS: 2 CrossOver-Custom-
#10144	NEW    cov: 1609 ft: 6143 corp: 576/689Kb lim: 65536 exec/s: 922 rss: 2335Mb L: 2/62104 MS: 1 CustomCrossOver-
#10149	NEW    cov: 1609 ft: 6143 corp: 576/689Kb lim: 65536 exec/s: 922 rss: 2336Mb L: 15/62104 MS: 10 ChangeBit-Custom-PersAutoDict-Custom-CopyPart-Custom-PersAutoDict-Custom-ChangeBit-Custom- DE: "output"-"{"-
#10153	NEW    cov: 1609 ft: 6143 corp: 576/689Kb lim: 65536 exec/s: 923 rss: 2338Mb L: 2/62104 MS: 6 ChangeBinInt-Custom-InsertByte-Custom-CustomCrossOver-CustomCrossOver-
#10159	NEW    cov: 1609 ft: 6143 corp: 577/689Kb lim: 65536 exec/s: 923 rss: 2339Mb L: 2/62104 MS: 2 ShuffleBytes-Custom-
#10162	NEW    cov: 1609 ft: 6149 corp: 578/689Kb lim: 65536 exec/s: 923 rss: 2339Mb L: 514/62104 MS: 6 CopyPart-Custom-InsertByte-Custom-CMP-Custom- DE: "temp"-
#10170	NEW    cov: 1609 ft: 6149 corp: 578/689Kb lim: 65536 exec/s: 924 rss: 2341Mb L: 17/62104 MS: 6 EraseBytes-Custom-ChangeBit-Custom-ManualDict-Custom- DE: "hash_vars"-
#10173	NEW    cov: 1609 ft: 6149 corp: 578/689Kb lim: 65536 exec/s: 924 rss: 2341Mb L: 91/62104 MS: 6 ChangeBit-Custom-EraseBytes-Custom-InsertRepeatedBytes-Custom-
#10202	NEW    cov: 1609 ft: 6149 corp: 578/689Kb lim: 65536 exec/s: 927 rss: 2348Mb L: 44/62104 MS: 8 ShuffleBytes-Custom-CMP-Custom-EraseBytes-Custom-InsertRepeatedBytes-Custom- DE: "\377\377\000\000\000\000\000\000"-
#10227	NEW    cov: 1609 ft: 6149 corp: 578/665Kb lim: 65536 exec/s: 929 rss: 2354Mb L: 37720/61977 MS: 10 ChangeASCIIInt-Custom-ChangeASCIIInt-Custom-CopyPart-Custom-PersAutoDict-Custom-EraseBytes-Custom- DE: "\231)\216x\000\000\000\000"-
#10229	NEW    cov: 1609 ft: 6150 corp: 579/665Kb lim: 65536 exec/s: 929 rss: 2354Mb L: 8/61977 MS: 3 InsertByte-Custom-CustomCrossOver-
#10260	NEW    cov: 1609 ft: 6150 corp: 580/665Kb lim: 65536 exec/s: 855 rss: 2361Mb L: 1/61977 MS: 2 ChangeBit-Custom-
#10300	NEW    cov: 1609 ft: 6151 corp: 581/665Kb lim: 65536 exec/s: 858 rss: 2370Mb L: 52/61977 MS: 10 CMP-Custom-ShuffleBytes-Custom-ChangeBinInt-Custom-InsertRepeatedBytes-Custom-EraseBytes-Custom- DE: "Q\276\364\246\000\000\000\000"-
#10343	NEW    cov: 1609 ft: 6151 corp: 581/665Kb lim: 65536 exec/s: 861 rss: 2380Mb L: 5/61977 MS: 5 CopyPart-Custom-CrossOver-Custom-CustomCrossOver-
#10349	NEW    cov: 1609 ft: 6151 corp: 580/665Kb lim: 65536 exec/s: 862 rss: 2381Mb L: 5/61977 MS: 2 ChangeBinInt-Custom-
#10370	NEW    cov: 1609 ft: 6151 corp: 581/665Kb lim: 65536 exec/s: 864 rss: 2386Mb L: 3/61977 MS: 2 ChangeByte-Custom-
#10374	NEW    cov: 1609 ft: 6151 corp: 581/665Kb lim: 65536 exec/s: 864 rss: 2386Mb L: 2/61977 MS: 5 ChangeASCIIInt-Custom-CustomCrossOver-CustomCrossOver-CustomCrossOver-
#10378	NEW    cov: 1609 ft: 6151 corp: 580/665Kb lim: 65536 exec/s: 864 rss: 2387Mb L: 3/61977 MS: 8 InsertByte-Custom-InsertByte-Custom-ShuffleBytes-Custom-EraseBytes-Custom-
#10399	NEW    cov: 1609 ft: 6151 corp: 581/665Kb lim: 65536 exec/s: 866 rss: 2391Mb L: 1/61977 MS: 2 EraseBytes-Custom-
#10411	NEW    cov: 1609 ft: 6151 corp: 582/665Kb lim: 65536 exec/s: 867 rss: 2394Mb L: 71/61977 MS: 4 InsertRepeatedBytes-Custom-ShuffleBytes-Custom-
#10438	NEW    cov: 1609 ft: 6151 corp: 581/665Kb lim: 65536 exec/s: 869 rss: 2399Mb L: 1/61977 MS: 4 EraseBytes-Custom-CopyPart-Custom-
#10465	NEW    cov: 1609 ft: 6152 corp: 578/665Kb lim: 65536 exec/s: 872 rss: 2406Mb L: 2/61977 MS: 3 EraseBytes-Custom-CustomCrossOver-
#10506	NEW    cov: 1609 ft: 6155 corp: 579/665Kb lim: 65536 exec/s: 875 rss: 2415Mb L: 3/61977 MS: 1 CustomCrossOver-
#10532	NEW    cov: 1609 ft: 6155 corp: 580/665Kb lim: 65536 exec/s: 877 rss: 2421Mb L: 1/61977 MS: 2 ShuffleBytes-Custom-
#10533	NEW    cov: 1609 ft: 6155 corp: 580/665Kb lim: 65536 exec/s: 877 rss: 2421Mb L: 3/61977 MS: 1 CustomCrossOver-
#10554	NEW    cov: 1609 ft: 6155 corp: 579/665Kb lim: 65536 exec/s: 879 rss: 2426Mb L: 2/61977 MS: 2 InsertByte-Custom-
#10575	NEW    cov: 1609 ft: 6155 corp: 580/665Kb lim: 65536 exec/s: 881 rss: 2430Mb L: 2/61977 MS: 1 CustomCrossOver-
#10578	NEW    cov: 1609 ft: 6155 corp: 581/670Kb lim: 65536 exec/s: 881 rss: 2431Mb L: 4941/61977 MS: 6 InsertRepeatedBytes-Custom-ChangeByte-Custom-ChangeByte-Custom-
#10636	NEW    cov: 1609 ft: 6155 corp: 581/670Kb lim: 65536 exec/s: 886 rss: 2445Mb L: 117/61977 MS: 6 InsertRepeatedBytes-Custom-PersAutoDict-Custom-EraseBytes-Custom- DE: "true"-
#10674	NEW    cov: 1609 ft: 6155 corp: 580/670Kb lim: 65536 exec/s: 889 rss: 2453Mb L: 3/61977 MS: 5 ChangeBinInt-Custom-CustomCrossOver-ChangeBit-Custom-
#10726	NEW    cov: 1609 ft: 6155 corp: 580/670Kb lim: 65536 exec/s: 893 rss: 2464Mb L: 2/61977 MS: 2 CustomCrossOver-CustomCrossOver-
#10739	NEW    cov: 1609 ft: 6155 corp: 581/702Kb lim: 65536 exec/s: 894 rss: 2467Mb L: 33493/61977 MS: 6 ChangeBit-Custom-PersAutoDict-Custom-EraseBytes-Custom- DE: "\377\001"-
#10765	NEW    cov: 1609 ft: 6155 corp: 581/702Kb lim: 65536 exec/s: 897 rss: 2471Mb L: 122/61977 MS: 2 ManualDict-Custom- DE: "task"-
#10782	NEW    cov: 1609 ft: 6155 corp: 581/702Kb lim: 65536 exec/s: 898 rss: 2475Mb L: 5/61977 MS: 4 InsertByte-Custom-EraseBytes-Custom-
#10798	NEW    cov: 1609 ft: 6155 corp: 581/702Kb lim: 65536 exec/s: 899 rss: 2479Mb L: 90/61977 MS: 2 EraseBytes-Custom-
#10799	NEW    cov: 1609 ft: 6155 corp: 581/702Kb lim: 65536 exec/s: 899 rss: 2479Mb L: 3/61977 MS: 2 CMP-Custom- DE: "\014\000"-
#10807	NEW    cov: 1609 ft: 6155 corp: 581/702Kb lim: 65536 exec/s: 900 rss: 2481Mb L: 1/61977 MS: 5 CustomCrossOver-ChangeByte-Custom-EraseBytes-Custom-
#10849	NEW    cov: 1609 ft: 6158 corp: 581/701Kb lim: 65536 exec/s: 904 rss: 2490Mb L: 98/61977 MS: 4 CopyPart-Custom-InsertRepeatedBytes-Custom-
#10850	NEW    cov: 1609 ft: 6159 corp: 581/698Kb lim: 65536 exec/s: 904 rss: 2490Mb L: 33493/61977 MS: 2 ChangeBit-Custom-
#10851	NEW    cov: 1609 ft: 6159 corp: 581/698Kb lim: 65536 exec/s: 904 rss: 2490Mb L: 3/61977 MS: 2 EraseBytes-Custom-
#10877	NEW    cov: 1609 ft: 6159 corp: 581/696Kb lim: 65536 exec/s: 906 rss: 2495Mb L: 34078/61977 MS: 2 ChangeBit-Custom-
#10883	NEW    cov: 1609 ft: 6159 corp: 581/696Kb lim: 65536 exec/s: 906 rss: 2497Mb L: 1/61977 MS: 1 CustomCrossOver-
#10929	NEW    cov: 1609 ft: 6159 corp: 580/696Kb lim: 65536 exec/s: 910 rss: 2507Mb L: 2/61977 MS: 2 ShuffleBytes-Custom-
#10960	NEW    cov: 1609 ft: 6159 corp: 581/696Kb lim: 65536 exec/s: 913 rss: 2512Mb L: 1/61977 MS: 2 CrossOver-Custom-
#10971	NEW    cov: 1609 ft: 6159 corp: 579/696Kb lim: 65536 exec/s: 914 rss: 2514Mb L: 2/61977 MS: 2 ChangeBinInt-Custom-
#10977	NEW    cov: 1609 ft: 6159 corp: 579/696Kb lim: 65536 exec/s: 914 rss: 2516Mb L: 20/61977 MS: 2 EraseBytes-Custom-
#10988	NEW    cov: 1609 ft: 6163 corp: 580/698Kb lim: 65536 exec/s: 915 rss: 2518Mb L: 2040/61977 MS: 1 CustomCrossOver-
#11233	RELOAD cov: 1609 ft: 6176 corp: 594/865Kb lim: 65536 exec/s: 864 rss: 2568Mb
#11246	NEW    cov: 1609 ft: 6176 corp: 594/865Kb lim: 65536 exec/s: 865 rss: 2571Mb L: 17/63900 MS: 4 ShuffleBytes-Custom-CustomCrossOver-CustomCrossOver-
#11248	NEW    cov: 1609 ft: 6176 corp: 594/865Kb lim: 65536 exec/s: 865 rss: 2571Mb L: 16/63900 MS: 4 ChangeByte-Custom-EraseBytes-Custom-
#11469	NEW    cov: 1609 ft: 6176 corp: 595/866Kb lim: 65536 exec/s: 882 rss: 2618Mb L: 1026/63900 MS: 2 ChangeByte-Custom-
#11490	NEW    cov: 1609 ft: 6176 corp: 595/866Kb lim: 65536 exec/s: 883 rss: 2623Mb L: 6/63900 MS: 2 ShuffleBytes-Custom-
#11493	NEW    cov: 1609 ft: 6176 corp: 595/865Kb lim: 65536 exec/s: 884 rss: 2624Mb L: 24/63900 MS: 4 CustomCrossOver-CustomCrossOver-ManualDict-Custom- DE: "wait_all"-
#11496	NEW    cov: 1609 ft: 6176 corp: 596/865Kb lim: 65536 exec/s: 884 rss: 2624Mb L: 17/63900 MS: 6 CMP-Custom-CMP-Custom-ChangeBinInt-Custom- DE: "\000\""-"\000\000\000\000"-
#11502	NEW    cov: 1609 ft: 6176 corp: 596/865Kb lim: 65536 exec/s: 884 rss: 2625Mb L: 2/63900 MS: 1 CustomCrossOver-
#11503	NEW    cov: 1609 ft: 6176 corp: 597/865Kb lim: 65536 exec/s: 884 rss: 2625Mb L: 1/63900 MS: 1 CustomCrossOver-
#11541	NEW    cov: 1609 ft: 6176 corp: 597/865Kb lim: 65536 exec/s: 887 rss: 2634Mb L: 2/63900 MS: 5 CopyPart-Custom-EraseBytes-Custom-CustomCrossOver-
#11558	NEW    cov: 1609 ft: 6176 corp: 597/865Kb lim: 65536 exec/s: 889 rss: 2637Mb L: 29/63900 MS: 4 ChangeBinInt-Custom-InsertByte-Custom-
#11569	NEW    cov: 1609 ft: 6177 corp: 598/896Kb lim: 65536 exec/s: 889 rss: 2640Mb L: 31316/63900 MS: 2 PersAutoDict-Custom- DE: "\377\024"-
#11656	NEW    cov: 1609 ft: 6177 corp: 597/895Kb lim: 65536 exec/s: 896 rss: 2660Mb L: 21/63900 MS: 4 CopyPart-Custom-EraseBytes-Custom-
#11673	NEW    cov: 1609 ft: 6177 corp: 597/895Kb lim: 65536 exec/s: 897 rss: 2664Mb L: 9/63900 MS: 4 ShuffleBytes-Custom-InsertByte-Custom-
#11723	NEW    cov: 1609 ft: 6177 corp: 597/895Kb lim: 65536 exec/s: 901 rss: 2675Mb L: 50979/63900 MS: 10 ChangeBit-Custom-ChangeBinInt-Custom-InsertRepeatedBytes-Custom-ChangeByte-Custom-InsertRepeatedBytes-Custom-
#11740	NEW    cov: 1609 ft: 6177 corp: 597/895Kb lim: 65536 exec/s: 903 rss: 2679Mb L: 16/63900 MS: 4 CMP-Custom-ShuffleBytes-Custom- DE: "\013\000\000\000"-
#11796	NEW    cov: 1609 ft: 6177 corp: 597/895Kb lim: 65536 exec/s: 907 rss: 2692Mb L: 2/63900 MS: 1 CustomCrossOver-
#11822	NEW    cov: 1609 ft: 6177 corp: 597/895Kb lim: 65536 exec/s: 909 rss: 2697Mb L: 1/63900 MS: 1 CustomCrossOver-
#11839	NEW    cov: 1609 ft: 6177 corp: 596/895Kb lim: 65536 exec/s: 910 rss: 2701Mb L: 2/63900 MS: 4 ShuffleBytes-Custom-EraseBytes-Custom-
#11851	NEW    cov: 1609 ft: 6177 corp: 597/895Kb lim: 65536 exec/s: 911 rss: 2704Mb L: 98/63900 MS: 4 ChangeBinInt-Custom-InsertRepeatedBytes-Custom-
#11855	NEW    cov: 1609 ft: 6177 corp: 596/895Kb lim: 65536 exec/s: 911 rss: 2705Mb L: 2/63900 MS: 5 ShuffleBytes-Custom-CustomCrossOver-CustomCrossOver-CustomCrossOver-
#11934	NEW    cov: 1609 ft: 6177 corp: 597/897Kb lim: 65536 exec/s: 918 rss: 2722Mb L: 1594/63900 MS: 8 InsertByte-Custom-ManualDict-Custom-InsertRepeatedBytes-Custom-ManualDict-Custom- DE: "inline"-"=="-
#11971	NEW    cov: 1609 ft: 6177 corp: 598/897Kb lim: 65536 exec/s: 920 rss: 2730Mb L: 12/63900 MS: 4 ChangeByte-Custom-PersAutoDict-Custom- DE: "\340.i}\000\000\000\000"-
#12000	NEW    cov: 1609 ft: 6177 corp: 597/897Kb lim: 65536 exec/s: 923 rss: 2737Mb L: 2/63900 MS: 5 CustomCrossOver-ChangeBit-Custom-CustomCrossOver-CustomCrossOver-
#12077	NEW    cov: 1609 ft: 6179 corp: 597/897Kb lim: 65536 exec/s: 862 rss: 2753Mb L: 45/63900 MS: 4 ManualDict-Custom-EraseBytes-Custom- DE: "function"-
#12083	NEW    cov: 1609 ft: 6179 corp: 598/897Kb lim: 65536 exec/s: 863 rss: 2755Mb L: 1/63900 MS: 2 EraseBytes-Custom-
#12104	NEW    cov: 1609 ft: 6179 corp: 599/897Kb lim: 65536 exec/s: 864 rss: 2759Mb L: 4/63900 MS: 2 CMP-Custom- DE: "@\000"-
#12105	NEW    cov: 1609 ft: 6179 corp: 598/897Kb lim: 65536 exec/s: 864 rss: 2759Mb L: 4/63900 MS: 2 InsertByte-Custom-
#12106	NEW    cov: 1609 ft: 6179 corp: 598/897Kb lim: 65536 exec/s: 864 rss: 2760Mb L: 3/63900 MS: 2 ChangeBit-Custom-
#12121	NEW    cov: 1609 ft: 6181 corp: 599/906Kb lim: 65536 exec/s: 865 rss: 2763Mb L: 9631/63900 MS: 10 ChangeBinInt-Custom-ManualDict-Custom-ManualDict-Custom-ChangeByte-Custom-InsertRepeatedBytes-Custom- DE: "USER"-"unpack"-
#12372	RELOAD cov: 1609 ft: 6188 corp: 610/1135Kb lim: 65536 exec/s: 883 rss: 2816Mb
#12373	NEW    cov: 1609 ft: 6188 corp: 609/1135Kb lim: 65536 exec/s: 883 rss: 2816Mb L: 3/63989 MS: 2 ChangeBit-Custom-
#12377	NEW    cov: 1609 ft: 6191 corp: 610/1135Kb lim: 65536 exec/s: 884 rss: 2816Mb L: 5/63989 MS: 7 CopyPart-Custom-InsertRepeatedBytes-Custom-CopyPart-Custom-CustomCrossOver-
#12378	NEW    cov: 1609 ft: 6191 corp: 609/1135Kb lim: 65536 exec/s: 884 rss: 2816Mb L: 4/63989 MS: 2 EraseBytes-Custom-
#12379	NEW    cov: 1609 ft: 6191 corp: 609/1135Kb lim: 65536 exec/s: 884 rss: 2816Mb L: 3/63989 MS: 2 ShuffleBytes-Custom-
	NEW_FUNC[1/11]: 0x000000513bc0 in std::__detail::_Hash_node<std::pair<std::__cxx11::basic_string<char, std::char_traits<char>, std::allocator<char>> const, std::shared_ptr<beez::core::StepConfig const>>, true>::_M_next() const /usr/bin/../lib/gcc/x86_64-redhat-linux/16/../../../../include/c++/16/bits/hashtable_policy.h:367
	NEW_FUNC[2/11]: 0x000000513d50 in std::__detail::_Hashtable_alloc<std::allocator<std::__detail::_Hash_node<std::pair<std::__cxx11::basic_string<char, std::char_traits<char>, std::allocator<char>> const, std::shared_ptr<beez::core::StepConfig const>>, true>>>::_M_deallocate_node(std::__detail::_Hash_node<std::pair<std::__cxx11::basic_string<char, std::char_traits<char>, std::allocator<char>> const, std::shared_ptr<beez::core::StepConfig const>>, true>*) /usr/bin/../lib/gcc/x86_64-redhat-linux/16/../../../../include/c++/16/bits/hashtable_policy.h:1590
#12424	NEW    cov: 1656 ft: 6334 corp: 610/1135Kb lim: 65536 exec/s: 887 rss: 2825Mb L: 24/63989 MS: 10 CopyPart-Custom-ManualDict-Custom-InsertRepeatedBytes-Custom-ChangeByte-Custom-ChangeByte-Custom- DE: "icons"-
#12435	NEW    cov: 1656 ft: 6334 corp: 610/1135Kb lim: 65536 exec/s: 888 rss: 2828Mb L: 9/63989 MS: 2 ChangeBinInt-Custom-
#12446	NEW    cov: 1656 ft: 6334 corp: 610/1135Kb lim: 65536 exec/s: 889 rss: 2829Mb L: 1/63989 MS: 2 ChangeBit-Custom-
#12505	NEW    cov: 1656 ft: 6335 corp: 611/1135Kb lim: 65536 exec/s: 893 rss: 2842Mb L: 3/63989 MS: 5 CustomCrossOver-InsertByte-Custom-CustomCrossOver-CustomCrossOver-
#12539	NEW    cov: 1656 ft: 6335 corp: 612/1135Kb lim: 65536 exec/s: 895 rss: 2850Mb L: 3/63989 MS: 8 ChangeByte-Custom-InsertByte-Custom-ChangeBit-Custom-ChangeBit-Custom-
#12555	NEW    cov: 1656 ft: 6335 corp: 613/1135Kb lim: 65536 exec/s: 896 rss: 2853Mb L: 1/63989 MS: 2 EraseBytes-Custom-
#12591	NEW    cov: 1656 ft: 6335 corp: 614/1135Kb lim: 65536 exec/s: 899 rss: 2860Mb L: 1/63989 MS: 2 ChangeASCIIInt-Custom-
#12612	NEW    cov: 1656 ft: 6335 corp: 614/1135Kb lim: 65536 exec/s: 900 rss: 2865Mb L: 1/63989 MS: 1 CustomCrossOver-
#12616	NEW    cov: 1656 ft: 6335 corp: 614/1120Kb lim: 65536 exec/s: 901 rss: 2866Mb L: 49053/63900 MS: 8 ChangeASCIIInt-Custom-PersAutoDict-Custom-ChangeBinInt-Custom-EraseBytes-Custom- DE: "22"-
#12685	NEW    cov: 1656 ft: 6335 corp: 614/1120Kb lim: 65536 exec/s: 906 rss: 2879Mb L: 17/63900 MS: 8 InsertByte-Custom-ChangeByte-Custom-PersAutoDict-Custom-InsertByte-Custom- DE: "\377\036"-
#12732	NEW    cov: 1656 ft: 6335 corp: 614/1059Kb lim: 65536 exec/s: 909 rss: 2890Mb L: 29/63900 MS: 3 CustomCrossOver-ShuffleBytes-Custom-
#12756	NEW    cov: 1656 ft: 6335 corp: 614/1059Kb lim: 65536 exec/s: 911 rss: 2895Mb L: 3/63900 MS: 4 CustomCrossOver-CustomCrossOver-CustomCrossOver-CustomCrossOver-
#12777	NEW    cov: 1656 ft: 6335 corp: 615/1059Kb lim: 65536 exec/s: 912 rss: 2900Mb L: 4/63900 MS: 2 CopyPart-Custom-
#12778	NEW    cov: 1656 ft: 6335 corp: 615/1059Kb lim: 65536 exec/s: 912 rss: 2900Mb L: 7/63900 MS: 2 ShuffleBytes-Custom-
#12866	NEW    cov: 1656 ft: 6335 corp: 616/1059Kb lim: 65536 exec/s: 919 rss: 2922Mb L: 3/63900 MS: 5 InsertByte-Custom-ManualDict-Custom-CustomCrossOver- DE: "create_table"-
#12882	NEW    cov: 1656 ft: 6335 corp: 615/1059Kb lim: 65536 exec/s: 920 rss: 2925Mb L: 1/63900 MS: 2 ShuffleBytes-Custom-
#12914	NEW    cov: 1656 ft: 6335 corp: 616/1059Kb lim: 65536 exec/s: 922 rss: 2933Mb L: 2/63900 MS: 4 EraseBytes-Custom-ShuffleBytes-Custom-
#12970	NEW    cov: 1656 ft: 6335 corp: 616/1059Kb lim: 65536 exec/s: 926 rss: 2944Mb L: 3/63900 MS: 1 CustomCrossOver-
#13013	NEW    cov: 1656 ft: 6335 corp: 616/1059Kb lim: 65536 exec/s: 867 rss: 2953Mb L: 313/63900 MS: 4 CustomCrossOver-CustomCrossOver-ManualDict-Custom- DE: "workflow phase invocation is missing required field"-
#13030	NEW    cov: 1656 ft: 6335 corp: 616/1059Kb lim: 65536 exec/s: 868 rss: 2957Mb L: 3/63900 MS: 3 PersAutoDict-Custom-CustomCrossOver- DE: "down"-
#13031	NEW    cov: 1656 ft: 6335 corp: 616/1059Kb lim: 65536 exec/s: 868 rss: 2957Mb L: 120/63900 MS: 1 CustomCrossOver-
#13064	NEW    cov: 1656 ft: 6335 corp: 617/1059Kb lim: 65536 exec/s: 870 rss: 2964Mb L: 536/63900 MS: 5 EraseBytes-Custom-CustomCrossOver-CrossOver-Custom-
#13072	NEW    cov: 1656 ft: 6335 corp: 618/1059Kb lim: 65536 exec/s: 871 rss: 2966Mb L: 2/63900 MS: 5 CustomCrossOver-CrossOver-Custom-EraseBytes-Custom-
#13163	NEW    cov: 1656 ft: 6335 corp: 618/1059Kb lim: 65536 exec/s: 877 rss: 2986Mb L: 12/63900 MS: 2 EraseBytes-Custom-
#13174	NEW    cov: 1656 ft: 6335 corp: 617/1059Kb lim: 65536 exec/s: 878 rss: 2988Mb L: 2/63900 MS: 2 InsertByte-Custom-
#13185	NEW    cov: 1656 ft: 6335 corp: 617/1059Kb lim: 65536 exec/s: 879 rss: 2991Mb L: 4113/63900 MS: 2 CopyPart-Custom-
#13206	NEW    cov: 1656 ft: 6335 corp: 617/1059Kb lim: 65536 exec/s: 880 rss: 2995Mb L: 22/63900 MS: 2 InsertByte-Custom-
#13552	RELOAD cov: 1656 ft: 6607 corp: 626/1251Kb lim: 65536 exec/s: 903 rss: 3069Mb
#13614	NEW    cov: 1656 ft: 6607 corp: 626/1251Kb lim: 65536 exec/s: 907 rss: 3082Mb L: 18/65097 MS: 4 PersAutoDict-Custom-EraseBytes-Custom- DE: "true"-
#13615	NEW    cov: 1656 ft: 6607 corp: 627/1251Kb lim: 65536 exec/s: 907 rss: 3083Mb L: 2/65097 MS: 1 CustomCrossOver-
#13630	NEW    cov: 1656 ft: 6607 corp: 628/1251Kb lim: 65536 exec/s: 908 rss: 3086Mb L: 2/65097 MS: 7 CrossOver-Custom-CustomCrossOver-CopyPart-Custom-CustomCrossOver-CustomCrossOver-
#13651	NEW    cov: 1656 ft: 6607 corp: 627/1251Kb lim: 65536 exec/s: 910 rss: 3091Mb L: 8/65097 MS: 2 ChangeBit-Custom-
#13748	NEW    cov: 1656 ft: 6607 corp: 627/1251Kb lim: 65536 exec/s: 916 rss: 3112Mb L: 4/65097 MS: 3 CustomCrossOver-PersAutoDict-Custom- DE: "not"-
#13804	NEW    cov: 1656 ft: 6607 corp: 627/1251Kb lim: 65536 exec/s: 920 rss: 3124Mb L: 16/65097 MS: 2 EraseBytes-Custom-
#13820	NEW    cov: 1656 ft: 6607 corp: 627/1251Kb lim: 65536 exec/s: 921 rss: 3128Mb L: 32/65097 MS: 2 PersAutoDict-Custom- DE: "PATH"-
#13894	NEW    cov: 1656 ft: 6607 corp: 627/1251Kb lim: 65536 exec/s: 926 rss: 3145Mb L: 17/65097 MS: 6 CustomCrossOver-ChangeBinInt-Custom-InsertByte-Custom-CustomCrossOver-
#13908	NEW    cov: 1656 ft: 6607 corp: 627/1251Kb lim: 65536 exec/s: 927 rss: 3148Mb L: 1022/65097 MS: 8 PersAutoDict-Custom-InsertByte-Custom-InsertRepeatedBytes-Custom-EraseBytes-Custom- DE: "end"-
#13939	NEW    cov: 1656 ft: 6607 corp: 627/1238Kb lim: 65536 exec/s: 871 rss: 3154Mb L: 24544/65097 MS: 2 ChangeBit-Custom-
#14010	NEW    cov: 1656 ft: 6607 corp: 628/1238Kb lim: 65536 exec/s: 875 rss: 3170Mb L: 2/65097 MS: 2 EraseBytes-Custom-
#14021	NEW    cov: 1656 ft: 6607 corp: 628/1238Kb lim: 65536 exec/s: 876 rss: 3173Mb L: 216/65097 MS: 2 ChangeByte-Custom-
#14032	NEW    cov: 1656 ft: 6607 corp: 627/1238Kb lim: 65536 exec/s: 877 rss: 3175Mb L: 26/65097 MS: 2 ChangeBit-Custom-
#14063	NEW    cov: 1656 ft: 6607 corp: 627/1238Kb lim: 65536 exec/s: 878 rss: 3182Mb L: 11/65097 MS: 1 CustomCrossOver-
#14064	NEW    cov: 1656 ft: 6607 corp: 627/1238Kb lim: 65536 exec/s: 879 rss: 3182Mb L: 5/65097 MS: 2 CopyPart-Custom-
#14081	NEW    cov: 1656 ft: 6607 corp: 627/1238Kb lim: 65536 exec/s: 880 rss: 3185Mb L: 33/65097 MS: 4 CMP-Custom-ChangeBinInt-Custom- DE: "extra"-
#14085	NEW    cov: 1656 ft: 6607 corp: 626/1238Kb lim: 65536 exec/s: 880 rss: 3187Mb L: 29/65097 MS: 8 ChangeBit-Custom-ChangeBit-Custom-CMP-Custom-ManualDict-Custom- DE: "\000\000\000\011"-"crc32"-
#14146	NEW    cov: 1656 ft: 6608 corp: 627/1238Kb lim: 65536 exec/s: 884 rss: 3199Mb L: 98/65097 MS: 2 CopyPart-Custom-
#14232	NEW    cov: 1656 ft: 6608 corp: 627/1238Kb lim: 65536 exec/s: 889 rss: 3218Mb L: 217/65097 MS: 2 InsertByte-Custom-
#14270	NEW    cov: 1656 ft: 6608 corp: 627/1238Kb lim: 65536 exec/s: 891 rss: 3227Mb L: 3/65097 MS: 6 ChangeBit-Custom-ChangeBit-Custom-CopyPart-Custom-
#14287	NEW    cov: 1656 ft: 6608 corp: 627/1238Kb lim: 65536 exec/s: 892 rss: 3231Mb L: 4/65097 MS: 4 ShuffleBytes-Custom-CopyPart-Custom-
#14343	NEW    cov: 1656 ft: 6608 corp: 628/1238Kb lim: 65536 exec/s: 896 rss: 3243Mb L: 2/65097 MS: 2 ShuffleBytes-Custom-
#14370	NEW    cov: 1656 ft: 6608 corp: 629/1238Kb lim: 65536 exec/s: 898 rss: 3249Mb L: 2/65097 MS: 2 CustomCrossOver-CustomCrossOver-
#14724	RELOAD cov: 1656 ft: 6729 corp: 639/1560Kb lim: 65536 exec/s: 920 rss: 3324Mb
#14732	NEW    cov: 1656 ft: 6729 corp: 639/1560Kb lim: 65536 exec/s: 920 rss: 3325Mb L: 81/65418 MS: 6 InsertRepeatedBytes-Custom-ChangeByte-Custom-InsertByte-Custom-
#14961	NEW    cov: 1656 ft: 6729 corp: 639/1560Kb lim: 65536 exec/s: 880 rss: 3374Mb L: 21/65418 MS: 5 CustomCrossOver-CustomCrossOver-ShuffleBytes-Custom-CustomCrossOver-
#15027	NEW    cov: 1656 ft: 6729 corp: 639/1560Kb lim: 65536 exec/s: 883 rss: 3386Mb L: 131/65418 MS: 2 InsertRepeatedBytes-Custom-
#15122	NEW    cov: 1656 ft: 6729 corp: 639/1560Kb lim: 65536 exec/s: 889 rss: 3408Mb L: 2/65418 MS: 7 CustomCrossOver-EraseBytes-Custom-CrossOver-Custom-CustomCrossOver-CustomCrossOver-
#15132	NEW    cov: 1656 ft: 6730 corp: 638/1542Kb lim: 65536 exec/s: 890 rss: 3411Mb L: 284/65418 MS: 10 InsertRepeatedBytes-Custom-CopyPart-Custom-CopyPart-Custom-ShuffleBytes-Custom-InsertRepeatedBytes-Custom-
#15163	NEW    cov: 1656 ft: 6730 corp: 638/1542Kb lim: 65536 exec/s: 891 rss: 3417Mb L: 17/65418 MS: 2 ChangeByte-Custom-
#15199	NEW    cov: 1656 ft: 6734 corp: 639/1542Kb lim: 65536 exec/s: 894 rss: 3424Mb L: 2/65418 MS: 2 EraseBytes-Custom-
#15255	NEW    cov: 1656 ft: 6734 corp: 639/1542Kb lim: 65536 exec/s: 897 rss: 3436Mb L: 8/65418 MS: 1 CustomCrossOver-
#15256	NEW    cov: 1656 ft: 6734 corp: 640/1542Kb lim: 65536 exec/s: 897 rss: 3436Mb L: 2/65418 MS: 2 EraseBytes-Custom-
#15288	NEW    cov: 1656 ft: 6734 corp: 640/1516Kb lim: 65536 exec/s: 899 rss: 3442Mb L: 4171/65418 MS: 3 CustomCrossOver-ChangeBit-Custom-
#15289	NEW    cov: 1656 ft: 6734 corp: 641/1516Kb lim: 65536 exec/s: 899 rss: 3443Mb L: 5/65418 MS: 2 InsertByte-Custom-
#15291	NEW    cov: 1656 ft: 6734 corp: 641/1516Kb lim: 65536 exec/s: 899 rss: 3443Mb L: 17/65418 MS: 4 EraseBytes-Custom-CopyPart-Custom-
#15303	NEW    cov: 1656 ft: 6735 corp: 641/1516Kb lim: 65536 exec/s: 900 rss: 3446Mb L: 16/65418 MS: 4 EraseBytes-Custom-ChangeByte-Custom-
#15336	NEW    cov: 1656 ft: 6735 corp: 641/1516Kb lim: 65536 exec/s: 902 rss: 3452Mb L: 4136/65418 MS: 6 EraseBytes-Custom-InsertByte-Custom-CopyPart-Custom-
#15422	NEW    cov: 1656 ft: 6735 corp: 641/1516Kb lim: 65536 exec/s: 907 rss: 3470Mb L: 2/65418 MS: 2 ShuffleBytes-Custom-
#15424	NEW    cov: 1656 ft: 6735 corp: 641/1516Kb lim: 65536 exec/s: 907 rss: 3471Mb L: 47/65418 MS: 4 CMP-Custom-InsertByte-Custom- DE: "\001\000\000\000\000\000\000\000"-
#15435	NEW    cov: 1656 ft: 6735 corp: 641/1516Kb lim: 65536 exec/s: 907 rss: 3473Mb L: 2/65418 MS: 1 CustomCrossOver-
#15556	NEW    cov: 1656 ft: 6791 corp: 639/1515Kb lim: 65536 exec/s: 915 rss: 3501Mb L: 2/65418 MS: 2 InsertByte-Custom-
#15557	NEW    cov: 1656 ft: 6791 corp: 637/1515Kb lim: 65536 exec/s: 915 rss: 3501Mb L: 3/65418 MS: 2 CopyPart-Custom-
#15558	NEW    cov: 1656 ft: 6791 corp: 638/1515Kb lim: 65536 exec/s: 915 rss: 3502Mb L: 10/65418 MS: 2 ChangeBit-Custom-
#15571	NEW    cov: 1656 ft: 6791 corp: 638/1511Kb lim: 65536 exec/s: 915 rss: 3504Mb L: 259/65418 MS: 6 ChangeBit-Custom-CMP-Custom-InsertByte-Custom- DE: "A\354\331\355\000\000\000\000"-
#15620	NEW    cov: 1656 ft: 6791 corp: 639/1511Kb lim: 65536 exec/s: 918 rss: 3515Mb L: 7/65418 MS: 8 ShuffleBytes-Custom-CMP-Custom-InsertByte-Custom-InsertByte-Custom- DE: "\025\000\000\000"-
#15621	NEW    cov: 1656 ft: 6791 corp: 639/1511Kb lim: 65536 exec/s: 918 rss: 3515Mb L: 15/65418 MS: 2 EraseBytes-Custom-
#15803	RELOAD cov: 1656 ft: 6808 corp: 647/1573Kb lim: 65536 exec/s: 877 rss: 3555Mb
#15844	NEW    cov: 1656 ft: 6808 corp: 648/1573Kb lim: 65536 exec/s: 880 rss: 3563Mb L: 2/65497 MS: 2 ChangeByte-Custom-
#15845	NEW    cov: 1656 ft: 6808 corp: 647/1573Kb lim: 65536 exec/s: 880 rss: 3563Mb L: 1/65497 MS: 2 EraseBytes-Custom-
#15906	NEW    cov: 1656 ft: 6809 corp: 648/1573Kb lim: 65536 exec/s: 883 rss: 3576Mb L: 9/65497 MS: 2 PersAutoDict-Custom- DE: "fs"-
#16012	NEW    cov: 1656 ft: 6809 corp: 647/1573Kb lim: 65536 exec/s: 889 rss: 3599Mb L: 3/65497 MS: 2 ShuffleBytes-Custom-
#16014	NEW    cov: 1656 ft: 6810 corp: 645/1573Kb lim: 65536 exec/s: 889 rss: 3599Mb L: 10/65497 MS: 2 CustomCrossOver-CustomCrossOver-
#16185	NEW    cov: 1656 ft: 6810 corp: 645/1573Kb lim: 65536 exec/s: 899 rss: 3637Mb L: 82/65497 MS: 2 InsertRepeatedBytes-Custom-
#16247	NEW    cov: 1656 ft: 6810 corp: 646/1636Kb lim: 65536 exec/s: 902 rss: 3649Mb L: 65013/65497 MS: 4 InsertRepeatedBytes-Custom-CopyPart-Custom-
#16268	NEW    cov: 1656 ft: 6810 corp: 646/1636Kb lim: 65536 exec/s: 903 rss: 3653Mb L: 1/65497 MS: 2 ChangeByte-Custom-
#16330	NEW    cov: 1656 ft: 6810 corp: 646/1636Kb lim: 65536 exec/s: 907 rss: 3666Mb L: 156/65497 MS: 3 CustomCrossOver-EraseBytes-Custom-
#16384	pulse  cov: 1656 ft: 6810 corp: 646/1636Kb lim: 65536 exec/s: 910 rss: 3679Mb
#16437	NEW    cov: 1656 ft: 6810 corp: 646/1632Kb lim: 65536 exec/s: 913 rss: 3690Mb L: 33495/65497 MS: 4 ShuffleBytes-Custom-InsertByte-Custom-
#16491	NEW    cov: 1656 ft: 6810 corp: 646/1632Kb lim: 65536 exec/s: 916 rss: 3701Mb L: 65410/65497 MS: 7 InsertByte-Custom-ChangeByte-Custom-CustomCrossOver-ChangeBinInt-Custom-
#16601	NEW    cov: 1656 ft: 6812 corp: 647/1696Kb lim: 65536 exec/s: 873 rss: 3724Mb L: 65470/65497 MS: 10 CopyPart-Custom-InsertRepeatedBytes-Custom-ManualDict-Custom-ChangeBinInt-Custom-ChangeASCIIInt-Custom- DE: "code"-
#16634	NEW    cov: 1656 ft: 6812 corp: 647/1696Kb lim: 65536 exec/s: 875 rss: 3731Mb L: 1/65497 MS: 5 ShuffleBytes-Custom-EraseBytes-Custom-CustomCrossOver-
#16912	RELOAD cov: 1656 ft: 6836 corp: 657/1836Kb lim: 65536 exec/s: 890 rss: 3791Mb
#16933	NEW    cov: 1656 ft: 6837 corp: 658/1836Kb lim: 65536 exec/s: 891 rss: 3794Mb L: 35/65527 MS: 2 ChangeBit-Custom-
#16959	NEW    cov: 1656 ft: 6837 corp: 657/1836Kb lim: 65536 exec/s: 892 rss: 3800Mb L: 2/65527 MS: 2 ChangeBit-Custom-
#16963	NEW    cov: 1656 ft: 6838 corp: 658/1850Kb lim: 65536 exec/s: 892 rss: 3801Mb L: 14763/65527 MS: 8 ShuffleBytes-Custom-ChangeBit-Custom-PersAutoDict-Custom-ChangeBit-Custom- DE: "blocks"-
#16964	NEW    cov: 1656 ft: 6838 corp: 658/1850Kb lim: 65536 exec/s: 892 rss: 3801Mb L: 3/65527 MS: 1 CustomCrossOver-
#17022	NEW    cov: 1656 ft: 6840 corp: 659/1859Kb lim: 65536 exec/s: 895 rss: 3814Mb L: 8251/65527 MS: 6 CopyPart-Custom-CopyPart-Custom-ManualDict-Custom- DE: "PWD"-
#17027	NEW    cov: 1656 ft: 6841 corp: 660/1859Kb lim: 65536 exec/s: 896 rss: 3815Mb L: 302/65527 MS: 10 InsertByte-Custom-InsertRepeatedBytes-Custom-InsertByte-Custom-ChangeBinInt-Custom-InsertRepeatedBytes-Custom-
#17088	NEW    cov: 1656 ft: 6841 corp: 659/1859Kb lim: 65536 exec/s: 899 rss: 3828Mb L: 1/65527 MS: 1 CustomCrossOver-
#17089	NEW    cov: 1656 ft: 6842 corp: 659/1844Kb lim: 65536 exec/s: 899 rss: 3829Mb L: 134/65527 MS: 2 InsertRepeatedBytes-Custom-
#17139	NEW    cov: 1656 ft: 6842 corp: 659/1844Kb lim: 65536 exec/s: 902 rss: 3839Mb L: 4/65527 MS: 10 EraseBytes-Custom-CopyPart-Custom-ShuffleBytes-Custom-CopyPart-Custom-EraseBytes-Custom-
#17229	NEW    cov: 1656 ft: 6843 corp: 660/1845Kb lim: 65536 exec/s: 906 rss: 3859Mb L: 257/65527 MS: 10 CopyPart-Custom-ManualDict-Custom-ChangeBinInt-Custom-PersAutoDict-Custom-PersAutoDict-Custom- DE: "\036"-"workers"-"\013\000\000\000"-
#17285	NEW    cov: 1656 ft: 6843 corp: 660/1844Kb lim: 65536 exec/s: 909 rss: 3871Mb L: 65023/65527 MS: 2 CMP-Custom- DE: "sol.sol::"-
#17295	NEW    cov: 1656 ft: 6843 corp: 660/1844Kb lim: 65536 exec/s: 910 rss: 3873Mb L: 77/65527 MS: 10 CopyPart-Custom-InsertByte-Custom-EraseBytes-Custom-InsertByte-Custom-CopyPart-Custom-
#17322	NEW    cov: 1656 ft: 6843 corp: 661/1844Kb lim: 65536 exec/s: 911 rss: 3879Mb L: 111/65527 MS: 4 InsertRepeatedBytes-Custom-ChangeByte-Custom-
#17387	NEW    cov: 1656 ft: 6843 corp: 661/1844Kb lim: 65536 exec/s: 915 rss: 3893Mb L: 60/65527 MS: 7 CustomCrossOver-CustomCrossOver-ChangeByte-Custom-CustomCrossOver-InsertRepeatedBytes-Custom-
#17616	NEW    cov: 1656 ft: 6846 corp: 659/1842Kb lim: 65536 exec/s: 880 rss: 3943Mb L: 29/65527 MS: 5 CustomCrossOver-CustomCrossOver-InsertRepeatedBytes-Custom-CustomCrossOver-
#17648	NEW    cov: 1656 ft: 6846 corp: 659/1841Kb lim: 65536 exec/s: 882 rss: 3950Mb L: 208/65527 MS: 4 ShuffleBytes-Custom-EraseBytes-Custom-
#17665	NEW    cov: 1656 ft: 6846 corp: 659/1841Kb lim: 65536 exec/s: 883 rss: 3953Mb L: 1/65527 MS: 4 EraseBytes-Custom-ChangeBit-Custom-
#17671	NEW    cov: 1656 ft: 6846 corp: 659/1841Kb lim: 65536 exec/s: 883 rss: 3955Mb L: 24/65527 MS: 2 ShuffleBytes-Custom-
#17682	NEW    cov: 1656 ft: 6846 corp: 659/1841Kb lim: 65536 exec/s: 884 rss: 3957Mb L: 32/65527 MS: 2 ChangeByte-Custom-
#17698	NEW    cov: 1656 ft: 6846 corp: 658/1841Kb lim: 65536 exec/s: 884 rss: 3960Mb L: 3/65527 MS: 2 InsertByte-Custom-
#17759	NEW    cov: 1656 ft: 6846 corp: 658/1841Kb lim: 65536 exec/s: 887 rss: 3973Mb L: 17/65527 MS: 2 CrossOver-Custom-
#17977	RELOAD cov: 1656 ft: 6858 corp: 663/2001Kb lim: 65536 exec/s: 898 rss: 4021Mb
#18048	NEW    cov: 1656 ft: 6858 corp: 663/2001Kb lim: 65536 exec/s: 902 rss: 4034Mb L: 65067/65536 MS: 2 CopyPart-Custom-
#18059	NEW    cov: 1656 ft: 6858 corp: 664/2005Kb lim: 65536 exec/s: 902 rss: 4036Mb L: 4097/65536 MS: 2 PersAutoDict-Custom- DE: "epoc"-
#18075	NEW    cov: 1656 ft: 6858 corp: 663/2005Kb lim: 65536 exec/s: 903 rss: 4040Mb L: 7/65536 MS: 2 EraseBytes-Custom-
#18127	NEW    cov: 1656 ft: 6859 corp: 664/2005Kb lim: 65536 exec/s: 906 rss: 4051Mb L: 32/65536 MS: 4 PersAutoDict-Custom-ShuffleBytes-Custom- DE: "\000\000"-
#18138	NEW    cov: 1656 ft: 6859 corp: 663/2005Kb lim: 65536 exec/s: 906 rss: 4053Mb L: 2/65536 MS: 1 CustomCrossOver-
#18173	NEW    cov: 1656 ft: 6859 corp: 664/2005Kb lim: 65536 exec/s: 908 rss: 4060Mb L: 2/65536 MS: 7 InsertByte-Custom-EraseBytes-Custom-CustomCrossOver-CustomCrossOver-CustomCrossOver-
#18184	NEW    cov: 1656 ft: 6859 corp: 664/1977Kb lim: 65536 exec/s: 909 rss: 4062Mb L: 31916/65536 MS: 2 ChangeBinInt-Custom-
#18236	NEW    cov: 1656 ft: 6859 corp: 664/1977Kb lim: 65536 exec/s: 911 rss: 4072Mb L: 1/65536 MS: 4 ShuffleBytes-Custom-EraseBytes-Custom-
#18242	NEW    cov: 1656 ft: 6859 corp: 663/1977Kb lim: 65536 exec/s: 912 rss: 4074Mb L: 19/65536 MS: 2 CopyPart-Custom-
#18295	NEW    cov: 1656 ft: 6859 corp: 663/1977Kb lim: 65536 exec/s: 914 rss: 4085Mb L: 132/65536 MS: 6 InsertByte-Custom-ChangeBinInt-Custom-InsertByte-Custom-
#18429	NEW    cov: 1656 ft: 6859 corp: 664/1977Kb lim: 65536 exec/s: 877 rss: 4115Mb L: 21/65536 MS: 8 CopyPart-Custom-ShuffleBytes-Custom-ChangeByte-Custom-ManualDict-Custom- DE: "tonumber"-
#18449	NEW    cov: 1656 ft: 6859 corp: 665/1977Kb lim: 65536 exec/s: 878 rss: 4120Mb L: 13/65536 MS: 10 CMP-Custom-ManualDict-Custom-ChangeBinInt-Custom-CMP-Custom-EraseBytes-Custom- DE: "\000\000\000\000\000\000\000\000"-">"-"\031\000\000\000"-
#18739	NEW    cov: 1656 ft: 6859 corp: 665/1976Kb lim: 65536 exec/s: 892 rss: 4182Mb L: 5/65536 MS: 8 ChangeBit-Custom-ChangeByte-Custom-CustomCrossOver-CustomCrossOver-ShuffleBytes-Custom-
#18805	NEW    cov: 1656 ft: 6859 corp: 665/1976Kb lim: 65536 exec/s: 895 rss: 4197Mb L: 54/65536 MS: 2 PersAutoDict-Custom- DE: "\000\022"-
#18826	NEW    cov: 1656 ft: 6859 corp: 665/1976Kb lim: 65536 exec/s: 896 rss: 4201Mb L: 6/65536 MS: 2 EraseBytes-Custom-
#19055	RELOAD cov: 1656 ft: 6869 corp: 674/2223Kb lim: 65536 exec/s: 907 rss: 4253Mb
#19175	NEW    cov: 1656 ft: 6869 corp: 674/2221Kb lim: 65536 exec/s: 913 rss: 4275Mb L: 2045/65536 MS: 10 ChangeBit-Custom-ChangeBit-Custom-ChangeBinInt-Custom-CMP-Custom-ManualDict-Custom- DE: "sol.so"-"flags"-
#19226	NEW    cov: 1656 ft: 6869 corp: 674/2221Kb lim: 65536 exec/s: 915 rss: 4285Mb L: 2/65536 MS: 2 CopyPart-Custom-
#19333	NEW    cov: 1656 ft: 6870 corp: 675/2268Kb lim: 65536 exec/s: 878 rss: 4309Mb L: 47638/65536 MS: 4 ChangeBinInt-Custom-InsertByte-Custom-
#19339	NEW    cov: 1656 ft: 6870 corp: 676/2268Kb lim: 65536 exec/s: 879 rss: 4310Mb L: 14/65536 MS: 2 PersAutoDict-Custom- DE: "step"-
#19352	NEW    cov: 1656 ft: 6870 corp: 676/2259Kb lim: 65536 exec/s: 879 rss: 4313Mb L: 135/65536 MS: 6 InsertRepeatedBytes-Custom-CMP-Custom-InsertByte-Custom- DE: "text"-
#19394	NEW    cov: 1656 ft: 6871 corp: 677/2323Kb lim: 65536 exec/s: 881 rss: 4322Mb L: 65535/65536 MS: 4 ChangeASCIIInt-Custom-ChangeBit-Custom-
#19409	NEW    cov: 1656 ft: 6872 corp: 678/2325Kb lim: 65536 exec/s: 882 rss: 4325Mb L: 1383/65536 MS: 9 InsertByte-Custom-InsertByte-Custom-CrossOver-Custom-ChangeBinInt-Custom-CustomCrossOver-
#19471	NEW    cov: 1656 ft: 6872 corp: 679/2325Kb lim: 65536 exec/s: 885 rss: 4339Mb L: 1/65536 MS: 4 ChangeBit-Custom-CopyPart-Custom-
#19620	NEW    cov: 1656 ft: 6872 corp: 679/2262Kb lim: 65536 exec/s: 891 rss: 4372Mb L: 1151/65536 MS: 8 ChangeBinInt-Custom-ChangeBinInt-Custom-InsertRepeatedBytes-Custom-InsertRepeatedBytes-Custom-
#19621	NEW    cov: 1656 ft: 6872 corp: 679/2261Kb lim: 65536 exec/s: 891 rss: 4372Mb L: 7/65536 MS: 2 EraseBytes-Custom-
#19677	NEW    cov: 1656 ft: 6872 corp: 679/2261Kb lim: 65536 exec/s: 894 rss: 4384Mb L: 1/65536 MS: 2 ChangeBinInt-Custom-
#19702	NEW    cov: 1656 ft: 6872 corp: 679/2261Kb lim: 65536 exec/s: 895 rss: 4389Mb L: 104/65536 MS: 10 ChangeBinInt-Custom-ManualDict-Custom-CMP-Custom-ChangeBinInt-Custom-InsertRepeatedBytes-Custom- DE: "cache_fs_metadata"-"\377\377\377\022"-
#19762	NEW    cov: 1656 ft: 6872 corp: 679/2261Kb lim: 65536 exec/s: 898 rss: 4402Mb L: 16/65536 MS: 7 CustomCrossOver-EraseBytes-Custom-CustomCrossOver-EraseBytes-Custom-CustomCrossOver-
#19811	NEW    cov: 1656 ft: 6872 corp: 679/2261Kb lim: 65536 exec/s: 900 rss: 4411Mb L: 12/65536 MS: 8 ManualDict-Custom-CopyPart-Custom-ChangeByte-Custom-InsertByte-Custom- DE: "minimal"-
#19825	NEW    cov: 1656 ft: 6872 corp: 679/2261Kb lim: 65536 exec/s: 901 rss: 4414Mb L: 7/65536 MS: 5 CustomCrossOver-CustomCrossOver-PersAutoDict-Custom-CustomCrossOver- DE: "unpack"-
#19826	NEW    cov: 1656 ft: 6872 corp: 679/2261Kb lim: 65536 exec/s: 901 rss: 4414Mb L: 2/65536 MS: 2 CopyPart-Custom-
#19846	NEW    cov: 1656 ft: 6872 corp: 679/2260Kb lim: 65536 exec/s: 902 rss: 4417Mb L: 34/65536 MS: 10 ShuffleBytes-Custom-InsertByte-Custom-CopyPart-Custom-InsertRepeatedBytes-Custom-InsertByte-Custom-
#19885	NEW    cov: 1656 ft: 6874 corp: 679/2197Kb lim: 65536 exec/s: 903 rss: 4424Mb L: 13/65536 MS: 4 CustomCrossOver-CustomCrossOver-CustomCrossOver-CustomCrossOver-
#19934	NEW    cov: 1656 ft: 6877 corp: 680/2228Kb lim: 65536 exec/s: 906 rss: 4434Mb L: 31908/65536 MS: 5 CustomCrossOver-ChangeBinInt-Custom-CustomCrossOver-CustomCrossOver-
#19940	NEW    cov: 1656 ft: 6877 corp: 681/2228Kb lim: 65536 exec/s: 906 rss: 4436Mb L: 5/65536 MS: 2 ChangeBinInt-Custom-
#20067	RELOAD cov: 1656 ft: 6877 corp: 680/2213Kb lim: 65536 exec/s: 912 rss: 4465Mb
#20161	NEW    cov: 1656 ft: 6877 corp: 680/2213Kb lim: 65536 exec/s: 916 rss: 4482Mb L: 160/65536 MS: 8 ChangeByte-Custom-ManualDict-Custom-ChangeBit-Custom-InsertRepeatedBytes-Custom- DE: "max_threads"-
#20224	NEW    cov: 1656 ft: 6877 corp: 680/2213Kb lim: 65536 exec/s: 879 rss: 4495Mb L: 7/65536 MS: 6 ShuffleBytes-Custom-EraseBytes-Custom-EraseBytes-Custom-
#20387	NEW    cov: 1656 ft: 6877 corp: 680/2213Kb lim: 65536 exec/s: 886 rss: 4531Mb L: 71/65536 MS: 6 ChangeBit-Custom-InsertRepeatedBytes-Custom-InsertByte-Custom-
#20429	NEW    cov: 1656 ft: 6877 corp: 681/2213Kb lim: 65536 exec/s: 888 rss: 4540Mb L: 6/65536 MS: 4 PersAutoDict-Custom-ShuffleBytes-Custom- DE: "list"-
#20430	NEW    cov: 1656 ft: 6877 corp: 681/2213Kb lim: 65536 exec/s: 888 rss: 4541Mb L: 259/65536 MS: 2 InsertByte-Custom-
#20525	NEW    cov: 1656 ft: 6877 corp: 681/2213Kb lim: 65536 exec/s: 892 rss: 4560Mb L: 577/65536 MS: 10 ChangeBinInt-Custom-ShuffleBytes-Custom-PersAutoDict-Custom-InsertRepeatedBytes-Custom-InsertByte-Custom- DE: "log_steps"-
#20546	NEW    cov: 1656 ft: 6878 corp: 682/2213Kb lim: 65536 exec/s: 893 rss: 4564Mb L: 5/65536 MS: 1 CustomCrossOver-
#20619	NEW    cov: 1656 ft: 6878 corp: 682/2213Kb lim: 65536 exec/s: 896 rss: 4580Mb L: 57441/65536 MS: 6 CopyPart-Custom-ChangeByte-Custom-EraseBytes-Custom-
#20727	NEW    cov: 1656 ft: 6884 corp: 683/2230Kb lim: 65536 exec/s: 901 rss: 4603Mb L: 18141/65536 MS: 6 ChangeByte-Custom-CopyPart-Custom-ShuffleBytes-Custom-
#20733	NEW    cov: 1656 ft: 6884 corp: 683/2230Kb lim: 65536 exec/s: 901 rss: 4605Mb L: 11/65536 MS: 2 ShuffleBytes-Custom-
#20735	NEW    cov: 1656 ft: 6885 corp: 684/2231Kb lim: 65536 exec/s: 901 rss: 4605Mb L: 258/65536 MS: 3 PersAutoDict-Custom-CustomCrossOver- DE: "pairs"-
#21076	RELOAD cov: 1656 ft: 6886 corp: 682/2190Kb lim: 65536 exec/s: 878 rss: 4678Mb
#21166	NEW    cov: 1656 ft: 6886 corp: 682/2175Kb lim: 65536 exec/s: 881 rss: 4697Mb L: 49135/65536 MS: 10 ManualDict-Custom-InsertByte-Custom-ChangeBinInt-Custom-ChangeASCIIInt-Custom-PersAutoDict-Custom- DE: "input"-"{"-
#21195	NEW    cov: 1656 ft: 6886 corp: 681/2175Kb lim: 65536 exec/s: 883 rss: 4703Mb L: 24/65536 MS: 8 ChangeByte-Custom-ChangeBit-Custom-ChangeByte-Custom-ChangeBinInt-Custom-
#21598	NEW    cov: 1656 ft: 6886 corp: 681/2175Kb lim: 65536 exec/s: 899 rss: 4785Mb L: 3/65536 MS: 6 ShuffleBytes-Custom-ChangeBit-Custom-ChangeBit-Custom-
#21610	NEW    cov: 1656 ft: 6886 corp: 681/2175Kb lim: 65536 exec/s: 900 rss: 4788Mb L: 18/65536 MS: 2 CustomCrossOver-CustomCrossOver-
#21693	NEW    cov: 1656 ft: 6886 corp: 681/2175Kb lim: 65536 exec/s: 903 rss: 4807Mb L: 7/65536 MS: 4 ChangeASCIIInt-Custom-CustomCrossOver-CustomCrossOver-
#21744	NEW    cov: 1656 ft: 6887 corp: 682/2175Kb lim: 65536 exec/s: 906 rss: 4818Mb L: 25/65536 MS: 2 InsertRepeatedBytes-Custom-
#21810	NEW    cov: 1656 ft: 6887 corp: 682/2175Kb lim: 65536 exec/s: 908 rss: 4831Mb L: 2/65536 MS: 2 ChangeBinInt-Custom-
#21817	NEW    cov: 1656 ft: 6887 corp: 682/2175Kb lim: 65536 exec/s: 909 rss: 4833Mb L: 5/65536 MS: 4 ChangeByte-Custom-ChangeBit-Custom-
#22085	RELOAD cov: 1656 ft: 6889 corp: 684/2110Kb lim: 65536 exec/s: 883 rss: 4890Mb
#22106	NEW    cov: 1656 ft: 6889 corp: 684/2109Kb lim: 65536 exec/s: 884 rss: 4894Mb L: 23/65536 MS: 2 ChangeBinInt-Custom-
#22131	NEW    cov: 1656 ft: 6889 corp: 684/2109Kb lim: 65536 exec/s: 885 rss: 4900Mb L: 52/65536 MS: 7 InsertRepeatedBytes-Custom-CustomCrossOver-CustomCrossOver-CrossOver-Custom-CustomCrossOver-
#22323	NEW    cov: 1656 ft: 6889 corp: 684/2109Kb lim: 65536 exec/s: 892 rss: 4941Mb L: 28/65536 MS: 4 PersAutoDict-Custom-ChangeBit-Custom- DE: "references undefined step"-
#22334	NEW    cov: 1656 ft: 6889 corp: 684/2109Kb lim: 65536 exec/s: 893 rss: 4944Mb L: 17/65536 MS: 2 ChangeByte-Custom-
#22335	NEW    cov: 1656 ft: 6889 corp: 683/2105Kb lim: 65536 exec/s: 893 rss: 4944Mb L: 4106/65536 MS: 1 CustomCrossOver-
#22377	NEW    cov: 1656 ft: 6889 corp: 683/2105Kb lim: 65536 exec/s: 895 rss: 4954Mb L: 3/65536 MS: 4 InsertByte-Custom-ShuffleBytes-Custom-
#22408	NEW    cov: 1656 ft: 6892 corp: 684/2105Kb lim: 65536 exec/s: 896 rss: 4961Mb L: 38/65536 MS: 2 CopyPart-Custom-
#22441	NEW    cov: 1656 ft: 6893 corp: 684/2041Kb lim: 65536 exec/s: 897 rss: 4968Mb L: 345/65536 MS: 6 InsertRepeatedBytes-Custom-ShuffleBytes-Custom-PersAutoDict-Custom- DE: "xpcall"-
#22442	NEW    cov: 1656 ft: 6893 corp: 684/2041Kb lim: 65536 exec/s: 897 rss: 4968Mb L: 1/65536 MS: 2 ChangeBit-Custom-
#22576	NEW    cov: 1656 ft: 6893 corp: 685/2047Kb lim: 65536 exec/s: 903 rss: 4996Mb L: 5462/65536 MS: 8 InsertByte-Custom-ChangeByte-Custom-ShuffleBytes-Custom-ChangeBit-Custom-
#22657	NEW    cov: 1656 ft: 6893 corp: 685/2047Kb lim: 65536 exec/s: 906 rss: 5011Mb L: 3/65536 MS: 1 CustomCrossOver-
#22662	NEW    cov: 1656 ft: 6896 corp: 686/2106Kb lim: 65536 exec/s: 906 rss: 5012Mb L: 61286/65536 MS: 10 ShuffleBytes-Custom-PersAutoDict-Custom-EraseBytes-Custom-PersAutoDict-Custom-CopyPart-Custom- DE: "\340.i}\000\000\000\000"-"crc32"-
#22805	NEW    cov: 1656 ft: 6896 corp: 686/2062Kb lim: 65536 exec/s: 912 rss: 5044Mb L: 2200/65536 MS: 6 InsertRepeatedBytes-Custom-ManualDict-Custom-InsertRepeatedBytes-Custom- DE: "phase-"-
#22808	NEW    cov: 1656 ft: 6897 corp: 687/2062Kb lim: 65536 exec/s: 912 rss: 5044Mb L: 3/65536 MS: 6 ChangeBit-Custom-ChangeByte-Custom-ChangeByte-Custom-
#22882	NEW    cov: 1656 ft: 6897 corp: 687/2002Kb lim: 65536 exec/s: 880 rss: 5061Mb L: 50/65536 MS: 6 CustomCrossOver-PersAutoDict-Custom-CustomCrossOver-ChangeBinInt-Custom- DE: "cache_fs_metadata"-
#22883	NEW    cov: 1656 ft: 6897 corp: 687/2002Kb lim: 65536 exec/s: 880 rss: 5061Mb L: 11/65536 MS: 2 EraseBytes-Custom-
#22884	NEW    cov: 1656 ft: 6897 corp: 687/2002Kb lim: 65536 exec/s: 880 rss: 5061Mb L: 9/65536 MS: 2 CMP-Custom- DE: "\036\000"-
#22894	NEW    cov: 1656 ft: 6897 corp: 687/2002Kb lim: 65536 exec/s: 880 rss: 5063Mb L: 5/65536 MS: 8 ChangeBit-Custom-CustomCrossOver-InsertByte-Custom-CustomCrossOver-ChangeByte-Custom-
#22920	NEW    cov: 1656 ft: 6897 corp: 687/2002Kb lim: 65536 exec/s: 881 rss: 5068Mb L: 1/65536 MS: 2 EraseBytes-Custom-
#22939	NEW    cov: 1656 ft: 6897 corp: 688/2004Kb lim: 65536 exec/s: 882 rss: 5073Mb L: 1999/65536 MS: 8 InsertRepeatedBytes-Custom-ShuffleBytes-Custom-ManualDict-Custom-InsertRepeatedBytes-Custom- DE: "="-
#22940	NEW    cov: 1656 ft: 6897 corp: 688/2004Kb lim: 65536 exec/s: 882 rss: 5073Mb L: 20/65536 MS: 2 InsertByte-Custom-
#22960	NEW    cov: 1656 ft: 6897 corp: 689/2004Kb lim: 65536 exec/s: 883 rss: 5078Mb L: 2/65536 MS: 6 CopyPart-Custom-CustomCrossOver-CustomCrossOver-CustomCrossOver-CustomCrossOver-
#23081	RELOAD cov: 1656 ft: 6898 corp: 690/2042Kb lim: 65536 exec/s: 887 rss: 5106Mb
#23488	NEW    cov: 1656 ft: 6898 corp: 690/2042Kb lim: 65536 exec/s: 903 rss: 5191Mb L: 24/65536 MS: 3 CustomCrossOver-ChangeASCIIInt-Custom-
#23583	NEW    cov: 1656 ft: 6898 corp: 690/2042Kb lim: 65536 exec/s: 907 rss: 5213Mb L: 1340/65536 MS: 10 PersAutoDict-Custom-InsertRepeatedBytes-Custom-PersAutoDict-Custom-ChangeBinInt-Custom-PersAutoDict-Custom- DE: "output"-"enabled"-"\377\377\377\000"-
#23802	NEW    cov: 1656 ft: 6899 corp: 691/2042Kb lim: 65536 exec/s: 881 rss: 5262Mb L: 185/65536 MS: 8 ChangeBinInt-Custom-ManualDict-Custom-InsertRepeatedBytes-Custom-ChangeBinInt-Custom- DE: "then"-
#23891	NEW    cov: 1656 ft: 6899 corp: 691/2042Kb lim: 65536 exec/s: 884 rss: 5280Mb L: 22/65536 MS: 8 ChangeBit-Custom-EraseBytes-Custom-CMP-Custom-CMP-Custom- DE: "\003\377\377\377\377\377\377\373"-"extra"-
#23907	NEW    cov: 1656 ft: 6899 corp: 691/2042Kb lim: 65536 exec/s: 885 rss: 5283Mb L: 37/65536 MS: 2 CopyPart-Custom-
#24079	RELOAD cov: 1656 ft: 6903 corp: 692/2017Kb lim: 65536 exec/s: 891 rss: 5322Mb
#24122	NEW    cov: 1656 ft: 6903 corp: 692/2017Kb lim: 65536 exec/s: 893 rss: 5331Mb L: 27/65536 MS: 6 InsertByte-Custom-ChangeBinInt-Custom-ShuffleBytes-Custom-
#24467	NEW    cov: 1656 ft: 6903 corp: 692/2017Kb lim: 65536 exec/s: 906 rss: 5403Mb L: 84/65536 MS: 10 ChangeByte-Custom-ChangeByte-Custom-InsertRepeatedBytes-Custom-ChangeBinInt-Custom-ChangeBit-Custom-
#24619	NEW    cov: 1656 ft: 6904 corp: 693/2017Kb lim: 65536 exec/s: 879 rss: 5434Mb L: 9/65536 MS: 4 ChangeBinInt-Custom-PersAutoDict-Custom- DE: "archive"-
#24806	NEW    cov: 1656 ft: 6904 corp: 693/2017Kb lim: 65536 exec/s: 885 rss: 5475Mb L: 7/65536 MS: 4 ChangeBit-Custom-ChangeBinInt-Custom-
#24840	NEW    cov: 1656 ft: 6904 corp: 693/2017Kb lim: 65536 exec/s: 887 rss: 5483Mb L: 508/65536 MS: 8 CopyPart-Custom-InsertByte-Custom-CopyPart-Custom-ShuffleBytes-Custom-
#24898	NEW    cov: 1656 ft: 6904 corp: 692/2017Kb lim: 65536 exec/s: 889 rss: 5495Mb L: 11/65536 MS: 6 ChangeByte-Custom-InsertByte-Custom-ManualDict-Custom- DE: "configure"-
#24932	NEW    cov: 1656 ft: 6904 corp: 691/2017Kb lim: 65536 exec/s: 890 rss: 5503Mb L: 4/65536 MS: 8 EraseBytes-Custom-ShuffleBytes-Custom-ManualDict-Custom-ChangeByte-Custom- DE: "~="-
#24948	NEW    cov: 1656 ft: 6905 corp: 692/2073Kb lim: 65536 exec/s: 891 rss: 5507Mb L: 57441/65536 MS: 2 PersAutoDict-Custom- DE: "minimal"-
#25085	RELOAD cov: 1656 ft: 6907 corp: 694/2109Kb lim: 65536 exec/s: 895 rss: 5536Mb
#25209	NEW    cov: 1656 ft: 6907 corp: 694/2109Kb lim: 65536 exec/s: 900 rss: 5563Mb L: 14/65536 MS: 8 EraseBytes-Custom-ShuffleBytes-Custom-ShuffleBytes-Custom-ChangeBinInt-Custom-
#25253	NEW    cov: 1656 ft: 6907 corp: 694/2109Kb lim: 65536 exec/s: 901 rss: 5572Mb L: 2/65536 MS: 6 CustomCrossOver-InsertByte-Custom-CustomCrossOver-CrossOver-Custom-
#25274	NEW    cov: 1656 ft: 6907 corp: 694/2109Kb lim: 65536 exec/s: 902 rss: 5576Mb L: 3/65536 MS: 2 InsertByte-Custom-
#25322	NEW    cov: 1656 ft: 6909 corp: 695/2126Kb lim: 65536 exec/s: 904 rss: 5587Mb L: 18137/65536 MS: 6 ManualDict-Custom-ChangeBinInt-Custom-ShuffleBytes-Custom- DE: "bulk-"-
#25389	NEW    cov: 1656 ft: 6909 corp: 695/2126Kb lim: 65536 exec/s: 906 rss: 5601Mb L: 26/65536 MS: 4 PersAutoDict-Custom-ManualDict-Custom- DE: "in"-"indicator_spin_interval"-
#25524	NEW    cov: 1656 ft: 6918 corp: 695/2126Kb lim: 65536 exec/s: 880 rss: 5630Mb L: 12/65536 MS: 9 PersAutoDict-Custom-ManualDict-Custom-ManualDict-Custom-CustomCrossOver-ShuffleBytes-Custom- DE: "R\"("-"load_dotenv"-"no registered steps"-
#25545	NEW    cov: 1656 ft: 6918 corp: 695/2126Kb lim: 65536 exec/s: 880 rss: 5634Mb L: 4/65536 MS: 2 ChangeBinInt-Custom-
#25624	NEW    cov: 1656 ft: 6918 corp: 695/2126Kb lim: 65536 exec/s: 883 rss: 5650Mb L: 4/65536 MS: 7 CustomCrossOver-ChangeBinInt-Custom-ChangeByte-Custom-CrossOver-Custom-
#25731	NEW    cov: 1656 ft: 6918 corp: 695/2126Kb lim: 65536 exec/s: 887 rss: 5673Mb L: 2/65536 MS: 2 CustomCrossOver-CustomCrossOver-
#25826	NEW    cov: 1656 ft: 6918 corp: 695/2123Kb lim: 65536 exec/s: 890 rss: 5694Mb L: 4162/65536 MS: 10 ChangeByte-Custom-ChangeByte-Custom-ChangeByte-Custom-InsertRepeatedBytes-Custom-ChangeASCIIInt-Custom-
#26047	RELOAD cov: 1656 ft: 6918 corp: 696/2123Kb lim: 65536 exec/s: 898 rss: 5741Mb
#26074	NEW    cov: 1656 ft: 6918 corp: 696/2123Kb lim: 65536 exec/s: 899 rss: 5745Mb L: 32/65536 MS: 4 PersAutoDict-Custom-PersAutoDict-Custom- DE: "workers"-"sol.so"-
#26187	NEW    cov: 1656 ft: 6919 corp: 697/2123Kb lim: 65536 exec/s: 903 rss: 5769Mb L: 169/65536 MS: 6 InsertByte-Custom-InsertRepeatedBytes-Custom-PersAutoDict-Custom- DE: "down"-
#26188	NEW    cov: 1656 ft: 6919 corp: 696/2123Kb lim: 65536 exec/s: 903 rss: 5769Mb L: 2/65536 MS: 1 CustomCrossOver-
#26240	NEW    cov: 1656 ft: 6919 corp: 696/2123Kb lim: 65536 exec/s: 904 rss: 5780Mb L: 24/65536 MS: 4 ChangeBit-Custom-EraseBytes-Custom-
#26299	NEW    cov: 1656 ft: 6920 corp: 697/2123Kb lim: 65536 exec/s: 906 rss: 5792Mb L: 42/65536 MS: 8 ChangeBit-Custom-ChangeBit-Custom-CMP-Custom-ChangeBinInt-Custom- DE: "\377\377\377\377\377\377\377\022"-
#26310	NEW    cov: 1656 ft: 6920 corp: 697/2123Kb lim: 65536 exec/s: 907 rss: 5795Mb L: 2/65536 MS: 2 ChangeByte-Custom-
#26311	NEW    cov: 1656 ft: 6920 corp: 696/2123Kb lim: 65536 exec/s: 907 rss: 5795Mb L: 6/65536 MS: 2 ChangeByte-Custom-
#26318	NEW    cov: 1656 ft: 6920 corp: 696/2123Kb lim: 65536 exec/s: 907 rss: 5797Mb L: 64530/65536 MS: 4 InsertRepeatedBytes-Custom-ChangeByte-Custom-
#26379	NEW    cov: 1656 ft: 6920 corp: 696/2123Kb lim: 65536 exec/s: 879 rss: 5810Mb L: 1/65536 MS: 2 CopyPart-Custom-
#26415	NEW    cov: 1656 ft: 6920 corp: 697/2123Kb lim: 65536 exec/s: 880 rss: 5818Mb L: 2/65536 MS: 2 ChangeByte-Custom-
#26416	NEW    cov: 1656 ft: 6920 corp: 697/2123Kb lim: 65536 exec/s: 880 rss: 5818Mb L: 17/65536 MS: 2 EraseBytes-Custom-
#26495	NEW    cov: 1656 ft: 6920 corp: 697/2123Kb lim: 65536 exec/s: 883 rss: 5834Mb L: 26/65536 MS: 8 EraseBytes-Custom-InsertByte-Custom-PersAutoDict-Custom-ChangeBit-Custom- DE: "phase-"-
#26512	NEW    cov: 1656 ft: 6921 corp: 697/2123Kb lim: 65536 exec/s: 883 rss: 5838Mb L: 111/65536 MS: 4 ChangeBinInt-Custom-InsertRepeatedBytes-Custom-
#26534	NEW    cov: 1656 ft: 6921 corp: 698/2123Kb lim: 65536 exec/s: 884 rss: 5842Mb L: 3/65536 MS: 3 CustomCrossOver-ChangeByte-Custom-
#26535	NEW    cov: 1656 ft: 6921 corp: 698/2123Kb lim: 65536 exec/s: 884 rss: 5843Mb L: 5/65536 MS: 2 ChangeBit-Custom-
#26536	NEW    cov: 1656 ft: 6924 corp: 699/2123Kb lim: 65536 exec/s: 884 rss: 5843Mb L: 17/65536 MS: 2 PersAutoDict-Custom- DE: "registerWorkflow"-
#26615	NEW    cov: 1656 ft: 6924 corp: 699/2123Kb lim: 65536 exec/s: 887 rss: 5859Mb L: 15/65536 MS: 8 ShuffleBytes-Custom-InsertRepeatedBytes-Custom-EraseBytes-Custom-ChangeBinInt-Custom-
#26845	NEW    cov: 1656 ft: 6924 corp: 700/2131Kb lim: 65536 exec/s: 894 rss: 5909Mb L: 8607/65536 MS: 10 CopyPart-Custom-ChangeByte-Custom-CopyPart-Custom-ShuffleBytes-Custom-CMP-Custom- DE: "sol.sol::fun"-
#26856	NEW    cov: 1656 ft: 6924 corp: 700/2131Kb lim: 65536 exec/s: 895 rss: 5912Mb L: 6/65536 MS: 2 ChangeBit-Custom-
#26977	NEW    cov: 1656 ft: 6924 corp: 700/2131Kb lim: 65536 exec/s: 899 rss: 5938Mb L: 1026/65536 MS: 1 CustomCrossOver-
#27078	RELOAD cov: 1656 ft: 6924 corp: 700/2111Kb lim: 65536 exec/s: 902 rss: 5959Mb
#27131	NEW    cov: 1656 ft: 6924 corp: 701/2111Kb lim: 65536 exec/s: 904 rss: 5970Mb L: 1/65536 MS: 4 ChangeByte-Custom-CustomCrossOver-CustomCrossOver-
#27236	NEW    cov: 1656 ft: 6924 corp: 701/2111Kb lim: 65536 exec/s: 907 rss: 5993Mb L: 2/65536 MS: 7 CustomCrossOver-CustomCrossOver-ChangeBinInt-Custom-InsertByte-Custom-CustomCrossOver-
#27351	NEW    cov: 1656 ft: 6924 corp: 701/2111Kb lim: 65536 exec/s: 882 rss: 6019Mb L: 2/65536 MS: 8 CustomCrossOver-ChangeBinInt-Custom-ChangeByte-Custom-CrossOver-Custom-CustomCrossOver-
#27497	NEW    cov: 1656 ft: 6925 corp: 701/2111Kb lim: 65536 exec/s: 887 rss: 6050Mb L: 21/65536 MS: 1 CustomCrossOver-
#27693	NEW    cov: 1656 ft: 6925 corp: 701/2107Kb lim: 65536 exec/s: 893 rss: 6095Mb L: 4098/65536 MS: 1 CustomCrossOver-
#27920	NEW    cov: 1656 ft: 6925 corp: 701/2107Kb lim: 65536 exec/s: 900 rss: 6144Mb L: 2/65536 MS: 4 ShuffleBytes-Custom-InsertByte-Custom-
#28086	RELOAD cov: 1656 ft: 6928 corp: 701/2143Kb lim: 65536 exec/s: 906 rss: 6179Mb
#28091	NEW    cov: 1656 ft: 6931 corp: 702/2143Kb lim: 65536 exec/s: 906 rss: 6180Mb L: 91/65536 MS: 10 ChangeByte-Custom-InsertRepeatedBytes-Custom-ChangeBit-Custom-ManualDict-Custom-ChangeBit-Custom- DE: "failures"-
#28202	NEW    cov: 1656 ft: 6933 corp: 703/2143Kb lim: 65536 exec/s: 909 rss: 6204Mb L: 10/65536 MS: 2 EraseBytes-Custom-
#28232	NEW    cov: 1656 ft: 6934 corp: 704/2143Kb lim: 65536 exec/s: 882 rss: 6211Mb L: 14/65536 MS: 10 ChangeBit-Custom-InsertRepeatedBytes-Custom-ManualDict-Custom-ShuffleBytes-Custom-InsertByte-Custom- DE: "22"-
#28423	NEW    cov: 1656 ft: 6934 corp: 704/2143Kb lim: 65536 exec/s: 888 rss: 6250Mb L: 1/65536 MS: 2 ShuffleBytes-Custom-
#28964	NEW    cov: 1656 ft: 6934 corp: 705/2143Kb lim: 65536 exec/s: 905 rss: 6365Mb L: 49/65536 MS: 2 ChangeBinInt-Custom-
#29106	RELOAD cov: 1656 ft: 6939 corp: 706/2174Kb lim: 65536 exec/s: 909 rss: 6396Mb
#29728	NEW    cov: 1656 ft: 7014 corp: 707/2174Kb lim: 65536 exec/s: 900 rss: 6530Mb L: 35/65536 MS: 4 InsertByte-Custom-ManualDict-Custom- DE: "tostring"-
#29899	RELOAD cov: 1656 ft: 7014 corp: 708/2182Kb lim: 65536 exec/s: 879 rss: 6567Mb
#30073	NEW    cov: 1656 ft: 7014 corp: 708/2182Kb lim: 65536 exec/s: 884 rss: 6602Mb L: 12/65536 MS: 8 InsertByte-Custom-ChangeBinInt-Custom-ChangeByte-Custom-ChangeByte-Custom-
#30104	NEW    cov: 1656 ft: 7017 corp: 709/2199Kb lim: 65536 exec/s: 885 rss: 6602Mb L: 18141/65536 MS: 2 PersAutoDict-Custom- DE: "list"-
#30151	NEW    cov: 1656 ft: 7017 corp: 709/2199Kb lim: 65536 exec/s: 886 rss: 6602Mb L: 48/65536 MS: 4 InsertRepeatedBytes-Custom-EraseBytes-Custom-
#30172	NEW    cov: 1656 ft: 7018 corp: 709/2168Kb lim: 65536 exec/s: 887 rss: 6603Mb L: 31908/65536 MS: 2 ChangeBit-Custom-
#30492	NEW    cov: 1656 ft: 7018 corp: 709/2168Kb lim: 65536 exec/s: 896 rss: 6607Mb L: 3/65536 MS: 8 ChangeByte-Custom-CrossOver-Custom-CustomCrossOver-CustomCrossOver-InsertByte-Custom-
#30580	NEW    cov: 1656 ft: 7021 corp: 710/2168Kb lim: 65536 exec/s: 873 rss: 6608Mb L: 94/65536 MS: 6 CopyPart-Custom-CMP-Custom-CopyPart-Custom- DE: "\377\377\377\377\377\377\377\001"-
#30645	RELOAD cov: 1656 ft: 7021 corp: 710/2162Kb lim: 65536 exec/s: 875 rss: 6609Mb
#30886	NEW    cov: 1656 ft: 7022 corp: 711/2185Kb lim: 65536 exec/s: 882 rss: 6630Mb L: 24317/65536 MS: 2 ChangeBit-Custom-
#31008	NEW    cov: 1656 ft: 7022 corp: 711/2131Kb lim: 65536 exec/s: 885 rss: 6634Mb L: 2048/65536 MS: 4 ChangeBit-Custom-ChangeByte-Custom-
#31067	NEW    cov: 1656 ft: 7023 corp: 712/2131Kb lim: 65536 exec/s: 887 rss: 6634Mb L: 62/65536 MS: 8 CopyPart-Custom-ManualDict-Custom-ChangeBit-Custom-InsertRepeatedBytes-Custom- DE: "for"-
#31123	NEW    cov: 1656 ft: 7023 corp: 712/2131Kb lim: 65536 exec/s: 889 rss: 6634Mb L: 2/65536 MS: 1 CustomCrossOver-
#31154	NEW    cov: 1656 ft: 7023 corp: 712/2131Kb lim: 65536 exec/s: 890 rss: 6634Mb L: 3/65536 MS: 2 ChangeBinInt-Custom-
#31156	NEW    cov: 1656 ft: 7023 corp: 712/2109Kb lim: 65536 exec/s: 890 rss: 6634Mb L: 1055/65536 MS: 3 CustomCrossOver-ShuffleBytes-Custom-
#31354	RELOAD cov: 1656 ft: 7023 corp: 713/2077Kb lim: 65536 exec/s: 870 rss: 6638Mb
#31910	NEW    cov: 1656 ft: 7023 corp: 713/2077Kb lim: 65536 exec/s: 862 rss: 6647Mb L: 16/65536 MS: 2 CopyPart-Custom-
#32112	RELOAD cov: 1656 ft: 7023 corp: 714/2092Kb lim: 65536 exec/s: 867 rss: 6647Mb
#32164	NEW    cov: 1656 ft: 7026 corp: 715/2100Kb lim: 65536 exec/s: 869 rss: 6647Mb L: 8570/65536 MS: 3 ChangeBinInt-Custom-CustomCrossOver-
#32281	NEW    cov: 1656 ft: 7026 corp: 715/2100Kb lim: 65536 exec/s: 872 rss: 6647Mb L: 4099/65536 MS: 4 ChangeASCIIInt-Custom-InsertByte-Custom-
#32308	NEW    cov: 1656 ft: 7026 corp: 715/2100Kb lim: 65536 exec/s: 873 rss: 6647Mb L: 89/65536 MS: 4 ChangeBinInt-Custom-CopyPart-Custom-
#32507	NEW    cov: 1656 ft: 7028 corp: 716/2100Kb lim: 65536 exec/s: 855 rss: 6647Mb L: 112/65536 MS: 8 CopyPart-Custom-ChangeBinInt-Custom-InsertRepeatedBytes-Custom-ChangeByte-Custom-
#32513	NEW    cov: 1656 ft: 7028 corp: 716/2100Kb lim: 65536 exec/s: 855 rss: 6647Mb L: 8/65536 MS: 2 InsertByte-Custom-
#32745	RELOAD cov: 1656 ft: 7028 corp: 717/2108Kb lim: 65536 exec/s: 861 rss: 6647Mb
#32768	pulse  cov: 1656 ft: 7028 corp: 717/2108Kb lim: 65536 exec/s: 862 rss: 6647Mb
#32813	NEW    cov: 1656 ft: 7028 corp: 717/2108Kb lim: 65536 exec/s: 863 rss: 6647Mb L: 32/65536 MS: 6 InsertByte-Custom-CMP-Custom-ManualDict-Custom- DE: "\037\000\000\000"-"must be a table"-
#32848	NEW    cov: 1656 ft: 7032 corp: 718/2119Kb lim: 65536 exec/s: 864 rss: 6647Mb L: 11204/65536 MS: 10 ChangeASCIIInt-Custom-InsertByte-Custom-InsertRepeatedBytes-Custom-ShuffleBytes-Custom-EraseBytes-Custom-
#32856	NEW    cov: 1656 ft: 7034 corp: 719/2119Kb lim: 65536 exec/s: 864 rss: 6647Mb L: 489/65536 MS: 6 CopyPart-Custom-ChangeBit-Custom-PersAutoDict-Custom- DE: "theme"-
#32886	NEW    cov: 1656 ft: 7034 corp: 719/2119Kb lim: 65536 exec/s: 865 rss: 6647Mb L: 26/65536 MS: 8 CMP-Custom-CustomCrossOver-CustomCrossOver-ShuffleBytes-Custom-ManualDict-Custom- DE: "$\000\000\000\000\000\000\000"-"order"-
#33050	NEW    cov: 1656 ft: 7035 corp: 720/2119Kb lim: 65536 exec/s: 869 rss: 6666Mb L: 37/65536 MS: 8 CopyPart-Custom-ShuffleBytes-Custom-ShuffleBytes-Custom-ChangeBit-Custom-
#33051	NEW    cov: 1656 ft: 7037 corp: 720/2119Kb lim: 65536 exec/s: 869 rss: 6666Mb L: 36/65536 MS: 2 ManualDict-Custom- DE: "order"-
#33102	NEW    cov: 1656 ft: 7037 corp: 720/2119Kb lim: 65536 exec/s: 871 rss: 6676Mb L: 74/65536 MS: 2 ChangeBit-Custom-
#33314	NEW    cov: 1656 ft: 7037 corp: 720/2118Kb lim: 65536 exec/s: 854 rss: 6721Mb L: 259/65536 MS: 3 CustomCrossOver-InsertRepeatedBytes-Custom-
#33378	NEW    cov: 1656 ft: 7040 corp: 721/2182Kb lim: 65536 exec/s: 855 rss: 6733Mb L: 65533/65536 MS: 7 ChangeByte-Custom-ChangeByte-Custom-ManualDict-Custom-CustomCrossOver- DE: "inputs"-
#33468	NEW    cov: 1656 ft: 7040 corp: 721/2182Kb lim: 65536 exec/s: 858 rss: 6750Mb L: 79/65536 MS: 10 InsertRepeatedBytes-Custom-ChangeByte-Custom-ManualDict-Custom-ChangeBinInt-Custom-CopyPart-Custom- DE: "blocks"-
#33525	NEW    cov: 1656 ft: 7041 corp: 722/2182Kb lim: 65536 exec/s: 859 rss: 6762Mb L: 10/65536 MS: 4 ChangeBinInt-Custom-PersAutoDict-Custom- DE: "\377\377"-
#33666	RELOAD cov: 1656 ft: 7041 corp: 722/2182Kb lim: 65536 exec/s: 863 rss: 6792Mb
#33727	NEW    cov: 1656 ft: 7041 corp: 722/2181Kb lim: 65536 exec/s: 864 rss: 6805Mb L: 28/65536 MS: 2 CMP-Custom- DE: "\001\000\000\001"-
#33743	NEW    cov: 1656 ft: 7041 corp: 723/2181Kb lim: 65536 exec/s: 865 rss: 6809Mb L: 5/65536 MS: 2 ChangeByte-Custom-
#33753	NEW    cov: 1656 ft: 7041 corp: 723/2181Kb lim: 65536 exec/s: 865 rss: 6811Mb L: 1252/65536 MS: 10 InsertByte-Custom-ShuffleBytes-Custom-ManualDict-Custom-EraseBytes-Custom-EraseBytes-Custom- DE: "max_threads"-
#34137	NEW    cov: 1656 ft: 7043 corp: 722/2180Kb lim: 65536 exec/s: 758 rss: 6868Mb L: 89/65536 MS: 2 InsertRepeatedBytes-Custom-
#34221	NEW    cov: 1656 ft: 7043 corp: 722/2180Kb lim: 65536 exec/s: 760 rss: 6878Mb L: 87/65536 MS: 8 ChangeByte-Custom-InsertRepeatedBytes-Custom-ShuffleBytes-Custom-EraseBytes-Custom-
#34378	NEW    cov: 1656 ft: 7043 corp: 722/2180Kb lim: 65536 exec/s: 763 rss: 6899Mb L: 8/65536 MS: 4 ChangeBit-Custom-CMP-Custom- DE: "\002\000\000\000\001\000\000\000"-
#34430	NEW    cov: 1656 ft: 7043 corp: 722/2180Kb lim: 65536 exec/s: 765 rss: 6903Mb L: 18/65536 MS: 4 ShuffleBytes-Custom-ChangeBit-Custom-
#34481	NEW    cov: 1656 ft: 7043 corp: 723/2180Kb lim: 65536 exec/s: 766 rss: 6907Mb L: 1/65536 MS: 2 EraseBytes-Custom-
#34672	NEW    cov: 1656 ft: 7043 corp: 723/2180Kb lim: 65536 exec/s: 753 rss: 6907Mb L: 4/65536 MS: 1 CustomCrossOver-
#34817	RELOAD cov: 1656 ft: 7043 corp: 722/2180Kb lim: 65536 exec/s: 756 rss: 6907Mb
#34857	NEW    cov: 1656 ft: 7043 corp: 722/2180Kb lim: 65536 exec/s: 757 rss: 6910Mb L: 8311/65536 MS: 10 PersAutoDict-Custom-InsertRepeatedBytes-Custom-EraseBytes-Custom-PersAutoDict-Custom-InsertByte-Custom- DE: "in"-"@\000"-
#34873	NEW    cov: 1656 ft: 7044 corp: 723/2180Kb lim: 65536 exec/s: 758 rss: 6912Mb L: 111/65536 MS: 2 PersAutoDict-Custom- DE: "\000\000\000\000\000\000\000\000"-
#34900	NEW    cov: 1656 ft: 7045 corp: 724/2182Kb lim: 65536 exec/s: 758 rss: 6916Mb L: 2059/65536 MS: 4 ManualDict-Custom-PersAutoDict-Custom- DE: "Lua error"-"\377\377\377\377\377\377\377\001"-
#34972	NEW    cov: 1656 ft: 7047 corp: 725/2182Kb lim: 65536 exec/s: 760 rss: 6932Mb L: 51/65536 MS: 4 PersAutoDict-Custom-ManualDict-Custom- DE: "open_libraries"-","-
#34983	NEW    cov: 1656 ft: 7047 corp: 724/2181Kb lim: 65536 exec/s: 760 rss: 6934Mb L: 19/65536 MS: 1 CustomCrossOver-
#34985	NEW    cov: 1656 ft: 7047 corp: 724/2181Kb lim: 65536 exec/s: 760 rss: 6934Mb L: 12/65536 MS: 4 CMP-Custom-InsertByte-Custom- DE: "tostring"-
#34993	NEW    cov: 1656 ft: 7047 corp: 725/2181Kb lim: 65536 exec/s: 760 rss: 6936Mb L: 10/65536 MS: 6 InsertByte-Custom-ChangeBit-Custom-EraseBytes-Custom-
#35128	RELOAD cov: 1656 ft: 7047 corp: 725/2181Kb lim: 65536 exec/s: 747 rss: 6953Mb
#35315	NEW    cov: 1656 ft: 7047 corp: 724/2181Kb lim: 65536 exec/s: 653 rss: 6970Mb L: 2/65536 MS: 6 CopyPart-Custom-ChangeBinInt-Custom-EraseBytes-Custom-
