INFO: found LLVMFuzzerCustomMutator (0x4d05e8). Disabling -len_control by default.
Dictionary: 286 entries
INFO: Running with entropic power schedule (0xFF, 100).
INFO: Seed: 962625378
INFO: Loaded 1 modules   (4931 inline 8-bit counters): 4931 [0x1494dbc, 0x14960ff), 
INFO: Loaded 1 PC tables (4931 PCs): 4931 [0x11acb48,0x11bff78), 
INFO:     2272 files found in report/fuzz/corpus/lua_dsl
INFO: seed corpus: files: 2272 min: 1b max: 65536b total: 4554433b rss: 31Mb
#2048	pulse  cov: 1656 ft: 6032 corp: 398/43Kb exec/s: 1024 rss: 460Mb
#2252	INITED cov: 1656 ft: 6320 corp: 496/2505Kb exec/s: 1126 rss: 509Mb
#2256	NEW    cov: 1656 ft: 6320 corp: 497/2505Kb lim: 65536 exec/s: 1128 rss: 510Mb L: 3/65536 MS: 4 CustomCrossOver-CustomCrossOver-CustomCrossOver-CustomCrossOver-
#2257	NEW    cov: 1656 ft: 6320 corp: 495/2505Kb lim: 65536 exec/s: 1128 rss: 510Mb L: 18/65536 MS: 2 ChangeBinInt-Custom-
#2258	NEW    cov: 1656 ft: 6320 corp: 494/2504Kb lim: 65536 exec/s: 1129 rss: 510Mb L: 64/65536 MS: 2 CopyPart-Custom-
#2259	NEW    cov: 1656 ft: 6321 corp: 494/2504Kb lim: 65536 exec/s: 1129 rss: 510Mb L: 130/65536 MS: 1 CustomCrossOver-
#2260	NEW    cov: 1656 ft: 6321 corp: 495/2506Kb lim: 65536 exec/s: 1130 rss: 511Mb L: 2050/65536 MS: 2 ChangeBit-Custom-
#2261	NEW    cov: 1656 ft: 6321 corp: 496/2506Kb lim: 65536 exec/s: 1130 rss: 511Mb L: 2/65536 MS: 2 CrossOver-Custom-
#2262	NEW    cov: 1656 ft: 6321 corp: 495/2506Kb lim: 65536 exec/s: 1131 rss: 511Mb L: 5/65536 MS: 2 ShuffleBytes-Custom-
#2263	NEW    cov: 1656 ft: 6321 corp: 494/2506Kb lim: 65536 exec/s: 1131 rss: 511Mb L: 16/65536 MS: 1 CustomCrossOver-
#2264	NEW    cov: 1656 ft: 6321 corp: 494/2506Kb lim: 65536 exec/s: 1132 rss: 511Mb L: 34/65536 MS: 1 CustomCrossOver-
#2272	NEW    cov: 1656 ft: 6322 corp: 495/2506Kb lim: 65536 exec/s: 1136 rss: 513Mb L: 306/65536 MS: 4 CustomCrossOver-CustomCrossOver-InsertRepeatedBytes-Custom-
#2273	NEW    cov: 1656 ft: 6322 corp: 496/2506Kb lim: 65536 exec/s: 1136 rss: 513Mb L: 1/65536 MS: 1 CustomCrossOver-
#2274	NEW    cov: 1656 ft: 6322 corp: 496/2506Kb lim: 65536 exec/s: 1137 rss: 514Mb L: 2/65536 MS: 1 CustomCrossOver-
#2284	NEW    cov: 1656 ft: 6323 corp: 497/2506Kb lim: 65536 exec/s: 1142 rss: 516Mb L: 296/65536 MS: 10 ChangeByte-Custom-InsertByte-Custom-CopyPart-Custom-CMP-Custom-EraseBytes-Custom- DE: "\024\000\000\000\000\000\000\000"-
#2285	NEW    cov: 1656 ft: 6323 corp: 498/2514Kb lim: 65536 exec/s: 1142 rss: 517Mb L: 8194/65536 MS: 2 InsertByte-Custom-
#2291	NEW    cov: 1656 ft: 6323 corp: 497/2514Kb lim: 65536 exec/s: 1145 rss: 518Mb L: 23/65536 MS: 2 CrossOver-Custom-
#2293	NEW    cov: 1656 ft: 6323 corp: 498/2516Kb lim: 65536 exec/s: 1146 rss: 518Mb L: 1274/65536 MS: 4 ChangeBit-Custom-ChangeBinInt-Custom-
#2294	NEW    cov: 1656 ft: 6323 corp: 498/2515Kb lim: 65536 exec/s: 1147 rss: 519Mb L: 104/65536 MS: 2 InsertRepeatedBytes-Custom-
#2295	NEW    cov: 1656 ft: 6323 corp: 498/2515Kb lim: 65536 exec/s: 1147 rss: 519Mb L: 2/65536 MS: 1 CustomCrossOver-
#2297	NEW    cov: 1656 ft: 6323 corp: 498/2515Kb lim: 65536 exec/s: 1148 rss: 519Mb L: 32884/65536 MS: 2 CustomCrossOver-CustomCrossOver-
#2298	NEW    cov: 1656 ft: 6323 corp: 498/2455Kb lim: 65536 exec/s: 1149 rss: 520Mb L: 2059/65536 MS: 2 PersAutoDict-Custom- DE: "\024\000\000\000\000\000\000\000"-
#2299	NEW    cov: 1656 ft: 6323 corp: 498/2455Kb lim: 65536 exec/s: 1149 rss: 520Mb L: 32/65536 MS: 2 ShuffleBytes-Custom-
#2305	NEW    cov: 1656 ft: 6323 corp: 498/2455Kb lim: 65536 exec/s: 1152 rss: 521Mb L: 7/65536 MS: 2 InsertByte-Custom-
#2306	NEW    cov: 1656 ft: 6323 corp: 499/2455Kb lim: 65536 exec/s: 1153 rss: 521Mb L: 31/65536 MS: 2 ChangeBinInt-Custom-
#2307	NEW    cov: 1656 ft: 6323 corp: 500/2456Kb lim: 65536 exec/s: 1153 rss: 521Mb L: 441/65536 MS: 2 InsertRepeatedBytes-Custom-
#2308	NEW    cov: 1656 ft: 6323 corp: 501/2456Kb lim: 65536 exec/s: 1154 rss: 521Mb L: 13/65536 MS: 2 ChangeByte-Custom-
#2320	NEW    cov: 1656 ft: 6323 corp: 501/2456Kb lim: 65536 exec/s: 1160 rss: 524Mb L: 2/65536 MS: 3 ManualDict-Custom-CustomCrossOver- DE: "does-not-exist"-
#2321	NEW    cov: 1656 ft: 6323 corp: 501/2456Kb lim: 65536 exec/s: 1160 rss: 524Mb L: 8/65536 MS: 2 InsertByte-Custom-
#2326	NEW    cov: 1656 ft: 6323 corp: 502/2456Kb lim: 65536 exec/s: 1163 rss: 525Mb L: 17/65536 MS: 7 InsertRepeatedBytes-Custom-CustomCrossOver-CustomCrossOver-CrossOver-Custom-CustomCrossOver-
#2332	NEW    cov: 1656 ft: 6323 corp: 500/2451Kb lim: 65536 exec/s: 1166 rss: 527Mb L: 48/65536 MS: 2 PersAutoDict-Custom- DE: "\024\000\000\000\000\000\000\000"-
#2348	NEW    cov: 1656 ft: 6323 corp: 500/2451Kb lim: 65536 exec/s: 1174 rss: 530Mb L: 5/65536 MS: 1 CustomCrossOver-
#2357	NEW    cov: 1656 ft: 6323 corp: 501/2451Kb lim: 65536 exec/s: 1178 rss: 532Mb L: 15/65536 MS: 6 CustomCrossOver-ShuffleBytes-Custom-CustomCrossOver-ManualDict-Custom- DE: "fnv1a32"-
#2368	NEW    cov: 1656 ft: 6323 corp: 502/2451Kb lim: 65536 exec/s: 1184 rss: 535Mb L: 5/65536 MS: 1 CustomCrossOver-
#2372	NEW    cov: 1656 ft: 6323 corp: 502/2451Kb lim: 65536 exec/s: 1186 rss: 535Mb L: 18/65536 MS: 6 CustomCrossOver-CustomCrossOver-PersAutoDict-Custom-CMP-Custom- DE: "fnv1a32"-"\012\000"-
#2373	NEW    cov: 1656 ft: 6324 corp: 503/2512Kb lim: 65536 exec/s: 1186 rss: 535Mb L: 62080/65536 MS: 2 ChangeASCIIInt-Custom-
#2375	NEW    cov: 1656 ft: 6327 corp: 504/2568Kb lim: 65536 exec/s: 1187 rss: 536Mb L: 57612/65536 MS: 3 CustomCrossOver-ChangeByte-Custom-
#2377	NEW    cov: 1656 ft: 6327 corp: 504/2568Kb lim: 65536 exec/s: 1188 rss: 536Mb L: 2/65536 MS: 2 CustomCrossOver-CustomCrossOver-
#2378	NEW    cov: 1656 ft: 6327 corp: 504/2568Kb lim: 65536 exec/s: 1189 rss: 537Mb L: 20/65536 MS: 1 CustomCrossOver-
#2379	NEW    cov: 1656 ft: 6327 corp: 503/2568Kb lim: 65536 exec/s: 1189 rss: 537Mb L: 5/65536 MS: 2 ChangeBit-Custom-
#2380	NEW    cov: 1656 ft: 6327 corp: 504/2568Kb lim: 65536 exec/s: 1190 rss: 537Mb L: 3/65536 MS: 1 CustomCrossOver-
#2381	NEW    cov: 1656 ft: 6328 corp: 505/2593Kb lim: 65536 exec/s: 1190 rss: 537Mb L: 25383/65536 MS: 2 ChangeBinInt-Custom-
#2382	NEW    cov: 1656 ft: 6328 corp: 506/2593Kb lim: 65536 exec/s: 1191 rss: 538Mb L: 25/65536 MS: 2 CMP-Custom- DE: "to_uppercase"-
#2393	NEW    cov: 1656 ft: 6328 corp: 506/2593Kb lim: 65536 exec/s: 1196 rss: 540Mb L: 2/65536 MS: 1 CustomCrossOver-
#2395	NEW    cov: 1656 ft: 6329 corp: 507/2632Kb lim: 65536 exec/s: 1197 rss: 540Mb L: 40821/65536 MS: 4 CMP-Custom-EraseBytes-Custom- DE: "utc"-
#2396	NEW    cov: 1656 ft: 6330 corp: 508/2632Kb lim: 65536 exec/s: 1198 rss: 541Mb L: 1/65536 MS: 2 EraseBytes-Custom-
#2417	NEW    cov: 1656 ft: 6330 corp: 508/2632Kb lim: 65536 exec/s: 1208 rss: 545Mb L: 2/65536 MS: 1 CustomCrossOver-
#2418	NEW    cov: 1656 ft: 6330 corp: 509/2632Kb lim: 65536 exec/s: 1209 rss: 545Mb L: 1/65536 MS: 1 CustomCrossOver-
#2421	NEW    cov: 1656 ft: 6330 corp: 510/2636Kb lim: 65536 exec/s: 1210 rss: 546Mb L: 4097/65536 MS: 6 EraseBytes-Custom-ChangeByte-Custom-ChangeASCIIInt-Custom-
#2426	NEW    cov: 1656 ft: 6330 corp: 510/2636Kb lim: 65536 exec/s: 1213 rss: 548Mb L: 518/65536 MS: 9 CopyPart-Custom-CrossOver-Custom-ChangeByte-Custom-CustomCrossOver-CrossOver-Custom-
#2432	NEW    cov: 1656 ft: 6330 corp: 510/2635Kb lim: 65536 exec/s: 1216 rss: 549Mb L: 57/65536 MS: 2 ManualDict-Custom- DE: "for"-
#2433	NEW    cov: 1656 ft: 6330 corp: 510/2635Kb lim: 65536 exec/s: 1216 rss: 549Mb L: 16/65536 MS: 1 CustomCrossOver-
#2437	NEW    cov: 1656 ft: 6330 corp: 511/2635Kb lim: 65536 exec/s: 1218 rss: 550Mb L: 2/65536 MS: 7 CopyPart-Custom-InsertRepeatedBytes-Custom-ChangeBit-Custom-CustomCrossOver-
#2441	NEW    cov: 1656 ft: 6330 corp: 511/2635Kb lim: 65536 exec/s: 1220 rss: 551Mb L: 19/65536 MS: 6 ChangeBit-Custom-CustomCrossOver-EraseBytes-Custom-CustomCrossOver-
#2442	NEW    cov: 1656 ft: 6330 corp: 511/2635Kb lim: 65536 exec/s: 1221 rss: 551Mb L: 4/65536 MS: 2 ChangeBit-Custom-
#2443	NEW    cov: 1656 ft: 6330 corp: 512/2635Kb lim: 65536 exec/s: 1221 rss: 551Mb L: 18/65536 MS: 1 CustomCrossOver-
#2444	NEW    cov: 1656 ft: 6330 corp: 512/2635Kb lim: 65536 exec/s: 1222 rss: 551Mb L: 2/65536 MS: 1 CustomCrossOver-
#2455	NEW    cov: 1656 ft: 6330 corp: 513/2635Kb lim: 65536 exec/s: 1227 rss: 554Mb L: 33/65536 MS: 1 CustomCrossOver-
#2463	NEW    cov: 1656 ft: 6331 corp: 514/2635Kb lim: 65536 exec/s: 1231 rss: 555Mb L: 8/65536 MS: 4 CustomCrossOver-CustomCrossOver-CrossOver-Custom-
#2469	NEW    cov: 1656 ft: 6331 corp: 514/2635Kb lim: 65536 exec/s: 1234 rss: 557Mb L: 2/65536 MS: 1 CustomCrossOver-
#2472	NEW    cov: 1656 ft: 6331 corp: 515/2635Kb lim: 65536 exec/s: 1236 rss: 557Mb L: 1/65536 MS: 5 ChangeByte-Custom-CopyPart-Custom-CustomCrossOver-
#2476	NEW    cov: 1656 ft: 6331 corp: 515/2579Kb lim: 65536 exec/s: 1238 rss: 558Mb L: 228/65536 MS: 7 ManualDict-Custom-InsertRepeatedBytes-Custom-CustomCrossOver-CopyPart-Custom- DE: "spinner"-
#2477	NEW    cov: 1656 ft: 6331 corp: 516/2579Kb lim: 65536 exec/s: 1238 rss: 559Mb L: 7/65536 MS: 2 EraseBytes-Custom-
#2483	NEW    cov: 1656 ft: 6331 corp: 517/2579Kb lim: 65536 exec/s: 1241 rss: 560Mb L: 3/65536 MS: 2 ShuffleBytes-Custom-
#2484	NEW    cov: 1656 ft: 6331 corp: 518/2579Kb lim: 65536 exec/s: 1242 rss: 560Mb L: 49/65536 MS: 1 CustomCrossOver-
#2485	NEW    cov: 1656 ft: 6332 corp: 519/2611Kb lim: 65536 exec/s: 1242 rss: 560Mb L: 32891/65536 MS: 1 CustomCrossOver-
#2488	NEW    cov: 1656 ft: 6333 corp: 520/2613Kb lim: 65536 exec/s: 1244 rss: 561Mb L: 1393/65536 MS: 5 PersAutoDict-Custom-CustomCrossOver-CrossOver-Custom- DE: "\024\000\000\000\000\000\000\000"-
#2490	NEW    cov: 1656 ft: 6333 corp: 521/2613Kb lim: 65536 exec/s: 1245 rss: 561Mb L: 4/65536 MS: 3 CustomCrossOver-CopyPart-Custom-
#2495	NEW    cov: 1656 ft: 6333 corp: 522/2613Kb lim: 65536 exec/s: 1247 rss: 562Mb L: 3/65536 MS: 7 CustomCrossOver-ChangeByte-Custom-CustomCrossOver-CustomCrossOver-InsertByte-Custom-
#2496	NEW    cov: 1656 ft: 6333 corp: 522/2613Kb lim: 65536 exec/s: 1248 rss: 563Mb L: 3/65536 MS: 2 EraseBytes-Custom-
#2504	NEW    cov: 1656 ft: 6334 corp: 523/2613Kb lim: 65536 exec/s: 1252 rss: 564Mb L: 116/65536 MS: 5 ManualDict-Custom-InsertRepeatedBytes-Custom-CustomCrossOver- DE: "does not support 'parallel'"-
#2510	NEW    cov: 1656 ft: 6334 corp: 524/2613Kb lim: 65536 exec/s: 1255 rss: 566Mb L: 15/65536 MS: 2 CopyPart-Custom-
#2520	NEW    cov: 1656 ft: 6334 corp: 524/2561Kb lim: 65536 exec/s: 1260 rss: 568Mb L: 260/65536 MS: 8 ManualDict-Custom-CustomCrossOver-ManualDict-Custom-PersAutoDict-Custom-CustomCrossOver- DE: "logging"-"nil"-"does not support 'parallel'"-
#2521	NEW    cov: 1656 ft: 6334 corp: 524/2561Kb lim: 65536 exec/s: 1260 rss: 568Mb L: 286/65536 MS: 1 CustomCrossOver-
#2522	NEW    cov: 1656 ft: 6336 corp: 525/2561Kb lim: 65536 exec/s: 1261 rss: 568Mb L: 7/65536 MS: 1 CustomCrossOver-
#2524	NEW    cov: 1656 ft: 6336 corp: 526/2561Kb lim: 65536 exec/s: 1262 rss: 568Mb L: 1/65536 MS: 3 PersAutoDict-Custom-CustomCrossOver- DE: "logging"-
#2535	NEW    cov: 1656 ft: 6336 corp: 527/2561Kb lim: 65536 exec/s: 1267 rss: 571Mb L: 5/65536 MS: 1 CustomCrossOver-
#2536	NEW    cov: 1656 ft: 6336 corp: 528/2561Kb lim: 65536 exec/s: 1268 rss: 571Mb L: 2/65536 MS: 2 CrossOver-Custom-
#2541	NEW    cov: 1656 ft: 6339 corp: 529/2561Kb lim: 65536 exec/s: 1270 rss: 572Mb L: 114/65536 MS: 10 EraseBytes-Custom-InsertRepeatedBytes-Custom-ChangeBit-Custom-InsertRepeatedBytes-Custom-EraseBytes-Custom-
#2549	NEW    cov: 1656 ft: 6339 corp: 528/2561Kb lim: 65536 exec/s: 1274 rss: 574Mb L: 17/65536 MS: 6 PersAutoDict-Custom-ShuffleBytes-Custom-PersAutoDict-Custom- DE: "does-not-exist"-"does-not-exist"-
#2566	NEW    cov: 1656 ft: 6339 corp: 529/2561Kb lim: 65536 exec/s: 1283 rss: 578Mb L: 5/65536 MS: 3 ChangeBit-Custom-CustomCrossOver-
#2567	NEW    cov: 1656 ft: 6339 corp: 529/2561Kb lim: 65536 exec/s: 1283 rss: 578Mb L: 11/65536 MS: 2 ChangeByte-Custom-
#2572	NEW    cov: 1656 ft: 6339 corp: 529/2561Kb lim: 65536 exec/s: 1286 rss: 580Mb L: 3/65536 MS: 8 ChangeByte-Custom-CustomCrossOver-EraseBytes-Custom-CustomCrossOver-ShuffleBytes-Custom-
#2578	NEW    cov: 1656 ft: 6339 corp: 529/2561Kb lim: 65536 exec/s: 1289 rss: 581Mb L: 34/65536 MS: 2 CrossOver-Custom-
#2580	NEW    cov: 1656 ft: 6339 corp: 529/2561Kb lim: 65536 exec/s: 1290 rss: 582Mb L: 11/65536 MS: 4 ShuffleBytes-Custom-CMP-Custom- DE: "template"-
#2581	NEW    cov: 1656 ft: 6340 corp: 530/2614Kb lim: 65536 exec/s: 1290 rss: 582Mb L: 54200/65536 MS: 2 EraseBytes-Custom-
#2586	NEW    cov: 1656 ft: 6340 corp: 530/2614Kb lim: 65536 exec/s: 1293 rss: 583Mb L: 20/65536 MS: 7 CustomCrossOver-CustomCrossOver-CustomCrossOver-ChangeByte-Custom-CMP-Custom- DE: "\377\377\377\377\377\377\377\016"-
#2587	NEW    cov: 1656 ft: 6340 corp: 531/2614Kb lim: 65536 exec/s: 1293 rss: 583Mb L: 3/65536 MS: 2 ChangeBit-Custom-
#2599	NEW    cov: 1656 ft: 6340 corp: 532/2614Kb lim: 65536 exec/s: 1299 rss: 586Mb L: 2/65536 MS: 2 CustomCrossOver-CustomCrossOver-
#2609	NEW    cov: 1656 ft: 6340 corp: 533/2614Kb lim: 65536 exec/s: 1304 rss: 588Mb L: 9/65536 MS: 7 InsertByte-Custom-CustomCrossOver-CustomCrossOver-EraseBytes-Custom-CustomCrossOver-
#2610	NEW    cov: 1656 ft: 6340 corp: 534/2614Kb lim: 65536 exec/s: 1305 rss: 589Mb L: 8/65536 MS: 2 CMP-Custom- DE: "nil"-
#2621	NEW    cov: 1656 ft: 6343 corp: 535/2614Kb lim: 65536 exec/s: 1310 rss: 591Mb L: 98/65536 MS: 2 ShuffleBytes-Custom-
#2623	NEW    cov: 1656 ft: 6343 corp: 533/2614Kb lim: 65536 exec/s: 1311 rss: 592Mb L: 6/65536 MS: 3 CrossOver-Custom-CustomCrossOver-
#2638	NEW    cov: 1656 ft: 6343 corp: 533/2614Kb lim: 65536 exec/s: 1319 rss: 594Mb L: 5/65536 MS: 8 CustomCrossOver-EraseBytes-Custom-CrossOver-Custom-CustomCrossOver-ChangeBit-Custom-
#2649	NEW    cov: 1656 ft: 6343 corp: 533/2613Kb lim: 65536 exec/s: 1324 rss: 597Mb L: 130/65536 MS: 1 CustomCrossOver-
#2650	NEW    cov: 1656 ft: 6343 corp: 531/2613Kb lim: 65536 exec/s: 1325 rss: 597Mb L: 20/65536 MS: 1 CustomCrossOver-
#2663	NEW    cov: 1656 ft: 6343 corp: 532/2613Kb lim: 65536 exec/s: 1331 rss: 600Mb L: 103/65536 MS: 6 InsertByte-Custom-PersAutoDict-Custom-CopyPart-Custom- DE: "spinner"-
#2664	NEW    cov: 1656 ft: 6343 corp: 532/2613Kb lim: 65536 exec/s: 1332 rss: 600Mb L: 32/65536 MS: 2 ShuffleBytes-Custom-
#2666	NEW    cov: 1656 ft: 6343 corp: 533/2613Kb lim: 65536 exec/s: 1333 rss: 601Mb L: 4/65536 MS: 3 ChangeByte-Custom-CustomCrossOver-
#2667	NEW    cov: 1656 ft: 6343 corp: 532/2613Kb lim: 65536 exec/s: 1333 rss: 601Mb L: 2/65536 MS: 1 CustomCrossOver-
#2669	NEW    cov: 1656 ft: 6343 corp: 533/2613Kb lim: 65536 exec/s: 1334 rss: 601Mb L: 100/65536 MS: 4 ShuffleBytes-Custom-InsertByte-Custom-
#2677	NEW    cov: 1656 ft: 6343 corp: 533/2613Kb lim: 65536 exec/s: 1338 rss: 603Mb L: 2/65536 MS: 5 ChangeBinInt-Custom-CrossOver-Custom-CustomCrossOver-
#2688	NEW    cov: 1656 ft: 6344 corp: 534/2636Kb lim: 65536 exec/s: 1344 rss: 605Mb L: 22955/65536 MS: 2 CopyPart-Custom-
#2690	NEW    cov: 1656 ft: 6344 corp: 534/2636Kb lim: 65536 exec/s: 1345 rss: 606Mb L: 2/65536 MS: 3 CustomCrossOver-ShuffleBytes-Custom-
#2701	NEW    cov: 1656 ft: 6344 corp: 534/2636Kb lim: 65536 exec/s: 1350 rss: 608Mb L: 1/65536 MS: 1 CustomCrossOver-
#2722	NEW    cov: 1656 ft: 6344 corp: 535/2636Kb lim: 65536 exec/s: 1361 rss: 612Mb L: 6/65536 MS: 2 CrossOver-Custom-
#2729	NEW    cov: 1656 ft: 6344 corp: 536/2636Kb lim: 65536 exec/s: 1364 rss: 614Mb L: 2/65536 MS: 2 CustomCrossOver-CustomCrossOver-
#2731	NEW    cov: 1656 ft: 6344 corp: 534/2636Kb lim: 65536 exec/s: 1365 rss: 614Mb L: 10/65536 MS: 3 CopyPart-Custom-CustomCrossOver-
#2737	NEW    cov: 1656 ft: 6344 corp: 534/2636Kb lim: 65536 exec/s: 1368 rss: 616Mb L: 6/65536 MS: 2 CopyPart-Custom-
#2744	NEW    cov: 1656 ft: 6344 corp: 535/2636Kb lim: 65536 exec/s: 1372 rss: 617Mb L: 18/65536 MS: 4 InsertRepeatedBytes-Custom-ChangeByte-Custom-
#2759	NEW    cov: 1656 ft: 6344 corp: 535/2636Kb lim: 65536 exec/s: 1379 rss: 620Mb L: 126/65536 MS: 8 CustomCrossOver-CustomCrossOver-InsertRepeatedBytes-Custom-ChangeBinInt-Custom-PersAutoDict-Custom- DE: "\024\000\000\000\000\000\000\000"-
#2760	NEW    cov: 1656 ft: 6344 corp: 533/2634Kb lim: 65536 exec/s: 1380 rss: 620Mb L: 256/65536 MS: 2 ShuffleBytes-Custom-
#2761	NEW    cov: 1656 ft: 6344 corp: 534/2634Kb lim: 65536 exec/s: 1380 rss: 621Mb L: 253/65536 MS: 1 CustomCrossOver-
#2768	NEW    cov: 1656 ft: 6345 corp: 534/2591Kb lim: 65536 exec/s: 1384 rss: 622Mb L: 17562/65536 MS: 4 InsertRepeatedBytes-Custom-CopyPart-Custom-
#2783	NEW    cov: 1656 ft: 6345 corp: 535/2591Kb lim: 65536 exec/s: 1391 rss: 626Mb L: 17/65536 MS: 8 PersAutoDict-Custom-InsertByte-Custom-CustomCrossOver-CustomCrossOver-PersAutoDict-Custom- DE: "to_uppercase"-"\377\377\377\377\377\377\377\016"-
#2784	NEW    cov: 1656 ft: 6345 corp: 536/2591Kb lim: 65536 exec/s: 1392 rss: 626Mb L: 1/65536 MS: 1 CustomCrossOver-
#2786	NEW    cov: 1656 ft: 6345 corp: 535/2591Kb lim: 65536 exec/s: 1393 rss: 627Mb L: 2/65536 MS: 2 CustomCrossOver-CustomCrossOver-
#2789	NEW    cov: 1656 ft: 6345 corp: 535/2591Kb lim: 65536 exec/s: 1394 rss: 627Mb L: 44/65536 MS: 6 InsertByte-Custom-CMP-Custom-EraseBytes-Custom- DE: "\000\000\000\000\000\000\000\000"-
#2790	NEW    cov: 1656 ft: 6345 corp: 535/2588Kb lim: 65536 exec/s: 1395 rss: 627Mb L: 1055/65536 MS: 2 ManualDict-Custom- DE: "init"-
#2791	NEW    cov: 1656 ft: 6345 corp: 535/2588Kb lim: 65536 exec/s: 1395 rss: 627Mb L: 3/65536 MS: 2 ChangeBit-Custom-
#2792	NEW    cov: 1656 ft: 6345 corp: 535/2588Kb lim: 65536 exec/s: 1396 rss: 628Mb L: 67/65536 MS: 1 CustomCrossOver-
#2796	NEW    cov: 1656 ft: 6345 corp: 535/2584Kb lim: 65536 exec/s: 1398 rss: 629Mb L: 420/65536 MS: 8 CMP-Custom-InsertRepeatedBytes-Custom-ChangeBinInt-Custom-EraseBytes-Custom- DE: "\377\377\377\377\377\377\377Q"-
#2798	NEW    cov: 1656 ft: 6345 corp: 536/2584Kb lim: 65536 exec/s: 1399 rss: 629Mb L: 40/65536 MS: 2 CustomCrossOver-CustomCrossOver-
#2829	NEW    cov: 1656 ft: 6345 corp: 536/2584Kb lim: 65536 exec/s: 1414 rss: 636Mb L: 17/65536 MS: 1 CustomCrossOver-
#2834	NEW    cov: 1656 ft: 6345 corp: 536/2584Kb lim: 65536 exec/s: 1417 rss: 637Mb L: 10/65536 MS: 7 CustomCrossOver-PersAutoDict-Custom-CustomCrossOver-ChangeByte-Custom-CustomCrossOver- DE: "init"-
#2840	NEW    cov: 1656 ft: 6347 corp: 537/2588Kb lim: 65536 exec/s: 946 rss: 638Mb L: 4099/65536 MS: 1 CustomCrossOver-
#2846	NEW    cov: 1656 ft: 6347 corp: 538/2588Kb lim: 65536 exec/s: 948 rss: 640Mb L: 4/65536 MS: 2 CopyPart-Custom-
#2848	NEW    cov: 1656 ft: 6347 corp: 539/2588Kb lim: 65536 exec/s: 949 rss: 641Mb L: 51/65536 MS: 2 CustomCrossOver-CustomCrossOver-
#2858	NEW    cov: 1656 ft: 6347 corp: 540/2588Kb lim: 65536 exec/s: 952 rss: 643Mb L: 1/65536 MS: 8 ManualDict-Custom-CustomCrossOver-CustomCrossOver-ChangeByte-Custom-EraseBytes-Custom- DE: "init"-
#2879	NEW    cov: 1656 ft: 6347 corp: 541/2589Kb lim: 65536 exec/s: 959 rss: 647Mb L: 1030/65536 MS: 1 CustomCrossOver-
#2916	NEW    cov: 1656 ft: 6350 corp: 542/2591Kb lim: 65536 exec/s: 972 rss: 656Mb L: 2043/65536 MS: 2 CustomCrossOver-CustomCrossOver-
#2959	NEW    cov: 1656 ft: 6350 corp: 542/2559Kb lim: 65536 exec/s: 986 rss: 666Mb L: 411/65536 MS: 4 CustomCrossOver-CustomCrossOver-EraseBytes-Custom-
#2960	NEW    cov: 1656 ft: 6350 corp: 542/2559Kb lim: 65536 exec/s: 986 rss: 666Mb L: 36/65536 MS: 2 CopyPart-Custom-
#2967	NEW    cov: 1656 ft: 6350 corp: 543/2559Kb lim: 65536 exec/s: 989 rss: 667Mb L: 61/65536 MS: 4 InsertRepeatedBytes-Custom-ManualDict-Custom- DE: "run_log"-
#2968	NEW    cov: 1656 ft: 6350 corp: 544/2559Kb lim: 65536 exec/s: 989 rss: 668Mb L: 1/65536 MS: 2 ChangeASCIIInt-Custom-
#2972	NEW    cov: 1656 ft: 6350 corp: 544/2559Kb lim: 65536 exec/s: 990 rss: 668Mb L: 413/65536 MS: 8 InsertRepeatedBytes-Custom-InsertRepeatedBytes-Custom-ShuffleBytes-Custom-InsertRepeatedBytes-Custom-
#2976	NEW    cov: 1656 ft: 6350 corp: 544/2554Kb lim: 65536 exec/s: 992 rss: 669Mb L: 107/65536 MS: 5 CustomCrossOver-CustomCrossOver-CustomCrossOver-CrossOver-Custom-
#2978	NEW    cov: 1656 ft: 6350 corp: 542/2553Kb lim: 65536 exec/s: 992 rss: 670Mb L: 12/65536 MS: 4 ChangeByte-Custom-CopyPart-Custom-
#2985	NEW    cov: 1656 ft: 6350 corp: 542/2553Kb lim: 65536 exec/s: 995 rss: 671Mb L: 5/65536 MS: 4 ShuffleBytes-Custom-ShuffleBytes-Custom-
#2986	NEW    cov: 1656 ft: 6350 corp: 543/2567Kb lim: 65536 exec/s: 995 rss: 672Mb L: 14152/65536 MS: 2 ChangeASCIIInt-Custom-
#3001	NEW    cov: 1656 ft: 6350 corp: 543/2567Kb lim: 65536 exec/s: 1000 rss: 674Mb L: 5/65536 MS: 7 InsertByte-Custom-CustomCrossOver-CustomCrossOver-CustomCrossOver-PersAutoDict-Custom- DE: "for"-
#3008	NEW    cov: 1656 ft: 6350 corp: 543/2567Kb lim: 65536 exec/s: 1002 rss: 675Mb L: 48/65536 MS: 4 InsertByte-Custom-EraseBytes-Custom-
#3010	NEW    cov: 1656 ft: 6351 corp: 544/2569Kb lim: 65536 exec/s: 1003 rss: 676Mb L: 2043/65536 MS: 4 ShuffleBytes-Custom-ManualDict-Custom- DE: "artifacts"-
#3011	NEW    cov: 1656 ft: 6351 corp: 545/2569Kb lim: 65536 exec/s: 1003 rss: 676Mb L: 2/65536 MS: 1 CustomCrossOver-
#3012	NEW    cov: 1656 ft: 6351 corp: 545/2569Kb lim: 65536 exec/s: 1004 rss: 676Mb L: 33/65536 MS: 2 CrossOver-Custom-
#3013	NEW    cov: 1656 ft: 6352 corp: 546/2569Kb lim: 65536 exec/s: 1004 rss: 677Mb L: 258/65536 MS: 1 CustomCrossOver-
#3032	NEW    cov: 1656 ft: 6353 corp: 547/2569Kb lim: 65536 exec/s: 1010 rss: 680Mb L: 2/65536 MS: 5 CustomCrossOver-ChangeBit-Custom-CustomCrossOver-CustomCrossOver-
#3043	NEW    cov: 1656 ft: 6353 corp: 548/2569Kb lim: 65536 exec/s: 1014 rss: 683Mb L: 25/65536 MS: 2 ChangeBit-Custom-
#3049	NEW    cov: 1656 ft: 6353 corp: 547/2569Kb lim: 65536 exec/s: 1016 rss: 684Mb L: 7/65536 MS: 1 CustomCrossOver-
#3056	NEW    cov: 1656 ft: 6355 corp: 548/2633Kb lim: 65536 exec/s: 1018 rss: 686Mb L: 65535/65536 MS: 2 CustomCrossOver-CustomCrossOver-
#3067	NEW    cov: 1656 ft: 6355 corp: 549/2633Kb lim: 65536 exec/s: 1022 rss: 689Mb L: 12/65536 MS: 2 CMP-Custom- DE: "\001\000\000\037"-
#3070	NEW    cov: 1656 ft: 6355 corp: 548/2633Kb lim: 65536 exec/s: 1023 rss: 690Mb L: 9/65536 MS: 5 PersAutoDict-Custom-CustomCrossOver-CrossOver-Custom- DE: "artifacts"-
#3073	NEW    cov: 1656 ft: 6356 corp: 549/2633Kb lim: 65536 exec/s: 1024 rss: 690Mb L: 296/65536 MS: 4 CustomCrossOver-ChangeBit-Custom-CustomCrossOver-
#3074	NEW    cov: 1656 ft: 6359 corp: 549/2633Kb lim: 65536 exec/s: 1024 rss: 690Mb L: 2/65536 MS: 1 CustomCrossOver-
#3076	NEW    cov: 1656 ft: 6359 corp: 550/2633Kb lim: 65536 exec/s: 1025 rss: 691Mb L: 3/65536 MS: 4 CopyPart-Custom-EraseBytes-Custom-
#3083	NEW    cov: 1656 ft: 6360 corp: 551/2633Kb lim: 65536 exec/s: 1027 rss: 692Mb L: 70/65536 MS: 4 CMP-Custom-ChangeASCIIInt-Custom- DE: "\026\000"-
#3087	NEW    cov: 1656 ft: 6361 corp: 552/2649Kb lim: 65536 exec/s: 1029 rss: 693Mb L: 16403/65536 MS: 6 CopyPart-Custom-CustomCrossOver-CrossOver-Custom-CustomCrossOver-
#3128	NEW    cov: 1656 ft: 6361 corp: 552/2649Kb lim: 65536 exec/s: 1042 rss: 703Mb L: 4/65536 MS: 1 CustomCrossOver-
#3133	NEW    cov: 1656 ft: 6361 corp: 553/2649Kb lim: 65536 exec/s: 1044 rss: 704Mb L: 131/65536 MS: 7 CustomCrossOver-ChangeBit-Custom-CustomCrossOver-CopyPart-Custom-CustomCrossOver-
#3772	RELOAD cov: 1656 ft: 6478 corp: 578/2361Kb lim: 65536 exec/s: 1257 rss: 839Mb
#3848	NEW    cov: 1656 ft: 6478 corp: 578/2361Kb lim: 65536 exec/s: 962 rss: 851Mb L: 5/65536 MS: 1 CustomCrossOver-
#3869	NEW    cov: 1656 ft: 6478 corp: 578/2361Kb lim: 65536 exec/s: 967 rss: 856Mb L: 77/65536 MS: 2 InsertRepeatedBytes-Custom-
#3880	NEW    cov: 1656 ft: 6478 corp: 579/2361Kb lim: 65536 exec/s: 970 rss: 858Mb L: 1/65536 MS: 2 EraseBytes-Custom-
#3893	NEW    cov: 1656 ft: 6479 corp: 580/2375Kb lim: 65536 exec/s: 973 rss: 861Mb L: 14153/65536 MS: 4 CustomCrossOver-CustomCrossOver-ChangeBit-Custom-
#3911	NEW    cov: 1656 ft: 6479 corp: 581/2375Kb lim: 65536 exec/s: 977 rss: 864Mb L: 7/65536 MS: 4 ChangeBinInt-Custom-CustomCrossOver-CustomCrossOver-
#3915	NEW    cov: 1656 ft: 6479 corp: 582/2375Kb lim: 65536 exec/s: 978 rss: 864Mb L: 1/65536 MS: 7 InsertByte-Custom-CrossOver-Custom-ShuffleBytes-Custom-CustomCrossOver-
#3916	NEW    cov: 1656 ft: 6479 corp: 579/2375Kb lim: 65536 exec/s: 979 rss: 865Mb L: 3/65536 MS: 2 ShuffleBytes-Custom-
#3919	NEW    cov: 1656 ft: 6479 corp: 580/2375Kb lim: 65536 exec/s: 979 rss: 865Mb L: 2/65536 MS: 4 CustomCrossOver-ManualDict-Custom-CustomCrossOver- DE: "optimize_gc_for_throughput"-
#3921	NEW    cov: 1656 ft: 6479 corp: 580/2375Kb lim: 65536 exec/s: 980 rss: 866Mb L: 17/65536 MS: 3 CustomCrossOver-ManualDict-Custom- DE: "registerTask"-
#3942	NEW    cov: 1656 ft: 6482 corp: 581/2438Kb lim: 65536 exec/s: 985 rss: 870Mb L: 65026/65536 MS: 2 ChangeASCIIInt-Custom-
#3979	NEW    cov: 1656 ft: 6482 corp: 580/2438Kb lim: 65536 exec/s: 994 rss: 878Mb L: 3/65536 MS: 2 CustomCrossOver-CustomCrossOver-
#3992	NEW    cov: 1656 ft: 6482 corp: 579/2438Kb lim: 65536 exec/s: 998 rss: 881Mb L: 43/65536 MS: 5 ShuffleBytes-Custom-CustomCrossOver-InsertByte-Custom-
#3999	NEW    cov: 1656 ft: 6482 corp: 580/2438Kb lim: 65536 exec/s: 999 rss: 882Mb L: 2/65536 MS: 3 InsertRepeatedBytes-Custom-CustomCrossOver-
#4000	NEW    cov: 1656 ft: 6482 corp: 580/2438Kb lim: 65536 exec/s: 1000 rss: 882Mb L: 26/65536 MS: 2 CMP-Custom- DE: "sol.sol"-
#4020	NEW    cov: 1656 ft: 6483 corp: 581/2460Kb lim: 65536 exec/s: 1005 rss: 886Mb L: 22606/65536 MS: 7 CustomCrossOver-CustomCrossOver-ChangeBit-Custom-CustomCrossOver-CopyPart-Custom-
#4042	NEW    cov: 1656 ft: 6484 corp: 582/2460Kb lim: 65536 exec/s: 1010 rss: 890Mb L: 16/65536 MS: 4 InsertByte-Custom-EraseBytes-Custom-
#4068	NEW    cov: 1656 ft: 6484 corp: 582/2460Kb lim: 65536 exec/s: 1017 rss: 897Mb L: 218/65536 MS: 2 CopyPart-Custom-
#4086	NEW    cov: 1656 ft: 6484 corp: 582/2460Kb lim: 65536 exec/s: 1021 rss: 900Mb L: 294/65536 MS: 4 CustomCrossOver-CrossOver-Custom-CustomCrossOver-
#4089	NEW    cov: 1656 ft: 6484 corp: 582/2460Kb lim: 65536 exec/s: 1022 rss: 901Mb L: 2/65536 MS: 4 InsertByte-Custom-CustomCrossOver-CustomCrossOver-
#4094	NEW    cov: 1656 ft: 6485 corp: 583/2460Kb lim: 65536 exec/s: 1023 rss: 902Mb L: 4/65536 MS: 9 CustomCrossOver-ShuffleBytes-Custom-ChangeASCIIInt-Custom-ManualDict-Custom-EraseBytes-Custom- DE: "env"-
#4096	pulse  cov: 1656 ft: 6485 corp: 583/2460Kb lim: 65536 exec/s: 1024 rss: 902Mb
#4122	NEW    cov: 1656 ft: 6485 corp: 582/2460Kb lim: 65536 exec/s: 1030 rss: 908Mb L: 4/65536 MS: 6 ChangeByte-Custom-ShuffleBytes-Custom-ChangeBit-Custom-
#4178	NEW    cov: 1656 ft: 6485 corp: 582/2460Kb lim: 65536 exec/s: 1044 rss: 920Mb L: 22/65536 MS: 2 InsertRepeatedBytes-Custom-
#4193	NEW    cov: 1656 ft: 6486 corp: 583/2461Kb lim: 65536 exec/s: 1048 rss: 923Mb L: 513/65536 MS: 6 CustomCrossOver-CustomCrossOver-CustomCrossOver-CustomCrossOver-CMP-Custom- DE: "diff"-
#4194	NEW    cov: 1656 ft: 6486 corp: 583/2461Kb lim: 65536 exec/s: 1048 rss: 924Mb L: 83/65536 MS: 1 CustomCrossOver-
#4204	NEW    cov: 1656 ft: 6486 corp: 584/2461Kb lim: 65536 exec/s: 1051 rss: 925Mb L: 1/65536 MS: 9 CrossOver-Custom-ManualDict-Custom-ShuffleBytes-Custom-CustomCrossOver-EraseBytes-Custom- DE: "beez.config"-
#4205	NEW    cov: 1656 ft: 6486 corp: 583/2457Kb lim: 65536 exec/s: 1051 rss: 925Mb L: 17/65536 MS: 2 ShuffleBytes-Custom-
#4304	NEW    cov: 1656 ft: 6488 corp: 584/2457Kb lim: 65536 exec/s: 1076 rss: 947Mb L: 260/65536 MS: 5 CMP-Custom-CustomCrossOver-CustomCrossOver-CustomCrossOver- DE: "__b"-
#4305	NEW    cov: 1656 ft: 6488 corp: 585/2457Kb lim: 65536 exec/s: 1076 rss: 947Mb L: 6/65536 MS: 2 InsertByte-Custom-
#4352	NEW    cov: 1656 ft: 6489 corp: 586/2457Kb lim: 65536 exec/s: 1088 rss: 958Mb L: 2/65536 MS: 3 ChangeBit-Custom-CustomCrossOver-
#4369	NEW    cov: 1656 ft: 6489 corp: 586/2457Kb lim: 65536 exec/s: 1092 rss: 962Mb L: 2/65536 MS: 3 PersAutoDict-Custom-CustomCrossOver- DE: "diff"-
#4370	NEW    cov: 1656 ft: 6490 corp: 586/2457Kb lim: 65536 exec/s: 1092 rss: 962Mb L: 17/65536 MS: 2 InsertByte-Custom-
#4371	NEW    cov: 1656 ft: 6490 corp: 585/2457Kb lim: 65536 exec/s: 1092 rss: 962Mb L: 2/65536 MS: 1 CustomCrossOver-
#4376	NEW    cov: 1656 ft: 6490 corp: 585/2457Kb lim: 65536 exec/s: 1094 rss: 963Mb L: 31/65536 MS: 9 EraseBytes-Custom-CustomCrossOver-CopyPart-Custom-ChangeByte-Custom-InsertByte-Custom-
#4387	NEW    cov: 1656 ft: 6490 corp: 586/2457Kb lim: 65536 exec/s: 1096 rss: 965Mb L: 91/65536 MS: 2 InsertRepeatedBytes-Custom-
#4418	NEW    cov: 1656 ft: 6490 corp: 585/2452Kb lim: 65536 exec/s: 1104 rss: 972Mb L: 1059/65536 MS: 2 PersAutoDict-Custom- DE: "\024\000\000\000\000\000\000\000"-
#4419	NEW    cov: 1656 ft: 6490 corp: 585/2451Kb lim: 65536 exec/s: 1104 rss: 972Mb L: 18/65536 MS: 1 CustomCrossOver-
#4421	NEW    cov: 1656 ft: 6490 corp: 586/2451Kb lim: 65536 exec/s: 1105 rss: 972Mb L: 20/65536 MS: 4 PersAutoDict-Custom-ShuffleBytes-Custom- DE: "registerTask"-
#4427	NEW    cov: 1656 ft: 6490 corp: 585/2451Kb lim: 65536 exec/s: 1106 rss: 974Mb L: 4/65536 MS: 2 CopyPart-Custom-
#4448	NEW    cov: 1656 ft: 6490 corp: 584/2451Kb lim: 65536 exec/s: 1112 rss: 978Mb L: 2/65536 MS: 1 CustomCrossOver-
#4451	NEW    cov: 1656 ft: 6490 corp: 585/2451Kb lim: 65536 exec/s: 1112 rss: 978Mb L: 34/65536 MS: 4 CustomCrossOver-CustomCrossOver-CMP-Custom- DE: "\001\000"-
#4452	NEW    cov: 1656 ft: 6490 corp: 584/2447Kb lim: 65536 exec/s: 1113 rss: 978Mb L: 3/65536 MS: 1 CustomCrossOver-
#4460	NEW    cov: 1656 ft: 6490 corp: 585/2447Kb lim: 65536 exec/s: 1115 rss: 980Mb L: 16/65536 MS: 4 CustomCrossOver-ChangeBit-Custom-CustomCrossOver-
#4469	NEW    cov: 1656 ft: 6491 corp: 585/2447Kb lim: 65536 exec/s: 1117 rss: 982Mb L: 2/65536 MS: 5 CustomCrossOver-ShuffleBytes-Custom-CustomCrossOver-CustomCrossOver-
#4481	NEW    cov: 1656 ft: 6491 corp: 584/2447Kb lim: 65536 exec/s: 1120 rss: 985Mb L: 18/65536 MS: 3 ChangeBinInt-Custom-CustomCrossOver-
#4489	NEW    cov: 1656 ft: 6491 corp: 584/2445Kb lim: 65536 exec/s: 1122 rss: 986Mb L: 87/65536 MS: 6 InsertRepeatedBytes-Custom-EraseBytes-Custom-InsertRepeatedBytes-Custom-
#4527	NEW    cov: 1656 ft: 6494 corp: 585/2469Kb lim: 65536 exec/s: 1131 rss: 995Mb L: 24575/65536 MS: 4 CustomCrossOver-ChangeByte-Custom-CustomCrossOver-
#4528	NEW    cov: 1656 ft: 6494 corp: 585/2469Kb lim: 65536 exec/s: 1132 rss: 995Mb L: 30/65536 MS: 2 ManualDict-Custom- DE: "applyEnvironment"-
#4530	NEW    cov: 1656 ft: 6494 corp: 586/2469Kb lim: 65536 exec/s: 1132 rss: 996Mb L: 8/65536 MS: 2 CustomCrossOver-CustomCrossOver-
#4531	NEW    cov: 1656 ft: 6494 corp: 586/2469Kb lim: 65536 exec/s: 1132 rss: 996Mb L: 5/65536 MS: 2 ShuffleBytes-Custom-
#4557	NEW    cov: 1656 ft: 6497 corp: 586/2468Kb lim: 65536 exec/s: 1139 rss: 1002Mb L: 16995/65536 MS: 1 CustomCrossOver-
#4561	NEW    cov: 1656 ft: 6497 corp: 586/2468Kb lim: 65536 exec/s: 1140 rss: 1002Mb L: 32/65536 MS: 6 CrossOver-Custom-CustomCrossOver-CustomCrossOver-PersAutoDict-Custom- DE: "does-not-exist"-
#4570	NEW    cov: 1656 ft: 6497 corp: 586/2468Kb lim: 65536 exec/s: 1142 rss: 1004Mb L: 21/65536 MS: 8 PersAutoDict-Custom-InsertByte-Custom-ShuffleBytes-Custom-ManualDict-Custom- DE: "applyEnvironment"-"or"-
#4571	NEW    cov: 1656 ft: 6499 corp: 587/2492Kb lim: 65536 exec/s: 1142 rss: 1004Mb L: 24579/65536 MS: 1 CustomCrossOver-
#4579	NEW    cov: 1656 ft: 6499 corp: 587/2492Kb lim: 65536 exec/s: 1144 rss: 1005Mb L: 2/65536 MS: 5 InsertRepeatedBytes-Custom-ChangeBit-Custom-CustomCrossOver-
#4586	NEW    cov: 1656 ft: 6499 corp: 584/2470Kb lim: 65536 exec/s: 1146 rss: 1007Mb L: 36/65536 MS: 2 CustomCrossOver-CustomCrossOver-
#4589	NEW    cov: 1656 ft: 6499 corp: 584/2470Kb lim: 65536 exec/s: 1147 rss: 1008Mb L: 38/65536 MS: 6 ShuffleBytes-Custom-ChangeByte-Custom-ManualDict-Custom- DE: "configure_step"-
#4597	NEW    cov: 1656 ft: 6499 corp: 585/2471Kb lim: 65536 exec/s: 1149 rss: 1010Mb L: 296/65536 MS: 4 CustomCrossOver-CustomCrossOver-InsertRepeatedBytes-Custom-
#4609	NEW    cov: 1656 ft: 6499 corp: 586/2495Kb lim: 65536 exec/s: 1152 rss: 1012Mb L: 24605/65536 MS: 3 ShuffleBytes-Custom-CustomCrossOver-
#4610	NEW    cov: 1656 ft: 6499 corp: 587/2495Kb lim: 65536 exec/s: 1152 rss: 1012Mb L: 2/65536 MS: 1 CustomCrossOver-
#4611	NEW    cov: 1656 ft: 6499 corp: 588/2495Kb lim: 65536 exec/s: 1152 rss: 1012Mb L: 2/65536 MS: 2 ChangeBinInt-Custom-
#4618	NEW    cov: 1656 ft: 6499 corp: 588/2495Kb lim: 65536 exec/s: 1154 rss: 1014Mb L: 2/65536 MS: 3 CustomCrossOver-ChangeBit-Custom-
#4625	NEW    cov: 1656 ft: 6499 corp: 589/2495Kb lim: 65536 exec/s: 1156 rss: 1015Mb L: 9/65536 MS: 4 InsertByte-Custom-ChangeBinInt-Custom-
#4647	NEW    cov: 1656 ft: 6499 corp: 589/2495Kb lim: 65536 exec/s: 1161 rss: 1020Mb L: 30/65536 MS: 2 CustomCrossOver-CustomCrossOver-
#4653	NEW    cov: 1656 ft: 6499 corp: 589/2494Kb lim: 65536 exec/s: 1163 rss: 1022Mb L: 4/65536 MS: 1 CustomCrossOver-
#4654	NEW    cov: 1656 ft: 6499 corp: 590/2494Kb lim: 65536 exec/s: 1163 rss: 1022Mb L: 2/65536 MS: 1 CustomCrossOver-
#4711	NEW    cov: 1656 ft: 6499 corp: 589/2494Kb lim: 65536 exec/s: 1177 rss: 1034Mb L: 2/65536 MS: 2 CustomCrossOver-CustomCrossOver-
#4735	NEW    cov: 1656 ft: 6499 corp: 590/2494Kb lim: 65536 exec/s: 1183 rss: 1039Mb L: 24/65536 MS: 8 ChangeBit-Custom-PersAutoDict-Custom-ManualDict-Custom-ChangeBinInt-Custom- DE: "configure_step"-"name"-
#4749	NEW    cov: 1656 ft: 6499 corp: 591/2494Kb lim: 65536 exec/s: 1187 rss: 1042Mb L: 1/65536 MS: 6 CrossOver-Custom-CustomCrossOver-PersAutoDict-Custom-CustomCrossOver- DE: "beez.config"-
#5168	RELOAD cov: 1656 ft: 6502 corp: 597/2525Kb lim: 65536 exec/s: 1033 rss: 1133Mb
#5186	NEW    cov: 1656 ft: 6502 corp: 597/2525Kb lim: 65536 exec/s: 1037 rss: 1136Mb L: 32/65536 MS: 5 ManualDict-Custom-CustomCrossOver-InsertByte-Custom- DE: "use_mmap_for_hashing"-
#5198	NEW    cov: 1656 ft: 6502 corp: 597/2525Kb lim: 65536 exec/s: 1039 rss: 1139Mb L: 1/65536 MS: 3 CustomCrossOver-EraseBytes-Custom-
#5219	NEW    cov: 1656 ft: 6502 corp: 598/2525Kb lim: 65536 exec/s: 1043 rss: 1143Mb L: 3/65536 MS: 2 ShuffleBytes-Custom-
#5229	NEW    cov: 1656 ft: 6502 corp: 598/2525Kb lim: 65536 exec/s: 1045 rss: 1146Mb L: 11/65536 MS: 10 CopyPart-Custom-ChangeASCIIInt-Custom-ChangeASCIIInt-Custom-ChangeBinInt-Custom-EraseBytes-Custom-
#5241	NEW    cov: 1656 ft: 6502 corp: 598/2525Kb lim: 65536 exec/s: 1048 rss: 1148Mb L: 2/65536 MS: 2 CustomCrossOver-CustomCrossOver-
#5377	NEW    cov: 1656 ft: 6502 corp: 598/2525Kb lim: 65536 exec/s: 1075 rss: 1179Mb L: 26/65536 MS: 2 InsertByte-Custom-
#5390	NEW    cov: 1656 ft: 6503 corp: 599/2529Kb lim: 65536 exec/s: 1078 rss: 1182Mb L: 4096/65536 MS: 4 CustomCrossOver-CustomCrossOver-InsertByte-Custom-
#5420	NEW    cov: 1656 ft: 6503 corp: 600/2529Kb lim: 65536 exec/s: 1084 rss: 1188Mb L: 166/65536 MS: 10 ShuffleBytes-Custom-ChangeBit-Custom-InsertRepeatedBytes-Custom-InsertRepeatedBytes-Custom-EraseBytes-Custom-
#5432	NEW    cov: 1656 ft: 6503 corp: 600/2529Kb lim: 65536 exec/s: 1086 rss: 1191Mb L: 16/65536 MS: 4 CMP-Custom-ChangeByte-Custom- DE: "\002\000"-
#5459	NEW    cov: 1656 ft: 6503 corp: 600/2529Kb lim: 65536 exec/s: 1091 rss: 1197Mb L: 1/65536 MS: 2 CustomCrossOver-CustomCrossOver-
#5461	NEW    cov: 1656 ft: 6503 corp: 600/2529Kb lim: 65536 exec/s: 1092 rss: 1197Mb L: 2/65536 MS: 3 CustomCrossOver-ChangeBinInt-Custom-
#5495	NEW    cov: 1656 ft: 6505 corp: 597/2527Kb lim: 65536 exec/s: 1099 rss: 1204Mb L: 76/65536 MS: 8 PersAutoDict-Custom-InsertRepeatedBytes-Custom-CMP-Custom-ChangeByte-Custom- DE: "__b"-"is_tty"-
#5523	NEW    cov: 1656 ft: 6505 corp: 598/2531Kb lim: 65536 exec/s: 1104 rss: 1211Mb L: 4127/65536 MS: 6 InsertRepeatedBytes-Custom-ChangeByte-Custom-ChangeBit-Custom-
#5565	NEW    cov: 1656 ft: 6505 corp: 599/2532Kb lim: 65536 exec/s: 1113 rss: 1220Mb L: 550/65536 MS: 3 ChangeBinInt-Custom-CustomCrossOver-
#5566	NEW    cov: 1656 ft: 6505 corp: 600/2532Kb lim: 65536 exec/s: 1113 rss: 1220Mb L: 1/65536 MS: 2 EraseBytes-Custom-
#5567	NEW    cov: 1656 ft: 6505 corp: 600/2532Kb lim: 65536 exec/s: 1113 rss: 1220Mb L: 3/65536 MS: 2 InsertByte-Custom-
#5638	NEW    cov: 1656 ft: 6505 corp: 600/2532Kb lim: 65536 exec/s: 1127 rss: 1236Mb L: 16607/65536 MS: 2 ChangeBit-Custom-
#5699	NEW    cov: 1656 ft: 6505 corp: 600/2532Kb lim: 65536 exec/s: 1139 rss: 1249Mb L: 3/65536 MS: 2 EraseBytes-Custom-
#5705	NEW    cov: 1656 ft: 6506 corp: 601/2532Kb lim: 65536 exec/s: 1141 rss: 1250Mb L: 201/65536 MS: 1 CustomCrossOver-
#5726	NEW    cov: 1656 ft: 6506 corp: 601/2532Kb lim: 65536 exec/s: 1145 rss: 1255Mb L: 15/65536 MS: 2 ChangeBit-Custom-
#5727	NEW    cov: 1656 ft: 6506 corp: 601/2532Kb lim: 65536 exec/s: 1145 rss: 1255Mb L: 21/65536 MS: 2 CrossOver-Custom-
#5729	NEW    cov: 1656 ft: 6506 corp: 601/2516Kb lim: 65536 exec/s: 1145 rss: 1255Mb L: 4/65536 MS: 4 EraseBytes-Custom-CMP-Custom- DE: "sol"-
#5773	NEW    cov: 1656 ft: 6506 corp: 601/2516Kb lim: 65536 exec/s: 1154 rss: 1266Mb L: 7/65536 MS: 6 CustomCrossOver-ChangeBit-Custom-ChangeByte-Custom-CustomCrossOver-
#5785	NEW    cov: 1656 ft: 6509 corp: 602/2518Kb lim: 65536 exec/s: 964 rss: 1268Mb L: 1723/65536 MS: 3 CustomCrossOver-CrossOver-Custom-
#5787	NEW    cov: 1656 ft: 6509 corp: 602/2518Kb lim: 65536 exec/s: 964 rss: 1269Mb L: 15/65536 MS: 4 InsertByte-Custom-CMP-Custom- DE: "regex_"-
#5858	NEW    cov: 1656 ft: 6509 corp: 602/2514Kb lim: 65536 exec/s: 976 rss: 1285Mb L: 2/65536 MS: 1 CustomCrossOver-
#5873	NEW    cov: 1656 ft: 6510 corp: 603/2514Kb lim: 65536 exec/s: 978 rss: 1288Mb L: 575/65536 MS: 9 EraseBytes-Custom-CustomCrossOver-InsertByte-Custom-ManualDict-Custom-PersAutoDict-Custom- DE: "phase"-"sol.sol"-
#5879	NEW    cov: 1656 ft: 6510 corp: 603/2514Kb lim: 65536 exec/s: 979 rss: 1290Mb L: 26/65536 MS: 2 ManualDict-Custom- DE: "protect"-
#5896	NEW    cov: 1656 ft: 6510 corp: 603/2514Kb lim: 65536 exec/s: 982 rss: 1293Mb L: 20/65536 MS: 2 CustomCrossOver-CustomCrossOver-
#5912	NEW    cov: 1656 ft: 6511 corp: 604/2514Kb lim: 65536 exec/s: 985 rss: 1296Mb L: 3/65536 MS: 2 ChangeBit-Custom-
#5928	NEW    cov: 1656 ft: 6511 corp: 605/2514Kb lim: 65536 exec/s: 988 rss: 1299Mb L: 2/65536 MS: 1 CustomCrossOver-
#5984	NEW    cov: 1656 ft: 6511 corp: 605/2514Kb lim: 65536 exec/s: 997 rss: 1310Mb L: 96/65536 MS: 2 InsertRepeatedBytes-Custom-
#5995	NEW    cov: 1656 ft: 6511 corp: 605/2513Kb lim: 65536 exec/s: 999 rss: 1313Mb L: 4/65536 MS: 2 ManualDict-Custom- DE: "zstd"-
#5996	NEW    cov: 1656 ft: 6514 corp: 606/2515Kb lim: 65536 exec/s: 999 rss: 1313Mb L: 2045/65536 MS: 2 CMP-Custom- DE: "\020\000\000\000\000\000\000\000"-
#6022	NEW    cov: 1656 ft: 6514 corp: 606/2515Kb lim: 65536 exec/s: 1003 rss: 1319Mb L: 4/65536 MS: 2 CopyPart-Custom-
#6033	NEW    cov: 1656 ft: 6514 corp: 606/2515Kb lim: 65536 exec/s: 1005 rss: 1321Mb L: 89/65536 MS: 2 InsertRepeatedBytes-Custom-
#6035	NEW    cov: 1656 ft: 6514 corp: 606/2513Kb lim: 65536 exec/s: 1005 rss: 1322Mb L: 4/65536 MS: 4 InsertByte-Custom-ChangeBinInt-Custom-
#6042	NEW    cov: 1656 ft: 6514 corp: 606/2513Kb lim: 65536 exec/s: 1007 rss: 1323Mb L: 4/65536 MS: 3 ShuffleBytes-Custom-CustomCrossOver-
#6069	NEW    cov: 1656 ft: 6514 corp: 606/2502Kb lim: 65536 exec/s: 1011 rss: 1329Mb L: 11455/65536 MS: 4 EraseBytes-Custom-InsertByte-Custom-
#6103	NEW    cov: 1656 ft: 6514 corp: 607/2503Kb lim: 65536 exec/s: 1017 rss: 1336Mb L: 422/65536 MS: 8 ChangeBit-Custom-EraseBytes-Custom-ChangeBinInt-Custom-CopyPart-Custom-
	NEW_FUNC[1/3]: 0x000000503470 in std::vector<beez::core::WorkflowStage, std::allocator<beez::core::WorkflowStage>>::size() const /usr/bin/../lib/gcc/x86_64-redhat-linux/16/../../../../include/c++/16/bits/stl_vector.h:1108
	NEW_FUNC[2/3]: 0x0000005038e0 in std::__detail::_Node_const_iterator<std::pair<std::__cxx11::basic_string<char, std::char_traits<char>, std::allocator<char>> const, beez::core::Workflow>, false, true>::operator++() /usr/bin/../lib/gcc/x86_64-redhat-linux/16/../../../../include/c++/16/bits/hashtable_policy.h:506
#6383	RELOAD cov: 1682 ft: 6707 corp: 612/2423Kb lim: 65536 exec/s: 1063 rss: 1398Mb
#6384	NEW    cov: 1682 ft: 6707 corp: 612/2423Kb lim: 65536 exec/s: 1064 rss: 1398Mb L: 5/65536 MS: 1 CustomCrossOver-
#6401	NEW    cov: 1682 ft: 6708 corp: 613/2423Kb lim: 65536 exec/s: 1066 rss: 1401Mb L: 5/65536 MS: 2 CustomCrossOver-CustomCrossOver-
#6449	NEW    cov: 1682 ft: 6708 corp: 613/2423Kb lim: 65536 exec/s: 1074 rss: 1411Mb L: 5/65536 MS: 6 ChangeBinInt-Custom-ChangeBinInt-Custom-ManualDict-Custom- DE: "R\"("-
#6542	NEW    cov: 1682 ft: 6708 corp: 613/2423Kb lim: 65536 exec/s: 1090 rss: 1433Mb L: 11/65536 MS: 6 ChangeBinInt-Custom-ChangeByte-Custom-CopyPart-Custom-
#6553	NEW    cov: 1682 ft: 6709 corp: 614/2423Kb lim: 65536 exec/s: 1092 rss: 1435Mb L: 93/65536 MS: 2 InsertRepeatedBytes-Custom-
#6574	NEW    cov: 1682 ft: 6709 corp: 615/2425Kb lim: 65536 exec/s: 1095 rss: 1440Mb L: 1257/65536 MS: 2 ManualDict-Custom- DE: "bulk-"-
#6577	NEW    cov: 1682 ft: 6709 corp: 615/2425Kb lim: 65536 exec/s: 1096 rss: 1441Mb L: 22/65536 MS: 6 ShuffleBytes-Custom-InsertByte-Custom-ManualDict-Custom- DE: "sequential"-
#6583	NEW    cov: 1682 ft: 6709 corp: 615/2425Kb lim: 65536 exec/s: 1097 rss: 1442Mb L: 19/65536 MS: 2 ChangeByte-Custom-
#6633	NEW    cov: 1682 ft: 6710 corp: 616/2425Kb lim: 65536 exec/s: 947 rss: 1453Mb L: 5/65536 MS: 6 CustomCrossOver-CustomCrossOver-ChangeBit-Custom-CustomCrossOver-CustomCrossOver-
#6665	NEW    cov: 1682 ft: 6710 corp: 616/2425Kb lim: 65536 exec/s: 952 rss: 1460Mb L: 16387/65536 MS: 3 CustomCrossOver-InsertByte-Custom-
#6667	NEW    cov: 1682 ft: 6710 corp: 617/2432Kb lim: 65536 exec/s: 952 rss: 1460Mb L: 7290/65536 MS: 4 EraseBytes-Custom-CMP-Custom- DE: "\023\000\000\000\000\000\000\000"-
#6715	NEW    cov: 1682 ft: 6710 corp: 617/2432Kb lim: 65536 exec/s: 959 rss: 1471Mb L: 86/65536 MS: 6 CMP-Custom-PersAutoDict-Custom-ManualDict-Custom- DE: "\377\377\377\031"-"does not support 'parallel'"-"ipairs"-
#6848	NEW    cov: 1682 ft: 6710 corp: 618/2432Kb lim: 65536 exec/s: 978 rss: 1501Mb L: 53/65536 MS: 4 CustomCrossOver-CustomCrossOver-InsertRepeatedBytes-Custom-
#6854	NEW    cov: 1682 ft: 6710 corp: 619/2432Kb lim: 65536 exec/s: 979 rss: 1502Mb L: 11/65536 MS: 2 ChangeBinInt-Custom-
#6863	NEW    cov: 1682 ft: 6710 corp: 619/2432Kb lim: 65536 exec/s: 980 rss: 1504Mb L: 19/65536 MS: 8 CMP-Custom-ChangeBit-Custom-ChangeByte-Custom-ChangeBinInt-Custom- DE: "\002\000"-
#6882	NEW    cov: 1682 ft: 6710 corp: 620/2432Kb lim: 65536 exec/s: 983 rss: 1508Mb L: 601/65536 MS: 8 ManualDict-Custom-InsertByte-Custom-ManualDict-Custom-InsertByte-Custom- DE: "must be a table"-"0x"-
#6942	NEW    cov: 1682 ft: 6710 corp: 620/2432Kb lim: 65536 exec/s: 991 rss: 1521Mb L: 3/65536 MS: 9 InsertByte-Custom-ShuffleBytes-Custom-CustomCrossOver-ChangeByte-Custom-InsertByte-Custom-
#6944	NEW    cov: 1682 ft: 6711 corp: 621/2432Kb lim: 65536 exec/s: 992 rss: 1521Mb L: 41/65536 MS: 3 CustomCrossOver-ChangeBit-Custom-
#6945	NEW    cov: 1682 ft: 6711 corp: 620/2432Kb lim: 65536 exec/s: 992 rss: 1521Mb L: 2/65536 MS: 1 CustomCrossOver-
#6960	NEW    cov: 1682 ft: 6712 corp: 621/2432Kb lim: 65536 exec/s: 994 rss: 1525Mb L: 5/65536 MS: 7 CustomCrossOver-CustomCrossOver-ChangeASCIIInt-Custom-CustomCrossOver-ChangeASCIIInt-Custom-
#6965	NEW    cov: 1682 ft: 6713 corp: 622/2432Kb lim: 65536 exec/s: 995 rss: 1526Mb L: 4/65536 MS: 8 ChangeBit-Custom-CustomCrossOver-CustomCrossOver-CopyPart-Custom-CrossOver-Custom-
#6966	NEW    cov: 1682 ft: 6714 corp: 622/2425Kb lim: 65536 exec/s: 995 rss: 1526Mb L: 1025/65536 MS: 1 CustomCrossOver-
#7037	NEW    cov: 1682 ft: 6714 corp: 623/2455Kb lim: 65536 exec/s: 1005 rss: 1542Mb L: 31224/65536 MS: 2 EraseBytes-Custom-
#7120	NEW    cov: 1682 ft: 6714 corp: 623/2453Kb lim: 65536 exec/s: 1017 rss: 1558Mb L: 119/65536 MS: 6 InsertByte-Custom-ChangeByte-Custom-InsertRepeatedBytes-Custom-
#7154	NEW    cov: 1682 ft: 6714 corp: 623/2450Kb lim: 65536 exec/s: 1022 rss: 1565Mb L: 11045/65536 MS: 8 ChangeASCIIInt-Custom-EraseBytes-Custom-PersAutoDict-Custom-InsertRepeatedBytes-Custom- DE: "registerTask"-
#7155	NEW    cov: 1682 ft: 6716 corp: 624/2481Kb lim: 65536 exec/s: 1022 rss: 1565Mb L: 31917/65536 MS: 2 CMP-Custom- DE: "\000\000\000\000\000\000\000\001"-
#7195	NEW    cov: 1682 ft: 6717 corp: 624/2479Kb lim: 65536 exec/s: 1027 rss: 1573Mb L: 28445/65536 MS: 10 PersAutoDict-Custom-ChangeBinInt-Custom-ManualDict-Custom-ChangeByte-Custom-InsertRepeatedBytes-Custom- DE: "\026\000"-"list"-
#7271	NEW    cov: 1682 ft: 6717 corp: 625/2495Kb lim: 65536 exec/s: 1038 rss: 1591Mb L: 16603/65536 MS: 2 ManualDict-Custom- DE: "lz4"-
#7275	NEW    cov: 1682 ft: 6717 corp: 625/2495Kb lim: 65536 exec/s: 1039 rss: 1591Mb L: 20/65536 MS: 8 InsertByte-Custom-CopyPart-Custom-ManualDict-Custom-ChangeByte-Custom- DE: "["-
#7316	NEW    cov: 1682 ft: 6717 corp: 625/2495Kb lim: 65536 exec/s: 1045 rss: 1598Mb L: 2/65536 MS: 2 CrossOver-Custom-
#7620	RELOAD cov: 1682 ft: 6785 corp: 631/2561Kb lim: 65536 exec/s: 952 rss: 1665Mb
#7645	NEW    cov: 1682 ft: 6786 corp: 632/2561Kb lim: 65536 exec/s: 955 rss: 1670Mb L: 258/65536 MS: 6 CustomCrossOver-CustomCrossOver-CustomCrossOver-ChangeByte-Custom-CustomCrossOver-
#7672	NEW    cov: 1682 ft: 6786 corp: 632/2561Kb lim: 65536 exec/s: 959 rss: 1675Mb L: 2/65536 MS: 2 CustomCrossOver-CustomCrossOver-
#7718	NEW    cov: 1682 ft: 6786 corp: 632/2561Kb lim: 65536 exec/s: 964 rss: 1685Mb L: 25/65536 MS: 1 CustomCrossOver-
#7719	NEW    cov: 1682 ft: 6787 corp: 633/2593Kb lim: 65536 exec/s: 964 rss: 1685Mb L: 32509/65536 MS: 1 CustomCrossOver-
#7732	NEW    cov: 1682 ft: 6787 corp: 633/2592Kb lim: 65536 exec/s: 966 rss: 1688Mb L: 2982/65536 MS: 6 PersAutoDict-Custom-CopyPart-Custom-ManualDict-Custom- DE: "name"-"cache_fs_metadata"-
#7906	NEW    cov: 1682 ft: 6787 corp: 633/2592Kb lim: 65536 exec/s: 988 rss: 1725Mb L: 16/65536 MS: 5 CustomCrossOver-CustomCrossOver-InsertRepeatedBytes-Custom-CustomCrossOver-
#8108	NEW    cov: 1682 ft: 6790 corp: 634/2656Kb lim: 65536 exec/s: 1013 rss: 1769Mb L: 65473/65536 MS: 2 CustomCrossOver-CustomCrossOver-
#8192	pulse  cov: 1682 ft: 6790 corp: 634/2656Kb lim: 65536 exec/s: 1024 rss: 1787Mb
#8234	NEW    cov: 1682 ft: 6790 corp: 634/2656Kb lim: 65536 exec/s: 1029 rss: 1796Mb L: 4/65536 MS: 1 CustomCrossOver-
#8313	NEW    cov: 1682 ft: 6790 corp: 634/2645Kb lim: 65536 exec/s: 1039 rss: 1815Mb L: 152/65536 MS: 8 InsertRepeatedBytes-Custom-InsertRepeatedBytes-Custom-ChangeBit-Custom-InsertByte-Custom-
#8349	NEW    cov: 1682 ft: 6791 corp: 635/2645Kb lim: 65536 exec/s: 1043 rss: 1821Mb L: 100/65536 MS: 2 InsertRepeatedBytes-Custom-
#8400	NEW    cov: 1682 ft: 6791 corp: 634/2645Kb lim: 65536 exec/s: 1050 rss: 1832Mb L: 2/65536 MS: 2 ChangeBit-Custom-
#8431	NEW    cov: 1682 ft: 6791 corp: 634/2644Kb lim: 65536 exec/s: 1053 rss: 1839Mb L: 2069/65536 MS: 1 CustomCrossOver-
#8514	NEW    cov: 1682 ft: 6791 corp: 635/2644Kb lim: 65536 exec/s: 1064 rss: 1858Mb L: 19/65536 MS: 5 ChangeByte-Custom-CopyPart-Custom-CustomCrossOver-
#8524	NEW    cov: 1682 ft: 6791 corp: 635/2644Kb lim: 65536 exec/s: 947 rss: 1860Mb L: 2/65536 MS: 6 CustomCrossOver-PersAutoDict-Custom-CustomCrossOver-CustomCrossOver-CustomCrossOver- DE: "does not support 'parallel'"-
#8741	RELOAD cov: 1682 ft: 6794 corp: 636/2675Kb lim: 65536 exec/s: 971 rss: 1908Mb
#8765	NEW    cov: 1682 ft: 6794 corp: 636/2622Kb lim: 65536 exec/s: 973 rss: 1913Mb L: 193/65536 MS: 8 InsertRepeatedBytes-Custom-PersAutoDict-Custom-ChangeByte-Custom-ManualDict-Custom- DE: "0x"-"beez.config"-
#8767	NEW    cov: 1682 ft: 6794 corp: 636/2622Kb lim: 65536 exec/s: 974 rss: 1914Mb L: 17/65536 MS: 4 ChangeByte-Custom-CMP-Custom- DE: "temp"-
#8791	NEW    cov: 1682 ft: 6794 corp: 636/2622Kb lim: 65536 exec/s: 976 rss: 1919Mb L: 21/65536 MS: 8 ChangeBit-Custom-ChangeByte-Custom-InsertByte-Custom-ManualDict-Custom- DE: "vars"-
#8827	NEW    cov: 1682 ft: 6794 corp: 637/2622Kb lim: 65536 exec/s: 980 rss: 1926Mb L: 18/65536 MS: 1 CustomCrossOver-
#8830	NEW    cov: 1682 ft: 6794 corp: 637/2622Kb lim: 65536 exec/s: 981 rss: 1927Mb L: 7/65536 MS: 4 CustomCrossOver-CustomCrossOver-ChangeBit-Custom-
#8858	NEW    cov: 1682 ft: 6794 corp: 637/2622Kb lim: 65536 exec/s: 984 rss: 1932Mb L: 418/65536 MS: 6 InsertByte-Custom-CMP-Custom-ChangeBit-Custom- DE: "\002\000"-
#8859	NEW    cov: 1682 ft: 6794 corp: 637/2622Kb lim: 65536 exec/s: 984 rss: 1932Mb L: 17/65536 MS: 2 ChangeBit-Custom-
#8865	NEW    cov: 1682 ft: 6798 corp: 637/2614Kb lim: 65536 exec/s: 985 rss: 1934Mb L: 62/65536 MS: 2 InsertRepeatedBytes-Custom-
#9062	NEW    cov: 1682 ft: 6799 corp: 638/2614Kb lim: 65536 exec/s: 1006 rss: 1978Mb L: 7/65536 MS: 4 ChangeBinInt-Custom-PersAutoDict-Custom- DE: "R\"("-
#9081	NEW    cov: 1682 ft: 6799 corp: 638/2614Kb lim: 65536 exec/s: 1009 rss: 1982Mb L: 81/65536 MS: 6 CustomCrossOver-PersAutoDict-Custom-CustomCrossOver-ChangeByte-Custom- DE: "ipairs"-
#9187	NEW    cov: 1682 ft: 6799 corp: 638/2614Kb lim: 65536 exec/s: 1020 rss: 2005Mb L: 1/65536 MS: 2 CopyPart-Custom-
#9191	NEW    cov: 1682 ft: 6799 corp: 639/2614Kb lim: 65536 exec/s: 1021 rss: 2006Mb L: 4/65536 MS: 8 ManualDict-Custom-InsertByte-Custom-ShuffleBytes-Custom-ChangeByte-Custom- DE: "}"-
#9278	NEW    cov: 1682 ft: 6799 corp: 638/2614Kb lim: 65536 exec/s: 1030 rss: 2025Mb L: 2/65536 MS: 2 CustomCrossOver-CustomCrossOver-
#9284	NEW    cov: 1682 ft: 6799 corp: 637/2614Kb lim: 65536 exec/s: 1031 rss: 2026Mb L: 17/65536 MS: 2 ChangeBinInt-Custom-
#9305	NEW    cov: 1682 ft: 6799 corp: 638/2614Kb lim: 65536 exec/s: 1033 rss: 2031Mb L: 16/65536 MS: 2 ShuffleBytes-Custom-
#9322	NEW    cov: 1682 ft: 6799 corp: 638/2614Kb lim: 65536 exec/s: 1035 rss: 2034Mb L: 17/65536 MS: 3 CustomCrossOver-ChangeBinInt-Custom-
#9325	NEW    cov: 1682 ft: 6799 corp: 639/2614Kb lim: 65536 exec/s: 1036 rss: 2035Mb L: 4/65536 MS: 6 ShuffleBytes-Custom-CopyPart-Custom-InsertByte-Custom-
#9341	NEW    cov: 1682 ft: 6799 corp: 640/2614Kb lim: 65536 exec/s: 1037 rss: 2038Mb L: 2/65536 MS: 1 CustomCrossOver-
#9353	NEW    cov: 1682 ft: 6799 corp: 641/2614Kb lim: 65536 exec/s: 1039 rss: 2041Mb L: 41/65536 MS: 4 InsertRepeatedBytes-Custom-ChangeBit-Custom-
#9470	NEW    cov: 1682 ft: 6799 corp: 641/2614Kb lim: 65536 exec/s: 1052 rss: 2067Mb L: 21/65536 MS: 3 CustomCrossOver-InsertByte-Custom-
#9486	NEW    cov: 1682 ft: 6799 corp: 642/2614Kb lim: 65536 exec/s: 948 rss: 2071Mb L: 1/65536 MS: 1 CustomCrossOver-
#9517	NEW    cov: 1682 ft: 6799 corp: 642/2614Kb lim: 65536 exec/s: 951 rss: 2078Mb L: 18/65536 MS: 2 ChangeASCIIInt-Custom-
#9575	NEW    cov: 1682 ft: 6799 corp: 642/2614Kb lim: 65536 exec/s: 957 rss: 2090Mb L: 17/65536 MS: 5 EraseBytes-Custom-CopyPart-Custom-CustomCrossOver-
#9841	RELOAD cov: 1682 ft: 6800 corp: 642/2529Kb lim: 65536 exec/s: 984 rss: 2148Mb
#9902	NEW    cov: 1682 ft: 6800 corp: 642/2529Kb lim: 65536 exec/s: 990 rss: 2161Mb L: 2/65536 MS: 1 CustomCrossOver-
#9907	NEW    cov: 1682 ft: 6800 corp: 642/2529Kb lim: 65536 exec/s: 990 rss: 2161Mb L: 187/65536 MS: 10 CMP-Custom-InsertRepeatedBytes-Custom-ChangeBit-Custom-ManualDict-Custom-CopyPart-Custom- DE: "\377\377\377\377\377\377\377\012"-"0x1e"-
#9908	NEW    cov: 1682 ft: 6800 corp: 642/2529Kb lim: 65536 exec/s: 990 rss: 2161Mb L: 1/65536 MS: 1 CustomCrossOver-
#9930	NEW    cov: 1682 ft: 6800 corp: 642/2529Kb lim: 65536 exec/s: 993 rss: 2166Mb L: 16/65536 MS: 4 EraseBytes-Custom-ChangeBit-Custom-
#10182	NEW    cov: 1682 ft: 6800 corp: 643/2529Kb lim: 65536 exec/s: 1018 rss: 2221Mb L: 92/65536 MS: 4 InsertRepeatedBytes-Custom-EraseBytes-Custom-
#10219	NEW    cov: 1682 ft: 6800 corp: 643/2529Kb lim: 65536 exec/s: 1021 rss: 2231Mb L: 18/65536 MS: 4 InsertByte-Custom-ManualDict-Custom- DE: "hash_vars"-
#10261	NEW    cov: 1682 ft: 6800 corp: 643/2529Kb lim: 65536 exec/s: 1026 rss: 2239Mb L: 3/65536 MS: 4 ShuffleBytes-Custom-EraseBytes-Custom-
#10273	NEW    cov: 1682 ft: 6802 corp: 644/2530Kb lim: 65536 exec/s: 1027 rss: 2242Mb L: 193/65536 MS: 3 ChangeByte-Custom-CustomCrossOver-
#10319	NEW    cov: 1682 ft: 6802 corp: 644/2530Kb lim: 65536 exec/s: 1031 rss: 2251Mb L: 18/65536 MS: 2 CMP-Custom- DE: "fs"-
#10409	NEW    cov: 1682 ft: 6802 corp: 644/2529Kb lim: 65536 exec/s: 1040 rss: 2270Mb L: 76/65536 MS: 7 CustomCrossOver-CustomCrossOver-ChangeBit-Custom-CopyPart-Custom-CustomCrossOver-
#10445	NEW    cov: 1682 ft: 6802 corp: 644/2529Kb lim: 65536 exec/s: 1044 rss: 2278Mb L: 18/65536 MS: 1 CustomCrossOver-
#10475	NEW    cov: 1682 ft: 6802 corp: 645/2530Kb lim: 65536 exec/s: 952 rss: 2285Mb L: 124/65536 MS: 10 CMP-Custom-EraseBytes-Custom-InsertRepeatedBytes-Custom-CMP-Custom-ManualDict-Custom- DE: "\377\377\377\000"-" \000"-"~="-
#10476	NEW    cov: 1682 ft: 6802 corp: 646/2530Kb lim: 65536 exec/s: 952 rss: 2285Mb L: 16/65536 MS: 2 PersAutoDict-Custom- DE: "does-not-exist"-
#10492	NEW    cov: 1682 ft: 6802 corp: 647/2530Kb lim: 65536 exec/s: 953 rss: 2289Mb L: 1/65536 MS: 2 ChangeBit-Custom-
#10513	NEW    cov: 1682 ft: 6803 corp: 648/2594Kb lim: 65536 exec/s: 955 rss: 2293Mb L: 65535/65536 MS: 2 ChangeByte-Custom-
#10520	NEW    cov: 1682 ft: 6803 corp: 647/2569Kb lim: 65536 exec/s: 956 rss: 2294Mb L: 43/65536 MS: 4 ManualDict-Custom-EraseBytes-Custom- DE: "}"-
#10635	NEW    cov: 1682 ft: 6804 corp: 648/2570Kb lim: 65536 exec/s: 966 rss: 2319Mb L: 124/65536 MS: 10 PersAutoDict-Custom-PersAutoDict-Custom-ManualDict-Custom-ShuffleBytes-Custom-ChangeBinInt-Custom- DE: "\012\000"-"is_tty"-"spinner"-
#10668	NEW    cov: 1682 ft: 6804 corp: 648/2570Kb lim: 65536 exec/s: 969 rss: 2327Mb L: 2/65536 MS: 3 CustomCrossOver-CustomCrossOver-CustomCrossOver-
#10733	NEW    cov: 1682 ft: 6804 corp: 648/2570Kb lim: 65536 exec/s: 975 rss: 2340Mb L: 4/65536 MS: 8 ChangeBinInt-Custom-ManualDict-Custom-ChangeBit-Custom-CustomCrossOver-CustomCrossOver- DE: "indicator"-
#10993	RELOAD cov: 1682 ft: 6805 corp: 651/2579Kb lim: 65536 exec/s: 999 rss: 2398Mb
#11024	NEW    cov: 1682 ft: 6816 corp: 652/2579Kb lim: 65536 exec/s: 1002 rss: 2404Mb L: 125/65536 MS: 2 InsertRepeatedBytes-Custom-
#11094	NEW    cov: 1682 ft: 6816 corp: 652/2579Kb lim: 65536 exec/s: 1008 rss: 2419Mb L: 3/65536 MS: 8 ChangeBit-Custom-ChangeBinInt-Custom-CustomCrossOver-CrossOver-Custom-CustomCrossOver-
#11098	NEW    cov: 1682 ft: 6816 corp: 653/2579Kb lim: 65536 exec/s: 1008 rss: 2420Mb L: 38/65536 MS: 8 CopyPart-Custom-InsertRepeatedBytes-Custom-ManualDict-Custom-EraseBytes-Custom- DE: "future"-
#11178	NEW    cov: 1682 ft: 6818 corp: 654/2579Kb lim: 65536 exec/s: 1016 rss: 2437Mb L: 36/65536 MS: 8 CustomCrossOver-ChangeByte-Custom-CopyPart-Custom-CustomCrossOver-PersAutoDict-Custom- DE: "applyEnvironment"-
#11255	NEW    cov: 1682 ft: 6818 corp: 655/2581Kb lim: 65536 exec/s: 1023 rss: 2454Mb L: 2169/65536 MS: 4 ChangeBit-Custom-InsertRepeatedBytes-Custom-
#11256	NEW    cov: 1682 ft: 6818 corp: 655/2581Kb lim: 65536 exec/s: 1023 rss: 2454Mb L: 2/65536 MS: 1 CustomCrossOver-
#11264	NEW    cov: 1682 ft: 6818 corp: 655/2581Kb lim: 65536 exec/s: 1024 rss: 2455Mb L: 7/65536 MS: 5 CustomCrossOver-InsertByte-Custom-CopyPart-Custom-
#11289	NEW    cov: 1682 ft: 6818 corp: 653/2581Kb lim: 65536 exec/s: 1026 rss: 2461Mb L: 3/65536 MS: 8 ShuffleBytes-Custom-CustomCrossOver-CMP-Custom-CustomCrossOver-EraseBytes-Custom- DE: "task"-
#11290	NEW    cov: 1682 ft: 6818 corp: 653/2581Kb lim: 65536 exec/s: 1026 rss: 2461Mb L: 2/65536 MS: 2 ChangeByte-Custom-
#11302	NEW    cov: 1682 ft: 6820 corp: 654/2581Kb lim: 65536 exec/s: 1027 rss: 2463Mb L: 2/65536 MS: 3 CustomCrossOver-ChangeBit-Custom-
#11407	NEW    cov: 1682 ft: 6820 corp: 654/2581Kb lim: 65536 exec/s: 1037 rss: 2487Mb L: 14/65536 MS: 10 EraseBytes-Custom-ChangeByte-Custom-ChangeByte-Custom-PersAutoDict-Custom-PersAutoDict-Custom- DE: "\023\000\000\000\000\000\000\000"-"diff"-
#11532	NEW    cov: 1682 ft: 6820 corp: 654/2581Kb lim: 65536 exec/s: 961 rss: 2515Mb L: 2/65536 MS: 9 ManualDict-Custom-InsertByte-Custom-ChangeBinInt-Custom-ChangeBinInt-Custom-CustomCrossOver- DE: "compile"-
#11538	NEW    cov: 1682 ft: 6820 corp: 654/2581Kb lim: 65536 exec/s: 961 rss: 2516Mb L: 16389/65536 MS: 1 CustomCrossOver-
#11608	NEW    cov: 1682 ft: 6820 corp: 654/2581Kb lim: 65536 exec/s: 967 rss: 2532Mb L: 10/65536 MS: 7 ChangeBinInt-Custom-CustomCrossOver-CustomCrossOver-CustomCrossOver-ChangeByte-Custom-
#11666	NEW    cov: 1682 ft: 6820 corp: 654/2581Kb lim: 65536 exec/s: 972 rss: 2544Mb L: 74/65536 MS: 6 PersAutoDict-Custom-ChangeBinInt-Custom-CopyPart-Custom- DE: "["-
#11693	NEW    cov: 1682 ft: 6820 corp: 655/2581Kb lim: 65536 exec/s: 974 rss: 2549Mb L: 17/65536 MS: 3 CustomCrossOver-CrossOver-Custom-
#11694	NEW    cov: 1682 ft: 6820 corp: 653/2581Kb lim: 65536 exec/s: 974 rss: 2549Mb L: 1/65536 MS: 2 ShuffleBytes-Custom-
#11701	NEW    cov: 1682 ft: 6820 corp: 654/2581Kb lim: 65536 exec/s: 975 rss: 2551Mb L: 16/65536 MS: 2 CustomCrossOver-CustomCrossOver-
#11702	NEW    cov: 1682 ft: 6820 corp: 655/2581Kb lim: 65536 exec/s: 975 rss: 2551Mb L: 5/65536 MS: 2 ChangeBit-Custom-
#11768	NEW    cov: 1682 ft: 6820 corp: 655/2581Kb lim: 65536 exec/s: 980 rss: 2566Mb L: 16537/65536 MS: 2 ChangeBit-Custom-
#11769	NEW    cov: 1682 ft: 6820 corp: 655/2581Kb lim: 65536 exec/s: 980 rss: 2567Mb L: 2/65536 MS: 1 CustomCrossOver-
#11884	NEW    cov: 1682 ft: 6820 corp: 655/2581Kb lim: 65536 exec/s: 990 rss: 2593Mb L: 16/65536 MS: 7 CustomCrossOver-ShuffleBytes-Custom-CustomCrossOver-CustomCrossOver-ChangeASCIIInt-Custom-
#11900	NEW    cov: 1682 ft: 6821 corp: 656/2645Kb lim: 65536 exec/s: 991 rss: 2598Mb L: 65473/65536 MS: 2 ChangeByte-Custom-
	NEW_FUNC[1/52]: 0x000000500800 in std::__detail::_Node_const_iterator<std::pair<std::__cxx11::basic_string<char, std::char_traits<char>, std::allocator<char>> const, beez::core::Task>, false, true>::operator*() const /usr/bin/../lib/gcc/x86_64-redhat-linux/16/../../../../include/c++/16/bits/hashtable_policy.h:498
	NEW_FUNC[2/52]: 0x000000500c88 in std::tuple_element<0ul, std::pair<std::__cxx11::basic_string<char, std::char_traits<char>, std::allocator<char>> const, beez::core::Task>>::type const& std::get<0ul, std::__cxx11::basic_string<char, std::char_traits<char>, std::allocator<char>> const, beez::core::Task>(std::pair<std::__cxx11::basic_string<char, std::char_traits<char>, std::allocator<char>> const, beez::core::Task> const&) /usr/bin/../lib/gcc/x86_64-redhat-linux/16/../../../../include/c++/16/bits/stl_pair.h:1299
#12088	RELOAD cov: 1880 ft: 7065 corp: 660/2695Kb lim: 65536 exec/s: 1007 rss: 2639Mb
#12090	NEW    cov: 1880 ft: 7065 corp: 660/2694Kb lim: 65536 exec/s: 1007 rss: 2639Mb L: 764/65536 MS: 4 ChangeBit-Custom-ChangeByte-Custom-
#12111	NEW    cov: 1880 ft: 7065 corp: 660/2694Kb lim: 65536 exec/s: 1009 rss: 2644Mb L: 13/65536 MS: 2 PersAutoDict-Custom- DE: "utc"-
#12116	NEW    cov: 1880 ft: 7065 corp: 661/2694Kb lim: 65536 exec/s: 1009 rss: 2645Mb L: 15/65536 MS: 10 EraseBytes-Custom-ChangeByte-Custom-ChangeBit-Custom-CMP-Custom-ChangeByte-Custom- DE: "\020\000"-
#12175	NEW    cov: 1880 ft: 7281 corp: 661/2693Kb lim: 65536 exec/s: 1014 rss: 2657Mb L: 89/65536 MS: 6 CustomCrossOver-InsertRepeatedBytes-Custom-InsertRepeatedBytes-Custom-CustomCrossOver-
#12207	NEW    cov: 1880 ft: 7281 corp: 661/2693Kb lim: 65536 exec/s: 1017 rss: 2664Mb L: 9/65536 MS: 4 ManualDict-Custom-InsertByte-Custom- DE: "task-"-
#12275	NEW    cov: 1880 ft: 7281 corp: 661/2692Kb lim: 65536 exec/s: 1022 rss: 2677Mb L: 552/65536 MS: 6 ManualDict-Custom-ShuffleBytes-Custom-ManualDict-Custom- DE: "cache_write_strategy"-"log_level"-
#12440	NEW    cov: 1880 ft: 7281 corp: 661/2692Kb lim: 65536 exec/s: 956 rss: 2712Mb L: 16/65536 MS: 9 ChangeByte-Custom-CustomCrossOver-CMP-Custom-CopyPart-Custom-CMP-Custom- DE: "~\377\377\377\377\377\377\376"-"\000\000\000\015"-
#12548	NEW    cov: 1880 ft: 7282 corp: 662/2692Kb lim: 65536 exec/s: 965 rss: 2736Mb L: 313/65536 MS: 6 ChangeByte-Custom-PersAutoDict-Custom-InsertByte-Custom- DE: "list"-
#12550	NEW    cov: 1880 ft: 7282 corp: 662/2692Kb lim: 65536 exec/s: 965 rss: 2737Mb L: 17/65536 MS: 4 ChangeBinInt-Custom-CopyPart-Custom-
#12568	NEW    cov: 1880 ft: 7282 corp: 662/2691Kb lim: 65536 exec/s: 966 rss: 2741Mb L: 183/65536 MS: 6 ChangeBinInt-Custom-InsertByte-Custom-ChangeByte-Custom-
#12589	NEW    cov: 1880 ft: 7282 corp: 662/2691Kb lim: 65536 exec/s: 968 rss: 2746Mb L: 18/65536 MS: 1 CustomCrossOver-
#12795	NEW    cov: 1880 ft: 7282 corp: 662/2691Kb lim: 65536 exec/s: 984 rss: 2790Mb L: 7/65536 MS: 2 PersAutoDict-Custom- DE: "env"-
#12797	NEW    cov: 1880 ft: 7282 corp: 662/2691Kb lim: 65536 exec/s: 984 rss: 2790Mb L: 2/65536 MS: 2 CustomCrossOver-CustomCrossOver-
#12830	NEW    cov: 1880 ft: 7282 corp: 663/2691Kb lim: 65536 exec/s: 986 rss: 2798Mb L: 11/65536 MS: 4 InsertByte-Custom-CustomCrossOver-CustomCrossOver-
#12869	NEW    cov: 1880 ft: 7284 corp: 662/2627Kb lim: 65536 exec/s: 989 rss: 2806Mb L: 7/65536 MS: 7 InsertRepeatedBytes-Custom-CopyPart-Custom-ChangeBinInt-Custom-CustomCrossOver-
#12873	NEW    cov: 1880 ft: 7284 corp: 663/2627Kb lim: 65536 exec/s: 990 rss: 2807Mb L: 3/65536 MS: 6 EraseBytes-Custom-EraseBytes-Custom-CustomCrossOver-CustomCrossOver-
#12968	NEW    cov: 1880 ft: 7284 corp: 663/2627Kb lim: 65536 exec/s: 997 rss: 2827Mb L: 25/65536 MS: 8 CustomCrossOver-ManualDict-Custom-ManualDict-Custom-InsertRepeatedBytes-Custom-CustomCrossOver- DE: "pairs"-"~="-
#13207	RELOAD cov: 1880 ft: 7285 corp: 668/2644Kb lim: 65536 exec/s: 1015 rss: 2880Mb
#13211	NEW    cov: 1880 ft: 7341 corp: 669/2644Kb lim: 65536 exec/s: 1016 rss: 2880Mb L: 55/65536 MS: 8 ChangeByte-Custom-EraseBytes-Custom-InsertByte-Custom-InsertRepeatedBytes-Custom-
#13254	NEW    cov: 1880 ft: 7341 corp: 669/2644Kb lim: 65536 exec/s: 1019 rss: 2888Mb L: 5/65536 MS: 6 EraseBytes-Custom-InsertByte-Custom-InsertByte-Custom-
#13300	NEW    cov: 1880 ft: 7341 corp: 669/2644Kb lim: 65536 exec/s: 1023 rss: 2898Mb L: 2/65536 MS: 2 ShuffleBytes-Custom-
#13322	NEW    cov: 1880 ft: 7359 corp: 669/2644Kb lim: 65536 exec/s: 1024 rss: 2903Mb L: 2/65536 MS: 4 ChangeByte-Custom-ShuffleBytes-Custom-
#13333	NEW    cov: 1880 ft: 7359 corp: 669/2644Kb lim: 65536 exec/s: 1025 rss: 2906Mb L: 2/65536 MS: 2 ChangeByte-Custom-
#13520	NEW    cov: 1880 ft: 7359 corp: 669/2644Kb lim: 65536 exec/s: 965 rss: 2945Mb L: 3/65536 MS: 4 InsertByte-Custom-CopyPart-Custom-
#13637	NEW    cov: 1880 ft: 7359 corp: 670/2644Kb lim: 65536 exec/s: 974 rss: 2969Mb L: 5/65536 MS: 3 ChangeBit-Custom-CustomCrossOver-
#13805	NEW    cov: 1880 ft: 7359 corp: 669/2643Kb lim: 65536 exec/s: 986 rss: 3007Mb L: 111/65536 MS: 6 EraseBytes-Custom-ChangeByte-Custom-ChangeBit-Custom-
#13872	NEW    cov: 1880 ft: 7360 corp: 670/2643Kb lim: 65536 exec/s: 990 rss: 3019Mb L: 32/65536 MS: 3 EraseBytes-Custom-CustomCrossOver-
#13919	NEW    cov: 1880 ft: 7360 corp: 671/2643Kb lim: 65536 exec/s: 994 rss: 3030Mb L: 15/65536 MS: 2 CustomCrossOver-CustomCrossOver-
#13920	NEW    cov: 1880 ft: 7360 corp: 672/2643Kb lim: 65536 exec/s: 994 rss: 3030Mb L: 18/65536 MS: 2 CopyPart-Custom-
#13949	NEW    cov: 1880 ft: 7360 corp: 673/2657Kb lim: 65536 exec/s: 996 rss: 3036Mb L: 14068/65536 MS: 8 ChangeBinInt-Custom-ChangeASCIIInt-Custom-InsertRepeatedBytes-Custom-EraseBytes-Custom-
#13985	NEW    cov: 1880 ft: 7364 corp: 674/2657Kb lim: 65536 exec/s: 998 rss: 3044Mb L: 11/65536 MS: 1 CustomCrossOver-
#14023	NEW    cov: 1880 ft: 7367 corp: 675/2657Kb lim: 65536 exec/s: 1001 rss: 3053Mb L: 357/65536 MS: 6 ChangeBinInt-Custom-ChangeByte-Custom-InsertRepeatedBytes-Custom-
#14024	NEW    cov: 1880 ft: 7372 corp: 676/2657Kb lim: 65536 exec/s: 1001 rss: 3054Mb L: 4/65536 MS: 2 CopyPart-Custom-
#14025	NEW    cov: 1880 ft: 7374 corp: 676/2657Kb lim: 65536 exec/s: 1001 rss: 3054Mb L: 160/65536 MS: 2 InsertRepeatedBytes-Custom-
#14051	NEW    cov: 1880 ft: 7377 corp: 677/2657Kb lim: 65536 exec/s: 1003 rss: 3060Mb L: 5/65536 MS: 2 ManualDict-Custom- DE: "env"-
#14059	NEW    cov: 1880 ft: 7377 corp: 676/2657Kb lim: 65536 exec/s: 1004 rss: 3061Mb L: 2/65536 MS: 5 InsertByte-Custom-ChangeBinInt-Custom-CustomCrossOver-
#14062	NEW    cov: 1880 ft: 7378 corp: 676/2651Kb lim: 65536 exec/s: 1004 rss: 3062Mb L: 18194/65536 MS: 6 PersAutoDict-Custom-ManualDict-Custom-EraseBytes-Custom- DE: "\000\000\000\000\000\000\000\000"-"summary"-
#14070	NEW    cov: 1880 ft: 7378 corp: 676/2651Kb lim: 65536 exec/s: 1005 rss: 3064Mb L: 20/65536 MS: 6 InsertByte-Custom-ChangeBit-Custom-InsertRepeatedBytes-Custom-
#14156	NEW    cov: 1880 ft: 7378 corp: 676/2651Kb lim: 65536 exec/s: 1011 rss: 3084Mb L: 16390/65536 MS: 1 CustomCrossOver-
#14163	NEW    cov: 1880 ft: 7379 corp: 676/2651Kb lim: 65536 exec/s: 1011 rss: 3086Mb L: 8/65536 MS: 4 ChangeBinInt-Custom-CopyPart-Custom-
#14309	RELOAD cov: 1880 ft: 7382 corp: 682/2660Kb lim: 65536 exec/s: 1022 rss: 3118Mb
#14348	NEW    cov: 1880 ft: 7383 corp: 683/2692Kb lim: 65536 exec/s: 1024 rss: 3126Mb L: 33342/65536 MS: 7 InsertByte-Custom-CopyPart-Custom-CMP-Custom-CustomCrossOver- DE: "read"-
#14381	NEW    cov: 1880 ft: 7386 corp: 684/2732Kb lim: 65536 exec/s: 958 rss: 3133Mb L: 40623/65536 MS: 6 InsertRepeatedBytes-Custom-ChangeBit-Custom-EraseBytes-Custom-
#14455	NEW    cov: 1880 ft: 7386 corp: 684/2732Kb lim: 65536 exec/s: 963 rss: 3150Mb L: 38/65536 MS: 4 CustomCrossOver-CustomCrossOver-CustomCrossOver-CustomCrossOver-
#14521	NEW    cov: 1880 ft: 7389 corp: 683/2704Kb lim: 65536 exec/s: 968 rss: 3163Mb L: 11377/65536 MS: 2 InsertRepeatedBytes-Custom-
#14563	NEW    cov: 1880 ft: 7389 corp: 683/2704Kb lim: 65536 exec/s: 970 rss: 3172Mb L: 8207/65536 MS: 3 ChangeBinInt-Custom-CustomCrossOver-
#14586	NEW    cov: 1880 ft: 7389 corp: 684/2708Kb lim: 65536 exec/s: 972 rss: 3178Mb L: 4221/65536 MS: 6 ChangeBinInt-Custom-CopyPart-Custom-ShuffleBytes-Custom-
#14589	NEW    cov: 1880 ft: 7389 corp: 683/2708Kb lim: 65536 exec/s: 972 rss: 3178Mb L: 1/65536 MS: 4 ShuffleBytes-Custom-CustomCrossOver-CustomCrossOver-
#14797	NEW    cov: 1880 ft: 7389 corp: 683/2708Kb lim: 65536 exec/s: 986 rss: 3225Mb L: 44/65536 MS: 5 CustomCrossOver-ChangeByte-Custom-InsertRepeatedBytes-Custom-
#14867	NEW    cov: 1880 ft: 7390 corp: 684/2708Kb lim: 65536 exec/s: 991 rss: 3242Mb L: 81/65536 MS: 10 ChangeByte-Custom-ShuffleBytes-Custom-CopyPart-Custom-InsertRepeatedBytes-Custom-EraseBytes-Custom-
#15094	NEW    cov: 1880 ft: 7391 corp: 685/2709Kb lim: 65536 exec/s: 1006 rss: 3287Mb L: 350/65536 MS: 4 CrossOver-Custom-ChangeByte-Custom-
#15096	NEW    cov: 1880 ft: 7391 corp: 685/2709Kb lim: 65536 exec/s: 1006 rss: 3287Mb L: 2/65536 MS: 4 ChangeBit-Custom-ChangeBit-Custom-
#15149	NEW    cov: 1880 ft: 7392 corp: 686/2709Kb lim: 65536 exec/s: 1009 rss: 3298Mb L: 56/65536 MS: 6 ShuffleBytes-Custom-InsertRepeatedBytes-Custom-ChangeByte-Custom-
#15221	NEW    cov: 1880 ft: 7392 corp: 686/2709Kb lim: 65536 exec/s: 1014 rss: 3313Mb L: 2/65536 MS: 3 CopyPart-Custom-CustomCrossOver-
#15263	NEW    cov: 1880 ft: 7392 corp: 686/2708Kb lim: 65536 exec/s: 1017 rss: 3322Mb L: 13/65536 MS: 4 ShuffleBytes-Custom-PersAutoDict-Custom- DE: "bulk-"-
#15370	RELOAD cov: 1880 ft: 7392 corp: 687/2709Kb lim: 65536 exec/s: 960 rss: 3345Mb
#15456	NEW    cov: 1880 ft: 7392 corp: 687/2709Kb lim: 65536 exec/s: 966 rss: 3363Mb L: 11/65536 MS: 2 PersAutoDict-Custom- DE: "\377\377\377\377\377\377\377\016"-
#15567	NEW    cov: 1880 ft: 7392 corp: 687/2708Kb lim: 65536 exec/s: 972 rss: 3385Mb L: 4/65536 MS: 2 EraseBytes-Custom-
#15609	NEW    cov: 1880 ft: 7392 corp: 687/2708Kb lim: 65536 exec/s: 975 rss: 3394Mb L: 16/65536 MS: 2 CustomCrossOver-CustomCrossOver-
#15661	NEW    cov: 1880 ft: 7392 corp: 688/2709Kb lim: 65536 exec/s: 978 rss: 3405Mb L: 1028/65536 MS: 3 CrossOver-Custom-CustomCrossOver-
#15662	NEW    cov: 1880 ft: 7392 corp: 687/2705Kb lim: 65536 exec/s: 978 rss: 3405Mb L: 1025/65536 MS: 1 CustomCrossOver-
#15664	NEW    cov: 1880 ft: 7392 corp: 687/2700Kb lim: 65536 exec/s: 979 rss: 3406Mb L: 2059/65536 MS: 3 EraseBytes-Custom-CustomCrossOver-
#15706	NEW    cov: 1880 ft: 7392 corp: 688/2700Kb lim: 65536 exec/s: 981 rss: 3415Mb L: 4/65536 MS: 2 CustomCrossOver-CustomCrossOver-
#15708	NEW    cov: 1880 ft: 7392 corp: 689/2700Kb lim: 65536 exec/s: 981 rss: 3416Mb L: 7/65536 MS: 4 CopyPart-Custom-ManualDict-Custom- DE: "end"-
#15767	NEW    cov: 1880 ft: 7394 corp: 690/2700Kb lim: 65536 exec/s: 985 rss: 3429Mb L: 27/65536 MS: 8 InsertRepeatedBytes-Custom-InsertByte-Custom-PersAutoDict-Custom-InsertByte-Custom- DE: "applyEnvironment"-
#15769	NEW    cov: 1880 ft: 7394 corp: 690/2678Kb lim: 65536 exec/s: 985 rss: 3429Mb L: 2018/65536 MS: 4 InsertByte-Custom-EraseBytes-Custom-
#15810	NEW    cov: 1880 ft: 7394 corp: 690/2678Kb lim: 65536 exec/s: 988 rss: 3439Mb L: 1/65536 MS: 1 CustomCrossOver-
#15822	NEW    cov: 1880 ft: 7395 corp: 691/2679Kb lim: 65536 exec/s: 988 rss: 3441Mb L: 1055/65536 MS: 3 CrossOver-Custom-CustomCrossOver-
#15825	NEW    cov: 1880 ft: 7396 corp: 692/2679Kb lim: 65536 exec/s: 989 rss: 3442Mb L: 4/65536 MS: 6 ChangeBit-Custom-InsertByte-Custom-ChangeByte-Custom-
#15833	NEW    cov: 1880 ft: 7396 corp: 692/2677Kb lim: 65536 exec/s: 989 rss: 3444Mb L: 378/65536 MS: 6 PersAutoDict-Custom-ManualDict-Custom-EraseBytes-Custom- DE: "\020\000"-"{"-
#15844	NEW    cov: 1880 ft: 7396 corp: 692/2661Kb lim: 65536 exec/s: 990 rss: 3445Mb L: 16386/65536 MS: 2 ShuffleBytes-Custom-
#15885	NEW    cov: 1880 ft: 7396 corp: 692/2661Kb lim: 65536 exec/s: 992 rss: 3454Mb L: 33071/65536 MS: 2 EraseBytes-Custom-
#16036	NEW    cov: 1880 ft: 7396 corp: 692/2661Kb lim: 65536 exec/s: 1002 rss: 3487Mb L: 22/65536 MS: 2 InsertByte-Custom-
#16042	NEW    cov: 1880 ft: 7396 corp: 693/2661Kb lim: 65536 exec/s: 1002 rss: 3488Mb L: 2/65536 MS: 2 ShuffleBytes-Custom-
#16077	NEW    cov: 1880 ft: 7396 corp: 693/2661Kb lim: 65536 exec/s: 1004 rss: 3495Mb L: 2068/65536 MS: 10 ChangeByte-Custom-InsertRepeatedBytes-Custom-ChangeBinInt-Custom-CopyPart-Custom-CopyPart-Custom-
#16093	NEW    cov: 1880 ft: 7399 corp: 694/2661Kb lim: 65536 exec/s: 1005 rss: 3499Mb L: 6/65536 MS: 1 CustomCrossOver-
#16106	NEW    cov: 1880 ft: 7399 corp: 694/2661Kb lim: 65536 exec/s: 1006 rss: 3502Mb L: 13/65536 MS: 6 PersAutoDict-Custom-InsertByte-Custom-CopyPart-Custom- DE: "read"-
#16135	NEW    cov: 1880 ft: 7399 corp: 695/2661Kb lim: 65536 exec/s: 1008 rss: 3508Mb L: 2/65536 MS: 5 CustomCrossOver-CustomCrossOver-InsertRepeatedBytes-Custom-CustomCrossOver-
#16142	NEW    cov: 1880 ft: 7399 corp: 695/2661Kb lim: 65536 exec/s: 1008 rss: 3509Mb L: 2/65536 MS: 4 CrossOver-Custom-ShuffleBytes-Custom-
#16304	RELOAD cov: 1880 ft: 7402 corp: 695/2658Kb lim: 65536 exec/s: 959 rss: 3545Mb
#16317	NEW    cov: 1880 ft: 7402 corp: 693/2658Kb lim: 65536 exec/s: 959 rss: 3548Mb L: 30/65536 MS: 4 CustomCrossOver-CustomCrossOver-InsertByte-Custom-
#16337	NEW    cov: 1880 ft: 7402 corp: 693/2656Kb lim: 65536 exec/s: 961 rss: 3551Mb L: 191/65536 MS: 10 InsertRepeatedBytes-Custom-EraseBytes-Custom-EraseBytes-Custom-CMP-Custom-InsertRepeatedBytes-Custom- DE: "copy"-
#16348	NEW    cov: 1880 ft: 7402 corp: 694/2656Kb lim: 65536 exec/s: 961 rss: 3554Mb L: 2/65536 MS: 1 CustomCrossOver-
#16368	NEW    cov: 1880 ft: 7403 corp: 695/2669Kb lim: 65536 exec/s: 962 rss: 3558Mb L: 12599/65536 MS: 10 ChangeByte-Custom-CopyPart-Custom-CopyPart-Custom-ManualDict-Custom-ChangeBinInt-Custom- DE: "\037"-
#16370	NEW    cov: 1880 ft: 7403 corp: 696/2669Kb lim: 65536 exec/s: 962 rss: 3558Mb L: 16/65536 MS: 3 CustomCrossOver-CrossOver-Custom-
#16376	NEW    cov: 1880 ft: 7404 corp: 697/2680Kb lim: 65536 exec/s: 963 rss: 3560Mb L: 11288/65536 MS: 2 ChangeBinInt-Custom-
#16384	pulse  cov: 1880 ft: 7404 corp: 697/2680Kb lim: 65536 exec/s: 963 rss: 3561Mb
#16432	NEW    cov: 1880 ft: 7404 corp: 698/2680Kb lim: 65536 exec/s: 966 rss: 3571Mb L: 2/65536 MS: 2 InsertByte-Custom-
#16434	NEW    cov: 1880 ft: 7404 corp: 698/2680Kb lim: 65536 exec/s: 966 rss: 3572Mb L: 2/65536 MS: 2 CustomCrossOver-CustomCrossOver-
#16445	NEW    cov: 1880 ft: 7404 corp: 697/2680Kb lim: 65536 exec/s: 967 rss: 3574Mb L: 7/65536 MS: 2 ChangeBinInt-Custom-
#16465	NEW    cov: 1880 ft: 7404 corp: 697/2680Kb lim: 65536 exec/s: 968 rss: 3579Mb L: 35/65536 MS: 8 CMP-Custom-ChangeBit-Custom-CustomCrossOver-InsertRepeatedBytes-Custom-CustomCrossOver- DE: "\200\377\377\377\377\377\377\376"-
#16467	NEW    cov: 1880 ft: 7405 corp: 698/2680Kb lim: 65536 exec/s: 968 rss: 3579Mb L: 2/65536 MS: 4 ChangeBit-Custom-ShuffleBytes-Custom-
#16469	NEW    cov: 1880 ft: 7405 corp: 698/2663Kb lim: 65536 exec/s: 968 rss: 3580Mb L: 8125/65536 MS: 4 EraseBytes-Custom-InsertByte-Custom-
#16489	NEW    cov: 1880 ft: 7604 corp: 698/2663Kb lim: 65536 exec/s: 969 rss: 3584Mb L: 71/65536 MS: 6 CustomCrossOver-CustomCrossOver-CustomCrossOver-CustomCrossOver-ChangeBit-Custom-
#16585	NEW    cov: 1880 ft: 7604 corp: 698/2663Kb lim: 65536 exec/s: 975 rss: 3605Mb L: 2/65536 MS: 2 CrossOver-Custom-
#16587	NEW    cov: 1880 ft: 7604 corp: 698/2663Kb lim: 65536 exec/s: 975 rss: 3606Mb L: 24/65536 MS: 4 EraseBytes-Custom-InsertByte-Custom-
#16613	NEW    cov: 1880 ft: 7604 corp: 699/2663Kb lim: 65536 exec/s: 977 rss: 3611Mb L: 15/65536 MS: 1 CustomCrossOver-
#16714	NEW    cov: 1880 ft: 7604 corp: 699/2663Kb lim: 65536 exec/s: 983 rss: 3634Mb L: 65283/65536 MS: 1 CustomCrossOver-
#16854	NEW    cov: 1880 ft: 7604 corp: 699/2661Kb lim: 65536 exec/s: 936 rss: 3663Mb L: 2122/65536 MS: 6 CustomCrossOver-CustomCrossOver-CustomCrossOver-CustomCrossOver-InsertRepeatedBytes-Custom-
#16907	NEW    cov: 1880 ft: 7605 corp: 700/2661Kb lim: 65536 exec/s: 939 rss: 3674Mb L: 2/65536 MS: 3 CustomCrossOver-CustomCrossOver-CustomCrossOver-
#17025	RELOAD cov: 1880 ft: 7605 corp: 701/2661Kb lim: 65536 exec/s: 945 rss: 3701Mb
#17031	NEW    cov: 1880 ft: 7605 corp: 701/2660Kb lim: 65536 exec/s: 946 rss: 3702Mb L: 4/65536 MS: 1 CustomCrossOver-
#17078	NEW    cov: 1880 ft: 7609 corp: 702/2661Kb lim: 65536 exec/s: 948 rss: 3712Mb L: 33/65536 MS: 4 InsertRepeatedBytes-Custom-ChangeBit-Custom-
#17089	NEW    cov: 1880 ft: 7609 corp: 701/2660Kb lim: 65536 exec/s: 949 rss: 3714Mb L: 3/65536 MS: 2 ChangeByte-Custom-
#17177	NEW    cov: 1880 ft: 7610 corp: 702/2660Kb lim: 65536 exec/s: 954 rss: 3734Mb L: 21/65536 MS: 4 CopyPart-Custom-CustomCrossOver-CustomCrossOver-
#17240	NEW    cov: 1880 ft: 7610 corp: 702/2660Kb lim: 65536 exec/s: 957 rss: 3748Mb L: 1/65536 MS: 6 EraseBytes-Custom-ShuffleBytes-Custom-EraseBytes-Custom-
#17468	NEW    cov: 1880 ft: 7611 corp: 703/2661Kb lim: 65536 exec/s: 919 rss: 3798Mb L: 332/65536 MS: 6 InsertRepeatedBytes-Custom-ShuffleBytes-Custom-InsertRepeatedBytes-Custom-
#17580	NEW    cov: 1880 ft: 7611 corp: 702/2661Kb lim: 65536 exec/s: 925 rss: 3821Mb L: 2/65536 MS: 4 ShuffleBytes-Custom-ManualDict-Custom- DE: "\036"-
#17665	NEW    cov: 1880 ft: 7611 corp: 702/2661Kb lim: 65536 exec/s: 929 rss: 3840Mb L: 2/65536 MS: 8 CMP-Custom-CrossOver-Custom-CrossOver-Custom-CustomCrossOver-CustomCrossOver- DE: "\001\000\000\001"-
#17769	RELOAD cov: 1880 ft: 7611 corp: 703/2647Kb lim: 65536 exec/s: 935 rss: 3863Mb
#17857	NEW    cov: 1880 ft: 7613 corp: 703/2647Kb lim: 65536 exec/s: 939 rss: 3882Mb L: 21/65536 MS: 6 CrossOver-Custom-ChangeByte-Custom-ChangeBinInt-Custom-
#17918	NEW    cov: 1880 ft: 7613 corp: 703/2647Kb lim: 65536 exec/s: 943 rss: 3896Mb L: 16/65536 MS: 2 ChangeBinInt-Custom-
#18005	NEW    cov: 1880 ft: 7613 corp: 703/2644Kb lim: 65536 exec/s: 947 rss: 3914Mb L: 8547/65536 MS: 3 CustomCrossOver-ChangeASCIIInt-Custom-
#18155	NEW    cov: 1880 ft: 7613 corp: 704/2646Kb lim: 65536 exec/s: 907 rss: 3946Mb L: 2059/65536 MS: 7 CustomCrossOver-ManualDict-Custom-CopyPart-Custom-CustomCrossOver-CustomCrossOver- DE: "pin_threads_to_cores"-
#18371	NEW    cov: 1880 ft: 7613 corp: 704/2646Kb lim: 65536 exec/s: 918 rss: 3992Mb L: 4/65536 MS: 2 ShuffleBytes-Custom-
#18398	NEW    cov: 1880 ft: 7613 corp: 704/2646Kb lim: 65536 exec/s: 919 rss: 3997Mb L: 4/65536 MS: 4 InsertByte-Custom-CopyPart-Custom-
#18543	RELOAD cov: 1880 ft: 7613 corp: 705/2637Kb lim: 65536 exec/s: 927 rss: 4030Mb
#18554	NEW    cov: 1880 ft: 7613 corp: 705/2637Kb lim: 65536 exec/s: 927 rss: 4033Mb L: 3/65536 MS: 2 ShuffleBytes-Custom-
#18634	NEW    cov: 1880 ft: 7613 corp: 706/2637Kb lim: 65536 exec/s: 931 rss: 4051Mb L: 4/65536 MS: 6 CustomCrossOver-PersAutoDict-Custom-CustomCrossOver-CustomCrossOver-CustomCrossOver- DE: "utc"-
#18666	NEW    cov: 1880 ft: 7613 corp: 706/2637Kb lim: 65536 exec/s: 933 rss: 4057Mb L: 2/65536 MS: 4 ChangeBinInt-Custom-ChangeBit-Custom-
#18813	NEW    cov: 1880 ft: 7615 corp: 707/2669Kb lim: 65536 exec/s: 895 rss: 4090Mb L: 33174/65536 MS: 4 InsertRepeatedBytes-Custom-InsertByte-Custom-
#18823	NEW    cov: 1880 ft: 7617 corp: 707/2665Kb lim: 65536 exec/s: 896 rss: 4092Mb L: 4010/65536 MS: 10 ChangeASCIIInt-Custom-CopyPart-Custom-ChangeBinInt-Custom-ManualDict-Custom-InsertRepeatedBytes-Custom- DE: "HOME"-
#18961	NEW    cov: 1880 ft: 7617 corp: 708/2665Kb lim: 65536 exec/s: 902 rss: 4120Mb L: 2/65536 MS: 5 InsertByte-Custom-CustomCrossOver-ChangeBit-Custom-
#18962	NEW    cov: 1880 ft: 7619 corp: 707/2665Kb lim: 65536 exec/s: 902 rss: 4120Mb L: 4/65536 MS: 2 InsertByte-Custom-
#19041	NEW    cov: 1880 ft: 7628 corp: 708/2665Kb lim: 65536 exec/s: 906 rss: 4138Mb L: 8/65536 MS: 7 InsertRepeatedBytes-Custom-ChangeBit-Custom-CustomCrossOver-ManualDict-Custom- DE: "assert"-
#19351	RELOAD cov: 1880 ft: 7628 corp: 710/2708Kb lim: 65536 exec/s: 921 rss: 4205Mb
#19354	NEW    cov: 1880 ft: 7628 corp: 711/2708Kb lim: 65536 exec/s: 921 rss: 4205Mb L: 82/65536 MS: 6 ChangeByte-Custom-InsertRepeatedBytes-Custom-EraseBytes-Custom-
#19535	NEW    cov: 1880 ft: 7635 corp: 712/2712Kb lim: 65536 exec/s: 930 rss: 4246Mb L: 4095/65536 MS: 2 ChangeByte-Custom-
#19732	NEW    cov: 1880 ft: 7635 corp: 713/2712Kb lim: 65536 exec/s: 896 rss: 4289Mb L: 21/65536 MS: 4 CrossOver-Custom-InsertRepeatedBytes-Custom-
#19788	NEW    cov: 1880 ft: 7635 corp: 713/2712Kb lim: 65536 exec/s: 899 rss: 4300Mb L: 1/65536 MS: 2 ChangeByte-Custom-
#19870	NEW    cov: 1880 ft: 7640 corp: 713/2712Kb lim: 65536 exec/s: 903 rss: 4318Mb L: 6/65536 MS: 3 CustomCrossOver-CMP-Custom- DE: "time"-
#19881	NEW    cov: 1880 ft: 7640 corp: 713/2712Kb lim: 65536 exec/s: 903 rss: 4320Mb L: 63502/65536 MS: 2 CopyPart-Custom-
#19922	NEW    cov: 1880 ft: 7640 corp: 712/2704Kb lim: 65536 exec/s: 905 rss: 4328Mb L: 8202/65536 MS: 2 ChangeBit-Custom-
#20198	RELOAD cov: 1880 ft: 7640 corp: 712/2696Kb lim: 65536 exec/s: 918 rss: 4386Mb
#20509	NEW    cov: 1880 ft: 7640 corp: 712/2696Kb lim: 65536 exec/s: 891 rss: 4453Mb L: 17/65536 MS: 1 CustomCrossOver-
#20591	NEW    cov: 1880 ft: 7640 corp: 712/2632Kb lim: 65536 exec/s: 895 rss: 4472Mb L: 65/65536 MS: 2 CustomCrossOver-CustomCrossOver-
#20775	NEW    cov: 1880 ft: 7640 corp: 712/2632Kb lim: 65536 exec/s: 903 rss: 4512Mb L: 11/65536 MS: 8 CMP-Custom-ChangeByte-Custom-ChangeByte-Custom-ChangeBit-Custom- DE: "\001\000\000\000\000\000\000\000"-
#20855	NEW    cov: 1880 ft: 7640 corp: 712/2632Kb lim: 65536 exec/s: 906 rss: 4531Mb L: 14/65536 MS: 10 ShuffleBytes-Custom-ShuffleBytes-Custom-ShuffleBytes-Custom-InsertByte-Custom-ManualDict-Custom- DE: "BEEZ_FZ_"-
#20899	NEW    cov: 1880 ft: 7641 corp: 713/2632Kb lim: 65536 exec/s: 908 rss: 4541Mb L: 7/65536 MS: 6 ShuffleBytes-Custom-InsertByte-Custom-CustomCrossOver-CustomCrossOver-
#20916	NEW    cov: 1880 ft: 7641 corp: 713/2632Kb lim: 65536 exec/s: 909 rss: 4545Mb L: 2/65536 MS: 3 ChangeBit-Custom-CustomCrossOver-
#20917	NEW    cov: 1880 ft: 7642 corp: 714/2632Kb lim: 65536 exec/s: 909 rss: 4545Mb L: 15/65536 MS: 1 CustomCrossOver-
#20987	RELOAD cov: 1880 ft: 7642 corp: 712/2632Kb lim: 65536 exec/s: 912 rss: 4561Mb
#21152	NEW    cov: 1880 ft: 7643 corp: 712/2603Kb lim: 65536 exec/s: 881 rss: 4598Mb L: 3114/65536 MS: 10 EraseBytes-Custom-ChangeBinInt-Custom-ChangeASCIIInt-Custom-ChangeBit-Custom-ChangeBit-Custom-
#21157	NEW    cov: 1880 ft: 7643 corp: 712/2603Kb lim: 65536 exec/s: 881 rss: 4599Mb L: 19/65536 MS: 10 ChangeByte-Custom-EraseBytes-Custom-CMP-Custom-ChangeBinInt-Custom-ManualDict-Custom- DE: "diff"-"run_log_file"-
#21647	NEW    cov: 1880 ft: 7697 corp: 713/2603Kb lim: 65536 exec/s: 901 rss: 4704Mb L: 24/65536 MS: 10 EraseBytes-Custom-ChangeBinInt-Custom-PersAutoDict-Custom-ChangeBit-Custom-ManualDict-Custom- DE: "bulk-"-"wf-"-
#21743	NEW    cov: 1880 ft: 7697 corp: 713/2602Kb lim: 65536 exec/s: 905 rss: 4725Mb L: 18/65536 MS: 2 ChangeBinInt-Custom-
#21905	RELOAD cov: 1880 ft: 7698 corp: 716/2610Kb lim: 65536 exec/s: 876 rss: 4760Mb
#22016	NEW    cov: 1880 ft: 7698 corp: 717/2610Kb lim: 65536 exec/s: 880 rss: 4781Mb L: 23/65536 MS: 2 ChangeBinInt-Custom-
#22056	NEW    cov: 1880 ft: 7698 corp: 717/2600Kb lim: 65536 exec/s: 882 rss: 4789Mb L: 239/65536 MS: 10 ManualDict-Custom-ShuffleBytes-Custom-InsertRepeatedBytes-Custom-InsertByte-Custom-CopyPart-Custom- DE: ">"-
#22096	NEW    cov: 1880 ft: 7698 corp: 717/2600Kb lim: 65536 exec/s: 883 rss: 4798Mb L: 2/65536 MS: 7 CustomCrossOver-CopyPart-Custom-CustomCrossOver-ShuffleBytes-Custom-CustomCrossOver-
#22153	NEW    cov: 1880 ft: 7698 corp: 717/2599Kb lim: 65536 exec/s: 886 rss: 4811Mb L: 5/65536 MS: 3 PersAutoDict-Custom-CustomCrossOver- DE: "}"-
#22184	NEW    cov: 1880 ft: 7703 corp: 718/2599Kb lim: 65536 exec/s: 887 rss: 4818Mb L: 4/65536 MS: 2 ChangeBit-Custom-
#22598	NEW    cov: 1880 ft: 7703 corp: 717/2543Kb lim: 65536 exec/s: 903 rss: 4906Mb L: 3517/65536 MS: 6 CustomCrossOver-CrossOver-Custom-CustomCrossOver-CrossOver-Custom-
#22656	NEW    cov: 1880 ft: 7705 corp: 718/2543Kb lim: 65536 exec/s: 906 rss: 4919Mb L: 2/65536 MS: 4 CustomCrossOver-ChangeBit-Custom-CustomCrossOver-
#22734	NEW    cov: 1880 ft: 7705 corp: 719/2543Kb lim: 65536 exec/s: 909 rss: 4935Mb L: 11/65536 MS: 6 ManualDict-Custom-ChangeByte-Custom-ChangeBinInt-Custom- DE: "\\r"-
#22760	NEW    cov: 1880 ft: 7705 corp: 720/2543Kb lim: 65536 exec/s: 875 rss: 4941Mb L: 17/65536 MS: 2 ChangeBinInt-Custom-
#22853	RELOAD cov: 1880 ft: 7706 corp: 720/2535Kb lim: 65536 exec/s: 878 rss: 4962Mb
#22956	NEW    cov: 1880 ft: 7706 corp: 720/2535Kb lim: 65536 exec/s: 882 rss: 4983Mb L: 27/65536 MS: 6 ChangeByte-Custom-ManualDict-Custom-ShuffleBytes-Custom- DE: ";"-
#22988	NEW    cov: 1880 ft: 7706 corp: 721/2535Kb lim: 65536 exec/s: 884 rss: 4990Mb L: 2/65536 MS: 2 CustomCrossOver-CustomCrossOver-
#23164	NEW    cov: 1880 ft: 7706 corp: 722/2535Kb lim: 65536 exec/s: 890 rss: 5029Mb L: 1/65536 MS: 2 ChangeBit-Custom-
#23212	NEW    cov: 1880 ft: 7706 corp: 723/2535Kb lim: 65536 exec/s: 892 rss: 5040Mb L: 4/65536 MS: 6 EraseBytes-Custom-ChangeBit-Custom-InsertByte-Custom-
#23308	NEW    cov: 1880 ft: 7712 corp: 724/2535Kb lim: 65536 exec/s: 896 rss: 5061Mb L: 98/65536 MS: 2 ChangeByte-Custom-
#23383	NEW    cov: 1880 ft: 7712 corp: 725/2535Kb lim: 65536 exec/s: 899 rss: 5078Mb L: 17/65536 MS: 8 ChangeByte-Custom-CustomCrossOver-CustomCrossOver-ManualDict-Custom-ShuffleBytes-Custom- DE: "SHELL"-
#23574	NEW    cov: 1880 ft: 7712 corp: 725/2535Kb lim: 65536 exec/s: 873 rss: 5118Mb L: 4/65536 MS: 2 InsertByte-Custom-
#23717	RELOAD cov: 1880 ft: 7713 corp: 726/2535Kb lim: 65536 exec/s: 878 rss: 5149Mb
#23733	NEW    cov: 1880 ft: 7716 corp: 727/2566Kb lim: 65536 exec/s: 879 rss: 5152Mb L: 31922/65536 MS: 2 CMP-Custom- DE: "\020\000\000\000"-
#23790	NEW    cov: 1880 ft: 7716 corp: 727/2566Kb lim: 65536 exec/s: 881 rss: 5163Mb L: 2/65536 MS: 3 InsertByte-Custom-CustomCrossOver-
#23791	NEW    cov: 1880 ft: 7716 corp: 727/2566Kb lim: 65536 exec/s: 881 rss: 5164Mb L: 8282/65536 MS: 2 InsertRepeatedBytes-Custom-
#23852	NEW    cov: 1880 ft: 7716 corp: 728/2566Kb lim: 65536 exec/s: 883 rss: 5176Mb L: 3/65536 MS: 2 PersAutoDict-Custom- DE: "~="-
#23989	NEW    cov: 1880 ft: 7716 corp: 729/2566Kb lim: 65536 exec/s: 888 rss: 5203Mb L: 18/65536 MS: 2 CustomCrossOver-CustomCrossOver-
#24110	NEW    cov: 1880 ft: 7716 corp: 730/2566Kb lim: 65536 exec/s: 892 rss: 5227Mb L: 3/65536 MS: 2 InsertByte-Custom-
#24296	NEW    cov: 1880 ft: 7716 corp: 730/2566Kb lim: 65536 exec/s: 899 rss: 5266Mb L: 3/65536 MS: 1 CustomCrossOver-
#24585	RELOAD cov: 1880 ft: 7716 corp: 730/2565Kb lim: 65536 exec/s: 878 rss: 5327Mb
#24725	NEW    cov: 1880 ft: 7718 corp: 731/2566Kb lim: 65536 exec/s: 883 rss: 5358Mb L: 52/65536 MS: 8 ManualDict-Custom-CustomCrossOver-CustomCrossOver-ChangeBinInt-Custom-InsertRepeatedBytes-Custom- DE: "dots"-
#24789	NEW    cov: 1880 ft: 7718 corp: 731/2566Kb lim: 65536 exec/s: 885 rss: 5370Mb L: 3/65536 MS: 5 CustomCrossOver-PersAutoDict-Custom-CustomCrossOver-CustomCrossOver- DE: "\000\000\000\015"-
#25062	NEW    cov: 1880 ft: 7720 corp: 732/2566Kb lim: 65536 exec/s: 895 rss: 5428Mb L: 20/65536 MS: 6 PersAutoDict-Custom-EraseBytes-Custom-ChangeBinInt-Custom- DE: "["-
#25246	NEW    cov: 1880 ft: 7721 corp: 733/2566Kb lim: 65536 exec/s: 870 rss: 5467Mb L: 3/65536 MS: 6 CustomCrossOver-CustomCrossOver-ShuffleBytes-Custom-InsertByte-Custom-
#25263	NEW    cov: 1880 ft: 7721 corp: 734/2566Kb lim: 65536 exec/s: 871 rss: 5470Mb L: 2/65536 MS: 4 CopyPart-Custom-EraseBytes-Custom-
#25500	RELOAD cov: 1880 ft: 7721 corp: 735/2574Kb lim: 65536 exec/s: 879 rss: 5517Mb
#25571	NEW    cov: 1880 ft: 7721 corp: 735/2566Kb lim: 65536 exec/s: 881 rss: 5532Mb L: 8579/65536 MS: 2 ChangeASCIIInt-Custom-
#25597	NEW    cov: 1880 ft: 7721 corp: 735/2566Kb lim: 65536 exec/s: 882 rss: 5537Mb L: 16386/65536 MS: 1 CustomCrossOver-
#25673	RELOAD cov: 1880 ft: 7721 corp: 735/2566Kb lim: 65536 exec/s: 597 rss: 5555Mb
#25799	NEW    cov: 1880 ft: 7721 corp: 736/2566Kb lim: 65536 exec/s: 599 rss: 5582Mb L: 2/65536 MS: 1 CustomCrossOver-
#25877	NEW    cov: 1880 ft: 7721 corp: 736/2566Kb lim: 65536 exec/s: 601 rss: 5599Mb L: 6/65536 MS: 4 CustomCrossOver-CMP-Custom-CustomCrossOver- DE: "not enough "-
#25895	NEW    cov: 1880 ft: 7723 corp: 737/2567Kb lim: 65536 exec/s: 602 rss: 5602Mb L: 1028/65536 MS: 5 CMP-Custom-ChangeBit-Custom-CustomCrossOver- DE: "cwd"-
#25899	NEW    cov: 1880 ft: 7723 corp: 738/2567Kb lim: 65536 exec/s: 602 rss: 5603Mb L: 19/65536 MS: 8 ChangeByte-Custom-ChangeBit-Custom-ManualDict-Custom-EraseBytes-Custom- DE: "buildSettings"-
#25900	NEW    cov: 1880 ft: 7723 corp: 738/2567Kb lim: 65536 exec/s: 602 rss: 5603Mb L: 3/65536 MS: 2 InsertByte-Custom-
#25932	NEW    cov: 1880 ft: 7723 corp: 738/2567Kb lim: 65536 exec/s: 603 rss: 5610Mb L: 2/65536 MS: 4 ChangeByte-Custom-ShuffleBytes-Custom-
#25943	NEW    cov: 1880 ft: 7723 corp: 738/2563Kb lim: 65536 exec/s: 603 rss: 5613Mb L: 4095/65536 MS: 2 ManualDict-Custom- DE: "typo_section"-
#26139	NEW    cov: 1880 ft: 7723 corp: 737/2563Kb lim: 65536 exec/s: 607 rss: 5656Mb L: 3/65536 MS: 1 CustomCrossOver-
#26312	NEW    cov: 1880 ft: 7723 corp: 737/2563Kb lim: 65536 exec/s: 431 rss: 5690Mb L: 18/65536 MS: 1 CustomCrossOver-
#26348	NEW    cov: 1880 ft: 7723 corp: 737/2563Kb lim: 65536 exec/s: 431 rss: 5698Mb L: 1/65536 MS: 2 ChangeBit-Custom-
#26426	NEW    cov: 1880 ft: 7723 corp: 738/2563Kb lim: 65536 exec/s: 433 rss: 5714Mb L: 3/65536 MS: 5 CopyPart-Custom-EraseBytes-Custom-CustomCrossOver-
#26458	NEW    cov: 1880 ft: 7727 corp: 738/2563Kb lim: 65536 exec/s: 433 rss: 5721Mb L: 2/65536 MS: 2 CustomCrossOver-CustomCrossOver-
#26509	NEW    cov: 1880 ft: 7727 corp: 738/2530Kb lim: 65536 exec/s: 434 rss: 5732Mb L: 31918/65536 MS: 2 CopyPart-Custom-
#26651	NEW    cov: 1880 ft: 7728 corp: 739/2530Kb lim: 65536 exec/s: 436 rss: 5764Mb L: 18/65536 MS: 3 InsertByte-Custom-CustomCrossOver-
#26720	NEW    cov: 1880 ft: 7729 corp: 739/2520Kb lim: 65536 exec/s: 438 rss: 5777Mb L: 1925/65536 MS: 7 EraseBytes-Custom-PersAutoDict-Custom-CrossOver-Custom-CustomCrossOver- DE: "protect"-
#26950	NEW    cov: 1880 ft: 7729 corp: 739/2508Kb lim: 65536 exec/s: 434 rss: 5828Mb L: 1023/65536 MS: 8 CustomCrossOver-CopyPart-Custom-ShuffleBytes-Custom-ShuffleBytes-Custom-CustomCrossOver-
#27015	NEW    cov: 1880 ft: 7730 corp: 740/2508Kb lim: 65536 exec/s: 435 rss: 5842Mb L: 39/65536 MS: 10 ChangeBit-Custom-CMP-Custom-PersAutoDict-Custom-ChangeBinInt-Custom-InsertByte-Custom- DE: "to_uppercase"-"\036"-
#27232	NEW    cov: 1880 ft: 7730 corp: 740/2475Kb lim: 65536 exec/s: 439 rss: 5891Mb L: 19/65536 MS: 4 ChangeBinInt-Custom-ChangeBit-Custom-
#27233	NEW    cov: 1880 ft: 7730 corp: 740/2475Kb lim: 65536 exec/s: 439 rss: 5891Mb L: 17/65536 MS: 2 ManualDict-Custom- DE: "not_a_real_key"-
#27234	NEW    cov: 1880 ft: 7730 corp: 740/2475Kb lim: 65536 exec/s: 439 rss: 5891Mb L: 4/65536 MS: 2 ChangeByte-Custom-
#27270	NEW    cov: 1880 ft: 7730 corp: 740/2473Kb lim: 65536 exec/s: 439 rss: 5898Mb L: 11713/65536 MS: 2 EraseBytes-Custom-
#27296	NEW    cov: 1880 ft: 7730 corp: 740/2473Kb lim: 65536 exec/s: 440 rss: 5903Mb L: 2/65536 MS: 2 ChangeBit-Custom-
#27434	NEW    cov: 1880 ft: 7730 corp: 741/2473Kb lim: 65536 exec/s: 442 rss: 5931Mb L: 2/65536 MS: 5 ShuffleBytes-Custom-ChangeBit-Custom-CustomCrossOver-
#27542	NEW    cov: 1880 ft: 7730 corp: 741/2473Kb lim: 65536 exec/s: 444 rss: 5954Mb L: 17/65536 MS: 6 ShuffleBytes-Custom-ChangeBinInt-Custom-InsertByte-Custom-
#27760	NEW    cov: 1880 ft: 7730 corp: 741/2473Kb lim: 65536 exec/s: 440 rss: 6002Mb L: 30/65536 MS: 6 ChangeBit-Custom-CopyPart-Custom-ChangeBinInt-Custom-
#27761	NEW    cov: 1880 ft: 7730 corp: 742/2505Kb lim: 65536 exec/s: 440 rss: 6002Mb L: 33018/65536 MS: 1 CustomCrossOver-
#27762	NEW    cov: 1880 ft: 7730 corp: 742/2505Kb lim: 65536 exec/s: 440 rss: 6002Mb L: 3/65536 MS: 1 CustomCrossOver-
#27830	NEW    cov: 1880 ft: 7730 corp: 742/2505Kb lim: 65536 exec/s: 441 rss: 6016Mb L: 2/65536 MS: 4 CustomCrossOver-EraseBytes-Custom-CustomCrossOver-
#27990	NEW    cov: 1880 ft: 7731 corp: 743/2506Kb lim: 65536 exec/s: 444 rss: 6050Mb L: 1053/65536 MS: 9 InsertRepeatedBytes-Custom-CMP-Custom-CustomCrossOver-ManualDict-Custom-ChangeASCIIInt-Custom- DE: "\023\000\000\000"-"indicator_spin_interval"-
#28352	NEW    cov: 1880 ft: 7734 corp: 743/2506Kb lim: 65536 exec/s: 450 rss: 6126Mb L: 31914/65536 MS: 1 CustomCrossOver-
#28353	NEW    cov: 1880 ft: 7734 corp: 743/2506Kb lim: 65536 exec/s: 450 rss: 6126Mb L: 7/65536 MS: 2 EraseBytes-Custom-
#28365	NEW    cov: 1880 ft: 7734 corp: 741/2506Kb lim: 65536 exec/s: 450 rss: 6129Mb L: 3/65536 MS: 3 CMP-Custom-CustomCrossOver- DE: "\001\001"-
#28751	NEW    cov: 1880 ft: 7734 corp: 741/2506Kb lim: 65536 exec/s: 449 rss: 6213Mb L: 1/65536 MS: 2 ChangeBit-Custom-
#28810	NEW    cov: 1880 ft: 7738 corp: 742/2506Kb lim: 65536 exec/s: 450 rss: 6226Mb L: 9/65536 MS: 6 CustomCrossOver-CustomCrossOver-EraseBytes-Custom-ManualDict-Custom- DE: "cache"-
#28811	NEW    cov: 1880 ft: 7738 corp: 743/2506Kb lim: 65536 exec/s: 450 rss: 6226Mb L: 1/65536 MS: 1 CustomCrossOver-
#28926	NEW    cov: 1880 ft: 7739 corp: 744/2522Kb lim: 65536 exec/s: 451 rss: 6252Mb L: 16427/65536 MS: 10 PersAutoDict-Custom-PersAutoDict-Custom-CopyPart-Custom-CMP-Custom-ChangeBit-Custom- DE: "\377\377\377\377\377\377\377Q"-"artifacts"-"\000\000\000\000\000\000\000>"-
#28929	NEW    cov: 1880 ft: 7739 corp: 744/2507Kb lim: 65536 exec/s: 452 rss: 6252Mb L: 514/65536 MS: 4 PersAutoDict-Custom-CustomCrossOver-CustomCrossOver- DE: "vars"-
#29418	NEW    cov: 1880 ft: 7739 corp: 744/2507Kb lim: 65536 exec/s: 459 rss: 6358Mb L: 16/65536 MS: 2 CrossOver-Custom-
#29427	NEW    cov: 1880 ft: 7739 corp: 745/2507Kb lim: 65536 exec/s: 459 rss: 6360Mb L: 2/65536 MS: 5 EraseBytes-Custom-CustomCrossOver-CustomCrossOver-CustomCrossOver-
#29677	NEW    cov: 1880 ft: 7880 corp: 746/2507Kb lim: 65536 exec/s: 456 rss: 6413Mb L: 1/65536 MS: 7 CustomCrossOver-ChangeByte-Custom-CrossOver-Custom-CustomCrossOver-CustomCrossOver-
#29703	NEW    cov: 1880 ft: 7883 corp: 746/2476Kb lim: 65536 exec/s: 456 rss: 6418Mb L: 33336/65536 MS: 2 ChangeBit-Custom-
#29704	NEW    cov: 1880 ft: 7883 corp: 746/2460Kb lim: 65536 exec/s: 456 rss: 6419Mb L: 16478/65536 MS: 2 EraseBytes-Custom-
#29806	NEW    cov: 1880 ft: 7883 corp: 747/2460Kb lim: 65536 exec/s: 458 rss: 6441Mb L: 21/65536 MS: 4 ChangeBit-Custom-ShuffleBytes-Custom-
#29811	NEW    cov: 1880 ft: 7883 corp: 747/2459Kb lim: 65536 exec/s: 458 rss: 6442Mb L: 47/65536 MS: 7 CustomCrossOver-CustomCrossOver-CustomCrossOver-CopyPart-Custom-ManualDict-Custom- DE: "else"-
#29830	NEW    cov: 1880 ft: 7883 corp: 748/2460Kb lim: 65536 exec/s: 458 rss: 6447Mb L: 112/65536 MS: 6 CustomCrossOver-PersAutoDict-Custom-ChangeByte-Custom-CustomCrossOver- DE: "\377\377\377\377\377\377\377\016"-
#29908	NEW    cov: 1880 ft: 7883 corp: 748/2459Kb lim: 65536 exec/s: 460 rss: 6462Mb L: 413/65536 MS: 6 ChangeBit-Custom-ShuffleBytes-Custom-InsertRepeatedBytes-Custom-
#29962	NEW    cov: 1880 ft: 7883 corp: 748/2459Kb lim: 65536 exec/s: 460 rss: 6475Mb L: 8319/65536 MS: 8 PersAutoDict-Custom-ManualDict-Custom-ChangeBinInt-Custom-InsertRepeatedBytes-Custom- DE: "\\r"-"vault"-
#30140	NEW    cov: 1880 ft: 7883 corp: 748/2459Kb lim: 65536 exec/s: 463 rss: 6512Mb L: 1/65536 MS: 3 CustomCrossOver-CustomCrossOver-CustomCrossOver-
#30171	NEW    cov: 1880 ft: 7883 corp: 748/2459Kb lim: 65536 exec/s: 464 rss: 6517Mb L: 19/65536 MS: 2 ManualDict-Custom- DE: "modernize"-
#30339	NEW    cov: 1880 ft: 7883 corp: 748/2459Kb lim: 65536 exec/s: 466 rss: 6554Mb L: 15/65536 MS: 5 ManualDict-Custom-ChangeBit-Custom-CustomCrossOver- DE: "prefix"-
#30495	RELOAD cov: 1880 ft: 7883 corp: 748/2459Kb lim: 65536 exec/s: 469 rss: 6587Mb
#30508	NEW    cov: 1880 ft: 7883 corp: 748/2459Kb lim: 65536 exec/s: 469 rss: 6590Mb L: 2/65536 MS: 4 CustomCrossOver-ShuffleBytes-Custom-CustomCrossOver-
#30510	NEW    cov: 1880 ft: 7883 corp: 748/2458Kb lim: 65536 exec/s: 469 rss: 6591Mb L: 45/65536 MS: 4 EraseBytes-Custom-ManualDict-Custom- DE: "open_libraries"-
#30603	NEW    cov: 1880 ft: 7883 corp: 747/2454Kb lim: 65536 exec/s: 470 rss: 6610Mb L: 117/65536 MS: 6 InsertByte-Custom-ManualDict-Custom-InsertRepeatedBytes-Custom- DE: "description"-
#30712	NEW    cov: 1880 ft: 7883 corp: 747/2454Kb lim: 65536 exec/s: 465 rss: 6633Mb L: 128/65536 MS: 6 CMP-Custom-CustomCrossOver-CopyPart-Custom-CustomCrossOver- DE: "\004\000\000\000"-
#30713	NEW    cov: 1880 ft: 7883 corp: 745/2454Kb lim: 65536 exec/s: 465 rss: 6633Mb L: 1/65536 MS: 2 EraseBytes-Custom-
#30719	NEW    cov: 1880 ft: 7884 corp: 746/2454Kb lim: 65536 exec/s: 465 rss: 6634Mb L: 2/65536 MS: 2 PersAutoDict-Custom- DE: "or"-
#30732	NEW    cov: 1880 ft: 7884 corp: 747/2467Kb lim: 65536 exec/s: 465 rss: 6638Mb L: 13947/65536 MS: 6 EraseBytes-Custom-PersAutoDict-Custom-InsertRepeatedBytes-Custom- DE: ";"-
#30764	NEW    cov: 1880 ft: 7884 corp: 748/2467Kb lim: 65536 exec/s: 466 rss: 6644Mb L: 6/65536 MS: 3 CustomCrossOver-ChangeByte-Custom-
#30771	NEW    cov: 1880 ft: 7884 corp: 748/2467Kb lim: 65536 exec/s: 466 rss: 6646Mb L: 37/65536 MS: 3 PersAutoDict-Custom-CustomCrossOver- DE: "lz4"-
#30784	NEW    cov: 1880 ft: 7972 corp: 749/2475Kb lim: 65536 exec/s: 466 rss: 6648Mb L: 8193/65536 MS: 3 CustomCrossOver-CustomCrossOver-CustomCrossOver-
#30825	NEW    cov: 1880 ft: 7972 corp: 749/2475Kb lim: 65536 exec/s: 467 rss: 6656Mb L: 3/65536 MS: 2 InsertByte-Custom-
#31049	NEW    cov: 1880 ft: 7975 corp: 750/2475Kb lim: 65536 exec/s: 470 rss: 6705Mb L: 20/65536 MS: 7 PersAutoDict-Custom-PersAutoDict-Custom-ChangeBinInt-Custom-CustomCrossOver- DE: "time"-"template"-
#31076	NEW    cov: 1880 ft: 7975 corp: 750/2475Kb lim: 65536 exec/s: 470 rss: 6711Mb L: 39/65536 MS: 4 InsertByte-Custom-InsertByte-Custom-
#31160	NEW    cov: 1880 ft: 7975 corp: 750/2475Kb lim: 65536 exec/s: 472 rss: 6730Mb L: 3/65536 MS: 8 InsertByte-Custom-EraseBytes-Custom-ShuffleBytes-Custom-CopyPart-Custom-
#31192	NEW    cov: 1880 ft: 7990 corp: 751/2539Kb lim: 65536 exec/s: 472 rss: 6738Mb L: 65473/65536 MS: 2 CustomCrossOver-CustomCrossOver-
#31203	NEW    cov: 1880 ft: 7991 corp: 752/2539Kb lim: 65536 exec/s: 472 rss: 6740Mb L: 2/65536 MS: 1 CustomCrossOver-
#31251	NEW    cov: 1880 ft: 7991 corp: 752/2539Kb lim: 65536 exec/s: 473 rss: 6751Mb L: 32/65536 MS: 6 ChangeBit-Custom-EraseBytes-Custom-EraseBytes-Custom-
#31252	NEW    cov: 1880 ft: 7991 corp: 752/2539Kb lim: 65536 exec/s: 473 rss: 6751Mb L: 1/65536 MS: 2 EraseBytes-Custom-
#31364	NEW    cov: 1880 ft: 7991 corp: 752/2539Kb lim: 65536 exec/s: 475 rss: 6777Mb L: 2/65536 MS: 3 CMP-Custom-CustomCrossOver- DE: "pid"-
#31656	RELOAD cov: 1880 ft: 7991 corp: 753/2538Kb lim: 65536 exec/s: 479 rss: 6840Mb
#31663	NEW    cov: 1880 ft: 7991 corp: 754/2538Kb lim: 65536 exec/s: 479 rss: 6841Mb L: 2/65536 MS: 4 EraseBytes-Custom-CopyPart-Custom-
#31804	NEW    cov: 1880 ft: 7992 corp: 755/2539Kb lim: 65536 exec/s: 474 rss: 6871Mb L: 48/65536 MS: 2 InsertRepeatedBytes-Custom-
#31862	NEW    cov: 1880 ft: 7992 corp: 755/2539Kb lim: 65536 exec/s: 475 rss: 6883Mb L: 7/65536 MS: 6 ShuffleBytes-Custom-PersAutoDict-Custom-EraseBytes-Custom- DE: "else"-
#31907	NEW    cov: 1880 ft: 7992 corp: 756/2539Kb lim: 65536 exec/s: 476 rss: 6893Mb L: 1/65536 MS: 6 CustomCrossOver-CustomCrossOver-CustomCrossOver-CopyPart-Custom-CustomCrossOver-
#31933	NEW    cov: 1880 ft: 7992 corp: 756/2538Kb lim: 65536 exec/s: 476 rss: 6898Mb L: 10/65536 MS: 2 CMP-Custom- DE: "\377\377\377\377\377\377\377\016"-
#31945	NEW    cov: 1880 ft: 7992 corp: 756/2538Kb lim: 65536 exec/s: 476 rss: 6901Mb L: 20/65536 MS: 3 CustomCrossOver-EraseBytes-Custom-
#32081	NEW    cov: 1880 ft: 7992 corp: 756/2524Kb lim: 65536 exec/s: 478 rss: 6930Mb L: 2316/65536 MS: 1 CustomCrossOver-
#32126	NEW    cov: 1880 ft: 7992 corp: 756/2524Kb lim: 65536 exec/s: 479 rss: 6941Mb L: 18/65536 MS: 10 CopyPart-Custom-EraseBytes-Custom-InsertByte-Custom-EraseBytes-Custom-ChangeBinInt-Custom-
#32127	NEW    cov: 1880 ft: 7992 corp: 756/2524Kb lim: 65536 exec/s: 479 rss: 6941Mb L: 20/65536 MS: 2 ShuffleBytes-Custom-
#32169	NEW    cov: 1880 ft: 7992 corp: 756/2524Kb lim: 65536 exec/s: 480 rss: 6950Mb L: 3/65536 MS: 3 CustomCrossOver-InsertByte-Custom-
#32241	NEW    cov: 1880 ft: 7992 corp: 755/2524Kb lim: 65536 exec/s: 481 rss: 6965Mb L: 5/65536 MS: 3 CustomCrossOver-ManualDict-Custom- DE: "end"-
#32315	NEW    cov: 1880 ft: 7993 corp: 756/2524Kb lim: 65536 exec/s: 482 rss: 6980Mb L: 13/65536 MS: 8 ShuffleBytes-Custom-ManualDict-Custom-InsertByte-Custom-ShuffleBytes-Custom- DE: ";"-
#32460	NEW    cov: 1880 ft: 7997 corp: 757/2524Kb lim: 65536 exec/s: 484 rss: 7012Mb L: 18/65536 MS: 7 CustomCrossOver-ChangeBit-Custom-CustomCrossOver-ChangeBinInt-Custom-CustomCrossOver-
#32479	NEW    cov: 1880 ft: 8027 corp: 758/2524Kb lim: 65536 exec/s: 484 rss: 7017Mb L: 33/65536 MS: 6 CustomCrossOver-CrossOver-Custom-InsertRepeatedBytes-Custom-CustomCrossOver-
#32486	NEW    cov: 1880 ft: 8027 corp: 757/2524Kb lim: 65536 exec/s: 484 rss: 7019Mb L: 2/65536 MS: 2 CustomCrossOver-CustomCrossOver-
#32612	NEW    cov: 1880 ft: 8027 corp: 756/2511Kb lim: 65536 exec/s: 486 rss: 7045Mb L: 413/65536 MS: 1 CustomCrossOver-
#32667	NEW    cov: 1880 ft: 8028 corp: 757/2511Kb lim: 65536 exec/s: 487 rss: 7057Mb L: 151/65536 MS: 10 EraseBytes-Custom-ChangeBit-Custom-ManualDict-Custom-ShuffleBytes-Custom-ChangeBinInt-Custom- DE: "missing"-
#32768	pulse  cov: 1880 ft: 8029 corp: 759/2518Kb lim: 65536 exec/s: 481 rss: 7079Mb
#32835	RELOAD cov: 1880 ft: 8029 corp: 759/2518Kb lim: 65536 exec/s: 482 rss: 7094Mb
#33031	NEW    cov: 1880 ft: 8035 corp: 759/2518Kb lim: 65536 exec/s: 485 rss: 7137Mb L: 12/65536 MS: 2 InsertRepeatedBytes-Custom-
#33032	NEW    cov: 1880 ft: 8035 corp: 759/2518Kb lim: 65536 exec/s: 485 rss: 7137Mb L: 20/65536 MS: 2 InsertByte-Custom-
#33034	NEW    cov: 1880 ft: 8035 corp: 760/2518Kb lim: 65536 exec/s: 485 rss: 7137Mb L: 1/65536 MS: 4 ChangeByte-Custom-EraseBytes-Custom-
#33039	NEW    cov: 1880 ft: 8035 corp: 757/2518Kb lim: 65536 exec/s: 485 rss: 7138Mb L: 11/65536 MS: 10 CopyPart-Custom-ShuffleBytes-Custom-CopyPart-Custom-CopyPart-Custom-ManualDict-Custom- DE: "log_level"-
#33040	NEW    cov: 1880 ft: 8035 corp: 757/2518Kb lim: 65536 exec/s: 485 rss: 7138Mb L: 18/65536 MS: 2 ChangeBinInt-Custom-
#33072	NEW    cov: 1880 ft: 8035 corp: 757/2518Kb lim: 65536 exec/s: 486 rss: 7145Mb L: 4/65536 MS: 3 InsertByte-Custom-CustomCrossOver-
#33076	NEW    cov: 1880 ft: 8042 corp: 758/2519Kb lim: 65536 exec/s: 486 rss: 7146Mb L: 1662/65536 MS: 8 CMP-Custom-InsertRepeatedBytes-Custom-EraseBytes-Custom-ChangeBinInt-Custom- DE: "to_case"-
#33123	NEW    cov: 1880 ft: 8042 corp: 759/2519Kb lim: 65536 exec/s: 487 rss: 7156Mb L: 2/65536 MS: 4 ChangeByte-Custom-ShuffleBytes-Custom-
#33256	NEW    cov: 1880 ft: 8042 corp: 760/2519Kb lim: 65536 exec/s: 489 rss: 7186Mb L: 139/65536 MS: 6 InsertRepeatedBytes-Custom-ChangeBinInt-Custom-ShuffleBytes-Custom-
#33314	NEW    cov: 1880 ft: 8042 corp: 760/2519Kb lim: 65536 exec/s: 489 rss: 7199Mb L: 16/65536 MS: 4 ChangeBit-Custom-CustomCrossOver-CustomCrossOver-
#33534	NEW    cov: 1880 ft: 8042 corp: 760/2519Kb lim: 65536 exec/s: 493 rss: 7247Mb L: 13/65536 MS: 9 InsertByte-Custom-CustomCrossOver-ChangeBit-Custom-CMP-Custom-CopyPart-Custom- DE: "\377\377\377\000\345\310\321p"-
#33775	NEW    cov: 1880 ft: 8043 corp: 761/2519Kb lim: 65536 exec/s: 489 rss: 7295Mb L: 4/65536 MS: 1 CustomCrossOver-
#33816	NEW    cov: 1880 ft: 8043 corp: 761/2519Kb lim: 65536 exec/s: 490 rss: 7303Mb L: 17/65536 MS: 2 CrossOver-Custom-
#34042	RELOAD cov: 1880 ft: 8044 corp: 764/2519Kb lim: 65536 exec/s: 493 rss: 7351Mb
#34050	NEW    cov: 1880 ft: 8046 corp: 765/2520Kb lim: 65536 exec/s: 493 rss: 7353Mb L: 145/65536 MS: 6 InsertRepeatedBytes-Custom-ChangeBit-Custom-CopyPart-Custom-
#34103	NEW    cov: 1880 ft: 8048 corp: 766/2520Kb lim: 65536 exec/s: 494 rss: 7364Mb L: 145/65536 MS: 6 InsertRepeatedBytes-Custom-EraseBytes-Custom-InsertRepeatedBytes-Custom-
#34166	NEW    cov: 1880 ft: 8048 corp: 766/2507Kb lim: 65536 exec/s: 495 rss: 7378Mb L: 2/65536 MS: 5 CustomCrossOver-CopyPart-Custom-ChangeBit-Custom-
#34237	NEW    cov: 1880 ft: 8050 corp: 767/2508Kb lim: 65536 exec/s: 496 rss: 7393Mb L: 141/65536 MS: 2 PersAutoDict-Custom- DE: "\023\000\000\000"-
#34244	NEW    cov: 1880 ft: 8050 corp: 767/2507Kb lim: 65536 exec/s: 496 rss: 7394Mb L: 48/65536 MS: 4 ChangeByte-Custom-InsertRepeatedBytes-Custom-
#34250	NEW    cov: 1880 ft: 8050 corp: 768/2508Kb lim: 65536 exec/s: 496 rss: 7395Mb L: 1029/65536 MS: 2 ChangeByte-Custom-
#34313	NEW    cov: 1880 ft: 8050 corp: 767/2507Kb lim: 65536 exec/s: 497 rss: 7410Mb L: 32/65536 MS: 6 ChangeBinInt-Custom-ChangeBinInt-Custom-ShuffleBytes-Custom-
#34314	NEW    cov: 1880 ft: 8050 corp: 767/2507Kb lim: 65536 exec/s: 497 rss: 7410Mb L: 4/65536 MS: 2 CopyPart-Custom-
#34499	NEW    cov: 1880 ft: 8051 corp: 767/2490Kb lim: 65536 exec/s: 499 rss: 7450Mb L: 141/65536 MS: 10 InsertRepeatedBytes-Custom-ChangeBit-Custom-ChangeByte-Custom-CMP-Custom-InsertRepeatedBytes-Custom- DE: "user"-
#34534	NEW    cov: 1880 ft: 8058 corp: 768/2494Kb lim: 65536 exec/s: 500 rss: 7458Mb L: 4098/65536 MS: 8 EraseBytes-Custom-ChangeBit-Custom-CustomCrossOver-EraseBytes-Custom-CustomCrossOver-
#34563	NEW    cov: 1880 ft: 8058 corp: 769/2494Kb lim: 65536 exec/s: 500 rss: 7464Mb L: 139/65536 MS: 8 ChangeBinInt-Custom-PersAutoDict-Custom-ShuffleBytes-Custom-CopyPart-Custom- DE: "\377\377\377\000"-
#34583	NEW    cov: 1880 ft: 8058 corp: 769/2494Kb lim: 65536 exec/s: 501 rss: 7468Mb L: 3/65536 MS: 8 CopyPart-Custom-CustomCrossOver-ChangeBinInt-Custom-ShuffleBytes-Custom-CustomCrossOver-
#34684	NEW    cov: 1880 ft: 8058 corp: 770/2494Kb lim: 65536 exec/s: 502 rss: 7490Mb L: 2/65536 MS: 2 ShuffleBytes-Custom-
#34755	NEW    cov: 1880 ft: 8058 corp: 769/2494Kb lim: 65536 exec/s: 503 rss: 7506Mb L: 1/65536 MS: 2 ChangeBit-Custom-
#34847	NEW    cov: 1880 ft: 8059 corp: 768/2476Kb lim: 65536 exec/s: 497 rss: 7525Mb L: 518/65536 MS: 2 CustomCrossOver-CustomCrossOver-
#34901	NEW    cov: 1880 ft: 8059 corp: 769/2477Kb lim: 65536 exec/s: 498 rss: 7535Mb L: 1353/65536 MS: 8 ChangeBit-Custom-EraseBytes-Custom-InsertByte-Custom-ChangeByte-Custom-
#35022	NEW    cov: 1880 ft: 8059 corp: 769/2477Kb lim: 65536 exec/s: 500 rss: 7559Mb L: 28/65536 MS: 2 EraseBytes-Custom-
#35026	NEW    cov: 1880 ft: 8059 corp: 770/2478Kb lim: 65536 exec/s: 500 rss: 7560Mb L: 64/65536 MS: 8 InsertByte-Custom-InsertByte-Custom-InsertRepeatedBytes-Custom-PersAutoDict-Custom- DE: ">"-
#35074	NEW    cov: 1880 ft: 8059 corp: 770/2478Kb lim: 65536 exec/s: 501 rss: 7570Mb L: 9/65536 MS: 5 ShuffleBytes-Custom-CustomCrossOver-CMP-Custom- DE: "to_case"-
#35076	NEW    cov: 1880 ft: 8059 corp: 771/2478Kb lim: 65536 exec/s: 501 rss: 7570Mb L: 8/65536 MS: 4 EraseBytes-Custom-EraseBytes-Custom-
#35256	RELOAD cov: 1880 ft: 8061 corp: 774/2489Kb lim: 65536 exec/s: 503 rss: 7607Mb
#35364	NEW    cov: 1880 ft: 8061 corp: 775/2489Kb lim: 65536 exec/s: 505 rss: 7630Mb L: 9/65536 MS: 6 InsertByte-Custom-CopyPart-Custom-ChangeBinInt-Custom-
#35368	NEW    cov: 1880 ft: 8062 corp: 776/2489Kb lim: 65536 exec/s: 505 rss: 7630Mb L: 32/65536 MS: 8 InsertByte-Custom-PersAutoDict-Custom-EraseBytes-Custom-PersAutoDict-Custom- DE: "open_libraries"-"\000\000\000\000\000\000\000>"-
#35454	NEW    cov: 1880 ft: 8062 corp: 776/2489Kb lim: 65536 exec/s: 506 rss: 7648Mb L: 133/65536 MS: 2 InsertRepeatedBytes-Custom-
#35463	NEW    cov: 1880 ft: 8063 corp: 775/2488Kb lim: 65536 exec/s: 506 rss: 7650Mb L: 76/65536 MS: 8 CMP-Custom-ChangeBinInt-Custom-ChangeByte-Custom-ManualDict-Custom- DE: "\025\000\000\000"-"step"-
#35469	NEW    cov: 1880 ft: 8063 corp: 775/2488Kb lim: 65536 exec/s: 506 rss: 7651Mb L: 17/65536 MS: 2 PersAutoDict-Custom- DE: "temp"-
#35490	NEW    cov: 1880 ft: 8063 corp: 774/2488Kb lim: 65536 exec/s: 507 rss: 7655Mb L: 2/65536 MS: 1 CustomCrossOver-
#35496	NEW    cov: 1880 ft: 8063 corp: 775/2488Kb lim: 65536 exec/s: 507 rss: 7656Mb L: 8/65536 MS: 2 CopyPart-Custom-
#35502	NEW    cov: 1880 ft: 8064 corp: 776/2488Kb lim: 65536 exec/s: 507 rss: 7658Mb L: 514/65536 MS: 2 InsertByte-Custom-
#35518	NEW    cov: 1880 ft: 8064 corp: 777/2489Kb lim: 65536 exec/s: 507 rss: 7661Mb L: 154/65536 MS: 2 ManualDict-Custom- DE: ".."-
#35535	NEW    cov: 1880 ft: 8064 corp: 778/2489Kb lim: 65536 exec/s: 507 rss: 7664Mb L: 19/65536 MS: 4 ShuffleBytes-Custom-ChangeBit-Custom-
#35545	NEW    cov: 1880 ft: 8069 corp: 779/2490Kb lim: 65536 exec/s: 507 rss: 7667Mb L: 1332/65536 MS: 10 ChangeByte-Custom-CopyPart-Custom-ChangeByte-Custom-ChangeBit-Custom-CopyPart-Custom-
#35548	NEW    cov: 1880 ft: 8069 corp: 779/2486Kb lim: 65536 exec/s: 507 rss: 7667Mb L: 4144/65536 MS: 4 CustomCrossOver-InsertRepeatedBytes-Custom-CustomCrossOver-
#35569	NEW    cov: 1880 ft: 8073 corp: 780/2486Kb lim: 65536 exec/s: 508 rss: 7672Mb L: 86/65536 MS: 2 InsertRepeatedBytes-Custom-
#35583	NEW    cov: 1880 ft: 8073 corp: 781/2486Kb lim: 65536 exec/s: 508 rss: 7675Mb L: 16/65536 MS: 4 CustomCrossOver-CustomCrossOver-CustomCrossOver-CustomCrossOver-
#35642	NEW    cov: 1880 ft: 8073 corp: 781/2486Kb lim: 65536 exec/s: 509 rss: 7689Mb L: 2/65536 MS: 4 CustomCrossOver-CustomCrossOver-CustomCrossOver-CustomCrossOver-
#35648	NEW    cov: 1880 ft: 8073 corp: 781/2486Kb lim: 65536 exec/s: 509 rss: 7690Mb L: 1/65536 MS: 2 ShuffleBytes-Custom-
#35671	NEW    cov: 1880 ft: 8073 corp: 782/2486Kb lim: 65536 exec/s: 509 rss: 7695Mb L: 6/65536 MS: 6 EraseBytes-Custom-ManualDict-Custom-ManualDict-Custom- DE: "code"-"="-
#36061	NEW    cov: 1880 ft: 8073 corp: 783/2486Kb lim: 65536 exec/s: 507 rss: 7775Mb L: 11/65536 MS: 10 ChangeByte-Custom-ManualDict-Custom-InsertByte-Custom-CMP-Custom-ChangeByte-Custom- DE: "outputs"-"\000\000\000\000\000\000\000 "-
#36453	RELOAD cov: 1880 ft: 8073 corp: 785/2487Kb lim: 65536 exec/s: 513 rss: 7857Mb
#36456	NEW    cov: 1880 ft: 8073 corp: 785/2423Kb lim: 65536 exec/s: 513 rss: 7857Mb L: 2/65536 MS: 4 CrossOver-Custom-CustomCrossOver-CustomCrossOver-
#36472	NEW    cov: 1880 ft: 8073 corp: 785/2423Kb lim: 65536 exec/s: 513 rss: 7861Mb L: 2/65536 MS: 2 ShuffleBytes-Custom-
#36737	NEW    cov: 1880 ft: 8074 corp: 786/2423Kb lim: 65536 exec/s: 517 rss: 7920Mb L: 50/65536 MS: 9 PersAutoDict-Custom-ManualDict-Custom-CMP-Custom-ChangeByte-Custom-CustomCrossOver- DE: "assert"-"or"-"\001\000\000\001"-
#36761	NEW    cov: 1880 ft: 8074 corp: 786/2422Kb lim: 65536 exec/s: 517 rss: 7925Mb L: 2687/65536 MS: 8 ChangeBit-Custom-EraseBytes-Custom-ShuffleBytes-Custom-InsertRepeatedBytes-Custom-
#36792	NEW    cov: 1880 ft: 8074 corp: 787/2422Kb lim: 65536 exec/s: 518 rss: 7933Mb L: 2/65536 MS: 1 CustomCrossOver-
#37013	NEW    cov: 1880 ft: 8075 corp: 788/2422Kb lim: 65536 exec/s: 514 rss: 7979Mb L: 413/65536 MS: 2 ChangeBit-Custom-
#37304	NEW    cov: 1880 ft: 8075 corp: 787/2420Kb lim: 65536 exec/s: 518 rss: 8042Mb L: 17/65536 MS: 1 CustomCrossOver-
#37305	NEW    cov: 1880 ft: 8075 corp: 787/2420Kb lim: 65536 exec/s: 518 rss: 8042Mb L: 4/65536 MS: 1 CustomCrossOver-
#37381	NEW    cov: 1880 ft: 8081 corp: 788/2420Kb lim: 65536 exec/s: 519 rss: 8058Mb L: 61/65536 MS: 2 ChangeBinInt-Custom-
#37641	RELOAD cov: 1880 ft: 8081 corp: 787/2420Kb lim: 65536 exec/s: 522 rss: 8113Mb
#37953	NEW    cov: 1880 ft: 8082 corp: 788/2422Kb lim: 65536 exec/s: 519 rss: 8178Mb L: 2090/65536 MS: 3 CustomCrossOver-CrossOver-Custom-
#37991	NEW    cov: 1880 ft: 8082 corp: 788/2422Kb lim: 65536 exec/s: 520 rss: 8187Mb L: 3/65536 MS: 4 CustomCrossOver-EraseBytes-Custom-CustomCrossOver-
#38027	NEW    cov: 1880 ft: 8085 corp: 789/2478Kb lim: 65536 exec/s: 520 rss: 8195Mb L: 57349/65536 MS: 1 CustomCrossOver-
#38062	NEW    cov: 1880 ft: 8085 corp: 790/2478Kb lim: 65536 exec/s: 521 rss: 8201Mb L: 5/65536 MS: 10 InsertByte-Custom-ChangeBit-Custom-ChangeBit-Custom-ChangeByte-Custom-InsertByte-Custom-
#38270	NEW    cov: 1880 ft: 8087 corp: 791/2479Kb lim: 65536 exec/s: 524 rss: 8244Mb L: 645/65536 MS: 6 InsertByte-Custom-EraseBytes-Custom-EraseBytes-Custom-
#38625	NEW    cov: 1880 ft: 8087 corp: 791/2479Kb lim: 65536 exec/s: 529 rss: 8317Mb L: 20/65536 MS: 10 ManualDict-Custom-ChangeBit-Custom-ShuffleBytes-Custom-ManualDict-Custom-ChangeBinInt-Custom- DE: ";"-"summary"-
#38752	RELOAD cov: 1880 ft: 8087 corp: 793/2479Kb lim: 65536 exec/s: 530 rss: 8343Mb
#39234	NEW    cov: 1880 ft: 8087 corp: 794/2479Kb lim: 65536 exec/s: 530 rss: 8446Mb L: 18/65536 MS: 3 EraseBytes-Custom-CustomCrossOver-
#39255	NEW    cov: 1880 ft: 8087 corp: 795/2479Kb lim: 65536 exec/s: 530 rss: 8450Mb L: 1/65536 MS: 2 ChangeByte-Custom-
#39451	NEW    cov: 1880 ft: 8087 corp: 795/2479Kb lim: 65536 exec/s: 533 rss: 8490Mb L: 7/65536 MS: 2 ManualDict-Custom- DE: "phase"-
#39484	NEW    cov: 1880 ft: 8089 corp: 795/2479Kb lim: 65536 exec/s: 533 rss: 8497Mb L: 102/65536 MS: 6 CMP-Custom-InsertByte-Custom-EraseBytes-Custom- DE: "-\000\000\000\000\000\000\000"-
#39924	NEW    cov: 1880 ft: 8089 corp: 795/2479Kb lim: 65536 exec/s: 539 rss: 8591Mb L: 48/65536 MS: 3 CustomCrossOver-CustomCrossOver-CustomCrossOver-
#39943	NEW    cov: 1880 ft: 8093 corp: 795/2451Kb lim: 65536 exec/s: 539 rss: 8594Mb L: 3226/65536 MS: 8 InsertRepeatedBytes-Custom-PersAutoDict-Custom-CMP-Custom-CopyPart-Custom- DE: "lz4"-"read"-
#40387	NEW    cov: 1880 ft: 8096 corp: 796/2511Kb lim: 65536 exec/s: 538 rss: 8690Mb L: 61867/65536 MS: 7 EraseBytes-Custom-ChangeBit-Custom-CustomCrossOver-CopyPart-Custom-
#40458	NEW    cov: 1880 ft: 8097 corp: 797/2511Kb lim: 65536 exec/s: 539 rss: 8703Mb L: 4/65536 MS: 2 CopyPart-Custom-
#40682	NEW    cov: 1881 ft: 8284 corp: 798/2511Kb lim: 65536 exec/s: 542 rss: 8754Mb L: 25/65536 MS: 6 CustomCrossOver-CrossOver-Custom-CustomCrossOver-ManualDict-Custom- DE: "invalid"-
#40952	RELOAD cov: 1881 ft: 8284 corp: 798/2511Kb lim: 65536 exec/s: 546 rss: 8809Mb
#40953	NEW    cov: 1881 ft: 8284 corp: 798/2511Kb lim: 65536 exec/s: 546 rss: 8809Mb L: 2/65536 MS: 2 ChangeBit-Custom-
#40982	NEW    cov: 1881 ft: 8288 corp: 799/2511Kb lim: 65536 exec/s: 546 rss: 8811Mb L: 127/65536 MS: 6 InsertRepeatedBytes-Custom-CustomCrossOver-CustomCrossOver-CMP-Custom- DE: "\002\000"-
#41020	NEW    cov: 1881 ft: 8289 corp: 800/2511Kb lim: 65536 exec/s: 539 rss: 8817Mb L: 145/65536 MS: 6 ChangeBit-Custom-ChangeByte-Custom-ManualDict-Custom- DE: "inputs"-
#41059	NEW    cov: 1881 ft: 8290 corp: 801/2514Kb lim: 65536 exec/s: 540 rss: 8818Mb L: 2652/65536 MS: 8 ManualDict-Custom-CMP-Custom-EraseBytes-Custom-CMP-Custom- DE: "beez.env"-"\377\377\377\001"-"\001\037"-
#41235	NEW    cov: 1881 ft: 8290 corp: 801/2514Kb lim: 65536 exec/s: 542 rss: 8829Mb L: 65283/65536 MS: 2 ChangeASCIIInt-Custom-
#41257	NEW    cov: 1881 ft: 8290 corp: 801/2504Kb lim: 65536 exec/s: 542 rss: 8833Mb L: 1031/65536 MS: 4 ChangeByte-Custom-InsertByte-Custom-
#41395	NEW    cov: 1881 ft: 8290 corp: 801/2501Kb lim: 65536 exec/s: 544 rss: 8861Mb L: 31/65536 MS: 5 CrossOver-Custom-CustomCrossOver-InsertRepeatedBytes-Custom-
#41423	NEW    cov: 1881 ft: 8290 corp: 801/2501Kb lim: 65536 exec/s: 545 rss: 8867Mb L: 984/65536 MS: 6 CMP-Custom-ManualDict-Custom-EraseBytes-Custom- DE: "fs"-"references undefined step"-
#41461	NEW    cov: 1881 ft: 8290 corp: 801/2501Kb lim: 65536 exec/s: 545 rss: 8875Mb L: 50/65536 MS: 6 ChangeBit-Custom-PersAutoDict-Custom-InsertRepeatedBytes-Custom- DE: "\377\377\377\001"-
#41756	NEW    cov: 1881 ft: 8290 corp: 800/2500Kb lim: 65536 exec/s: 549 rss: 8938Mb L: 70/65536 MS: 10 ManualDict-Custom-ChangeByte-Custom-InsertRepeatedBytes-Custom-ManualDict-Custom-EraseBytes-Custom- DE: "tostring"-"flags"-
#41961	RELOAD cov: 1881 ft: 8290 corp: 800/2500Kb lim: 65536 exec/s: 544 rss: 8981Mb
#41970	NEW    cov: 1881 ft: 8290 corp: 799/2499Kb lim: 65536 exec/s: 545 rss: 8982Mb L: 3/65536 MS: 8 ShuffleBytes-Custom-EraseBytes-Custom-EraseBytes-Custom-ShuffleBytes-Custom-
#42277	NEW    cov: 1881 ft: 8290 corp: 800/2502Kb lim: 65536 exec/s: 549 rss: 9047Mb L: 2918/65536 MS: 4 EraseBytes-Custom-ChangeByte-Custom-
#42725	NEW    cov: 1881 ft: 8290 corp: 800/2502Kb lim: 65536 exec/s: 554 rss: 9134Mb L: 2/65536 MS: 5 CrossOver-Custom-CustomCrossOver-EraseBytes-Custom-
#43106	NEW    cov: 1881 ft: 8290 corp: 800/2502Kb lim: 65536 exec/s: 552 rss: 9186Mb L: 28/65536 MS: 2 InsertRepeatedBytes-Custom-
