INFO: found LLVMFuzzerCustomMutator (0x4d05e8). Disabling -len_control by default.
Dictionary: 286 entries
INFO: Running with entropic power schedule (0xFF, 100).
INFO: Seed: 875781361
INFO: Loaded 1 modules   (4931 inline 8-bit counters): 4931 [0x1494dbc, 0x14960ff), 
INFO: Loaded 1 PC tables (4931 PCs): 4931 [0x11acb48,0x11bff78), 
INFO:       87 files found in report/fuzz/corpus/lua_dsl
INFO: seed corpus: files: 87 min: 18b max: 1590b total: 18107b rss: 30Mb
#88	INITED cov: 1400 ft: 3594 corp: 60/12167b exec/s: 0 rss: 55Mb
#89	NEW    cov: 1400 ft: 3598 corp: 61/12769b lim: 65536 exec/s: 0 rss: 56Mb L: 602/1590 MS: 1 CustomCrossOver-
#90	NEW    cov: 1400 ft: 3602 corp: 62/13371b lim: 65536 exec/s: 0 rss: 56Mb L: 602/1590 MS: 1 CustomCrossOver-
#91	NEW    cov: 1400 ft: 3605 corp: 62/13294b lim: 65536 exec/s: 0 rss: 56Mb L: 138/1590 MS: 2 CopyPart-Custom-
#92	NEW    cov: 1400 ft: 3607 corp: 62/13174b lim: 65536 exec/s: 0 rss: 56Mb L: 193/1590 MS: 1 CustomCrossOver-
#93	NEW    cov: 1400 ft: 3607 corp: 61/12913b lim: 65536 exec/s: 0 rss: 57Mb L: 38/1590 MS: 2 ManualDict-Custom- DE: "PWD"-
#94	NEW    cov: 1400 ft: 3608 corp: 62/12931b lim: 65536 exec/s: 0 rss: 57Mb L: 18/1590 MS: 1 CustomCrossOver-
#95	NEW    cov: 1400 ft: 3609 corp: 63/13391b lim: 65536 exec/s: 0 rss: 57Mb L: 460/1590 MS: 2 PersAutoDict-Custom- DE: "PWD"-
#96	NEW    cov: 1400 ft: 3611 corp: 64/13430b lim: 65536 exec/s: 0 rss: 57Mb L: 39/1590 MS: 2 EraseBytes-Custom-
#97	NEW    cov: 1400 ft: 3611 corp: 64/13418b lim: 65536 exec/s: 0 rss: 58Mb L: 27/1590 MS: 2 EraseBytes-Custom-
#98	NEW    cov: 1400 ft: 3611 corp: 65/13436b lim: 65536 exec/s: 0 rss: 58Mb L: 18/1590 MS: 1 CustomCrossOver-
#99	NEW    cov: 1400 ft: 3626 corp: 66/13496b lim: 65536 exec/s: 0 rss: 58Mb L: 60/1590 MS: 2 ChangeByte-Custom-
#100	NEW    cov: 1400 ft: 3628 corp: 67/13604b lim: 65536 exec/s: 0 rss: 58Mb L: 108/1590 MS: 1 CustomCrossOver-
#101	NEW    cov: 1400 ft: 3628 corp: 68/14052b lim: 65536 exec/s: 0 rss: 59Mb L: 448/1590 MS: 2 ShuffleBytes-Custom-
#105	NEW    cov: 1400 ft: 3629 corp: 69/14654b lim: 65536 exec/s: 0 rss: 60Mb L: 602/1590 MS: 5 CustomCrossOver-ChangeBinInt-Custom-CustomCrossOver-CustomCrossOver-
#109	NEW    cov: 1400 ft: 3629 corp: 69/14545b lim: 65536 exec/s: 0 rss: 60Mb L: 493/1590 MS: 6 CustomCrossOver-ChangeBinInt-Custom-CustomCrossOver-ChangeByte-Custom-
#111	NEW    cov: 1400 ft: 3631 corp: 69/14544b lim: 65536 exec/s: 0 rss: 61Mb L: 88/1590 MS: 4 CMP-Custom-ChangeBit-Custom- DE: "\376\377\377\177"-
#112	NEW    cov: 1418 ft: 3814 corp: 70/15147b lim: 65536 exec/s: 0 rss: 61Mb L: 603/1590 MS: 2 ChangeByte-Custom-
#113	NEW    cov: 1418 ft: 3816 corp: 71/15208b lim: 65536 exec/s: 0 rss: 62Mb L: 61/1590 MS: 2 PersAutoDict-Custom- DE: "\376\377\377\177"-
#117	NEW    cov: 1418 ft: 3816 corp: 71/15202b lim: 65536 exec/s: 0 rss: 63Mb L: 487/1590 MS: 6 CustomCrossOver-InsertByte-Custom-CustomCrossOver-InsertRepeatedBytes-Custom-
#118	NEW    cov: 1418 ft: 3820 corp: 71/15049b lim: 65536 exec/s: 0 rss: 63Mb L: 334/1590 MS: 2 InsertByte-Custom-
#119	NEW    cov: 1418 ft: 3820 corp: 71/14715b lim: 65536 exec/s: 0 rss: 63Mb L: 56/1590 MS: 1 CustomCrossOver-
#121	NEW    cov: 1418 ft: 3826 corp: 72/14826b lim: 65536 exec/s: 0 rss: 64Mb L: 111/1590 MS: 4 PersAutoDict-Custom-ChangeBit-Custom- DE: "PWD"-
#123	NEW    cov: 1419 ft: 3829 corp: 73/14882b lim: 65536 exec/s: 0 rss: 64Mb L: 56/1590 MS: 3 CustomCrossOver-ChangeBinInt-Custom-
#124	NEW    cov: 1419 ft: 3834 corp: 74/15342b lim: 65536 exec/s: 0 rss: 64Mb L: 460/1590 MS: 1 CustomCrossOver-
#125	NEW    cov: 1419 ft: 3834 corp: 75/15498b lim: 65536 exec/s: 0 rss: 65Mb L: 156/1590 MS: 2 PersAutoDict-Custom- DE: "\376\377\377\177"-
#126	NEW    cov: 1419 ft: 3834 corp: 75/15176b lim: 65536 exec/s: 0 rss: 65Mb L: 84/1590 MS: 2 PersAutoDict-Custom- DE: "\376\377\377\177"-
#127	NEW    cov: 1419 ft: 3843 corp: 76/15490b lim: 65536 exec/s: 0 rss: 65Mb L: 314/1590 MS: 1 CustomCrossOver-
#128	NEW    cov: 1419 ft: 3843 corp: 74/15081b lim: 65536 exec/s: 0 rss: 65Mb L: 18/1590 MS: 1 CustomCrossOver-
#129	NEW    cov: 1419 ft: 3849 corp: 74/14985b lim: 65536 exec/s: 0 rss: 66Mb L: 60/1590 MS: 1 CustomCrossOver-
#130	NEW    cov: 1419 ft: 3854 corp: 75/15301b lim: 65536 exec/s: 0 rss: 66Mb L: 316/1590 MS: 2 ManualDict-Custom- DE: "in"-
#133	NEW    cov: 1419 ft: 3854 corp: 76/15447b lim: 65536 exec/s: 0 rss: 67Mb L: 146/1590 MS: 6 PersAutoDict-Custom-ChangeBit-Custom-ChangeBit-Custom- DE: "PWD"-
#134	NEW    cov: 1419 ft: 3857 corp: 77/15781b lim: 65536 exec/s: 0 rss: 67Mb L: 334/1590 MS: 2 ManualDict-Custom- DE: "step ordering failed"-
#135	NEW    cov: 1419 ft: 3857 corp: 78/15816b lim: 65536 exec/s: 0 rss: 67Mb L: 35/1590 MS: 2 EraseBytes-Custom-
#136	NEW    cov: 1419 ft: 3860 corp: 79/16276b lim: 65536 exec/s: 0 rss: 67Mb L: 460/1590 MS: 1 CustomCrossOver-
#137	NEW    cov: 1419 ft: 3860 corp: 80/16294b lim: 65536 exec/s: 0 rss: 68Mb L: 18/1590 MS: 1 CustomCrossOver-
#143	NEW    cov: 1419 ft: 3860 corp: 80/15900b lim: 65536 exec/s: 0 rss: 69Mb L: 208/1590 MS: 2 EraseBytes-Custom-
#144	NEW    cov: 1419 ft: 3860 corp: 81/15948b lim: 65536 exec/s: 0 rss: 70Mb L: 48/1590 MS: 1 CustomCrossOver-
#145	NEW    cov: 1419 ft: 3860 corp: 82/15976b lim: 65536 exec/s: 0 rss: 70Mb L: 28/1590 MS: 2 ManualDict-Custom- DE: "spinner"-
#146	NEW    cov: 1419 ft: 3860 corp: 83/15994b lim: 65536 exec/s: 0 rss: 70Mb L: 18/1590 MS: 1 CustomCrossOver-
#147	NEW    cov: 1419 ft: 3876 corp: 84/16103b lim: 65536 exec/s: 0 rss: 70Mb L: 109/1590 MS: 2 ManualDict-Custom- DE: "ranges"-
#148	NEW    cov: 1419 ft: 3883 corp: 85/16Kb lim: 65536 exec/s: 0 rss: 71Mb L: 863/1590 MS: 1 CustomCrossOver-
#154	NEW    cov: 1419 ft: 3885 corp: 86/16Kb lim: 65536 exec/s: 0 rss: 72Mb L: 61/1590 MS: 1 CustomCrossOver-
#155	NEW    cov: 1419 ft: 3885 corp: 86/16Kb lim: 65536 exec/s: 0 rss: 72Mb L: 147/1590 MS: 2 PersAutoDict-Custom- DE: "PWD"-
#156	NEW    cov: 1419 ft: 3885 corp: 86/16Kb lim: 65536 exec/s: 0 rss: 73Mb L: 121/1590 MS: 2 InsertByte-Custom-
#157	NEW    cov: 1419 ft: 3885 corp: 87/16Kb lim: 65536 exec/s: 0 rss: 73Mb L: 234/1590 MS: 1 CustomCrossOver-
#158	NEW    cov: 1419 ft: 3885 corp: 86/16Kb lim: 65536 exec/s: 0 rss: 73Mb L: 26/1590 MS: 2 ChangeByte-Custom-
#160	NEW    cov: 1419 ft: 3887 corp: 86/15474b lim: 65536 exec/s: 0 rss: 73Mb L: 105/1078 MS: 3 CustomCrossOver-ChangeBit-Custom-
#161	NEW    cov: 1419 ft: 3887 corp: 86/15466b lim: 65536 exec/s: 0 rss: 74Mb L: 138/1078 MS: 2 PersAutoDict-Custom- DE: "PWD"-
#162	NEW    cov: 1419 ft: 3887 corp: 86/15366b lim: 65536 exec/s: 0 rss: 74Mb L: 38/1078 MS: 1 CustomCrossOver-
#163	NEW    cov: 1419 ft: 3891 corp: 87/15739b lim: 65536 exec/s: 0 rss: 74Mb L: 373/1078 MS: 2 CrossOver-Custom-
#164	NEW    cov: 1419 ft: 3903 corp: 87/15685b lim: 65536 exec/s: 0 rss: 75Mb L: 50/1078 MS: 2 ManualDict-Custom- DE: "generate"-
#167	NEW    cov: 1419 ft: 3903 corp: 87/15677b lim: 65536 exec/s: 0 rss: 75Mb L: 113/1078 MS: 4 CustomCrossOver-CustomCrossOver-ChangeBinInt-Custom-
#169	NEW    cov: 1419 ft: 3915 corp: 88/16Kb lim: 65536 exec/s: 0 rss: 76Mb L: 716/1078 MS: 3 CustomCrossOver-InsertRepeatedBytes-Custom-
#171	NEW    cov: 1419 ft: 3915 corp: 89/16Kb lim: 65536 exec/s: 0 rss: 76Mb L: 237/1078 MS: 4 ShuffleBytes-Custom-ManualDict-Custom- DE: "end"-
#172	NEW    cov: 1419 ft: 3922 corp: 90/16Kb lim: 65536 exec/s: 0 rss: 76Mb L: 71/1078 MS: 2 ChangeBinInt-Custom-
#174	NEW    cov: 1419 ft: 3938 corp: 91/16Kb lim: 65536 exec/s: 0 rss: 77Mb L: 475/1078 MS: 3 CustomCrossOver-ManualDict-Custom- DE: "optimize_gc_for_throughput"-
#175	NEW    cov: 1419 ft: 3942 corp: 92/16Kb lim: 65536 exec/s: 0 rss: 77Mb L: 193/1078 MS: 1 CustomCrossOver-
#177	NEW    cov: 1419 ft: 3942 corp: 92/16Kb lim: 65536 exec/s: 0 rss: 77Mb L: 27/1078 MS: 3 ChangeBit-Custom-CustomCrossOver-
#183	NEW    cov: 1419 ft: 3942 corp: 92/16Kb lim: 65536 exec/s: 0 rss: 79Mb L: 96/1078 MS: 2 CopyPart-Custom-
#185	NEW    cov: 1419 ft: 3942 corp: 93/16Kb lim: 65536 exec/s: 0 rss: 80Mb L: 60/1078 MS: 3 CustomCrossOver-ChangeByte-Custom-
#187	NEW    cov: 1419 ft: 3949 corp: 94/18Kb lim: 65536 exec/s: 0 rss: 80Mb L: 1079/1079 MS: 4 ChangeASCIIInt-Custom-ManualDict-Custom- DE: "crc32"-
#188	NEW    cov: 1419 ft: 3953 corp: 95/18Kb lim: 65536 exec/s: 0 rss: 80Mb L: 80/1079 MS: 2 InsertByte-Custom-
#189	NEW    cov: 1419 ft: 3956 corp: 95/18Kb lim: 65536 exec/s: 0 rss: 81Mb L: 71/1079 MS: 1 CustomCrossOver-
#192	NEW    cov: 1419 ft: 3956 corp: 96/18Kb lim: 65536 exec/s: 0 rss: 81Mb L: 861/1079 MS: 6 CopyPart-Custom-ShuffleBytes-Custom-EraseBytes-Custom-
#193	NEW    cov: 1419 ft: 3956 corp: 97/18Kb lim: 65536 exec/s: 0 rss: 82Mb L: 35/1079 MS: 2 ShuffleBytes-Custom-
#194	NEW    cov: 1419 ft: 3963 corp: 98/18Kb lim: 65536 exec/s: 0 rss: 82Mb L: 50/1079 MS: 1 CustomCrossOver-
#195	NEW    cov: 1419 ft: 3963 corp: 98/18Kb lim: 65536 exec/s: 0 rss: 82Mb L: 28/1079 MS: 1 CustomCrossOver-
#196	NEW    cov: 1419 ft: 3964 corp: 99/19Kb lim: 65536 exec/s: 0 rss: 82Mb L: 716/1079 MS: 1 CustomCrossOver-
#197	NEW    cov: 1419 ft: 3974 corp: 100/19Kb lim: 65536 exec/s: 0 rss: 83Mb L: 267/1079 MS: 2 EraseBytes-Custom-
#198	NEW    cov: 1419 ft: 3974 corp: 100/19Kb lim: 65536 exec/s: 0 rss: 83Mb L: 22/1079 MS: 2 ChangeBit-Custom-
#199	NEW    cov: 1419 ft: 3975 corp: 101/20Kb lim: 65536 exec/s: 0 rss: 83Mb L: 716/1079 MS: 1 CustomCrossOver-
#200	NEW    cov: 1419 ft: 3978 corp: 102/21Kb lim: 65536 exec/s: 0 rss: 83Mb L: 1084/1084 MS: 2 ShuffleBytes-Custom-
#201	NEW    cov: 1419 ft: 3980 corp: 103/22Kb lim: 65536 exec/s: 0 rss: 84Mb L: 1122/1122 MS: 2 InsertRepeatedBytes-Custom-
#202	NEW    cov: 1419 ft: 3980 corp: 103/22Kb lim: 65536 exec/s: 0 rss: 84Mb L: 21/1122 MS: 1 CustomCrossOver-
#203	NEW    cov: 1419 ft: 3980 corp: 103/22Kb lim: 65536 exec/s: 0 rss: 84Mb L: 111/1122 MS: 2 ChangeBinInt-Custom-
#204	NEW    cov: 1419 ft: 3988 corp: 104/23Kb lim: 65536 exec/s: 0 rss: 84Mb L: 773/1122 MS: 2 EraseBytes-Custom-
#205	NEW    cov: 1419 ft: 4011 corp: 105/23Kb lim: 65536 exec/s: 0 rss: 84Mb L: 19/1122 MS: 2 ManualDict-Custom- DE: "("-
#208	NEW    cov: 1419 ft: 4011 corp: 105/23Kb lim: 65536 exec/s: 0 rss: 85Mb L: 22/1122 MS: 4 CustomCrossOver-ChangeBit-Custom-CustomCrossOver-
#209	NEW    cov: 1419 ft: 4019 corp: 105/23Kb lim: 65536 exec/s: 0 rss: 85Mb L: 22/1122 MS: 1 CustomCrossOver-
#210	NEW    cov: 1419 ft: 4021 corp: 106/23Kb lim: 65536 exec/s: 0 rss: 86Mb L: 18/1122 MS: 2 ChangeBinInt-Custom-
#211	NEW    cov: 1419 ft: 4021 corp: 107/23Kb lim: 65536 exec/s: 0 rss: 86Mb L: 38/1122 MS: 1 CustomCrossOver-
#213	NEW    cov: 1419 ft: 4023 corp: 108/23Kb lim: 65536 exec/s: 0 rss: 86Mb L: 603/1122 MS: 2 CustomCrossOver-CustomCrossOver-
#217	NEW    cov: 1419 ft: 4023 corp: 108/23Kb lim: 65536 exec/s: 0 rss: 87Mb L: 88/1122 MS: 5 CustomCrossOver-CustomCrossOver-ChangeBit-Custom-CustomCrossOver-
#219	NEW    cov: 1419 ft: 4025 corp: 108/23Kb lim: 65536 exec/s: 0 rss: 88Mb L: 639/1122 MS: 4 ShuffleBytes-Custom-EraseBytes-Custom-
#220	NEW    cov: 1419 ft: 4026 corp: 108/23Kb lim: 65536 exec/s: 0 rss: 88Mb L: 66/1122 MS: 2 ChangeByte-Custom-
#221	NEW    cov: 1419 ft: 4035 corp: 108/23Kb lim: 65536 exec/s: 0 rss: 88Mb L: 165/1122 MS: 2 PersAutoDict-Custom- DE: "optimize_gc_for_throughput"-
#222	NEW    cov: 1419 ft: 4040 corp: 109/24Kb lim: 65536 exec/s: 0 rss: 89Mb L: 1123/1123 MS: 2 InsertByte-Custom-
#223	NEW    cov: 1419 ft: 4045 corp: 110/24Kb lim: 65536 exec/s: 0 rss: 89Mb L: 96/1123 MS: 2 ChangeBinInt-Custom-
#224	NEW    cov: 1419 ft: 4045 corp: 110/24Kb lim: 65536 exec/s: 0 rss: 89Mb L: 298/1123 MS: 1 CustomCrossOver-
#227	NEW    cov: 1419 ft: 4060 corp: 111/24Kb lim: 65536 exec/s: 0 rss: 90Mb L: 602/1123 MS: 3 CustomCrossOver-CustomCrossOver-CustomCrossOver-
#228	NEW    cov: 1419 ft: 4066 corp: 109/24Kb lim: 65536 exec/s: 0 rss: 90Mb L: 22/1123 MS: 2 CopyPart-Custom-
#230	NEW    cov: 1419 ft: 4066 corp: 110/24Kb lim: 65536 exec/s: 0 rss: 91Mb L: 390/1123 MS: 4 ChangeBit-Custom-CopyPart-Custom-
#234	NEW    cov: 1419 ft: 4066 corp: 110/24Kb lim: 65536 exec/s: 0 rss: 91Mb L: 96/1123 MS: 7 CMP-Custom-CopyPart-Custom-ChangeBit-Custom-CustomCrossOver- DE: "\001\000\000\011"-
#235	NEW    cov: 1419 ft: 4071 corp: 111/24Kb lim: 65536 exec/s: 0 rss: 92Mb L: 99/1123 MS: 2 CMP-Custom- DE: "\001\000\000\000\000\000\000\026"-
#236	NEW    cov: 1419 ft: 4071 corp: 112/24Kb lim: 65536 exec/s: 0 rss: 92Mb L: 72/1123 MS: 2 ShuffleBytes-Custom-
#237	NEW    cov: 1419 ft: 4071 corp: 111/24Kb lim: 65536 exec/s: 0 rss: 92Mb L: 40/1123 MS: 2 CopyPart-Custom-
#238	NEW    cov: 1419 ft: 4071 corp: 112/24Kb lim: 65536 exec/s: 0 rss: 92Mb L: 22/1123 MS: 2 ChangeByte-Custom-
#239	NEW    cov: 1419 ft: 4072 corp: 113/24Kb lim: 65536 exec/s: 0 rss: 93Mb L: 18/1123 MS: 1 CustomCrossOver-
#241	NEW    cov: 1419 ft: 4075 corp: 114/24Kb lim: 65536 exec/s: 0 rss: 93Mb L: 317/1123 MS: 4 EraseBytes-Custom-ShuffleBytes-Custom-
#242	NEW    cov: 1419 ft: 4079 corp: 114/24Kb lim: 65536 exec/s: 0 rss: 93Mb L: 65/1123 MS: 2 CMP-Custom- DE: "\001\000\000\007"-
#243	NEW    cov: 1419 ft: 4079 corp: 115/24Kb lim: 65536 exec/s: 0 rss: 94Mb L: 110/1123 MS: 2 InsertByte-Custom-
#247	NEW    cov: 1419 ft: 4079 corp: 115/24Kb lim: 65536 exec/s: 0 rss: 94Mb L: 125/1123 MS: 5 CustomCrossOver-CustomCrossOver-CustomCrossOver-CrossOver-Custom-
#248	NEW    cov: 1419 ft: 4079 corp: 116/24Kb lim: 65536 exec/s: 0 rss: 95Mb L: 18/1123 MS: 1 CustomCrossOver-
#253	NEW    cov: 1419 ft: 4079 corp: 117/24Kb lim: 65536 exec/s: 0 rss: 96Mb L: 159/1123 MS: 10 InsertByte-Custom-InsertByte-Custom-PersAutoDict-Custom-ManualDict-Custom-CMP-Custom- DE: "spinner"-"TERM"-"\015\000\000\000"-
#257	NEW    cov: 1419 ft: 4079 corp: 117/24Kb lim: 65536 exec/s: 0 rss: 97Mb L: 61/1123 MS: 6 CustomCrossOver-ChangeBinInt-Custom-CustomCrossOver-ChangeBinInt-Custom-
#264	NEW    cov: 1419 ft: 4079 corp: 117/24Kb lim: 65536 exec/s: 0 rss: 99Mb L: 193/1123 MS: 2 CustomCrossOver-CustomCrossOver-
#266	NEW    cov: 1419 ft: 4079 corp: 117/24Kb lim: 65536 exec/s: 0 rss: 99Mb L: 34/1123 MS: 3 ShuffleBytes-Custom-CustomCrossOver-
#268	NEW    cov: 1419 ft: 4081 corp: 118/24Kb lim: 65536 exec/s: 0 rss: 100Mb L: 72/1123 MS: 3 CustomCrossOver-ManualDict-Custom- DE: "beez_fuzz_project"-
#269	NEW    cov: 1419 ft: 4081 corp: 116/24Kb lim: 65536 exec/s: 0 rss: 100Mb L: 21/1123 MS: 2 ShuffleBytes-Custom-
#272	NEW    cov: 1419 ft: 4081 corp: 116/24Kb lim: 65536 exec/s: 0 rss: 101Mb L: 21/1123 MS: 4 CustomCrossOver-EraseBytes-Custom-CustomCrossOver-
#273	NEW    cov: 1419 ft: 4081 corp: 115/24Kb lim: 65536 exec/s: 0 rss: 101Mb L: 105/1123 MS: 2 CopyPart-Custom-
#275	NEW    cov: 1419 ft: 4081 corp: 115/24Kb lim: 65536 exec/s: 0 rss: 101Mb L: 22/1123 MS: 3 ShuffleBytes-Custom-CustomCrossOver-
#276	NEW    cov: 1419 ft: 4081 corp: 115/24Kb lim: 65536 exec/s: 0 rss: 102Mb L: 66/1123 MS: 2 CMP-Custom- DE: "\000\000\000\000$\204\372U"-
#277	NEW    cov: 1419 ft: 4087 corp: 116/24Kb lim: 65536 exec/s: 0 rss: 102Mb L: 604/1123 MS: 2 CrossOver-Custom-
#278	NEW    cov: 1419 ft: 4091 corp: 116/24Kb lim: 65536 exec/s: 0 rss: 102Mb L: 18/1123 MS: 1 CustomCrossOver-
#279	NEW    cov: 1419 ft: 4091 corp: 116/24Kb lim: 65536 exec/s: 0 rss: 102Mb L: 24/1123 MS: 2 CMP-Custom- DE: "tmp_dir"-
#282	NEW    cov: 1419 ft: 4091 corp: 117/24Kb lim: 65536 exec/s: 0 rss: 103Mb L: 28/1123 MS: 4 CustomCrossOver-CustomCrossOver-PersAutoDict-Custom- DE: "optimize_gc_for_throughput"-
#283	NEW    cov: 1419 ft: 4091 corp: 118/24Kb lim: 65536 exec/s: 0 rss: 103Mb L: 30/1123 MS: 2 ManualDict-Custom- DE: "\\r"-
#284	NEW    cov: 1419 ft: 4091 corp: 115/24Kb lim: 65536 exec/s: 0 rss: 103Mb L: 71/1123 MS: 1 CustomCrossOver-
#289	NEW    cov: 1419 ft: 4091 corp: 115/24Kb lim: 65536 exec/s: 0 rss: 105Mb L: 48/1123 MS: 6 PersAutoDict-Custom-CustomCrossOver-CustomCrossOver-CustomCrossOver-CustomCrossOver- DE: "end"-
#294	NEW    cov: 1419 ft: 4091 corp: 116/24Kb lim: 65536 exec/s: 0 rss: 106Mb L: 22/1123 MS: 7 CustomCrossOver-InsertByte-Custom-CustomCrossOver-ChangeByte-Custom-CustomCrossOver-
#295	NEW    cov: 1419 ft: 4091 corp: 116/24Kb lim: 65536 exec/s: 0 rss: 106Mb L: 50/1123 MS: 2 EraseBytes-Custom-
#296	NEW    cov: 1419 ft: 4091 corp: 116/23Kb lim: 65536 exec/s: 0 rss: 106Mb L: 34/1123 MS: 2 ChangeBit-Custom-
#297	NEW    cov: 1419 ft: 4091 corp: 117/24Kb lim: 65536 exec/s: 0 rss: 106Mb L: 19/1123 MS: 2 EraseBytes-Custom-
#298	NEW    cov: 1419 ft: 4092 corp: 117/23Kb lim: 65536 exec/s: 0 rss: 107Mb L: 88/1123 MS: 2 InsertRepeatedBytes-Custom-
#299	NEW    cov: 1419 ft: 4095 corp: 118/24Kb lim: 65536 exec/s: 0 rss: 107Mb L: 475/1123 MS: 2 ManualDict-Custom- DE: "references undefined step"-
#300	NEW    cov: 1419 ft: 4095 corp: 119/24Kb lim: 65536 exec/s: 0 rss: 107Mb L: 24/1123 MS: 2 PersAutoDict-Custom- DE: "\\r"-
#303	NEW    cov: 1419 ft: 4099 corp: 120/24Kb lim: 65536 exec/s: 0 rss: 108Mb L: 44/1123 MS: 6 InsertByte-Custom-ChangeBinInt-Custom-ChangeBinInt-Custom-
#304	NEW    cov: 1419 ft: 4099 corp: 121/24Kb lim: 65536 exec/s: 0 rss: 108Mb L: 59/1123 MS: 2 ChangeByte-Custom-
#306	NEW    cov: 1419 ft: 4099 corp: 121/24Kb lim: 65536 exec/s: 0 rss: 108Mb L: 66/1123 MS: 2 CustomCrossOver-CustomCrossOver-
#307	NEW    cov: 1419 ft: 4103 corp: 121/24Kb lim: 65536 exec/s: 0 rss: 109Mb L: 57/1123 MS: 2 ShuffleBytes-Custom-
#311	NEW    cov: 1419 ft: 4109 corp: 121/24Kb lim: 65536 exec/s: 0 rss: 110Mb L: 514/1123 MS: 6 CMP-Custom-CustomCrossOver-CustomCrossOver-CrossOver-Custom- DE: "\000\000\000\000\000\000\000\000"-
#312	NEW    cov: 1419 ft: 4113 corp: 122/24Kb lim: 65536 exec/s: 0 rss: 110Mb L: 57/1123 MS: 2 EraseBytes-Custom-
#316	NEW    cov: 1419 ft: 4113 corp: 123/24Kb lim: 65536 exec/s: 0 rss: 111Mb L: 24/1123 MS: 5 CustomCrossOver-CustomCrossOver-CustomCrossOver-ChangeBinInt-Custom-
#320	NEW    cov: 1419 ft: 4114 corp: 124/24Kb lim: 65536 exec/s: 0 rss: 112Mb L: 26/1123 MS: 8 CMP-Custom-ChangeBinInt-Custom-InsertByte-Custom-ChangeByte-Custom- DE: "\001\002"-
#321	NEW    cov: 1419 ft: 4115 corp: 124/24Kb lim: 65536 exec/s: 0 rss: 112Mb L: 21/1123 MS: 2 ChangeBinInt-Custom-
#327	NEW    cov: 1419 ft: 4118 corp: 125/24Kb lim: 65536 exec/s: 0 rss: 114Mb L: 56/1123 MS: 2 InsertRepeatedBytes-Custom-
#328	NEW    cov: 1419 ft: 4118 corp: 125/24Kb lim: 65536 exec/s: 0 rss: 114Mb L: 26/1123 MS: 2 CMP-Custom- DE: "\377\377\377\377\377\377\377\037"-
#329	NEW    cov: 1419 ft: 4119 corp: 126/24Kb lim: 65536 exec/s: 0 rss: 114Mb L: 603/1123 MS: 1 CustomCrossOver-
#332	NEW    cov: 1419 ft: 4119 corp: 127/24Kb lim: 65536 exec/s: 0 rss: 114Mb L: 31/1123 MS: 6 ChangeBinInt-Custom-ShuffleBytes-Custom-PersAutoDict-Custom- DE: "PWD"-
#334	NEW    cov: 1419 ft: 4123 corp: 128/25Kb lim: 65536 exec/s: 0 rss: 115Mb L: 864/1123 MS: 3 CustomCrossOver-InsertByte-Custom-
#336	NEW    cov: 1419 ft: 4123 corp: 128/25Kb lim: 65536 exec/s: 0 rss: 115Mb L: 49/1123 MS: 3 CustomCrossOver-EraseBytes-Custom-
#337	NEW    cov: 1419 ft: 4124 corp: 129/26Kb lim: 65536 exec/s: 0 rss: 116Mb L: 1122/1123 MS: 1 CustomCrossOver-
#338	NEW    cov: 1419 ft: 4125 corp: 129/26Kb lim: 65536 exec/s: 0 rss: 116Mb L: 493/1123 MS: 1 CustomCrossOver-
#340	NEW    cov: 1420 ft: 4137 corp: 130/27Kb lim: 65536 exec/s: 0 rss: 116Mb L: 1283/1283 MS: 4 EraseBytes-Custom-CopyPart-Custom-
#341	NEW    cov: 1420 ft: 4137 corp: 130/27Kb lim: 65536 exec/s: 0 rss: 117Mb L: 927/1283 MS: 2 EraseBytes-Custom-
#343	NEW    cov: 1420 ft: 4143 corp: 130/26Kb lim: 65536 exec/s: 0 rss: 117Mb L: 182/1283 MS: 3 CustomCrossOver-EraseBytes-Custom-
#344	NEW    cov: 1420 ft: 4143 corp: 130/26Kb lim: 65536 exec/s: 0 rss: 117Mb L: 56/1283 MS: 2 ChangeBit-Custom-
#345	NEW    cov: 1420 ft: 4145 corp: 130/26Kb lim: 65536 exec/s: 0 rss: 118Mb L: 1117/1283 MS: 2 InsertRepeatedBytes-Custom-
#346	NEW    cov: 1420 ft: 4145 corp: 131/26Kb lim: 65536 exec/s: 0 rss: 118Mb L: 111/1283 MS: 1 CustomCrossOver-
#347	NEW    cov: 1420 ft: 4145 corp: 131/26Kb lim: 65536 exec/s: 0 rss: 118Mb L: 18/1283 MS: 1 CustomCrossOver-
#348	NEW    cov: 1420 ft: 4150 corp: 132/26Kb lim: 65536 exec/s: 0 rss: 118Mb L: 79/1283 MS: 2 EraseBytes-Custom-
#349	NEW    cov: 1420 ft: 4150 corp: 133/26Kb lim: 65536 exec/s: 0 rss: 119Mb L: 56/1283 MS: 1 CustomCrossOver-
#350	NEW    cov: 1420 ft: 4150 corp: 133/26Kb lim: 65536 exec/s: 0 rss: 119Mb L: 22/1283 MS: 2 PersAutoDict-Custom- DE: "tmp_dir"-
#352	NEW    cov: 1420 ft: 4150 corp: 133/26Kb lim: 65536 exec/s: 0 rss: 119Mb L: 28/1283 MS: 4 InsertByte-Custom-ChangeByte-Custom-
#353	NEW    cov: 1420 ft: 4150 corp: 133/25Kb lim: 65536 exec/s: 0 rss: 119Mb L: 21/1283 MS: 1 CustomCrossOver-
#357	NEW    cov: 1420 ft: 4150 corp: 133/25Kb lim: 65536 exec/s: 0 rss: 120Mb L: 298/1283 MS: 7 InsertRepeatedBytes-Custom-CrossOver-Custom-ShuffleBytes-Custom-CustomCrossOver-
#362	NEW    cov: 1420 ft: 4150 corp: 134/26Kb lim: 65536 exec/s: 0 rss: 122Mb L: 41/1283 MS: 10 CopyPart-Custom-ChangeBit-Custom-ChangeByte-Custom-ChangeBinInt-Custom-ChangeBinInt-Custom-
#363	NEW    cov: 1420 ft: 4150 corp: 135/26Kb lim: 65536 exec/s: 0 rss: 122Mb L: 48/1283 MS: 1 CustomCrossOver-
#364	NEW    cov: 1420 ft: 4151 corp: 136/26Kb lim: 65536 exec/s: 0 rss: 122Mb L: 864/1283 MS: 1 CustomCrossOver-
#365	NEW    cov: 1420 ft: 4157 corp: 137/27Kb lim: 65536 exec/s: 0 rss: 122Mb L: 773/1283 MS: 2 ChangeByte-Custom-
#366	NEW    cov: 1420 ft: 4157 corp: 137/27Kb lim: 65536 exec/s: 0 rss: 123Mb L: 22/1283 MS: 2 ChangeBinInt-Custom-
#371	NEW    cov: 1420 ft: 4159 corp: 135/27Kb lim: 65536 exec/s: 0 rss: 124Mb L: 16/1283 MS: 8 CrossOver-Custom-CustomCrossOver-CustomCrossOver-ChangeBinInt-Custom-EraseBytes-Custom-
#372	NEW    cov: 1420 ft: 4159 corp: 136/27Kb lim: 65536 exec/s: 0 rss: 124Mb L: 25/1283 MS: 2 ShuffleBytes-Custom-
#374	NEW    cov: 1420 ft: 4167 corp: 137/27Kb lim: 65536 exec/s: 0 rss: 125Mb L: 112/1283 MS: 3 CustomCrossOver-CrossOver-Custom-
#384	NEW    cov: 1420 ft: 4167 corp: 137/27Kb lim: 65536 exec/s: 0 rss: 127Mb L: 703/1283 MS: 7 CustomCrossOver-ChangeBit-Custom-CustomCrossOver-CustomCrossOver-InsertRepeatedBytes-Custom-
#389	NEW    cov: 1420 ft: 4167 corp: 137/27Kb lim: 65536 exec/s: 0 rss: 128Mb L: 381/1283 MS: 10 ManualDict-Custom-EraseBytes-Custom-CMP-Custom-CMP-Custom-CopyPart-Custom- DE: "log_steps"-"\007\000\000\000"-"\316\000\000\000\000\000\000\000"-
#390	NEW    cov: 1420 ft: 4169 corp: 136/26Kb lim: 65536 exec/s: 0 rss: 128Mb L: 71/1283 MS: 2 ChangeBit-Custom-
#391	NEW    cov: 1420 ft: 4169 corp: 137/26Kb lim: 65536 exec/s: 0 rss: 129Mb L: 21/1283 MS: 2 CrossOver-Custom-
#392	NEW    cov: 1420 ft: 4170 corp: 137/26Kb lim: 65536 exec/s: 0 rss: 129Mb L: 22/1283 MS: 2 ChangeByte-Custom-
#393	NEW    cov: 1420 ft: 4170 corp: 137/26Kb lim: 65536 exec/s: 0 rss: 129Mb L: 18/1283 MS: 2 CMP-Custom- DE: "\000\000\000\000\000\000\000\000"-
#396	NEW    cov: 1420 ft: 4174 corp: 138/26Kb lim: 65536 exec/s: 0 rss: 130Mb L: 232/1283 MS: 6 ChangeBinInt-Custom-InsertRepeatedBytes-Custom-ChangeBinInt-Custom-
#399	NEW    cov: 1420 ft: 4176 corp: 138/25Kb lim: 65536 exec/s: 0 rss: 130Mb L: 102/1283 MS: 5 ShuffleBytes-Custom-CMP-Custom-CustomCrossOver- DE: "\000\000\000\001"-
#400	NEW    cov: 1420 ft: 4176 corp: 138/25Kb lim: 65536 exec/s: 0 rss: 131Mb L: 26/1283 MS: 2 PersAutoDict-Custom- DE: "\001\000\000\000\000\000\000\026"-
#402	NEW    cov: 1420 ft: 4183 corp: 138/25Kb lim: 65536 exec/s: 0 rss: 131Mb L: 113/1283 MS: 3 CustomCrossOver-ChangeByte-Custom-
#408	NEW    cov: 1420 ft: 4183 corp: 139/25Kb lim: 65536 exec/s: 0 rss: 133Mb L: 22/1283 MS: 2 ChangeBit-Custom-
#409	NEW    cov: 1420 ft: 4184 corp: 139/25Kb lim: 65536 exec/s: 0 rss: 133Mb L: 26/1283 MS: 1 CustomCrossOver-
#412	NEW    cov: 1420 ft: 4185 corp: 140/25Kb lim: 65536 exec/s: 0 rss: 134Mb L: 108/1283 MS: 6 ShuffleBytes-Custom-CrossOver-Custom-InsertByte-Custom-
#414	NEW    cov: 1420 ft: 4185 corp: 141/25Kb lim: 65536 exec/s: 0 rss: 134Mb L: 114/1283 MS: 4 InsertRepeatedBytes-Custom-CMP-Custom- DE: "\000\000\000\000"-
#420	NEW    cov: 1420 ft: 4185 corp: 141/25Kb lim: 65536 exec/s: 0 rss: 136Mb L: 80/1283 MS: 2 CopyPart-Custom-
#421	NEW    cov: 1420 ft: 4187 corp: 140/25Kb lim: 65536 exec/s: 0 rss: 136Mb L: 26/1283 MS: 2 PersAutoDict-Custom- DE: "log_steps"-
#423	NEW    cov: 1420 ft: 4187 corp: 140/25Kb lim: 65536 exec/s: 0 rss: 136Mb L: 18/1283 MS: 2 CustomCrossOver-CustomCrossOver-
#424	NEW    cov: 1420 ft: 4187 corp: 141/25Kb lim: 65536 exec/s: 0 rss: 137Mb L: 84/1283 MS: 2 EraseBytes-Custom-
#429	NEW    cov: 1420 ft: 4187 corp: 142/25Kb lim: 65536 exec/s: 0 rss: 138Mb L: 158/1283 MS: 10 ManualDict-Custom-ChangeBit-Custom-CMP-Custom-ChangeByte-Custom-InsertRepeatedBytes-Custom- DE: "mutate"-"epoc"-
#431	NEW    cov: 1420 ft: 4187 corp: 142/25Kb lim: 65536 exec/s: 0 rss: 138Mb L: 76/1283 MS: 4 PersAutoDict-Custom-InsertRepeatedBytes-Custom- DE: "\000\000\000\000$\204\372U"-
#432	NEW    cov: 1420 ft: 4188 corp: 143/26Kb lim: 65536 exec/s: 0 rss: 139Mb L: 1117/1283 MS: 1 CustomCrossOver-
#433	NEW    cov: 1420 ft: 4188 corp: 144/26Kb lim: 65536 exec/s: 0 rss: 139Mb L: 65/1283 MS: 2 EraseBytes-Custom-
#439	NEW    cov: 1420 ft: 4188 corp: 143/26Kb lim: 65536 exec/s: 0 rss: 140Mb L: 25/1283 MS: 2 ChangeBinInt-Custom-
#444	NEW    cov: 1420 ft: 4189 corp: 144/27Kb lim: 65536 exec/s: 0 rss: 141Mb L: 781/1283 MS: 10 ChangeBinInt-Custom-ShuffleBytes-Custom-ShuffleBytes-Custom-ChangeBinInt-Custom-CMP-Custom- DE: "\024\000\000\000\003\000\000\000"-
#445	NEW    cov: 1420 ft: 4189 corp: 145/27Kb lim: 65536 exec/s: 0 rss: 141Mb L: 92/1283 MS: 2 ManualDict-Custom- DE: "workflow"-
#451	NEW    cov: 1420 ft: 4189 corp: 146/27Kb lim: 65536 exec/s: 0 rss: 143Mb L: 232/1283 MS: 1 CustomCrossOver-
#452	NEW    cov: 1420 ft: 4189 corp: 146/27Kb lim: 65536 exec/s: 0 rss: 143Mb L: 16/1283 MS: 2 EraseBytes-Custom-
#453	NEW    cov: 1420 ft: 4189 corp: 147/27Kb lim: 65536 exec/s: 0 rss: 143Mb L: 46/1283 MS: 2 EraseBytes-Custom-
#454	NEW    cov: 1420 ft: 4191 corp: 145/25Kb lim: 65536 exec/s: 0 rss: 144Mb L: 71/1283 MS: 2 CopyPart-Custom-
#455	NEW    cov: 1420 ft: 4191 corp: 146/25Kb lim: 65536 exec/s: 0 rss: 144Mb L: 18/1283 MS: 2 ChangeByte-Custom-
#457	NEW    cov: 1420 ft: 4195 corp: 145/25Kb lim: 65536 exec/s: 0 rss: 144Mb L: 128/1283 MS: 4 ChangeBinInt-Custom-CopyPart-Custom-
#459	NEW    cov: 1420 ft: 4195 corp: 145/24Kb lim: 65536 exec/s: 0 rss: 145Mb L: 193/1283 MS: 4 ChangeBit-Custom-InsertRepeatedBytes-Custom-
#463	NEW    cov: 1420 ft: 4195 corp: 145/24Kb lim: 65536 exec/s: 0 rss: 146Mb L: 64/1283 MS: 8 ManualDict-Custom-ShuffleBytes-Custom-CopyPart-Custom-CMP-Custom- DE: "open_libraries"-"\377\023"-
#470	NEW    cov: 1420 ft: 4195 corp: 146/24Kb lim: 65536 exec/s: 0 rss: 147Mb L: 65/1283 MS: 3 CustomCrossOver-ChangeByte-Custom-
#473	NEW    cov: 1420 ft: 4197 corp: 147/25Kb lim: 65536 exec/s: 0 rss: 148Mb L: 1365/1365 MS: 4 CustomCrossOver-CustomCrossOver-InsertRepeatedBytes-Custom-
#475	NEW    cov: 1420 ft: 4198 corp: 148/26Kb lim: 65536 exec/s: 0 rss: 148Mb L: 716/1365 MS: 3 CopyPart-Custom-CustomCrossOver-
#476	NEW    cov: 1420 ft: 4198 corp: 149/26Kb lim: 65536 exec/s: 0 rss: 149Mb L: 182/1365 MS: 1 CustomCrossOver-
#477	NEW    cov: 1420 ft: 4198 corp: 150/26Kb lim: 65536 exec/s: 0 rss: 149Mb L: 18/1365 MS: 2 ChangeByte-Custom-
#478	NEW    cov: 1420 ft: 4199 corp: 147/26Kb lim: 65536 exec/s: 0 rss: 149Mb L: 65/1365 MS: 2 EraseBytes-Custom-
#481	NEW    cov: 1420 ft: 4200 corp: 148/26Kb lim: 65536 exec/s: 0 rss: 150Mb L: 307/1365 MS: 4 CustomCrossOver-CustomCrossOver-ShuffleBytes-Custom-
#482	NEW    cov: 1420 ft: 4200 corp: 147/26Kb lim: 65536 exec/s: 0 rss: 150Mb L: 50/1365 MS: 1 CustomCrossOver-
#483	NEW    cov: 1420 ft: 4200 corp: 147/26Kb lim: 65536 exec/s: 0 rss: 150Mb L: 22/1365 MS: 2 InsertByte-Custom-
#484	NEW    cov: 1420 ft: 4200 corp: 147/26Kb lim: 65536 exec/s: 0 rss: 150Mb L: 40/1365 MS: 2 ManualDict-Custom- DE: "indicator"-
#486	NEW    cov: 1420 ft: 4200 corp: 146/26Kb lim: 65536 exec/s: 0 rss: 151Mb L: 22/1365 MS: 3 ChangeBit-Custom-CustomCrossOver-
#489	NEW    cov: 1420 ft: 4221 corp: 145/26Kb lim: 65536 exec/s: 0 rss: 152Mb L: 15/1365 MS: 6 CopyPart-Custom-ChangeBinInt-Custom-EraseBytes-Custom-
#491	NEW    cov: 1420 ft: 4221 corp: 146/26Kb lim: 65536 exec/s: 0 rss: 152Mb L: 162/1365 MS: 4 InsertByte-Custom-CrossOver-Custom-
#492	NEW    cov: 1420 ft: 4222 corp: 147/26Kb lim: 65536 exec/s: 0 rss: 152Mb L: 50/1365 MS: 1 CustomCrossOver-
#493	NEW    cov: 1420 ft: 4223 corp: 148/26Kb lim: 65536 exec/s: 0 rss: 152Mb L: 88/1365 MS: 2 ShuffleBytes-Custom-
#494	NEW    cov: 1420 ft: 4226 corp: 148/26Kb lim: 65536 exec/s: 0 rss: 153Mb L: 48/1365 MS: 1 CustomCrossOver-
#502	NEW    cov: 1420 ft: 4226 corp: 149/26Kb lim: 65536 exec/s: 0 rss: 155Mb L: 361/1365 MS: 6 ShuffleBytes-Custom-InsertByte-Custom-InsertByte-Custom-
#503	NEW    cov: 1420 ft: 4229 corp: 150/27Kb lim: 65536 exec/s: 0 rss: 155Mb L: 1129/1365 MS: 2 ChangeBinInt-Custom-
#506	NEW    cov: 1420 ft: 4230 corp: 151/27Kb lim: 65536 exec/s: 0 rss: 156Mb L: 202/1365 MS: 6 CMP-Custom-ChangeBit-Custom-InsertRepeatedBytes-Custom- DE: "downloa"-
#508	NEW    cov: 1420 ft: 4230 corp: 152/28Kb lim: 65536 exec/s: 0 rss: 156Mb L: 47/1365 MS: 4 ShuffleBytes-Custom-PersAutoDict-Custom- DE: "\000\000\000\000\000\000\000\000"-
#512	NEW    cov: 1420 ft: 4230 corp: 153/28Kb lim: 65536 exec/s: 0 rss: 157Mb L: 52/1365 MS: 8 ManualDict-Custom-InsertByte-Custom-ManualDict-Custom-ChangeBit-Custom- DE: "description"-"beez.config"-
#513	NEW    cov: 1420 ft: 4232 corp: 154/28Kb lim: 65536 exec/s: 0 rss: 158Mb L: 604/1365 MS: 1 CustomCrossOver-
#518	NEW    cov: 1420 ft: 4232 corp: 155/28Kb lim: 65536 exec/s: 0 rss: 159Mb L: 45/1365 MS: 10 InsertRepeatedBytes-Custom-EraseBytes-Custom-CopyPart-Custom-ChangeByte-Custom-ShuffleBytes-Custom-
#523	NEW    cov: 1420 ft: 4232 corp: 156/29Kb lim: 65536 exec/s: 0 rss: 160Mb L: 481/1365 MS: 10 ShuffleBytes-Custom-InsertRepeatedBytes-Custom-ShuffleBytes-Custom-CMP-Custom-CopyPart-Custom- DE: "\001\000\000\003\000\000\000\025"-
#525	NEW    cov: 1420 ft: 4232 corp: 157/29Kb lim: 65536 exec/s: 0 rss: 160Mb L: 27/1365 MS: 4 ManualDict-Custom-ChangeBinInt-Custom- DE: ";"-
#530	NEW    cov: 1420 ft: 4232 corp: 158/29Kb lim: 65536 exec/s: 0 rss: 161Mb L: 68/1365 MS: 8 CustomCrossOver-ChangeByte-Custom-CustomCrossOver-ChangeBinInt-Custom-InsertByte-Custom-
#532	NEW    cov: 1420 ft: 4232 corp: 158/29Kb lim: 65536 exec/s: 0 rss: 162Mb L: 18/1365 MS: 4 ChangeBit-Custom-ChangeBit-Custom-
#534	NEW    cov: 1420 ft: 4232 corp: 158/29Kb lim: 65536 exec/s: 0 rss: 162Mb L: 47/1365 MS: 4 ManualDict-Custom-ChangeBit-Custom- DE: "artifacts"-
#535	NEW    cov: 1420 ft: 4232 corp: 157/29Kb lim: 65536 exec/s: 0 rss: 162Mb L: 18/1365 MS: 2 ManualDict-Custom- DE: "\\t"-
#539	NEW    cov: 1420 ft: 4232 corp: 158/29Kb lim: 65536 exec/s: 0 rss: 163Mb L: 73/1365 MS: 8 ManualDict-Custom-ManualDict-Custom-ChangeBinInt-Custom-CMP-Custom- DE: ";"-"missing"-"\377\377"-
#542	NEW    cov: 1420 ft: 4232 corp: 158/29Kb lim: 65536 exec/s: 0 rss: 164Mb L: 273/1365 MS: 5 ChangeBinInt-Custom-ChangeBinInt-Custom-CustomCrossOver-
#546	NEW    cov: 1420 ft: 4232 corp: 158/29Kb lim: 65536 exec/s: 0 rss: 165Mb L: 147/1365 MS: 8 ChangeBinInt-Custom-ChangeBinInt-Custom-ShuffleBytes-Custom-CopyPart-Custom-
#547	NEW    cov: 1420 ft: 4233 corp: 159/29Kb lim: 65536 exec/s: 0 rss: 165Mb L: 27/1365 MS: 2 ChangeBinInt-Custom-
#548	NEW    cov: 1420 ft: 4233 corp: 159/29Kb lim: 65536 exec/s: 0 rss: 166Mb L: 68/1365 MS: 1 CustomCrossOver-
#549	NEW    cov: 1420 ft: 4233 corp: 158/29Kb lim: 65536 exec/s: 0 rss: 166Mb L: 16/1365 MS: 2 PersAutoDict-Custom- DE: "crc32"-
#550	NEW    cov: 1420 ft: 4233 corp: 159/29Kb lim: 65536 exec/s: 0 rss: 166Mb L: 14/1365 MS: 2 EraseBytes-Custom-
#556	NEW    cov: 1420 ft: 4233 corp: 160/29Kb lim: 65536 exec/s: 0 rss: 168Mb L: 16/1365 MS: 2 EraseBytes-Custom-
#557	NEW    cov: 1420 ft: 4233 corp: 161/29Kb lim: 65536 exec/s: 0 rss: 168Mb L: 16/1365 MS: 2 PersAutoDict-Custom- DE: "missing"-
#558	NEW    cov: 1420 ft: 4233 corp: 160/29Kb lim: 65536 exec/s: 0 rss: 168Mb L: 35/1365 MS: 2 CopyPart-Custom-
#559	NEW    cov: 1420 ft: 4233 corp: 159/29Kb lim: 65536 exec/s: 0 rss: 168Mb L: 32/1365 MS: 2 ShuffleBytes-Custom-
#562	NEW    cov: 1420 ft: 4233 corp: 159/29Kb lim: 65536 exec/s: 0 rss: 169Mb L: 21/1365 MS: 4 CustomCrossOver-ChangeBinInt-Custom-CustomCrossOver-
#563	NEW    cov: 1420 ft: 4233 corp: 160/29Kb lim: 65536 exec/s: 0 rss: 169Mb L: 28/1365 MS: 2 ChangeByte-Custom-
#564	NEW    cov: 1420 ft: 4233 corp: 160/29Kb lim: 65536 exec/s: 0 rss: 169Mb L: 559/1365 MS: 2 ChangeBit-Custom-
#566	NEW    cov: 1420 ft: 4234 corp: 159/28Kb lim: 65536 exec/s: 0 rss: 170Mb L: 83/1365 MS: 4 ChangeBinInt-Custom-CopyPart-Custom-
#575	NEW    cov: 1420 ft: 4234 corp: 160/29Kb lim: 65536 exec/s: 0 rss: 172Mb L: 395/1365 MS: 8 CopyPart-Custom-InsertByte-Custom-ShuffleBytes-Custom-InsertByte-Custom-
#576	NEW    cov: 1420 ft: 4236 corp: 161/30Kb lim: 65536 exec/s: 0 rss: 172Mb L: 1131/1365 MS: 2 ChangeBit-Custom-
#577	NEW    cov: 1420 ft: 4244 corp: 162/32Kb lim: 65536 exec/s: 0 rss: 173Mb L: 2122/2122 MS: 2 CopyPart-Custom-
	NEW_FUNC[1/4]: 0x00000050bc50 in std::shared_ptr<beez::core::StepConfig const>::~shared_ptr() /usr/bin/../lib/gcc/x86_64-redhat-linux/16/../../../../include/c++/16/bits/shared_ptr.h:175
	NEW_FUNC[2/4]: 0x00000050bd20 in std::__shared_ptr<beez::core::StepConfig const, (__gnu_cxx::_Lock_policy)2>::~__shared_ptr() /usr/bin/../lib/gcc/x86_64-redhat-linux/16/../../../../include/c++/16/bits/shared_ptr_base.h:1610
#579	NEW    cov: 1428 ft: 4258 corp: 162/32Kb lim: 65536 exec/s: 0 rss: 174Mb L: 68/2122 MS: 3 CustomCrossOver-ShuffleBytes-Custom-
#580	NEW    cov: 1428 ft: 4259 corp: 163/32Kb lim: 65536 exec/s: 0 rss: 174Mb L: 50/2122 MS: 1 CustomCrossOver-
#585	NEW    cov: 1428 ft: 4260 corp: 164/32Kb lim: 65536 exec/s: 0 rss: 176Mb L: 113/2122 MS: 10 ShuffleBytes-Custom-ChangeByte-Custom-ChangeByte-Custom-ChangeByte-Custom-InsertByte-Custom-
#586	NEW    cov: 1428 ft: 4260 corp: 164/32Kb lim: 65536 exec/s: 0 rss: 176Mb L: 30/2122 MS: 2 InsertByte-Custom-
#591	NEW    cov: 1428 ft: 4261 corp: 165/32Kb lim: 65536 exec/s: 0 rss: 177Mb L: 57/2122 MS: 7 ManualDict-Custom-CustomCrossOver-CustomCrossOver-ChangeByte-Custom-CustomCrossOver- DE: "references"-
#592	NEW    cov: 1428 ft: 4261 corp: 165/32Kb lim: 65536 exec/s: 0 rss: 177Mb L: 19/2122 MS: 1 CustomCrossOver-
#593	NEW    cov: 1428 ft: 4261 corp: 166/32Kb lim: 65536 exec/s: 0 rss: 177Mb L: 21/2122 MS: 1 CustomCrossOver-
#595	NEW    cov: 1428 ft: 4263 corp: 166/32Kb lim: 65536 exec/s: 0 rss: 178Mb L: 285/2122 MS: 4 ChangeBit-Custom-InsertRepeatedBytes-Custom-
#598	NEW    cov: 1428 ft: 4264 corp: 167/33Kb lim: 65536 exec/s: 0 rss: 179Mb L: 780/2122 MS: 5 ShuffleBytes-Custom-CustomCrossOver-CMP-Custom- DE: "\243\000\000\000\000\000\000\000"-
#604	NEW    cov: 1428 ft: 4264 corp: 166/33Kb lim: 65536 exec/s: 0 rss: 180Mb L: 50/2122 MS: 2 CopyPart-Custom-
#606	NEW    cov: 1428 ft: 4265 corp: 167/33Kb lim: 65536 exec/s: 0 rss: 181Mb L: 193/2122 MS: 2 CustomCrossOver-CustomCrossOver-
#608	NEW    cov: 1428 ft: 4265 corp: 167/33Kb lim: 65536 exec/s: 0 rss: 181Mb L: 23/2122 MS: 3 CustomCrossOver-CopyPart-Custom-
#610	NEW    cov: 1428 ft: 4265 corp: 166/33Kb lim: 65536 exec/s: 0 rss: 182Mb L: 28/2122 MS: 3 CopyPart-Custom-CustomCrossOver-
#611	NEW    cov: 1428 ft: 4267 corp: 165/32Kb lim: 65536 exec/s: 0 rss: 182Mb L: 55/2122 MS: 2 ManualDict-Custom- DE: "crc32"-
#612	NEW    cov: 1428 ft: 4267 corp: 166/32Kb lim: 65536 exec/s: 0 rss: 182Mb L: 27/2122 MS: 1 CustomCrossOver-
#613	NEW    cov: 1428 ft: 4267 corp: 167/32Kb lim: 65536 exec/s: 0 rss: 182Mb L: 103/2122 MS: 2 EraseBytes-Custom-
#614	NEW    cov: 1428 ft: 4268 corp: 168/32Kb lim: 65536 exec/s: 0 rss: 183Mb L: 26/2122 MS: 2 CopyPart-Custom-
#615	NEW    cov: 1428 ft: 4268 corp: 166/32Kb lim: 65536 exec/s: 0 rss: 183Mb L: 40/2122 MS: 2 InsertRepeatedBytes-Custom-
#616	NEW    cov: 1428 ft: 4268 corp: 167/32Kb lim: 65536 exec/s: 0 rss: 183Mb L: 26/2122 MS: 2 ChangeBit-Custom-
#617	NEW    cov: 1428 ft: 4270 corp: 168/33Kb lim: 65536 exec/s: 0 rss: 183Mb L: 1079/2122 MS: 2 ChangeBit-Custom-
#625	NEW    cov: 1428 ft: 4270 corp: 169/33Kb lim: 65536 exec/s: 0 rss: 185Mb L: 48/2122 MS: 5 ShuffleBytes-Custom-EraseBytes-Custom-CustomCrossOver-
#626	NEW    cov: 1428 ft: 4270 corp: 170/33Kb lim: 65536 exec/s: 0 rss: 186Mb L: 27/2122 MS: 1 CustomCrossOver-
#629	NEW    cov: 1428 ft: 4270 corp: 171/34Kb lim: 65536 exec/s: 0 rss: 186Mb L: 231/2122 MS: 6 ChangeByte-Custom-ChangeByte-Custom-InsertRepeatedBytes-Custom-
#632	NEW    cov: 1428 ft: 4274 corp: 172/34Kb lim: 65536 exec/s: 632 rss: 187Mb L: 81/2122 MS: 5 CustomCrossOver-InsertRepeatedBytes-Custom-CopyPart-Custom-
#636	NEW    cov: 1428 ft: 4274 corp: 173/34Kb lim: 65536 exec/s: 636 rss: 188Mb L: 18/2122 MS: 5 CustomCrossOver-CustomCrossOver-CrossOver-Custom-CustomCrossOver-
#637	NEW    cov: 1428 ft: 4275 corp: 169/32Kb lim: 65536 exec/s: 637 rss: 188Mb L: 28/2122 MS: 1 CustomCrossOver-
#641	NEW    cov: 1428 ft: 4275 corp: 170/33Kb lim: 65536 exec/s: 641 rss: 189Mb L: 508/2122 MS: 8 ChangeByte-Custom-ChangeASCIIInt-Custom-EraseBytes-Custom-InsertByte-Custom-
#649	NEW    cov: 1428 ft: 4275 corp: 170/33Kb lim: 65536 exec/s: 649 rss: 191Mb L: 202/2122 MS: 6 InsertRepeatedBytes-Custom-ManualDict-Custom-CopyPart-Custom- DE: "="-
#663	NEW    cov: 1428 ft: 4275 corp: 170/33Kb lim: 65536 exec/s: 663 rss: 194Mb L: 878/2122 MS: 8 ChangeBit-Custom-ShuffleBytes-Custom-ChangeBinInt-Custom-ManualDict-Custom- DE: "does-not-exist"-
#669	NEW    cov: 1428 ft: 4275 corp: 170/33Kb lim: 65536 exec/s: 669 rss: 196Mb L: 776/2122 MS: 2 ManualDict-Custom- DE: "all"-
#670	NEW    cov: 1428 ft: 4275 corp: 171/33Kb lim: 65536 exec/s: 670 rss: 196Mb L: 16/2122 MS: 1 CustomCrossOver-
#671	NEW    cov: 1428 ft: 4275 corp: 172/33Kb lim: 65536 exec/s: 671 rss: 196Mb L: 88/2122 MS: 2 InsertRepeatedBytes-Custom-
#672	NEW    cov: 1428 ft: 4275 corp: 173/33Kb lim: 65536 exec/s: 672 rss: 196Mb L: 103/2122 MS: 1 CustomCrossOver-
#679	NEW    cov: 1428 ft: 4275 corp: 174/33Kb lim: 65536 exec/s: 679 rss: 198Mb L: 51/2122 MS: 3 CustomCrossOver-PersAutoDict-Custom- DE: "\001\000\000\007"-
#680	NEW    cov: 1428 ft: 4275 corp: 175/33Kb lim: 65536 exec/s: 680 rss: 199Mb L: 23/2122 MS: 2 ManualDict-Custom- DE: "compact"-
#681	NEW    cov: 1428 ft: 4275 corp: 175/33Kb lim: 65536 exec/s: 681 rss: 199Mb L: 36/2122 MS: 2 PersAutoDict-Custom- DE: "references"-
#682	NEW    cov: 1428 ft: 4276 corp: 174/33Kb lim: 65536 exec/s: 682 rss: 199Mb L: 35/2122 MS: 2 CMP-Custom- DE: "workflows"-
#683	NEW    cov: 1428 ft: 4277 corp: 175/33Kb lim: 65536 exec/s: 683 rss: 199Mb L: 11/2122 MS: 2 EraseBytes-Custom-
#693	NEW    cov: 1428 ft: 4278 corp: 176/33Kb lim: 65536 exec/s: 693 rss: 202Mb L: 197/2122 MS: 10 ChangeBit-Custom-ManualDict-Custom-ManualDict-Custom-ChangeBit-Custom-InsertRepeatedBytes-Custom- DE: "missing-b"-"files"-
#695	NEW    cov: 1428 ft: 4282 corp: 177/33Kb lim: 65536 exec/s: 695 rss: 202Mb L: 76/2122 MS: 4 InsertByte-Custom-InsertRepeatedBytes-Custom-
#697	NEW    cov: 1428 ft: 4282 corp: 177/33Kb lim: 65536 exec/s: 697 rss: 203Mb L: 32/2122 MS: 4 ManualDict-Custom-ManualDict-Custom- DE: "spinner"-"invalid"-
#698	NEW    cov: 1428 ft: 4282 corp: 178/33Kb lim: 65536 exec/s: 698 rss: 203Mb L: 22/2122 MS: 2 CopyPart-Custom-
#710	NEW    cov: 1428 ft: 4282 corp: 178/33Kb lim: 65536 exec/s: 710 rss: 206Mb L: 1242/2122 MS: 4 PersAutoDict-Custom-InsertRepeatedBytes-Custom- DE: ";"-
#714	NEW    cov: 1428 ft: 4284 corp: 179/33Kb lim: 65536 exec/s: 714 rss: 207Mb L: 511/2122 MS: 8 ManualDict-Custom-ManualDict-Custom-CMP-Custom-ChangeBinInt-Custom- DE: "sol::"-"performance"-" \000\000\000"-
#715	NEW    cov: 1428 ft: 4293 corp: 180/33Kb lim: 65536 exec/s: 715 rss: 207Mb L: 94/2122 MS: 2 ChangeBinInt-Custom-
#716	NEW    cov: 1428 ft: 4295 corp: 181/34Kb lim: 65536 exec/s: 716 rss: 207Mb L: 1079/2122 MS: 1 CustomCrossOver-
Loaded 1024/1389 files from report/fuzz/corpus/lua_dsl
	NEW_FUNC[1/37]: 0x000000502910 in std::__detail::_Node_const_iterator<std::pair<std::__cxx11::basic_string<char, std::char_traits<char>, std::allocator<char>> const, beez::core::Workflow>, false, true>::operator*() const /usr/bin/../lib/gcc/x86_64-redhat-linux/16/../../../../include/c++/16/bits/hashtable_policy.h:498
	NEW_FUNC[2/37]: 0x000000502d98 in std::tuple_element<0ul, std::pair<std::__cxx11::basic_string<char, std::char_traits<char>, std::allocator<char>> const, beez::core::Workflow>>::type const& std::get<0ul, std::__cxx11::basic_string<char, std::char_traits<char>, std::allocator<char>> const, beez::core::Workflow>(std::pair<std::__cxx11::basic_string<char, std::char_traits<char>, std::allocator<char>> const, beez::core::Workflow> const&) /usr/bin/../lib/gcc/x86_64-redhat-linux/16/../../../../include/c++/16/bits/stl_pair.h:1299
#1899	RELOAD cov: 1606 ft: 5177 corp: 289/40Kb lim: 65536 exec/s: 949 rss: 479Mb
#1900	NEW    cov: 1606 ft: 5177 corp: 288/39Kb lim: 65536 exec/s: 950 rss: 479Mb L: 1057/2122 MS: 2 InsertRepeatedBytes-Custom-
#1916	NEW    cov: 1606 ft: 5177 corp: 286/39Kb lim: 65536 exec/s: 958 rss: 483Mb L: 7/2122 MS: 2 EraseBytes-Custom-
#1917	NEW    cov: 1606 ft: 5177 corp: 286/39Kb lim: 65536 exec/s: 958 rss: 483Mb L: 14/2122 MS: 2 ManualDict-Custom- DE: "off"-
#1944	NEW    cov: 1606 ft: 5177 corp: 286/39Kb lim: 65536 exec/s: 972 rss: 488Mb L: 16/2122 MS: 4 ChangeBinInt-Custom-ShuffleBytes-Custom-
#1945	NEW    cov: 1606 ft: 5178 corp: 287/39Kb lim: 65536 exec/s: 972 rss: 488Mb L: 21/2122 MS: 2 CopyPart-Custom-
#1946	NEW    cov: 1606 ft: 5178 corp: 287/39Kb lim: 65536 exec/s: 973 rss: 488Mb L: 66/2122 MS: 2 ChangeBinInt-Custom-
#1947	NEW    cov: 1606 ft: 5178 corp: 287/39Kb lim: 65536 exec/s: 973 rss: 489Mb L: 19/2122 MS: 2 ChangeBinInt-Custom-
#1963	NEW    cov: 1606 ft: 5178 corp: 287/39Kb lim: 65536 exec/s: 981 rss: 493Mb L: 303/2122 MS: 2 PersAutoDict-Custom- DE: "\001\000\000\007"-
#1975	NEW    cov: 1606 ft: 5178 corp: 288/39Kb lim: 65536 exec/s: 987 rss: 495Mb L: 15/2122 MS: 4 PersAutoDict-Custom-EraseBytes-Custom- DE: "beez.config"-
#1982	NEW    cov: 1606 ft: 5178 corp: 288/39Kb lim: 65536 exec/s: 991 rss: 497Mb L: 56/2122 MS: 4 ShuffleBytes-Custom-ShuffleBytes-Custom-
#1984	NEW    cov: 1606 ft: 5178 corp: 288/38Kb lim: 65536 exec/s: 992 rss: 497Mb L: 26/2122 MS: 4 CopyPart-Custom-InsertByte-Custom-
#1992	NEW    cov: 1606 ft: 5179 corp: 289/38Kb lim: 65536 exec/s: 996 rss: 499Mb L: 55/2122 MS: 5 CustomCrossOver-CMP-Custom-CopyPart-Custom- DE: "\377\377\377\001"-
#1993	NEW    cov: 1606 ft: 5179 corp: 289/38Kb lim: 65536 exec/s: 996 rss: 500Mb L: 16/2122 MS: 2 CMP-Custom- DE: "\031\000"-
#1996	NEW    cov: 1606 ft: 5179 corp: 289/38Kb lim: 65536 exec/s: 998 rss: 500Mb L: 193/2122 MS: 6 InsertRepeatedBytes-Custom-ManualDict-Custom-CopyPart-Custom- DE: ".cache-custom"-
#2007	NEW    cov: 1606 ft: 5179 corp: 288/38Kb lim: 65536 exec/s: 1003 rss: 503Mb L: 18/2122 MS: 2 ChangeByte-Custom-
#2017	NEW    cov: 1606 ft: 5180 corp: 289/38Kb lim: 65536 exec/s: 1008 rss: 505Mb L: 115/2122 MS: 10 ShuffleBytes-Custom-ChangeBinInt-Custom-PersAutoDict-Custom-ChangeByte-Custom-InsertRepeatedBytes-Custom- DE: "indicator"-
#2028	NEW    cov: 1606 ft: 5180 corp: 290/38Kb lim: 65536 exec/s: 1014 rss: 508Mb L: 16/2122 MS: 2 CMP-Custom- DE: "\000\001"-
#2029	NEW    cov: 1606 ft: 5180 corp: 290/38Kb lim: 65536 exec/s: 1014 rss: 508Mb L: 12/2122 MS: 1 CustomCrossOver-
#2035	NEW    cov: 1606 ft: 5180 corp: 290/38Kb lim: 65536 exec/s: 1017 rss: 509Mb L: 12/2122 MS: 2 CMP-Custom- DE: "en"-
#2039	NEW    cov: 1606 ft: 5180 corp: 290/38Kb lim: 65536 exec/s: 1019 rss: 510Mb L: 22/2122 MS: 7 ShuffleBytes-Custom-CustomCrossOver-EraseBytes-Custom-ManualDict-Custom- DE: "gzip"-
#2046	NEW    cov: 1606 ft: 5180 corp: 289/38Kb lim: 65536 exec/s: 1023 rss: 512Mb L: 13/2122 MS: 3 CustomCrossOver-EraseBytes-Custom-
#2048	pulse  cov: 1606 ft: 5180 corp: 289/38Kb lim: 65536 exec/s: 1024 rss: 512Mb
#2049	NEW    cov: 1606 ft: 5183 corp: 290/39Kb lim: 65536 exec/s: 1024 rss: 513Mb L: 649/2122 MS: 4 ShuffleBytes-Custom-CustomCrossOver-CustomCrossOver-
#2050	NEW    cov: 1606 ft: 5391 corp: 291/39Kb lim: 65536 exec/s: 1025 rss: 513Mb L: 182/2122 MS: 2 InsertByte-Custom-
#2051	NEW    cov: 1606 ft: 5391 corp: 291/39Kb lim: 65536 exec/s: 1025 rss: 513Mb L: 10/2122 MS: 2 PersAutoDict-Custom- DE: "\000\000\000\000\000\000\000\000"-
#2058	NEW    cov: 1606 ft: 5391 corp: 291/39Kb lim: 65536 exec/s: 1029 rss: 514Mb L: 151/2122 MS: 3 CustomCrossOver-InsertRepeatedBytes-Custom-
#2059	NEW    cov: 1606 ft: 5391 corp: 292/39Kb lim: 65536 exec/s: 1029 rss: 515Mb L: 153/2122 MS: 1 CustomCrossOver-
#2062	NEW    cov: 1606 ft: 5611 corp: 293/40Kb lim: 65536 exec/s: 1031 rss: 515Mb L: 633/2122 MS: 6 InsertRepeatedBytes-Custom-InsertByte-Custom-PersAutoDict-Custom- DE: "invalid"-
#2063	NEW    cov: 1606 ft: 5611 corp: 293/40Kb lim: 65536 exec/s: 1031 rss: 516Mb L: 25/2122 MS: 2 PersAutoDict-Custom- DE: "\376\377\377\177"-
#2065	NEW    cov: 1606 ft: 5611 corp: 294/40Kb lim: 65536 exec/s: 1032 rss: 516Mb L: 12/2122 MS: 2 CustomCrossOver-CustomCrossOver-
#2096	NEW    cov: 1606 ft: 5611 corp: 294/40Kb lim: 65536 exec/s: 1048 rss: 523Mb L: 10/2122 MS: 1 CustomCrossOver-
#2097	NEW    cov: 1606 ft: 5611 corp: 294/40Kb lim: 65536 exec/s: 1048 rss: 523Mb L: 17/2122 MS: 2 CMP-Custom- DE: "\001\000\000\001"-
#2098	NEW    cov: 1606 ft: 5613 corp: 295/40Kb lim: 65536 exec/s: 1049 rss: 524Mb L: 21/2122 MS: 2 InsertByte-Custom-
#2119	NEW    cov: 1606 ft: 5613 corp: 296/40Kb lim: 65536 exec/s: 1059 rss: 528Mb L: 17/2122 MS: 2 InsertByte-Custom-
#2125	NEW    cov: 1606 ft: 5613 corp: 297/40Kb lim: 65536 exec/s: 1062 rss: 530Mb L: 10/2122 MS: 2 CopyPart-Custom-
#2144	NEW    cov: 1606 ft: 5613 corp: 297/40Kb lim: 65536 exec/s: 1072 rss: 534Mb L: 17/2122 MS: 8 ChangeBit-Custom-ManualDict-Custom-EraseBytes-Custom-CopyPart-Custom- DE: "default"-
#2155	NEW    cov: 1606 ft: 5614 corp: 298/40Kb lim: 65536 exec/s: 1077 rss: 537Mb L: 37/2122 MS: 1 CustomCrossOver-
#2156	NEW    cov: 1606 ft: 5614 corp: 297/40Kb lim: 65536 exec/s: 1078 rss: 537Mb L: 13/2122 MS: 1 CustomCrossOver-
#2162	NEW    cov: 1606 ft: 5614 corp: 297/40Kb lim: 65536 exec/s: 1081 rss: 538Mb L: 20/2122 MS: 2 ShuffleBytes-Custom-
#2168	NEW    cov: 1606 ft: 5614 corp: 297/40Kb lim: 65536 exec/s: 1084 rss: 540Mb L: 129/2122 MS: 2 InsertRepeatedBytes-Custom-
#2171	NEW    cov: 1606 ft: 5614 corp: 298/40Kb lim: 65536 exec/s: 1085 rss: 541Mb L: 27/2122 MS: 6 ChangeByte-Custom-ShuffleBytes-Custom-InsertByte-Custom-
#2203	NEW    cov: 1606 ft: 5614 corp: 299/40Kb lim: 65536 exec/s: 1101 rss: 548Mb L: 44/2122 MS: 4 CopyPart-Custom-ManualDict-Custom- DE: "invalid"-
#2204	NEW    cov: 1606 ft: 5614 corp: 300/40Kb lim: 65536 exec/s: 1102 rss: 548Mb L: 21/2122 MS: 2 ManualDict-Custom- DE: "\\t"-
#2207	NEW    cov: 1606 ft: 5614 corp: 300/40Kb lim: 65536 exec/s: 1103 rss: 549Mb L: 33/2122 MS: 5 ChangeBit-Custom-CustomCrossOver-CopyPart-Custom-
#2223	NEW    cov: 1606 ft: 5614 corp: 298/40Kb lim: 65536 exec/s: 1111 rss: 552Mb L: 10/2122 MS: 2 CrossOver-Custom-
#2229	NEW    cov: 1606 ft: 5614 corp: 299/40Kb lim: 65536 exec/s: 1114 rss: 554Mb L: 11/2122 MS: 2 ChangeByte-Custom-
#2246	NEW    cov: 1606 ft: 5614 corp: 300/40Kb lim: 65536 exec/s: 1123 rss: 558Mb L: 16/2122 MS: 2 CustomCrossOver-CustomCrossOver-
#2252	NEW    cov: 1606 ft: 5614 corp: 301/40Kb lim: 65536 exec/s: 1126 rss: 559Mb L: 9/2122 MS: 2 ChangeBit-Custom-
#2254	NEW    cov: 1606 ft: 5614 corp: 301/40Kb lim: 65536 exec/s: 1127 rss: 560Mb L: 10/2122 MS: 4 ChangeBinInt-Custom-EraseBytes-Custom-
#2255	NEW    cov: 1606 ft: 5614 corp: 301/40Kb lim: 65536 exec/s: 1127 rss: 560Mb L: 30/2122 MS: 2 InsertByte-Custom-
#2261	NEW    cov: 1606 ft: 5615 corp: 302/40Kb lim: 65536 exec/s: 1130 rss: 561Mb L: 157/2122 MS: 2 ChangeBinInt-Custom-
#2262	NEW    cov: 1606 ft: 5615 corp: 302/40Kb lim: 65536 exec/s: 1131 rss: 561Mb L: 11/2122 MS: 1 CustomCrossOver-
#2278	NEW    cov: 1606 ft: 5615 corp: 302/40Kb lim: 65536 exec/s: 1139 rss: 565Mb L: 14/2122 MS: 2 ShuffleBytes-Custom-
#2281	NEW    cov: 1606 ft: 5615 corp: 302/40Kb lim: 65536 exec/s: 1140 rss: 566Mb L: 35/2122 MS: 6 PersAutoDict-Custom-ShuffleBytes-Custom-EraseBytes-Custom- DE: "\015\000\000\000"-
#2282	NEW    cov: 1606 ft: 5615 corp: 302/40Kb lim: 65536 exec/s: 1141 rss: 566Mb L: 38/2122 MS: 2 ManualDict-Custom- DE: "pending configure_step"-
#2298	NEW    cov: 1606 ft: 5615 corp: 303/40Kb lim: 65536 exec/s: 1149 rss: 570Mb L: 15/2122 MS: 2 ChangeBinInt-Custom-
#2299	NEW    cov: 1606 ft: 5615 corp: 304/40Kb lim: 65536 exec/s: 1149 rss: 571Mb L: 10/2122 MS: 1 CustomCrossOver-
#2302	NEW    cov: 1606 ft: 5615 corp: 304/40Kb lim: 65536 exec/s: 1151 rss: 571Mb L: 71/2122 MS: 3 CustomCrossOver-CustomCrossOver-CustomCrossOver-
#2303	NEW    cov: 1606 ft: 5615 corp: 305/40Kb lim: 65536 exec/s: 1151 rss: 571Mb L: 8/2122 MS: 1 CustomCrossOver-
#2338	NEW    cov: 1606 ft: 5616 corp: 306/41Kb lim: 65536 exec/s: 779 rss: 580Mb L: 1181/2122 MS: 10 ChangeBit-Custom-ChangeByte-Custom-CopyPart-Custom-ManualDict-Custom-ChangeByte-Custom- DE: "logging"-
#2347	NEW    cov: 1606 ft: 5616 corp: 307/41Kb lim: 65536 exec/s: 782 rss: 582Mb L: 14/2122 MS: 7 ManualDict-Custom-EraseBytes-Custom-CopyPart-Custom-CustomCrossOver- DE: "}"-
#2364	NEW    cov: 1606 ft: 5619 corp: 308/41Kb lim: 65536 exec/s: 788 rss: 586Mb L: 30/2122 MS: 4 PersAutoDict-Custom-InsertByte-Custom- DE: "\001\002"-
#2377	NEW    cov: 1606 ft: 5619 corp: 308/41Kb lim: 65536 exec/s: 792 rss: 590Mb L: 20/2122 MS: 6 ChangeBinInt-Custom-ChangeBinInt-Custom-CMP-Custom- DE: "\010\000"-
#2388	NEW    cov: 1606 ft: 5619 corp: 308/41Kb lim: 65536 exec/s: 796 rss: 593Mb L: 9/2122 MS: 2 ShuffleBytes-Custom-
#2400	NEW    cov: 1606 ft: 5619 corp: 308/41Kb lim: 65536 exec/s: 800 rss: 596Mb L: 10/2122 MS: 3 ChangeByte-Custom-CustomCrossOver-
#2404	NEW    cov: 1606 ft: 5619 corp: 309/41Kb lim: 65536 exec/s: 801 rss: 596Mb L: 9/2122 MS: 8 InsertRepeatedBytes-Custom-ChangeBit-Custom-ChangeBit-Custom-EraseBytes-Custom-
#2416	NEW    cov: 1606 ft: 5619 corp: 309/41Kb lim: 65536 exec/s: 805 rss: 599Mb L: 16/2122 MS: 3 CustomCrossOver-ShuffleBytes-Custom-
#2423	NEW    cov: 1606 ft: 5619 corp: 309/41Kb lim: 65536 exec/s: 807 rss: 601Mb L: 16/2122 MS: 3 PersAutoDict-Custom-CustomCrossOver- DE: "downloa"-
#2425	NEW    cov: 1606 ft: 5623 corp: 310/41Kb lim: 65536 exec/s: 808 rss: 601Mb L: 181/2122 MS: 3 CMP-Custom-CustomCrossOver- DE: "\377!"-
#2427	NEW    cov: 1606 ft: 5623 corp: 311/41Kb lim: 65536 exec/s: 809 rss: 602Mb L: 10/2122 MS: 3 CrossOver-Custom-CustomCrossOver-
#2428	NEW    cov: 1606 ft: 5623 corp: 311/41Kb lim: 65536 exec/s: 809 rss: 602Mb L: 74/2122 MS: 2 EraseBytes-Custom-
#2429	NEW    cov: 1606 ft: 5623 corp: 311/41Kb lim: 65536 exec/s: 809 rss: 602Mb L: 16/2122 MS: 1 CustomCrossOver-
#2433	NEW    cov: 1606 ft: 5623 corp: 311/41Kb lim: 65536 exec/s: 811 rss: 603Mb L: 12/2122 MS: 7 InsertRepeatedBytes-Custom-PersAutoDict-Custom-InsertByte-Custom-CustomCrossOver- DE: "("-
#2439	NEW    cov: 1606 ft: 5623 corp: 312/41Kb lim: 65536 exec/s: 813 rss: 604Mb L: 12/2122 MS: 2 EraseBytes-Custom-
#2446	NEW    cov: 1606 ft: 5630 corp: 313/41Kb lim: 65536 exec/s: 815 rss: 606Mb L: 34/2122 MS: 3 ShuffleBytes-Custom-CustomCrossOver-
#2452	NEW    cov: 1606 ft: 5630 corp: 314/41Kb lim: 65536 exec/s: 817 rss: 608Mb L: 10/2122 MS: 2 ManualDict-Custom- DE: "seed"-
#2468	NEW    cov: 1606 ft: 5630 corp: 313/41Kb lim: 65536 exec/s: 822 rss: 611Mb L: 18/2122 MS: 1 CustomCrossOver-
#2471	NEW    cov: 1606 ft: 5631 corp: 314/41Kb lim: 65536 exec/s: 823 rss: 611Mb L: 172/2122 MS: 6 ShuffleBytes-Custom-CMP-Custom-ChangeByte-Custom- DE: "\007\000"-
#2472	NEW    cov: 1606 ft: 5631 corp: 314/41Kb lim: 65536 exec/s: 824 rss: 611Mb L: 108/2122 MS: 2 InsertRepeatedBytes-Custom-
#2490	NEW    cov: 1606 ft: 5636 corp: 315/41Kb lim: 65536 exec/s: 830 rss: 615Mb L: 36/2122 MS: 6 ShuffleBytes-Custom-InsertByte-Custom-CMP-Custom- DE: "\000\000\000\000\000\000\000\000"-
#2502	NEW    cov: 1606 ft: 5636 corp: 316/41Kb lim: 65536 exec/s: 834 rss: 618Mb L: 17/2122 MS: 4 EraseBytes-Custom-EraseBytes-Custom-
#2511	NEW    cov: 1606 ft: 5636 corp: 317/41Kb lim: 65536 exec/s: 837 rss: 620Mb L: 13/2122 MS: 7 CrossOver-Custom-ManualDict-Custom-PersAutoDict-Custom-CustomCrossOver- DE: "worker"-"\001\000\000\003\000\000\000\025"-
#2517	NEW    cov: 1606 ft: 5638 corp: 318/42Kb lim: 65536 exec/s: 839 rss: 622Mb L: 435/2122 MS: 2 CopyPart-Custom-
#2518	NEW    cov: 1606 ft: 5638 corp: 318/42Kb lim: 65536 exec/s: 839 rss: 622Mb L: 25/2122 MS: 2 ChangeBinInt-Custom-
#2524	NEW    cov: 1606 ft: 5638 corp: 319/42Kb lim: 65536 exec/s: 841 rss: 623Mb L: 11/2122 MS: 2 InsertByte-Custom-
#2537	NEW    cov: 1606 ft: 5638 corp: 320/42Kb lim: 65536 exec/s: 845 rss: 626Mb L: 10/2122 MS: 3 CustomCrossOver-CustomCrossOver-CustomCrossOver-
#2543	NEW    cov: 1606 ft: 5638 corp: 321/42Kb lim: 65536 exec/s: 847 rss: 627Mb L: 16/2122 MS: 2 PersAutoDict-Custom- DE: "PWD"-
#2577	NEW    cov: 1606 ft: 5638 corp: 322/42Kb lim: 65536 exec/s: 859 rss: 635Mb L: 12/2122 MS: 5 InsertByte-Custom-CustomCrossOver-CustomCrossOver-CustomCrossOver-
#2582	NEW    cov: 1606 ft: 5638 corp: 322/42Kb lim: 65536 exec/s: 860 rss: 636Mb L: 16/2122 MS: 7 InsertByte-Custom-CMP-Custom-CustomCrossOver-CustomCrossOver-CustomCrossOver- DE: "\377\377\377\377\377\377\377\016"-
#2593	NEW    cov: 1606 ft: 5638 corp: 322/42Kb lim: 65536 exec/s: 864 rss: 638Mb L: 11/2122 MS: 2 ChangeBit-Custom-
#2633	NEW    cov: 1606 ft: 5638 corp: 323/42Kb lim: 65536 exec/s: 877 rss: 647Mb L: 16/2122 MS: 6 ChangeASCIIInt-Custom-CustomCrossOver-CustomCrossOver-CustomCrossOver-CustomCrossOver-
#2634	NEW    cov: 1606 ft: 5639 corp: 323/42Kb lim: 65536 exec/s: 878 rss: 648Mb L: 206/2122 MS: 2 InsertByte-Custom-
#2641	NEW    cov: 1606 ft: 5639 corp: 322/42Kb lim: 65536 exec/s: 880 rss: 649Mb L: 8/2122 MS: 4 ChangeBinInt-Custom-EraseBytes-Custom-
#2642	NEW    cov: 1606 ft: 5639 corp: 322/42Kb lim: 65536 exec/s: 880 rss: 649Mb L: 18/2122 MS: 1 CustomCrossOver-
#2643	NEW    cov: 1606 ft: 5682 corp: 323/42Kb lim: 65536 exec/s: 881 rss: 650Mb L: 11/2122 MS: 2 InsertByte-Custom-
#2644	NEW    cov: 1606 ft: 5682 corp: 324/42Kb lim: 65536 exec/s: 881 rss: 650Mb L: 9/2122 MS: 2 EraseBytes-Custom-
#2649	NEW    cov: 1606 ft: 5682 corp: 324/42Kb lim: 65536 exec/s: 883 rss: 651Mb L: 18/2122 MS: 7 CustomCrossOver-EraseBytes-Custom-CustomCrossOver-CustomCrossOver-EraseBytes-Custom-
#2660	NEW    cov: 1606 ft: 5682 corp: 325/42Kb lim: 65536 exec/s: 886 rss: 654Mb L: 11/2122 MS: 2 ShuffleBytes-Custom-
#2661	NEW    cov: 1606 ft: 5682 corp: 325/42Kb lim: 65536 exec/s: 887 rss: 654Mb L: 10/2122 MS: 2 InsertByte-Custom-
#2662	NEW    cov: 1606 ft: 5682 corp: 324/42Kb lim: 65536 exec/s: 887 rss: 654Mb L: 10/2122 MS: 1 CustomCrossOver-
#2663	NEW    cov: 1606 ft: 5682 corp: 324/42Kb lim: 65536 exec/s: 887 rss: 655Mb L: 23/2122 MS: 2 CopyPart-Custom-
#2684	NEW    cov: 1606 ft: 5682 corp: 325/42Kb lim: 65536 exec/s: 894 rss: 660Mb L: 18/2122 MS: 2 ShuffleBytes-Custom-
#2710	NEW    cov: 1606 ft: 5683 corp: 326/42Kb lim: 65536 exec/s: 903 rss: 666Mb L: 187/2122 MS: 2 InsertRepeatedBytes-Custom-
#2711	NEW    cov: 1606 ft: 5683 corp: 326/42Kb lim: 65536 exec/s: 903 rss: 666Mb L: 25/2122 MS: 1 CustomCrossOver-
#2716	NEW    cov: 1606 ft: 5683 corp: 326/42Kb lim: 65536 exec/s: 905 rss: 666Mb L: 145/2122 MS: 10 CMP-Custom-ChangeBit-Custom-InsertRepeatedBytes-Custom-ManualDict-Custom-ManualDict-Custom- DE: "\377\377\377\001\000\000\000\027"-"until"-","-
#2717	NEW    cov: 1606 ft: 5683 corp: 326/42Kb lim: 65536 exec/s: 905 rss: 667Mb L: 1074/2122 MS: 1 CustomCrossOver-
#2718	NEW    cov: 1606 ft: 5683 corp: 326/42Kb lim: 65536 exec/s: 906 rss: 667Mb L: 16/2122 MS: 2 PersAutoDict-Custom- DE: "missing"-
#2725	NEW    cov: 1606 ft: 5683 corp: 327/42Kb lim: 65536 exec/s: 908 rss: 668Mb L: 20/2122 MS: 3 CustomCrossOver-ChangeBinInt-Custom-
#2736	NEW    cov: 1606 ft: 5683 corp: 327/42Kb lim: 65536 exec/s: 912 rss: 671Mb L: 183/2122 MS: 2 ShuffleBytes-Custom-
Loaded 1024/1188 files from report/fuzz/corpus/lua_dsl
#3511	RELOAD cov: 1606 ft: 5846 corp: 378/69Kb lim: 65536 exec/s: 877 rss: 849Mb
#3527	NEW    cov: 1606 ft: 5846 corp: 379/69Kb lim: 65536 exec/s: 881 rss: 853Mb L: 34/7639 MS: 2 PersAutoDict-Custom- DE: "\031\000"-
#3528	NEW    cov: 1606 ft: 5846 corp: 379/69Kb lim: 65536 exec/s: 882 rss: 853Mb L: 86/7639 MS: 2 InsertRepeatedBytes-Custom-
#3544	NEW    cov: 1606 ft: 5850 corp: 380/69Kb lim: 65536 exec/s: 886 rss: 857Mb L: 112/7639 MS: 2 InsertRepeatedBytes-Custom-
#3545	NEW    cov: 1606 ft: 5850 corp: 380/69Kb lim: 65536 exec/s: 886 rss: 857Mb L: 15/7639 MS: 2 ShuffleBytes-Custom-
#3556	NEW    cov: 1606 ft: 5850 corp: 381/69Kb lim: 65536 exec/s: 889 rss: 859Mb L: 22/7639 MS: 2 ChangeBit-Custom-
#3572	NEW    cov: 1606 ft: 5852 corp: 382/71Kb lim: 65536 exec/s: 893 rss: 863Mb L: 1282/7639 MS: 1 CustomCrossOver-
#3588	NEW    cov: 1606 ft: 5852 corp: 382/71Kb lim: 65536 exec/s: 897 rss: 866Mb L: 11/7639 MS: 2 ChangeBinInt-Custom-
#3606	NEW    cov: 1606 ft: 5852 corp: 382/69Kb lim: 65536 exec/s: 901 rss: 870Mb L: 22/7639 MS: 5 CrossOver-Custom-EraseBytes-Custom-CustomCrossOver-
#3609	NEW    cov: 1606 ft: 5852 corp: 382/69Kb lim: 65536 exec/s: 902 rss: 871Mb L: 134/7639 MS: 6 InsertRepeatedBytes-Custom-InsertByte-Custom-ChangeBit-Custom-
#3617	NEW    cov: 1606 ft: 5852 corp: 382/69Kb lim: 65536 exec/s: 904 rss: 872Mb L: 20/7639 MS: 4 InsertRepeatedBytes-Custom-CustomCrossOver-CustomCrossOver-
#3628	NEW    cov: 1606 ft: 5852 corp: 382/69Kb lim: 65536 exec/s: 907 rss: 875Mb L: 150/7639 MS: 2 ChangeBit-Custom-
#3635	NEW    cov: 1606 ft: 5852 corp: 382/69Kb lim: 65536 exec/s: 908 rss: 876Mb L: 11/7639 MS: 3 ChangeBit-Custom-CustomCrossOver-
#3636	NEW    cov: 1606 ft: 5852 corp: 381/69Kb lim: 65536 exec/s: 909 rss: 877Mb L: 8/7639 MS: 2 EraseBytes-Custom-
#3642	NEW    cov: 1606 ft: 5852 corp: 381/69Kb lim: 65536 exec/s: 910 rss: 878Mb L: 17/7639 MS: 2 ShuffleBytes-Custom-
#3645	NEW    cov: 1606 ft: 5852 corp: 382/69Kb lim: 65536 exec/s: 911 rss: 879Mb L: 16/7639 MS: 6 InsertRepeatedBytes-Custom-ChangeBit-Custom-InsertByte-Custom-
#3686	NEW    cov: 1606 ft: 5852 corp: 382/69Kb lim: 65536 exec/s: 921 rss: 888Mb L: 13/7639 MS: 2 PersAutoDict-Custom- DE: ","-
#3697	NEW    cov: 1606 ft: 5852 corp: 383/69Kb lim: 65536 exec/s: 924 rss: 890Mb L: 7/7639 MS: 2 CMP-Custom- DE: "to_l"-
#3701	NEW    cov: 1606 ft: 5853 corp: 384/69Kb lim: 65536 exec/s: 925 rss: 891Mb L: 30/7639 MS: 8 ShuffleBytes-Custom-ShuffleBytes-Custom-CopyPart-Custom-CMP-Custom- DE: "diff"-
#3702	NEW    cov: 1606 ft: 5853 corp: 384/69Kb lim: 65536 exec/s: 925 rss: 892Mb L: 37/7639 MS: 2 PersAutoDict-Custom- DE: "to_l"-
#3704	NEW    cov: 1606 ft: 5853 corp: 384/69Kb lim: 65536 exec/s: 926 rss: 892Mb L: 16/7639 MS: 4 InsertByte-Custom-ChangeByte-Custom-
#3707	NEW    cov: 1606 ft: 5854 corp: 385/69Kb lim: 65536 exec/s: 926 rss: 893Mb L: 207/7639 MS: 6 ChangeBit-Custom-PersAutoDict-Custom-ManualDict-Custom- DE: "\007\000"-"spinner"-
#3738	NEW    cov: 1606 ft: 5855 corp: 385/69Kb lim: 65536 exec/s: 934 rss: 900Mb L: 171/7639 MS: 2 ShuffleBytes-Custom-
#3739	NEW    cov: 1606 ft: 5855 corp: 386/69Kb lim: 65536 exec/s: 934 rss: 900Mb L: 11/7639 MS: 2 InsertByte-Custom-
#3759	NEW    cov: 1606 ft: 5855 corp: 386/69Kb lim: 65536 exec/s: 939 rss: 905Mb L: 6/7639 MS: 10 ShuffleBytes-Custom-PersAutoDict-Custom-ChangeBinInt-Custom-ShuffleBytes-Custom-EraseBytes-Custom- DE: "\007\000\000\000"-
#3760	NEW    cov: 1606 ft: 5855 corp: 387/69Kb lim: 65536 exec/s: 940 rss: 906Mb L: 14/7639 MS: 2 InsertByte-Custom-
#3765	NEW    cov: 1606 ft: 5869 corp: 388/90Kb lim: 65536 exec/s: 941 rss: 907Mb L: 21292/21292 MS: 10 ChangeByte-Custom-ShuffleBytes-Custom-ChangeBit-Custom-ChangeBinInt-Custom-CopyPart-Custom-
#3806	NEW    cov: 1606 ft: 5869 corp: 389/90Kb lim: 65536 exec/s: 951 rss: 916Mb L: 9/21292 MS: 2 ChangeBit-Custom-
#3817	NEW    cov: 1606 ft: 5869 corp: 389/90Kb lim: 65536 exec/s: 954 rss: 918Mb L: 6/21292 MS: 2 EraseBytes-Custom-
#3832	NEW    cov: 1606 ft: 5871 corp: 389/89Kb lim: 65536 exec/s: 958 rss: 921Mb L: 72/21292 MS: 10 ChangeByte-Custom-CopyPart-Custom-ShuffleBytes-Custom-ChangeByte-Custom-PersAutoDict-Custom- DE: "en"-
#3838	NEW    cov: 1606 ft: 5871 corp: 389/89Kb lim: 65536 exec/s: 959 rss: 923Mb L: 9/21292 MS: 2 ChangeByte-Custom-
#3854	NEW    cov: 1606 ft: 5871 corp: 389/89Kb lim: 65536 exec/s: 963 rss: 927Mb L: 4/21292 MS: 1 CustomCrossOver-
#3860	NEW    cov: 1606 ft: 5871 corp: 389/89Kb lim: 65536 exec/s: 965 rss: 928Mb L: 67/21292 MS: 2 ChangeByte-Custom-
#3865	NEW    cov: 1606 ft: 5872 corp: 390/90Kb lim: 65536 exec/s: 966 rss: 929Mb L: 193/21292 MS: 8 CustomCrossOver-InsertRepeatedBytes-Custom-CMP-Custom-CustomCrossOver-InsertRepeatedBytes-Custom- DE: "\021\000\000\000\000\000\000\000"-
#3896	NEW    cov: 1606 ft: 5872 corp: 389/89Kb lim: 65536 exec/s: 974 rss: 937Mb L: 6/21292 MS: 2 ChangeBit-Custom-
#3899	NEW    cov: 1606 ft: 5872 corp: 390/90Kb lim: 65536 exec/s: 974 rss: 937Mb L: 140/21292 MS: 5 ManualDict-Custom-ChangeBit-Custom-CustomCrossOver- DE: "blocks"-
#3918	NEW    cov: 1606 ft: 5872 corp: 390/90Kb lim: 65536 exec/s: 979 rss: 942Mb L: 9/21292 MS: 5 CustomCrossOver-CustomCrossOver-CustomCrossOver-ChangeBit-Custom-
#3923	NEW    cov: 1606 ft: 5872 corp: 390/90Kb lim: 65536 exec/s: 980 rss: 943Mb L: 10/21292 MS: 10 CopyPart-Custom-InsertByte-Custom-ManualDict-Custom-CopyPart-Custom-CMP-Custom- DE: "compact"-"\020\000\000\000\000\000\000\000"-
#3939	NEW    cov: 1606 ft: 5873 corp: 391/91Kb lim: 65536 exec/s: 984 rss: 947Mb L: 1378/21292 MS: 2 InsertByte-Custom-
#3955	NEW    cov: 1606 ft: 5873 corp: 391/91Kb lim: 65536 exec/s: 988 rss: 951Mb L: 147/21292 MS: 1 CustomCrossOver-
#3962	NEW    cov: 1606 ft: 5876 corp: 391/91Kb lim: 65536 exec/s: 990 rss: 953Mb L: 2247/21292 MS: 4 CMP-Custom-CopyPart-Custom- DE: "\000\000\000\000]\353oq"-
#3964	NEW    cov: 1606 ft: 5878 corp: 392/99Kb lim: 65536 exec/s: 991 rss: 953Mb L: 8684/21292 MS: 3 CustomCrossOver-CopyPart-Custom-
#3965	NEW    cov: 1606 ft: 5878 corp: 392/99Kb lim: 65536 exec/s: 991 rss: 953Mb L: 13/21292 MS: 2 CopyPart-Custom-
#3985	NEW    cov: 1606 ft: 5878 corp: 392/99Kb lim: 65536 exec/s: 996 rss: 958Mb L: 8/21292 MS: 6 CustomCrossOver-CustomCrossOver-InsertRepeatedBytes-Custom-CustomCrossOver-CustomCrossOver-
#4008	NEW    cov: 1606 ft: 5878 corp: 392/99Kb lim: 65536 exec/s: 1002 rss: 964Mb L: 9/21292 MS: 5 CustomCrossOver-ShuffleBytes-Custom-CopyPart-Custom-
#4027	NEW    cov: 1606 ft: 5878 corp: 393/99Kb lim: 65536 exec/s: 1006 rss: 968Mb L: 78/21292 MS: 6 CustomCrossOver-CopyPart-Custom-CMP-Custom-CustomCrossOver- DE: "\000\000"-
#4039	NEW    cov: 1606 ft: 5878 corp: 393/99Kb lim: 65536 exec/s: 1009 rss: 971Mb L: 169/21292 MS: 4 CopyPart-Custom-PersAutoDict-Custom- DE: "\\t"-
#4040	NEW    cov: 1606 ft: 5878 corp: 394/99Kb lim: 65536 exec/s: 1010 rss: 971Mb L: 28/21292 MS: 2 ChangeBinInt-Custom-
#4045	NEW    cov: 1606 ft: 5879 corp: 395/100Kb lim: 65536 exec/s: 1011 rss: 972Mb L: 63/21292 MS: 10 EraseBytes-Custom-InsertRepeatedBytes-Custom-CopyPart-Custom-InsertByte-Custom-CopyPart-Custom-
#4051	NEW    cov: 1606 ft: 5883 corp: 396/100Kb lim: 65536 exec/s: 1012 rss: 974Mb L: 18/21292 MS: 2 ChangeBit-Custom-
#4063	NEW    cov: 1606 ft: 5883 corp: 396/100Kb lim: 65536 exec/s: 1015 rss: 976Mb L: 15/21292 MS: 4 ManualDict-Custom-EraseBytes-Custom- DE: "phase-"-
#4069	NEW    cov: 1606 ft: 5883 corp: 397/100Kb lim: 65536 exec/s: 1017 rss: 978Mb L: 17/21292 MS: 2 ChangeBinInt-Custom-
#4081	NEW    cov: 1606 ft: 5883 corp: 398/100Kb lim: 65536 exec/s: 1020 rss: 980Mb L: 23/21292 MS: 4 ManualDict-Custom-CMP-Custom- DE: "HOME"-"exis"-
#4082	NEW    cov: 1606 ft: 5883 corp: 397/100Kb lim: 65536 exec/s: 1020 rss: 980Mb L: 11/21292 MS: 2 ShuffleBytes-Custom-
#4087	NEW    cov: 1606 ft: 5883 corp: 398/100Kb lim: 65536 exec/s: 817 rss: 981Mb L: 17/21292 MS: 10 ChangeBinInt-Custom-EraseBytes-Custom-ManualDict-Custom-ChangeByte-Custom-ChangeBinInt-Custom- DE: "icons"-
#4089	NEW    cov: 1606 ft: 5883 corp: 398/99Kb lim: 65536 exec/s: 817 rss: 982Mb L: 73/21292 MS: 4 CMP-Custom-CopyPart-Custom- DE: "\377\377\377\000\000\000\000\001"-
#4090	NEW    cov: 1606 ft: 5884 corp: 399/100Kb lim: 65536 exec/s: 818 rss: 982Mb L: 148/21292 MS: 2 PersAutoDict-Custom- DE: "\021\000\000\000\000\000\000\000"-
#4096	pulse  cov: 1606 ft: 5884 corp: 399/100Kb lim: 65536 exec/s: 819 rss: 983Mb
#4101	NEW    cov: 1606 ft: 5884 corp: 399/100Kb lim: 65536 exec/s: 820 rss: 984Mb L: 13/21292 MS: 2 CMP-Custom- DE: "sol.so"-
#4107	NEW    cov: 1606 ft: 5884 corp: 397/100Kb lim: 65536 exec/s: 821 rss: 986Mb L: 6/21292 MS: 2 EraseBytes-Custom-
#4113	NEW    cov: 1606 ft: 5884 corp: 397/100Kb lim: 65536 exec/s: 822 rss: 987Mb L: 7/21292 MS: 2 ChangeByte-Custom-
#4116	NEW    cov: 1606 ft: 5884 corp: 398/100Kb lim: 65536 exec/s: 823 rss: 988Mb L: 21/21292 MS: 6 InsertByte-Custom-PersAutoDict-Custom-CMP-Custom- DE: "\\t"-"temp"-
#4118	NEW    cov: 1606 ft: 5885 corp: 399/102Kb lim: 65536 exec/s: 823 rss: 989Mb L: 2163/21292 MS: 4 InsertRepeatedBytes-Custom-ChangeBinInt-Custom-
#4134	NEW    cov: 1606 ft: 5885 corp: 400/102Kb lim: 65536 exec/s: 826 rss: 992Mb L: 5/21292 MS: 2 EraseBytes-Custom-
#4165	NEW    cov: 1606 ft: 5885 corp: 401/102Kb lim: 65536 exec/s: 833 rss: 998Mb L: 7/21292 MS: 2 ChangeBinInt-Custom-
#4176	NEW    cov: 1606 ft: 5885 corp: 401/102Kb lim: 65536 exec/s: 835 rss: 1001Mb L: 7/21292 MS: 2 ChangeBit-Custom-
#4182	NEW    cov: 1606 ft: 5885 corp: 401/102Kb lim: 65536 exec/s: 836 rss: 1003Mb L: 20/21292 MS: 2 ShuffleBytes-Custom-
#4184	NEW    cov: 1606 ft: 5885 corp: 401/102Kb lim: 65536 exec/s: 836 rss: 1003Mb L: 8/21292 MS: 4 EraseBytes-Custom-CMP-Custom- DE: "beez"-
#4186	NEW    cov: 1606 ft: 5885 corp: 401/102Kb lim: 65536 exec/s: 837 rss: 1003Mb L: 13/21292 MS: 3 CustomCrossOver-CrossOver-Custom-
#4191	NEW    cov: 1606 ft: 5885 corp: 401/102Kb lim: 65536 exec/s: 838 rss: 1005Mb L: 19/21292 MS: 7 ChangeBit-Custom-CustomCrossOver-CustomCrossOver-CustomCrossOver-ManualDict-Custom- DE: "mutate"-
#4194	NEW    cov: 1606 ft: 5885 corp: 401/102Kb lim: 65536 exec/s: 838 rss: 1005Mb L: 9/21292 MS: 6 ChangeBinInt-Custom-PersAutoDict-Custom-ChangeBit-Custom- DE: "log_steps"-
#4210	NEW    cov: 1606 ft: 5885 corp: 401/102Kb lim: 65536 exec/s: 842 rss: 1008Mb L: 9/21292 MS: 1 CustomCrossOver-
#4232	NEW    cov: 1606 ft: 5885 corp: 400/102Kb lim: 65536 exec/s: 846 rss: 1013Mb L: 17/21292 MS: 4 ChangeBit-Custom-ShuffleBytes-Custom-
#4236	NEW    cov: 1606 ft: 5885 corp: 401/102Kb lim: 65536 exec/s: 847 rss: 1014Mb L: 8/21292 MS: 8 EraseBytes-Custom-InsertByte-Custom-EraseBytes-Custom-EraseBytes-Custom-
#4251	NEW    cov: 1606 ft: 5885 corp: 401/102Kb lim: 65536 exec/s: 850 rss: 1017Mb L: 12/21292 MS: 10 ShuffleBytes-Custom-InsertByte-Custom-EraseBytes-Custom-CMP-Custom-ChangeBinInt-Custom- DE: "\001\000"-
#4266	NEW    cov: 1606 ft: 5885 corp: 401/102Kb lim: 65536 exec/s: 853 rss: 1021Mb L: 9/21292 MS: 10 CopyPart-Custom-ShuffleBytes-Custom-ManualDict-Custom-ShuffleBytes-Custom-EraseBytes-Custom- DE: "0x1f"-
#4284	NEW    cov: 1606 ft: 5886 corp: 402/102Kb lim: 65536 exec/s: 856 rss: 1025Mb L: 15/21292 MS: 3 CustomCrossOver-CustomCrossOver-CustomCrossOver-
#4290	NEW    cov: 1606 ft: 5886 corp: 402/102Kb lim: 65536 exec/s: 858 rss: 1027Mb L: 25/21292 MS: 1 CustomCrossOver-
#4291	NEW    cov: 1606 ft: 5888 corp: 403/102Kb lim: 65536 exec/s: 858 rss: 1027Mb L: 23/21292 MS: 2 EraseBytes-Custom-
#4292	NEW    cov: 1606 ft: 5889 corp: 404/102Kb lim: 65536 exec/s: 858 rss: 1027Mb L: 25/21292 MS: 2 ShuffleBytes-Custom-
#4317	NEW    cov: 1606 ft: 5890 corp: 405/102Kb lim: 65536 exec/s: 863 rss: 1033Mb L: 25/21292 MS: 10 PersAutoDict-Custom-ChangeBinInt-Custom-ChangeBinInt-Custom-EraseBytes-Custom-ShuffleBytes-Custom- DE: "worker"-
#4329	NEW    cov: 1606 ft: 5890 corp: 405/102Kb lim: 65536 exec/s: 865 rss: 1037Mb L: 28/21292 MS: 4 InsertByte-Custom-EraseBytes-Custom-
#4340	NEW    cov: 1606 ft: 5890 corp: 406/102Kb lim: 65536 exec/s: 868 rss: 1039Mb L: 304/21292 MS: 2 ChangeBit-Custom-
#4351	NEW    cov: 1606 ft: 5890 corp: 405/102Kb lim: 65536 exec/s: 870 rss: 1042Mb L: 29/21292 MS: 2 ShuffleBytes-Custom-
#4353	NEW    cov: 1606 ft: 5890 corp: 405/101Kb lim: 65536 exec/s: 870 rss: 1043Mb L: 595/21292 MS: 3 ChangeByte-Custom-CustomCrossOver-
#4359	NEW    cov: 1606 ft: 5890 corp: 403/101Kb lim: 65536 exec/s: 871 rss: 1044Mb L: 8/21292 MS: 2 InsertByte-Custom-
#4365	NEW    cov: 1606 ft: 5890 corp: 402/101Kb lim: 65536 exec/s: 873 rss: 1046Mb L: 5/21292 MS: 2 EraseBytes-Custom-
#4371	NEW    cov: 1606 ft: 5890 corp: 402/101Kb lim: 65536 exec/s: 874 rss: 1047Mb L: 11/21292 MS: 2 ShuffleBytes-Custom-
#4377	NEW    cov: 1606 ft: 5890 corp: 402/101Kb lim: 65536 exec/s: 875 rss: 1048Mb L: 13/21292 MS: 1 CustomCrossOver-
#4378	NEW    cov: 1606 ft: 5890 corp: 402/101Kb lim: 65536 exec/s: 875 rss: 1048Mb L: 21/21292 MS: 1 CustomCrossOver-
#4389	NEW    cov: 1606 ft: 5891 corp: 403/101Kb lim: 65536 exec/s: 877 rss: 1051Mb L: 69/21292 MS: 1 CustomCrossOver-
#4390	NEW    cov: 1606 ft: 5892 corp: 404/101Kb lim: 65536 exec/s: 878 rss: 1051Mb L: 121/21292 MS: 2 ManualDict-Custom- DE: "designated"-
#4391	NEW    cov: 1606 ft: 5892 corp: 400/101Kb lim: 65536 exec/s: 878 rss: 1051Mb L: 7/21292 MS: 2 EraseBytes-Custom-
#4392	NEW    cov: 1606 ft: 5892 corp: 401/101Kb lim: 65536 exec/s: 878 rss: 1051Mb L: 7/21292 MS: 2 CopyPart-Custom-
#4938	RELOAD cov: 1606 ft: 5930 corp: 427/121Kb lim: 65536 exec/s: 987 rss: 1174Mb
#4954	NEW    cov: 1606 ft: 5931 corp: 428/121Kb lim: 65536 exec/s: 990 rss: 1178Mb L: 444/21292 MS: 1 CustomCrossOver-
#4955	NEW    cov: 1606 ft: 5931 corp: 428/121Kb lim: 65536 exec/s: 991 rss: 1178Mb L: 12/21292 MS: 1 CustomCrossOver-
#4961	NEW    cov: 1606 ft: 5931 corp: 429/121Kb lim: 65536 exec/s: 992 rss: 1179Mb L: 4/21292 MS: 2 ChangeBit-Custom-
#4987	NEW    cov: 1606 ft: 5931 corp: 428/121Kb lim: 65536 exec/s: 831 rss: 1185Mb L: 4/21292 MS: 2 EraseBytes-Custom-
#5022	NEW    cov: 1606 ft: 5931 corp: 428/121Kb lim: 65536 exec/s: 837 rss: 1194Mb L: 26/21292 MS: 10 ChangeBit-Custom-EraseBytes-Custom-ChangeByte-Custom-EraseBytes-Custom-InsertRepeatedBytes-Custom-
#5023	NEW    cov: 1606 ft: 5931 corp: 428/121Kb lim: 65536 exec/s: 837 rss: 1194Mb L: 80/21292 MS: 2 ChangeBit-Custom-
#5025	NEW    cov: 1606 ft: 5932 corp: 429/121Kb lim: 65536 exec/s: 837 rss: 1195Mb L: 178/21292 MS: 4 ChangeBinInt-Custom-InsertRepeatedBytes-Custom-
#5031	NEW    cov: 1606 ft: 5932 corp: 428/121Kb lim: 65536 exec/s: 838 rss: 1196Mb L: 7/21292 MS: 1 CustomCrossOver-
#5040	NEW    cov: 1606 ft: 5932 corp: 428/121Kb lim: 65536 exec/s: 840 rss: 1198Mb L: 15/21292 MS: 8 ChangeByte-Custom-CMP-Custom-ChangeASCIIInt-Custom-CMP-Custom- DE: "\010\000\000\000\000\000\000\000"-"sol.sol"-
#5041	NEW    cov: 1606 ft: 5932 corp: 429/121Kb lim: 65536 exec/s: 840 rss: 1198Mb L: 108/21292 MS: 2 ChangeBinInt-Custom-
#5052	NEW    cov: 1606 ft: 5932 corp: 428/121Kb lim: 65536 exec/s: 842 rss: 1200Mb L: 6/21292 MS: 2 InsertByte-Custom-
#5057	NEW    cov: 1606 ft: 5936 corp: 429/149Kb lim: 65536 exec/s: 842 rss: 1201Mb L: 27990/27990 MS: 10 PersAutoDict-Custom-ChangeByte-Custom-ShuffleBytes-Custom-ChangeBinInt-Custom-ShuffleBytes-Custom- DE: "="-
#5063	NEW    cov: 1606 ft: 5937 corp: 429/149Kb lim: 65536 exec/s: 843 rss: 1203Mb L: 13/27990 MS: 2 CMP-Custom- DE: "__sub"-
#5064	NEW    cov: 1606 ft: 5937 corp: 430/149Kb lim: 65536 exec/s: 844 rss: 1203Mb L: 21/27990 MS: 2 CMP-Custom- DE: "\377\377\377\377l\224\241\340"-
#5075	NEW    cov: 1606 ft: 5937 corp: 430/149Kb lim: 65536 exec/s: 845 rss: 1206Mb L: 7/27990 MS: 2 EraseBytes-Custom-
#5096	NEW    cov: 1606 ft: 5938 corp: 430/149Kb lim: 65536 exec/s: 849 rss: 1211Mb L: 13/27990 MS: 2 CopyPart-Custom-
#5108	NEW    cov: 1606 ft: 5962 corp: 431/149Kb lim: 65536 exec/s: 851 rss: 1214Mb L: 23/27990 MS: 4 CopyPart-Custom-CopyPart-Custom-
#5119	NEW    cov: 1606 ft: 5962 corp: 432/149Kb lim: 65536 exec/s: 853 rss: 1216Mb L: 4/27990 MS: 2 EraseBytes-Custom-
#5160	NEW    cov: 1606 ft: 5962 corp: 432/149Kb lim: 65536 exec/s: 860 rss: 1226Mb L: 13/27990 MS: 2 ManualDict-Custom- DE: "NOLINT"-
#5208	NEW    cov: 1606 ft: 5962 corp: 433/149Kb lim: 65536 exec/s: 868 rss: 1237Mb L: 47/27990 MS: 5 PersAutoDict-Custom-ChangeByte-Custom-CustomCrossOver- DE: "beez.config"-
#5214	NEW    cov: 1606 ft: 5962 corp: 434/149Kb lim: 65536 exec/s: 869 rss: 1238Mb L: 9/27990 MS: 2 ChangeBinInt-Custom-
#5215	NEW    cov: 1606 ft: 5962 corp: 435/149Kb lim: 65536 exec/s: 869 rss: 1239Mb L: 8/27990 MS: 2 ShuffleBytes-Custom-
#5238	NEW    cov: 1606 ft: 5962 corp: 435/149Kb lim: 65536 exec/s: 873 rss: 1244Mb L: 6/27990 MS: 3 CustomCrossOver-CustomCrossOver-CustomCrossOver-
#5239	NEW    cov: 1606 ft: 5962 corp: 435/149Kb lim: 65536 exec/s: 873 rss: 1244Mb L: 6/27990 MS: 2 ChangeBinInt-Custom-
#5240	NEW    cov: 1606 ft: 5962 corp: 435/149Kb lim: 65536 exec/s: 873 rss: 1244Mb L: 3/27990 MS: 2 ChangeByte-Custom-
#5241	NEW    cov: 1606 ft: 5962 corp: 435/149Kb lim: 65536 exec/s: 873 rss: 1244Mb L: 7/27990 MS: 2 ChangeByte-Custom-
#5243	NEW    cov: 1606 ft: 5962 corp: 435/149Kb lim: 65536 exec/s: 873 rss: 1245Mb L: 13/27990 MS: 4 ChangeBinInt-Custom-ChangeBinInt-Custom-
#5280	NEW    cov: 1606 ft: 5962 corp: 435/149Kb lim: 65536 exec/s: 880 rss: 1253Mb L: 34/27990 MS: 4 EraseBytes-Custom-ShuffleBytes-Custom-
#5281	NEW    cov: 1606 ft: 5962 corp: 436/149Kb lim: 65536 exec/s: 880 rss: 1254Mb L: 5/27990 MS: 2 CMP-Custom- DE: "path"-
#5284	NEW    cov: 1606 ft: 5962 corp: 434/149Kb lim: 65536 exec/s: 880 rss: 1254Mb L: 5/27990 MS: 5 CMP-Custom-EraseBytes-Custom-CustomCrossOver- DE: "\001\000\000\000\000\000\000\021"-
#5290	NEW    cov: 1606 ft: 5962 corp: 433/149Kb lim: 65536 exec/s: 881 rss: 1255Mb L: 4/27990 MS: 1 CustomCrossOver-
#5311	NEW    cov: 1606 ft: 5962 corp: 430/149Kb lim: 65536 exec/s: 885 rss: 1259Mb L: 5/27990 MS: 1 CustomCrossOver-
#5327	NEW    cov: 1606 ft: 5962 corp: 430/149Kb lim: 65536 exec/s: 887 rss: 1263Mb L: 5/27990 MS: 2 EraseBytes-Custom-
#5333	NEW    cov: 1606 ft: 5962 corp: 430/149Kb lim: 65536 exec/s: 888 rss: 1265Mb L: 7/27990 MS: 1 CustomCrossOver-
#5429	NEW    cov: 1606 ft: 5962 corp: 431/149Kb lim: 65536 exec/s: 904 rss: 1286Mb L: 6/27990 MS: 2 ChangeByte-Custom-
#5430	NEW    cov: 1606 ft: 5962 corp: 431/149Kb lim: 65536 exec/s: 905 rss: 1286Mb L: 10/27990 MS: 2 ShuffleBytes-Custom-
#5444	NEW    cov: 1606 ft: 5962 corp: 431/149Kb lim: 65536 exec/s: 907 rss: 1289Mb L: 7/27990 MS: 8 ChangeBit-Custom-ShuffleBytes-Custom-ChangeByte-Custom-ManualDict-Custom- DE: "blocks"-
#5463	NEW    cov: 1606 ft: 6025 corp: 432/149Kb lim: 65536 exec/s: 910 rss: 1294Mb L: 39/27990 MS: 8 ShuffleBytes-Custom-InsertByte-Custom-PersAutoDict-Custom-PersAutoDict-Custom- DE: "\\r"-"\001\000\000\001"-
#5471	NEW    cov: 1606 ft: 6025 corp: 432/149Kb lim: 65536 exec/s: 911 rss: 1296Mb L: 46/27990 MS: 5 ChangeBit-Custom-ChangeBit-Custom-CustomCrossOver-
#5473	NEW    cov: 1606 ft: 6025 corp: 432/149Kb lim: 65536 exec/s: 912 rss: 1296Mb L: 13/27990 MS: 4 ChangeBinInt-Custom-CopyPart-Custom-
#5499	NEW    cov: 1606 ft: 6025 corp: 432/149Kb lim: 65536 exec/s: 916 rss: 1303Mb L: 31/27990 MS: 2 ManualDict-Custom- DE: "sdbm"-
#5508	NEW    cov: 1606 ft: 6025 corp: 433/149Kb lim: 65536 exec/s: 918 rss: 1305Mb L: 105/27990 MS: 8 InsertByte-Custom-ChangeBinInt-Custom-InsertRepeatedBytes-Custom-EraseBytes-Custom-
#5530	NEW    cov: 1606 ft: 6025 corp: 433/149Kb lim: 65536 exec/s: 921 rss: 1310Mb L: 16/27990 MS: 4 ManualDict-Custom-ManualDict-Custom- DE: "scope"-"performance"-
#5539	NEW    cov: 1606 ft: 6026 corp: 434/149Kb lim: 65536 exec/s: 923 rss: 1312Mb L: 38/27990 MS: 7 CustomCrossOver-ChangeBinInt-Custom-ManualDict-Custom-CMP-Custom- DE: "enabled"-"\200\377\377\377\377\377\377\376"-
#5545	NEW    cov: 1606 ft: 6026 corp: 434/149Kb lim: 65536 exec/s: 924 rss: 1314Mb L: 1714/27990 MS: 1 CustomCrossOver-
#5546	NEW    cov: 1606 ft: 6026 corp: 435/149Kb lim: 65536 exec/s: 924 rss: 1314Mb L: 18/27990 MS: 2 CMP-Custom- DE: "\001\001"-
#5558	NEW    cov: 1606 ft: 6026 corp: 435/149Kb lim: 65536 exec/s: 926 rss: 1317Mb L: 36/27990 MS: 4 ChangeBit-Custom-InsertByte-Custom-
#5565	NEW    cov: 1606 ft: 6026 corp: 436/149Kb lim: 65536 exec/s: 927 rss: 1318Mb L: 6/27990 MS: 3 ChangeByte-Custom-CustomCrossOver-
#5572	NEW    cov: 1606 ft: 6028 corp: 437/176Kb lim: 65536 exec/s: 928 rss: 1320Mb L: 28447/28447 MS: 4 CopyPart-Custom-ManualDict-Custom- DE: "initializers"-
#5605	NEW    cov: 1606 ft: 6028 corp: 437/176Kb lim: 65536 exec/s: 934 rss: 1327Mb L: 9/28447 MS: 4 CustomCrossOver-ManualDict-Custom-CustomCrossOver- DE: "vault"-
#5611	NEW    cov: 1606 ft: 6028 corp: 438/177Kb lim: 65536 exec/s: 935 rss: 1328Mb L: 228/28447 MS: 2 InsertRepeatedBytes-Custom-
#5628	NEW    cov: 1606 ft: 6028 corp: 438/177Kb lim: 65536 exec/s: 938 rss: 1332Mb L: 31/28447 MS: 4 ChangeByte-Custom-PersAutoDict-Custom- DE: " \000\000\000"-
#5629	NEW    cov: 1606 ft: 6028 corp: 439/177Kb lim: 65536 exec/s: 938 rss: 1332Mb L: 5/28447 MS: 2 CopyPart-Custom-
#5645	NEW    cov: 1606 ft: 6028 corp: 439/177Kb lim: 65536 exec/s: 940 rss: 1336Mb L: 21/28447 MS: 2 ChangeBit-Custom-
#5647	NEW    cov: 1606 ft: 6028 corp: 439/177Kb lim: 65536 exec/s: 941 rss: 1336Mb L: 18/28447 MS: 4 ChangeBinInt-Custom-InsertByte-Custom-
#5663	NEW    cov: 1606 ft: 6028 corp: 438/176Kb lim: 65536 exec/s: 943 rss: 1340Mb L: 7/28447 MS: 2 ChangeByte-Custom-
#5669	NEW    cov: 1606 ft: 6028 corp: 438/176Kb lim: 65536 exec/s: 944 rss: 1342Mb L: 372/28447 MS: 2 CMP-Custom- DE: "\001\036"-
#5684	NEW    cov: 1606 ft: 6028 corp: 438/176Kb lim: 65536 exec/s: 947 rss: 1345Mb L: 6/28447 MS: 10 EraseBytes-Custom-ChangeBit-Custom-ChangeBinInt-Custom-ChangeByte-Custom-ChangeByte-Custom-
#5696	NEW    cov: 1606 ft: 6028 corp: 438/176Kb lim: 65536 exec/s: 949 rss: 1348Mb L: 8/28447 MS: 4 ShuffleBytes-Custom-InsertByte-Custom-
#5702	NEW    cov: 1606 ft: 6028 corp: 439/176Kb lim: 65536 exec/s: 950 rss: 1349Mb L: 4/28447 MS: 2 ChangeByte-Custom-
#5761	NEW    cov: 1606 ft: 6028 corp: 439/176Kb lim: 65536 exec/s: 960 rss: 1361Mb L: 9/28447 MS: 5 CustomCrossOver-EraseBytes-Custom-CustomCrossOver-CustomCrossOver-
#5766	NEW    cov: 1606 ft: 6028 corp: 440/176Kb lim: 65536 exec/s: 961 rss: 1363Mb L: 7/28447 MS: 6 CustomCrossOver-CustomCrossOver-CMP-Custom-CustomCrossOver-CustomCrossOver- DE: "merge"-
#5779	NEW    cov: 1606 ft: 6028 corp: 440/176Kb lim: 65536 exec/s: 963 rss: 1365Mb L: 29/28447 MS: 6 PersAutoDict-Custom-InsertByte-Custom-ShuffleBytes-Custom- DE: "does-not-exist"-
#5800	NEW    cov: 1606 ft: 6028 corp: 441/176Kb lim: 65536 exec/s: 966 rss: 1370Mb L: 8/28447 MS: 2 ChangeBit-Custom-
#6406	RELOAD cov: 1606 ft: 6063 corp: 446/172Kb lim: 65536 exec/s: 915 rss: 1506Mb
#6412	NEW    cov: 1606 ft: 6063 corp: 446/172Kb lim: 65536 exec/s: 916 rss: 1507Mb L: 8/28447 MS: 2 PersAutoDict-Custom- DE: "workflow"-
#6425	NEW    cov: 1606 ft: 6064 corp: 444/172Kb lim: 65536 exec/s: 917 rss: 1510Mb L: 93/28447 MS: 4 CustomCrossOver-CustomCrossOver-InsertRepeatedBytes-Custom-
#6443	NEW    cov: 1606 ft: 6064 corp: 445/172Kb lim: 65536 exec/s: 920 rss: 1514Mb L: 46/28447 MS: 6 ManualDict-Custom-CopyPart-Custom-CMP-Custom- DE: "ghost-step"-"\001a"-
#6444	NEW    cov: 1606 ft: 6064 corp: 445/172Kb lim: 65536 exec/s: 920 rss: 1514Mb L: 4/28447 MS: 2 ManualDict-Custom- DE: "dots"-
#6460	NEW    cov: 1606 ft: 6065 corp: 446/172Kb lim: 65536 exec/s: 922 rss: 1518Mb L: 102/28447 MS: 2 ChangeByte-Custom-
#6461	NEW    cov: 1606 ft: 6065 corp: 445/172Kb lim: 65536 exec/s: 923 rss: 1518Mb L: 3/28447 MS: 2 EraseBytes-Custom-
#6463	NEW    cov: 1606 ft: 6067 corp: 446/172Kb lim: 65536 exec/s: 923 rss: 1518Mb L: 629/28447 MS: 4 InsertByte-Custom-InsertRepeatedBytes-Custom-
#6504	NEW    cov: 1606 ft: 6067 corp: 444/172Kb lim: 65536 exec/s: 929 rss: 1528Mb L: 5/28447 MS: 2 CMP-Custom- DE: "\001\001"-
#6515	NEW    cov: 1606 ft: 6067 corp: 442/172Kb lim: 65536 exec/s: 930 rss: 1531Mb L: 3/28447 MS: 2 ChangeBinInt-Custom-
#6531	NEW    cov: 1606 ft: 6067 corp: 442/172Kb lim: 65536 exec/s: 933 rss: 1535Mb L: 4/28447 MS: 2 EraseBytes-Custom-
#6540	NEW    cov: 1606 ft: 6067 corp: 442/172Kb lim: 65536 exec/s: 934 rss: 1537Mb L: 7/28447 MS: 6 CopyPart-Custom-CustomCrossOver-InsertRepeatedBytes-Custom-CustomCrossOver-
#6572	NEW    cov: 1606 ft: 6067 corp: 442/172Kb lim: 65536 exec/s: 938 rss: 1544Mb L: 135/28447 MS: 4 ChangeBinInt-Custom-InsertRepeatedBytes-Custom-
#6623	NEW    cov: 1606 ft: 6067 corp: 443/172Kb lim: 65536 exec/s: 946 rss: 1557Mb L: 3/28447 MS: 1 CustomCrossOver-
#6629	NEW    cov: 1606 ft: 6067 corp: 443/172Kb lim: 65536 exec/s: 947 rss: 1558Mb L: 3/28447 MS: 2 EraseBytes-Custom-
#6632	NEW    cov: 1606 ft: 6071 corp: 444/172Kb lim: 65536 exec/s: 947 rss: 1559Mb L: 27/28447 MS: 5 CustomCrossOver-ChangeByte-Custom-CrossOver-Custom-
#6643	NEW    cov: 1606 ft: 6071 corp: 444/172Kb lim: 65536 exec/s: 949 rss: 1561Mb L: 6/28447 MS: 1 CustomCrossOver-
#6661	NEW    cov: 1606 ft: 6071 corp: 445/172Kb lim: 65536 exec/s: 951 rss: 1566Mb L: 7/28447 MS: 6 CMP-Custom-CopyPart-Custom-ChangeBinInt-Custom- DE: "\377\000"-
#6687	NEW    cov: 1606 ft: 6071 corp: 446/173Kb lim: 65536 exec/s: 955 rss: 1571Mb L: 513/28447 MS: 2 PersAutoDict-Custom- DE: "PWD"-
#6706	NEW    cov: 1606 ft: 6072 corp: 447/173Kb lim: 65536 exec/s: 958 rss: 1576Mb L: 33/28447 MS: 5 ManualDict-Custom-CustomCrossOver-CustomCrossOver-CustomCrossOver- DE: "references undefined step"-
#6707	NEW    cov: 1606 ft: 6072 corp: 447/173Kb lim: 65536 exec/s: 958 rss: 1576Mb L: 5/28447 MS: 2 ChangeBit-Custom-
#6729	NEW    cov: 1606 ft: 6075 corp: 448/173Kb lim: 65536 exec/s: 961 rss: 1581Mb L: 83/28447 MS: 4 EraseBytes-Custom-InsertRepeatedBytes-Custom-
#6730	NEW    cov: 1606 ft: 6076 corp: 448/173Kb lim: 65536 exec/s: 961 rss: 1581Mb L: 46/28447 MS: 2 CopyPart-Custom-
#6744	NEW    cov: 1606 ft: 6082 corp: 449/186Kb lim: 65536 exec/s: 843 rss: 1585Mb L: 14017/28447 MS: 8 CopyPart-Custom-ManualDict-Custom-PersAutoDict-Custom-InsertRepeatedBytes-Custom- DE: "ui"-"sol.sol"-
#6785	NEW    cov: 1606 ft: 6082 corp: 447/186Kb lim: 65536 exec/s: 848 rss: 1594Mb L: 6/28447 MS: 2 ChangeByte-Custom-
#6797	NEW    cov: 1606 ft: 6082 corp: 448/186Kb lim: 65536 exec/s: 849 rss: 1597Mb L: 14/28447 MS: 4 ChangeASCIIInt-Custom-InsertByte-Custom-
#6823	NEW    cov: 1606 ft: 6086 corp: 449/207Kb lim: 65536 exec/s: 852 rss: 1603Mb L: 21292/28447 MS: 2 ChangeByte-Custom-
#6843	NEW    cov: 1606 ft: 6086 corp: 449/207Kb lim: 65536 exec/s: 855 rss: 1608Mb L: 22/28447 MS: 10 ChangeBit-Custom-CopyPart-Custom-ChangeBit-Custom-InsertByte-Custom-InsertByte-Custom-
#6851	NEW    cov: 1606 ft: 6089 corp: 450/207Kb lim: 65536 exec/s: 856 rss: 1609Mb L: 63/28447 MS: 6 ChangeByte-Custom-ChangeByte-Custom-ShuffleBytes-Custom-
#6897	NEW    cov: 1606 ft: 6089 corp: 450/207Kb lim: 65536 exec/s: 862 rss: 1619Mb L: 8/28447 MS: 2 ManualDict-Custom- DE: "\\r"-
#6898	NEW    cov: 1606 ft: 6089 corp: 450/207Kb lim: 65536 exec/s: 862 rss: 1619Mb L: 8/28447 MS: 2 InsertByte-Custom-
#6900	NEW    cov: 1606 ft: 6089 corp: 450/207Kb lim: 65536 exec/s: 862 rss: 1620Mb L: 14/28447 MS: 4 ManualDict-Custom-InsertByte-Custom- DE: "spinner"-
#6964	NEW    cov: 1606 ft: 6089 corp: 450/207Kb lim: 65536 exec/s: 870 rss: 1634Mb L: 93/28447 MS: 8 ChangeByte-Custom-ChangeBinInt-Custom-PersAutoDict-Custom-EraseBytes-Custom- DE: "mutate"-
#6965	NEW    cov: 1606 ft: 6089 corp: 451/207Kb lim: 65536 exec/s: 870 rss: 1634Mb L: 5/28447 MS: 2 EraseBytes-Custom-
#6966	NEW    cov: 1606 ft: 6089 corp: 451/207Kb lim: 65536 exec/s: 870 rss: 1634Mb L: 4/28447 MS: 2 ChangeBit-Custom-
#6967	NEW    cov: 1606 ft: 6089 corp: 452/207Kb lim: 65536 exec/s: 870 rss: 1635Mb L: 26/28447 MS: 2 ShuffleBytes-Custom-
#6983	NEW    cov: 1606 ft: 6089 corp: 453/207Kb lim: 65536 exec/s: 872 rss: 1638Mb L: 3/28447 MS: 2 ChangeByte-Custom-
#7018	NEW    cov: 1606 ft: 6089 corp: 453/206Kb lim: 65536 exec/s: 877 rss: 1645Mb L: 20150/28447 MS: 10 ChangeASCIIInt-Custom-CMP-Custom-ChangeBinInt-Custom-ChangeBit-Custom-EraseBytes-Custom- DE: "\377\377\377\377\377\377\377\377"-
#7020	NEW    cov: 1606 ft: 6089 corp: 453/204Kb lim: 65536 exec/s: 877 rss: 1646Mb L: 17632/28447 MS: 4 ChangeBinInt-Custom-EraseBytes-Custom-
#7031	NEW    cov: 1606 ft: 6089 corp: 454/204Kb lim: 65536 exec/s: 878 rss: 1648Mb L: 2/28447 MS: 1 CustomCrossOver-
#7032	NEW    cov: 1606 ft: 6089 corp: 454/204Kb lim: 65536 exec/s: 879 rss: 1648Mb L: 4/28447 MS: 2 EraseBytes-Custom-
#7043	NEW    cov: 1606 ft: 6089 corp: 454/204Kb lim: 65536 exec/s: 880 rss: 1650Mb L: 19/28447 MS: 1 CustomCrossOver-
#7044	NEW    cov: 1606 ft: 6089 corp: 454/204Kb lim: 65536 exec/s: 880 rss: 1651Mb L: 3/28447 MS: 2 ChangeBit-Custom-
#7056	NEW    cov: 1606 ft: 6089 corp: 455/204Kb lim: 65536 exec/s: 882 rss: 1654Mb L: 2/28447 MS: 4 EraseBytes-Custom-EraseBytes-Custom-
#7107	NEW    cov: 1606 ft: 6089 corp: 456/204Kb lim: 65536 exec/s: 888 rss: 1664Mb L: 8/28447 MS: 1 CustomCrossOver-
#7108	NEW    cov: 1606 ft: 6090 corp: 457/204Kb lim: 65536 exec/s: 888 rss: 1664Mb L: 309/28447 MS: 2 ShuffleBytes-Custom-
#7110	NEW    cov: 1606 ft: 6093 corp: 458/206Kb lim: 65536 exec/s: 888 rss: 1665Mb L: 1771/28447 MS: 3 CustomCrossOver-ChangeByte-Custom-
#7111	NEW    cov: 1606 ft: 6093 corp: 459/206Kb lim: 65536 exec/s: 888 rss: 1665Mb L: 3/28447 MS: 2 ShuffleBytes-Custom-
#7226	NEW    cov: 1606 ft: 6098 corp: 460/206Kb lim: 65536 exec/s: 903 rss: 1691Mb L: 85/28447 MS: 10 InsertRepeatedBytes-Custom-PersAutoDict-Custom-EraseBytes-Custom-ShuffleBytes-Custom-ShuffleBytes-Custom- DE: "dots"-
#7230	NEW    cov: 1606 ft: 6107 corp: 461/242Kb lim: 65536 exec/s: 903 rss: 1691Mb L: 36683/36683 MS: 8 ChangeBinInt-Custom-InsertByte-Custom-ShuffleBytes-Custom-InsertRepeatedBytes-Custom-
#7262	NEW    cov: 1606 ft: 6107 corp: 461/242Kb lim: 65536 exec/s: 907 rss: 1699Mb L: 138/36683 MS: 4 InsertByte-Custom-InsertRepeatedBytes-Custom-
#7267	NEW    cov: 1606 ft: 6107 corp: 461/242Kb lim: 65536 exec/s: 908 rss: 1700Mb L: 17/36683 MS: 10 CopyPart-Custom-ChangeBinInt-Custom-ManualDict-Custom-CMP-Custom-EraseBytes-Custom- DE: "mode"-"\001\000\000\036"-
#7287	NEW    cov: 1606 ft: 6112 corp: 462/242Kb lim: 65536 exec/s: 910 rss: 1705Mb L: 55/36683 MS: 10 CMP-Custom-CopyPart-Custom-InsertRepeatedBytes-Custom-PersAutoDict-Custom-InsertByte-Custom- DE: "\032\000\000\000"-"open_libraries"-
#7720	RELOAD cov: 1607 ft: 6136 corp: 480/315Kb lim: 65536 exec/s: 857 rss: 1802Mb
#7731	NEW    cov: 1607 ft: 6137 corp: 481/321Kb lim: 65536 exec/s: 859 rss: 1804Mb L: 6133/51121 MS: 2 PersAutoDict-Custom- DE: "invalid"-
#7777	NEW    cov: 1607 ft: 6137 corp: 481/321Kb lim: 65536 exec/s: 864 rss: 1815Mb L: 10/51121 MS: 2 EraseBytes-Custom-
#7784	NEW    cov: 1607 ft: 6137 corp: 479/321Kb lim: 65536 exec/s: 864 rss: 1816Mb L: 5/51121 MS: 4 ManualDict-Custom-ShuffleBytes-Custom- DE: "."-
#7790	NEW    cov: 1607 ft: 6137 corp: 479/321Kb lim: 65536 exec/s: 865 rss: 1818Mb L: 5/51121 MS: 2 ChangeBit-Custom-
#7791	NEW    cov: 1607 ft: 6137 corp: 479/321Kb lim: 65536 exec/s: 865 rss: 1818Mb L: 7/51121 MS: 2 ChangeByte-Custom-
#7828	NEW    cov: 1607 ft: 6137 corp: 480/321Kb lim: 65536 exec/s: 869 rss: 1827Mb L: 6/51121 MS: 4 ChangeByte-Custom-ShuffleBytes-Custom-
#7836	NEW    cov: 1607 ft: 6137 corp: 480/321Kb lim: 65536 exec/s: 870 rss: 1829Mb L: 63/51121 MS: 6 ChangeBinInt-Custom-PersAutoDict-Custom-ChangeBit-Custom- DE: " \000\000\000"-
#7839	NEW    cov: 1607 ft: 6137 corp: 478/321Kb lim: 65536 exec/s: 871 rss: 1829Mb L: 2/51121 MS: 5 CopyPart-Custom-ChangeBit-Custom-CustomCrossOver-
#7840	NEW    cov: 1607 ft: 6137 corp: 479/321Kb lim: 65536 exec/s: 871 rss: 1830Mb L: 41/51121 MS: 2 ManualDict-Custom- DE: "spawn"-
#7842	NEW    cov: 1607 ft: 6137 corp: 478/321Kb lim: 65536 exec/s: 871 rss: 1830Mb L: 3/51121 MS: 3 CMP-Custom-CustomCrossOver- DE: "\000\001"-
#7843	NEW    cov: 1607 ft: 6137 corp: 478/321Kb lim: 65536 exec/s: 871 rss: 1830Mb L: 8/51121 MS: 2 ManualDict-Custom- DE: "until"-
#7863	NEW    cov: 1607 ft: 6137 corp: 478/321Kb lim: 65536 exec/s: 873 rss: 1835Mb L: 4/51121 MS: 10 CMP-Custom-PersAutoDict-Custom-ChangeBinInt-Custom-EraseBytes-Custom-EraseBytes-Custom- DE: "\377\002"-"\377\377"-
#7869	NEW    cov: 1607 ft: 6140 corp: 475/321Kb lim: 65536 exec/s: 874 rss: 1836Mb L: 5/51121 MS: 2 InsertByte-Custom-
#7890	NEW    cov: 1607 ft: 6140 corp: 475/321Kb lim: 65536 exec/s: 876 rss: 1841Mb L: 71/51121 MS: 1 CustomCrossOver-
#7915	NEW    cov: 1607 ft: 6140 corp: 476/321Kb lim: 65536 exec/s: 879 rss: 1847Mb L: 51/51121 MS: 10 ChangeByte-Custom-ManualDict-Custom-InsertByte-Custom-ManualDict-Custom-EraseBytes-Custom- DE: "error"-"temp_directory_path"-
#7921	NEW    cov: 1607 ft: 6140 corp: 477/321Kb lim: 65536 exec/s: 880 rss: 1848Mb L: 7/51121 MS: 2 PersAutoDict-Custom- DE: "\\r"-
#7943	NEW    cov: 1607 ft: 6140 corp: 477/321Kb lim: 65536 exec/s: 882 rss: 1853Mb L: 4/51121 MS: 4 ChangeByte-Custom-PersAutoDict-Custom- DE: "PWD"-
#7959	NEW    cov: 1609 ft: 6144 corp: 477/321Kb lim: 65536 exec/s: 884 rss: 1856Mb L: 1/51121 MS: 2 EraseBytes-Custom-
#7965	NEW    cov: 1609 ft: 6144 corp: 478/321Kb lim: 65536 exec/s: 885 rss: 1858Mb L: 2/51121 MS: 2 ShuffleBytes-Custom-
#7977	NEW    cov: 1609 ft: 6145 corp: 479/323Kb lim: 65536 exec/s: 886 rss: 1860Mb L: 1313/51121 MS: 4 EraseBytes-Custom-ManualDict-Custom- DE: "max_threads"-
#7978	NEW    cov: 1609 ft: 6145 corp: 479/323Kb lim: 65536 exec/s: 886 rss: 1860Mb L: 23/51121 MS: 1 CustomCrossOver-
#8007	NEW    cov: 1609 ft: 6145 corp: 479/323Kb lim: 65536 exec/s: 889 rss: 1866Mb L: 9/51121 MS: 5 CustomCrossOver-InsertRepeatedBytes-Custom-CustomCrossOver-CustomCrossOver-
#8068	NEW    cov: 1609 ft: 6145 corp: 480/323Kb lim: 65536 exec/s: 896 rss: 1880Mb L: 3/51121 MS: 2 ChangeByte-Custom-
#8076	NEW    cov: 1609 ft: 6145 corp: 481/323Kb lim: 65536 exec/s: 897 rss: 1881Mb L: 6/51121 MS: 4 CustomCrossOver-CustomCrossOver-InsertByte-Custom-
#8081	NEW    cov: 1609 ft: 6145 corp: 481/323Kb lim: 65536 exec/s: 897 rss: 1883Mb L: 11/51121 MS: 10 ChangeBit-Custom-ChangeByte-Custom-ChangeBit-Custom-ChangeBinInt-Custom-EraseBytes-Custom-
#8159	NEW    cov: 1609 ft: 6146 corp: 482/324Kb lim: 65536 exec/s: 906 rss: 1900Mb L: 1031/51121 MS: 4 CustomCrossOver-InsertRepeatedBytes-Custom-CustomCrossOver-
#8190	NEW    cov: 1609 ft: 6146 corp: 481/324Kb lim: 65536 exec/s: 910 rss: 1906Mb L: 4/51121 MS: 1 CustomCrossOver-
#8192	pulse  cov: 1609 ft: 6146 corp: 481/324Kb lim: 65536 exec/s: 910 rss: 1907Mb
#8222	NEW    cov: 1609 ft: 6146 corp: 482/324Kb lim: 65536 exec/s: 913 rss: 1913Mb L: 2/51121 MS: 4 ShuffleBytes-Custom-ChangeBit-Custom-
#8228	NEW    cov: 1609 ft: 6146 corp: 482/324Kb lim: 65536 exec/s: 914 rss: 1915Mb L: 11/51121 MS: 2 ChangeByte-Custom-
#8239	NEW    cov: 1609 ft: 6146 corp: 482/324Kb lim: 65536 exec/s: 915 rss: 1916Mb L: 2/51121 MS: 2 EraseBytes-Custom-
#8246	NEW    cov: 1609 ft: 6146 corp: 481/324Kb lim: 65536 exec/s: 916 rss: 1918Mb L: 3/51121 MS: 4 ChangeByte-Custom-EraseBytes-Custom-
#8342	NEW    cov: 1609 ft: 6146 corp: 480/324Kb lim: 65536 exec/s: 926 rss: 1939Mb L: 4/51121 MS: 2 CopyPart-Custom-
#8343	NEW    cov: 1609 ft: 6147 corp: 481/324Kb lim: 65536 exec/s: 927 rss: 1939Mb L: 269/51121 MS: 2 InsertRepeatedBytes-Custom-
#8348	NEW    cov: 1609 ft: 6147 corp: 482/324Kb lim: 65536 exec/s: 927 rss: 1940Mb L: 11/51121 MS: 10 ChangeBit-Custom-EraseBytes-Custom-EraseBytes-Custom-ChangeASCIIInt-Custom-CopyPart-Custom-
#8350	NEW    cov: 1609 ft: 6147 corp: 482/324Kb lim: 65536 exec/s: 927 rss: 1941Mb L: 23/51121 MS: 4 ChangeBit-Custom-PersAutoDict-Custom- DE: "\001\000\000\001"-
#8396	NEW    cov: 1609 ft: 6147 corp: 482/324Kb lim: 65536 exec/s: 932 rss: 1951Mb L: 6/51121 MS: 2 CMP-Custom- DE: "\000\001"-
#8417	NEW    cov: 1609 ft: 6156 corp: 483/324Kb lim: 65536 exec/s: 935 rss: 1956Mb L: 61/51121 MS: 2 ShuffleBytes-Custom-
#8428	NEW    cov: 1609 ft: 6156 corp: 484/324Kb lim: 65536 exec/s: 936 rss: 1959Mb L: 7/51121 MS: 2 CMP-Custom- DE: "\377\377\377\037"-
#8450	NEW    cov: 1609 ft: 6156 corp: 483/324Kb lim: 65536 exec/s: 938 rss: 1965Mb L: 3/51121 MS: 3 PersAutoDict-Custom-CustomCrossOver- DE: "\377\377\377\037"-
#8478	NEW    cov: 1609 ft: 6156 corp: 483/323Kb lim: 65536 exec/s: 942 rss: 1971Mb L: 326/51121 MS: 6 ChangeByte-Custom-EraseBytes-Custom-ChangeBinInt-Custom-
#8525	NEW    cov: 1609 ft: 6156 corp: 484/323Kb lim: 65536 exec/s: 852 rss: 1982Mb L: 2/51121 MS: 4 InsertByte-Custom-EraseBytes-Custom-
#8541	NEW    cov: 1609 ft: 6156 corp: 485/323Kb lim: 65536 exec/s: 854 rss: 1985Mb L: 16/51121 MS: 2 PersAutoDict-Custom- DE: "}"-
#8914	RELOAD cov: 1609 ft: 6167 corp: 499/377Kb lim: 65536 exec/s: 891 rss: 2069Mb
#8930	NEW    cov: 1609 ft: 6167 corp: 500/377Kb lim: 65536 exec/s: 893 rss: 2072Mb L: 2/61977 MS: 2 ShuffleBytes-Custom-
#8997	NEW    cov: 1609 ft: 6167 corp: 500/377Kb lim: 65536 exec/s: 899 rss: 2087Mb L: 7/61977 MS: 2 CustomCrossOver-CustomCrossOver-
#9035	NEW    cov: 1609 ft: 6167 corp: 499/376Kb lim: 65536 exec/s: 903 rss: 2096Mb L: 69/61977 MS: 6 PersAutoDict-Custom-InsertByte-Custom-ShuffleBytes-Custom- DE: "\377\377\377\001\000\000\000\027"-
#9040	NEW    cov: 1609 ft: 6172 corp: 500/376Kb lim: 65536 exec/s: 904 rss: 2097Mb L: 20/61977 MS: 7 CustomCrossOver-ChangeByte-Custom-CustomCrossOver-ManualDict-Custom-CustomCrossOver- DE: "]]"-
#9043	NEW    cov: 1609 ft: 6172 corp: 500/374Kb lim: 65536 exec/s: 904 rss: 2098Mb L: 22/61977 MS: 4 CrossOver-Custom-CustomCrossOver-CustomCrossOver-
#9044	NEW    cov: 1609 ft: 6172 corp: 500/374Kb lim: 65536 exec/s: 904 rss: 2098Mb L: 3/61977 MS: 1 CustomCrossOver-
#9070	NEW    cov: 1609 ft: 6174 corp: 501/374Kb lim: 65536 exec/s: 907 rss: 2103Mb L: 38/61977 MS: 2 InsertByte-Custom-
#9183	NEW    cov: 1609 ft: 6174 corp: 502/374Kb lim: 65536 exec/s: 918 rss: 2128Mb L: 2/61977 MS: 4 CustomCrossOver-CustomCrossOver-CopyPart-Custom-
#9226	NEW    cov: 1609 ft: 6174 corp: 502/374Kb lim: 65536 exec/s: 922 rss: 2138Mb L: 20/61977 MS: 5 ChangeBit-Custom-CopyPart-Custom-CustomCrossOver-
#9232	NEW    cov: 1609 ft: 6174 corp: 502/374Kb lim: 65536 exec/s: 923 rss: 2139Mb L: 8/61977 MS: 2 ShuffleBytes-Custom-
#9245	NEW    cov: 1609 ft: 6174 corp: 503/374Kb lim: 65536 exec/s: 924 rss: 2142Mb L: 48/61977 MS: 6 PersAutoDict-Custom-PersAutoDict-Custom-ChangeBinInt-Custom- DE: "vault"-"\377\377\377\377\377\377\377\016"-
#9250	NEW    cov: 1609 ft: 6174 corp: 503/374Kb lim: 65536 exec/s: 925 rss: 2144Mb L: 9/61977 MS: 7 CustomCrossOver-CustomCrossOver-ChangeBinInt-Custom-ShuffleBytes-Custom-CustomCrossOver-
#9276	NEW    cov: 1609 ft: 6174 corp: 503/374Kb lim: 65536 exec/s: 927 rss: 2150Mb L: 6/61977 MS: 1 CustomCrossOver-
#9303	NEW    cov: 1609 ft: 6174 corp: 503/374Kb lim: 65536 exec/s: 930 rss: 2156Mb L: 8/61977 MS: 2 CustomCrossOver-CustomCrossOver-
#9311	NEW    cov: 1609 ft: 6176 corp: 504/377Kb lim: 65536 exec/s: 931 rss: 2158Mb L: 2512/61977 MS: 6 InsertByte-Custom-ChangeBit-Custom-ChangeBinInt-Custom-
#9320	NEW    cov: 1609 ft: 6176 corp: 505/377Kb lim: 65536 exec/s: 932 rss: 2159Mb L: 2/61977 MS: 6 PersAutoDict-Custom-InsertRepeatedBytes-Custom-CustomCrossOver-CustomCrossOver- DE: "\377\377\377\001\000\000\000\027"-
#9327	NEW    cov: 1609 ft: 6176 corp: 506/378Kb lim: 65536 exec/s: 932 rss: 2160Mb L: 1266/61977 MS: 4 CMP-Custom-InsertByte-Custom- DE: "\013\000\000\000\000\000\000\000"-
#9338	NEW    cov: 1609 ft: 6176 corp: 507/378Kb lim: 65536 exec/s: 933 rss: 2163Mb L: 3/61977 MS: 2 ChangeByte-Custom-
#9384	NEW    cov: 1609 ft: 6176 corp: 506/376Kb lim: 65536 exec/s: 853 rss: 2173Mb L: 39/61977 MS: 2 EraseBytes-Custom-
#9385	NEW    cov: 1609 ft: 6176 corp: 506/376Kb lim: 65536 exec/s: 853 rss: 2173Mb L: 6/61977 MS: 2 CMP-Custom- DE: "\001\000"-
#9421	NEW    cov: 1609 ft: 6176 corp: 507/376Kb lim: 65536 exec/s: 856 rss: 2180Mb L: 1/61977 MS: 2 EraseBytes-Custom-
#9452	NEW    cov: 1609 ft: 6176 corp: 508/376Kb lim: 65536 exec/s: 859 rss: 2187Mb L: 1/61977 MS: 2 ShuffleBytes-Custom-
#9453	NEW    cov: 1609 ft: 6176 corp: 508/376Kb lim: 65536 exec/s: 859 rss: 2187Mb L: 2/61977 MS: 2 EraseBytes-Custom-
#9490	NEW    cov: 1609 ft: 6176 corp: 509/376Kb lim: 65536 exec/s: 862 rss: 2195Mb L: 2/61977 MS: 4 ShuffleBytes-Custom-EraseBytes-Custom-
#9496	NEW    cov: 1609 ft: 6176 corp: 509/376Kb lim: 65536 exec/s: 863 rss: 2196Mb L: 2/61977 MS: 2 ChangeBinInt-Custom-
#9503	NEW    cov: 1609 ft: 6176 corp: 510/376Kb lim: 65536 exec/s: 863 rss: 2197Mb L: 16/61977 MS: 4 CMP-Custom-ChangeBinInt-Custom- DE: "\317\206\267\253\000\000\000\000"-
#9510	NEW    cov: 1609 ft: 6176 corp: 511/376Kb lim: 65536 exec/s: 864 rss: 2199Mb L: 2/61977 MS: 2 CustomCrossOver-CustomCrossOver-
#9540	NEW    cov: 1609 ft: 6176 corp: 512/376Kb lim: 65536 exec/s: 867 rss: 2205Mb L: 4/61977 MS: 7 CustomCrossOver-InsertByte-Custom-CustomCrossOver-InsertByte-Custom-CustomCrossOver-
#9556	NEW    cov: 1609 ft: 6177 corp: 513/436Kb lim: 65536 exec/s: 868 rss: 2209Mb L: 61977/61977 MS: 2 ChangeByte-Custom-
#9582	NEW    cov: 1609 ft: 6177 corp: 514/436Kb lim: 65536 exec/s: 871 rss: 2215Mb L: 5/61977 MS: 1 CustomCrossOver-
#9624	NEW    cov: 1609 ft: 6177 corp: 514/436Kb lim: 65536 exec/s: 874 rss: 2224Mb L: 5/61977 MS: 4 CMP-Custom-ShuffleBytes-Custom- DE: "\000\000\000\000"-
#9665	NEW    cov: 1609 ft: 6177 corp: 514/436Kb lim: 65536 exec/s: 878 rss: 2233Mb L: 21/61977 MS: 2 PersAutoDict-Custom- DE: "."-
#9699	NEW    cov: 1609 ft: 6177 corp: 514/436Kb lim: 65536 exec/s: 881 rss: 2240Mb L: 26/61977 MS: 8 ShuffleBytes-Custom-ChangeBit-Custom-EraseBytes-Custom-CopyPart-Custom-
#9704	NEW    cov: 1609 ft: 6177 corp: 514/436Kb lim: 65536 exec/s: 882 rss: 2241Mb L: 22/61977 MS: 10 ChangeBinInt-Custom-EraseBytes-Custom-EraseBytes-Custom-InsertByte-Custom-InsertByte-Custom-
#9740	NEW    cov: 1609 ft: 6177 corp: 514/436Kb lim: 65536 exec/s: 885 rss: 2250Mb L: 11/61977 MS: 2 CrossOver-Custom-
#9791	NEW    cov: 1609 ft: 6177 corp: 514/436Kb lim: 65536 exec/s: 890 rss: 2262Mb L: 2/61977 MS: 2 ChangeBit-Custom-
#9798	NEW    cov: 1609 ft: 6177 corp: 514/436Kb lim: 65536 exec/s: 890 rss: 2263Mb L: 11/61977 MS: 4 CopyPart-Custom-ChangeBit-Custom-
#9801	NEW    cov: 1609 ft: 6178 corp: 515/437Kb lim: 65536 exec/s: 891 rss: 2264Mb L: 87/61977 MS: 4 CustomCrossOver-CustomCrossOver-InsertRepeatedBytes-Custom-
#9808	NEW    cov: 1609 ft: 6178 corp: 516/437Kb lim: 65536 exec/s: 891 rss: 2266Mb L: 4/61977 MS: 4 CopyPart-Custom-ChangeByte-Custom-
#10156	RELOAD cov: 1609 ft: 6204 corp: 545/675Kb lim: 65536 exec/s: 923 rss: 2341Mb
#10158	NEW    cov: 1609 ft: 6204 corp: 545/675Kb lim: 65536 exec/s: 923 rss: 2341Mb L: 5/62104 MS: 4 CopyPart-Custom-EraseBytes-Custom-
#10244	NEW    cov: 1609 ft: 6205 corp: 546/736Kb lim: 65536 exec/s: 931 rss: 2362Mb L: 62104/62104 MS: 2 ChangeByte-Custom-
#10245	NEW    cov: 1609 ft: 6205 corp: 546/736Kb lim: 65536 exec/s: 931 rss: 2362Mb L: 1/62104 MS: 1 CustomCrossOver-
#10256	NEW    cov: 1609 ft: 6205 corp: 547/736Kb lim: 65536 exec/s: 932 rss: 2364Mb L: 1/62104 MS: 2 ChangeBit-Custom-
#10327	NEW    cov: 1609 ft: 6205 corp: 547/736Kb lim: 65536 exec/s: 860 rss: 2381Mb L: 251/62104 MS: 1 CustomCrossOver-
#10368	NEW    cov: 1609 ft: 6205 corp: 547/736Kb lim: 65536 exec/s: 864 rss: 2389Mb L: 5/62104 MS: 2 ChangeByte-Custom-
#10389	NEW    cov: 1609 ft: 6205 corp: 548/736Kb lim: 65536 exec/s: 865 rss: 2393Mb L: 3/62104 MS: 2 CopyPart-Custom-
#10398	NEW    cov: 1609 ft: 6205 corp: 548/736Kb lim: 65536 exec/s: 866 rss: 2395Mb L: 32/62104 MS: 8 ShuffleBytes-Custom-InsertByte-Custom-InsertByte-Custom-ChangeBit-Custom-
#10415	NEW    cov: 1609 ft: 6205 corp: 549/736Kb lim: 65536 exec/s: 867 rss: 2398Mb L: 1/62104 MS: 4 EraseBytes-Custom-ShuffleBytes-Custom-
#10467	NEW    cov: 1609 ft: 6205 corp: 550/736Kb lim: 65536 exec/s: 872 rss: 2410Mb L: 1/62104 MS: 2 CustomCrossOver-CustomCrossOver-
#10502	NEW    cov: 1609 ft: 6209 corp: 551/736Kb lim: 65536 exec/s: 875 rss: 2418Mb L: 94/62104 MS: 10 CMP-Custom-ChangeByte-Custom-ManualDict-Custom-CopyPart-Custom-EraseBytes-Custom- DE: "\006\000\000\000\000\000\000\000"-"fnv1a64"-
#10507	NEW    cov: 1609 ft: 6210 corp: 552/736Kb lim: 65536 exec/s: 875 rss: 2420Mb L: 45/62104 MS: 10 InsertRepeatedBytes-Custom-InsertByte-Custom-ChangeByte-Custom-PersAutoDict-Custom-InsertByte-Custom- DE: "\001\000"-
#10549	NEW    cov: 1609 ft: 6210 corp: 552/736Kb lim: 65536 exec/s: 879 rss: 2428Mb L: 1/62104 MS: 4 ChangeByte-Custom-EraseBytes-Custom-
#10613	NEW    cov: 1609 ft: 6211 corp: 553/738Kb lim: 65536 exec/s: 884 rss: 2441Mb L: 1954/62104 MS: 8 CopyPart-Custom-PersAutoDict-Custom-ChangeBinInt-Custom-PersAutoDict-Custom- DE: "mode"-"\001\000"-
#10614	NEW    cov: 1609 ft: 6211 corp: 553/738Kb lim: 65536 exec/s: 884 rss: 2442Mb L: 2/62104 MS: 1 CustomCrossOver-
#10620	NEW    cov: 1609 ft: 6211 corp: 553/738Kb lim: 65536 exec/s: 885 rss: 2443Mb L: 3/62104 MS: 2 ChangeByte-Custom-
#10674	NEW    cov: 1609 ft: 6212 corp: 554/739Kb lim: 65536 exec/s: 889 rss: 2455Mb L: 632/62104 MS: 8 CopyPart-Custom-CopyPart-Custom-ShuffleBytes-Custom-InsertRepeatedBytes-Custom-
#10685	NEW    cov: 1609 ft: 6214 corp: 555/739Kb lim: 65536 exec/s: 890 rss: 2458Mb L: 14/62104 MS: 2 ChangeBinInt-Custom-
#10751	NEW    cov: 1609 ft: 6214 corp: 556/739Kb lim: 65536 exec/s: 895 rss: 2473Mb L: 5/62104 MS: 2 ChangeByte-Custom-
#10752	NEW    cov: 1609 ft: 6215 corp: 557/739Kb lim: 65536 exec/s: 896 rss: 2473Mb L: 15/62104 MS: 1 CustomCrossOver-
#10753	NEW    cov: 1609 ft: 6215 corp: 558/739Kb lim: 65536 exec/s: 896 rss: 2473Mb L: 1/62104 MS: 1 CustomCrossOver-
#10754	NEW    cov: 1609 ft: 6215 corp: 559/739Kb lim: 65536 exec/s: 896 rss: 2474Mb L: 2/62104 MS: 2 ShuffleBytes-Custom-
#10755	NEW    cov: 1609 ft: 6218 corp: 560/739Kb lim: 65536 exec/s: 896 rss: 2474Mb L: 11/62104 MS: 1 CustomCrossOver-
#10785	NEW    cov: 1609 ft: 6218 corp: 560/739Kb lim: 65536 exec/s: 898 rss: 2480Mb L: 64/62104 MS: 10 ChangeByte-Custom-CopyPart-Custom-CMP-Custom-InsertByte-Custom-ChangeBit-Custom- DE: "config"-
#10791	NEW    cov: 1609 ft: 6218 corp: 559/739Kb lim: 65536 exec/s: 899 rss: 2482Mb L: 2/62104 MS: 2 PersAutoDict-Custom- DE: "\\r"-
#10802	NEW    cov: 1609 ft: 6218 corp: 560/739Kb lim: 65536 exec/s: 900 rss: 2484Mb L: 33/62104 MS: 1 CustomCrossOver-
#10823	NEW    cov: 1609 ft: 6218 corp: 560/739Kb lim: 65536 exec/s: 901 rss: 2487Mb L: 2/62104 MS: 1 CustomCrossOver-
#10839	NEW    cov: 1609 ft: 6220 corp: 560/739Kb lim: 65536 exec/s: 903 rss: 2491Mb L: 1061/62104 MS: 2 InsertRepeatedBytes-Custom-
#10842	NEW    cov: 1609 ft: 6220 corp: 561/739Kb lim: 65536 exec/s: 903 rss: 2491Mb L: 1/62104 MS: 6 EraseBytes-Custom-CopyPart-Custom-EraseBytes-Custom-
#10889	NEW    cov: 1609 ft: 6222 corp: 561/739Kb lim: 65536 exec/s: 907 rss: 2502Mb L: 45/62104 MS: 4 InsertRepeatedBytes-Custom-CMP-Custom- DE: "/\012;\012?\012!\012-\012"-
#10905	NEW    cov: 1609 ft: 6223 corp: 562/739Kb lim: 65536 exec/s: 908 rss: 2505Mb L: 105/62104 MS: 2 ChangeASCIIInt-Custom-
#10911	NEW    cov: 1609 ft: 6223 corp: 562/739Kb lim: 65536 exec/s: 909 rss: 2507Mb L: 3/62104 MS: 1 CustomCrossOver-
#10927	NEW    cov: 1609 ft: 6223 corp: 562/739Kb lim: 65536 exec/s: 910 rss: 2511Mb L: 18/62104 MS: 2 CMP-Custom- DE: "\005\000\000\000\000\000\000\000"-
#10933	NEW    cov: 1609 ft: 6223 corp: 562/739Kb lim: 65536 exec/s: 911 rss: 2512Mb L: 3/62104 MS: 2 ChangeBinInt-Custom-
#10944	NEW    cov: 1609 ft: 6223 corp: 563/739Kb lim: 65536 exec/s: 912 rss: 2515Mb L: 2/62104 MS: 2 ManualDict-Custom- DE: "{"-
#10964	NEW    cov: 1609 ft: 6223 corp: 563/739Kb lim: 65536 exec/s: 913 rss: 2520Mb L: 110/62104 MS: 10 ManualDict-Custom-ChangeBinInt-Custom-ManualDict-Custom-EraseBytes-Custom-InsertRepeatedBytes-Custom- DE: "error"-"break"-
#10968	NEW    cov: 1609 ft: 6223 corp: 563/739Kb lim: 65536 exec/s: 914 rss: 2520Mb L: 5/62104 MS: 6 ChangeByte-Custom-CrossOver-Custom-CustomCrossOver-CustomCrossOver-
#10969	NEW    cov: 1609 ft: 6223 corp: 562/739Kb lim: 65536 exec/s: 914 rss: 2521Mb L: 1/62104 MS: 2 ChangeBit-Custom-
#10970	NEW    cov: 1609 ft: 6224 corp: 563/739Kb lim: 65536 exec/s: 914 rss: 2521Mb L: 4/62104 MS: 2 PersAutoDict-Custom- DE: "\377!"-
#10976	NEW    cov: 1609 ft: 6224 corp: 562/738Kb lim: 65536 exec/s: 914 rss: 2522Mb L: 11/62104 MS: 2 EraseBytes-Custom-
#11015	NEW    cov: 1609 ft: 6224 corp: 563/738Kb lim: 65536 exec/s: 917 rss: 2532Mb L: 80/62104 MS: 8 ChangeBinInt-Custom-InsertRepeatedBytes-Custom-ChangeBinInt-Custom-ManualDict-Custom- DE: "mmap"-
#11033	NEW    cov: 1609 ft: 6224 corp: 563/738Kb lim: 65536 exec/s: 919 rss: 2536Mb L: 19/62104 MS: 3 CustomCrossOver-CustomCrossOver-CustomCrossOver-
#11049	NEW    cov: 1609 ft: 6225 corp: 563/738Kb lim: 65536 exec/s: 920 rss: 2539Mb L: 19/62104 MS: 2 CMP-Custom- DE: "\000\000\177\377\2102\341\005"-
#11080	NEW    cov: 1609 ft: 6225 corp: 564/738Kb lim: 65536 exec/s: 923 rss: 2546Mb L: 18/62104 MS: 2 CopyPart-Custom-
#11309	RELOAD cov: 1609 ft: 6235 corp: 577/825Kb lim: 65536 exec/s: 869 rss: 2592Mb
#11315	NEW    cov: 1609 ft: 6235 corp: 577/824Kb lim: 65536 exec/s: 870 rss: 2593Mb L: 4316/63900 MS: 1 CustomCrossOver-
#11424	NEW    cov: 1609 ft: 6235 corp: 578/824Kb lim: 65536 exec/s: 878 rss: 2616Mb L: 1/63900 MS: 7 ChangeBinInt-Custom-CustomCrossOver-EraseBytes-Custom-CrossOver-Custom-
#11426	NEW    cov: 1609 ft: 6235 corp: 578/824Kb lim: 65536 exec/s: 878 rss: 2616Mb L: 3/63900 MS: 2 CustomCrossOver-CustomCrossOver-
#11429	NEW    cov: 1609 ft: 6235 corp: 578/824Kb lim: 65536 exec/s: 879 rss: 2616Mb L: 16/63900 MS: 6 PersAutoDict-Custom-CMP-Custom-ShuffleBytes-Custom- DE: "icons"-"sol.sol"-
#11506	NEW    cov: 1609 ft: 6235 corp: 578/824Kb lim: 65536 exec/s: 885 rss: 2634Mb L: 21/63900 MS: 4 ManualDict-Custom-CopyPart-Custom- DE: "\\n"-
#11576	NEW    cov: 1609 ft: 6235 corp: 578/824Kb lim: 65536 exec/s: 890 rss: 2650Mb L: 2/63900 MS: 7 CustomCrossOver-PersAutoDict-Custom-CustomCrossOver-InsertByte-Custom-CustomCrossOver- DE: "\377\000"-
#11594	NEW    cov: 1609 ft: 6235 corp: 579/824Kb lim: 65536 exec/s: 891 rss: 2654Mb L: 3/63900 MS: 6 ChangeByte-Custom-ShuffleBytes-Custom-ShuffleBytes-Custom-
#11600	NEW    cov: 1609 ft: 6235 corp: 579/824Kb lim: 65536 exec/s: 892 rss: 2655Mb L: 17/63900 MS: 2 ShuffleBytes-Custom-
#11621	NEW    cov: 1609 ft: 6235 corp: 579/824Kb lim: 65536 exec/s: 893 rss: 2659Mb L: 26/63900 MS: 1 CustomCrossOver-
#11637	NEW    cov: 1609 ft: 6235 corp: 579/824Kb lim: 65536 exec/s: 895 rss: 2663Mb L: 16/63900 MS: 2 ChangeBinInt-Custom-
#11754	NEW    cov: 1609 ft: 6235 corp: 580/824Kb lim: 65536 exec/s: 904 rss: 2687Mb L: 1/63900 MS: 3 InsertByte-Custom-CustomCrossOver-
#11767	NEW    cov: 1609 ft: 6235 corp: 580/824Kb lim: 65536 exec/s: 905 rss: 2689Mb L: 6/63900 MS: 4 CustomCrossOver-CustomCrossOver-CopyPart-Custom-
#11786	NEW    cov: 1609 ft: 6235 corp: 580/824Kb lim: 65536 exec/s: 906 rss: 2693Mb L: 1201/63900 MS: 8 CopyPart-Custom-CMP-Custom-CopyPart-Custom-CopyPart-Custom- DE: "\377\377\377\002"-
#11862	NEW    cov: 1609 ft: 6235 corp: 581/824Kb lim: 65536 exec/s: 912 rss: 2710Mb L: 2/63900 MS: 2 ShuffleBytes-Custom-
#11918	NEW    cov: 1609 ft: 6235 corp: 582/824Kb lim: 65536 exec/s: 916 rss: 2722Mb L: 3/63900 MS: 2 ChangeByte-Custom-
#11959	NEW    cov: 1609 ft: 6235 corp: 581/822Kb lim: 65536 exec/s: 919 rss: 2731Mb L: 6/63900 MS: 2 ShuffleBytes-Custom-
#11976	NEW    cov: 1609 ft: 6235 corp: 581/822Kb lim: 65536 exec/s: 921 rss: 2735Mb L: 5/63900 MS: 4 InsertByte-Custom-ManualDict-Custom- DE: "error"-
#12004	NEW    cov: 1609 ft: 6235 corp: 581/822Kb lim: 65536 exec/s: 923 rss: 2741Mb L: 50873/63900 MS: 6 ManualDict-Custom-InsertByte-Custom-CopyPart-Custom- DE: "full"-
#12021	NEW    cov: 1609 ft: 6235 corp: 581/809Kb lim: 65536 exec/s: 924 rss: 2745Mb L: 7923/63900 MS: 4 ShuffleBytes-Custom-ShuffleBytes-Custom-
#12165	NEW    cov: 1609 ft: 6235 corp: 581/809Kb lim: 65536 exec/s: 935 rss: 2776Mb L: 19/63900 MS: 8 CMP-Custom-ChangeByte-Custom-ChangeBit-Custom-ChangeBinInt-Custom- DE: "\377\377\377\377\377\373\255\333"-
#12502	RELOAD cov: 1609 ft: 6243 corp: 591/981Kb lim: 65536 exec/s: 893 rss: 2844Mb
#12538	NEW    cov: 1609 ft: 6243 corp: 591/981Kb lim: 65536 exec/s: 895 rss: 2850Mb L: 1/63989 MS: 2 EraseBytes-Custom-
	NEW_FUNC[1/11]: 0x000000513bc0 in std::__detail::_Hash_node<std::pair<std::__cxx11::basic_string<char, std::char_traits<char>, std::allocator<char>> const, std::shared_ptr<beez::core::StepConfig const>>, true>::_M_next() const /usr/bin/../lib/gcc/x86_64-redhat-linux/16/../../../../include/c++/16/bits/hashtable_policy.h:367
	NEW_FUNC[2/11]: 0x000000513d50 in std::__detail::_Hashtable_alloc<std::allocator<std::__detail::_Hash_node<std::pair<std::__cxx11::basic_string<char, std::char_traits<char>, std::allocator<char>> const, std::shared_ptr<beez::core::StepConfig const>>, true>>>::_M_deallocate_node(std::__detail::_Hash_node<std::pair<std::__cxx11::basic_string<char, std::char_traits<char>, std::allocator<char>> const, std::shared_ptr<beez::core::StepConfig const>>, true>*) /usr/bin/../lib/gcc/x86_64-redhat-linux/16/../../../../include/c++/16/bits/hashtable_policy.h:1590
#12548	NEW    cov: 1656 ft: 6372 corp: 592/981Kb lim: 65536 exec/s: 896 rss: 2852Mb L: 152/63989 MS: 10 CopyPart-Custom-ChangeBit-Custom-CopyPart-Custom-ChangeByte-Custom-ShuffleBytes-Custom-
#12637	NEW    cov: 1656 ft: 6372 corp: 592/981Kb lim: 65536 exec/s: 902 rss: 2871Mb L: 2/63989 MS: 7 InsertByte-Custom-PersAutoDict-Custom-ChangeBinInt-Custom-CustomCrossOver- DE: "merge"-
#12713	NEW    cov: 1656 ft: 6372 corp: 593/981Kb lim: 65536 exec/s: 908 rss: 2887Mb L: 2/63989 MS: 2 ChangeByte-Custom-
#12787	NEW    cov: 1656 ft: 6372 corp: 593/981Kb lim: 65536 exec/s: 913 rss: 2904Mb L: 2/63989 MS: 8 ChangeBinInt-Custom-ChangeBit-Custom-EraseBytes-Custom-ShuffleBytes-Custom-
#12793	NEW    cov: 1656 ft: 6372 corp: 593/981Kb lim: 65536 exec/s: 913 rss: 2905Mb L: 1/63989 MS: 2 EraseBytes-Custom-
#12794	NEW    cov: 1656 ft: 6372 corp: 594/981Kb lim: 65536 exec/s: 913 rss: 2905Mb L: 1/63989 MS: 2 EraseBytes-Custom-
#12801	NEW    cov: 1656 ft: 6372 corp: 594/981Kb lim: 65536 exec/s: 914 rss: 2906Mb L: 20/63989 MS: 3 ShuffleBytes-Custom-CustomCrossOver-
#12895	NEW    cov: 1656 ft: 6372 corp: 594/981Kb lim: 65536 exec/s: 921 rss: 2926Mb L: 18/63989 MS: 8 ManualDict-Custom-ChangeByte-Custom-ChangeBinInt-Custom-ManualDict-Custom- DE: "run_log_file"-"env-"-
#12898	NEW    cov: 1656 ft: 6372 corp: 594/981Kb lim: 65536 exec/s: 921 rss: 2927Mb L: 17/63989 MS: 6 ShuffleBytes-Custom-ShuffleBytes-Custom-InsertByte-Custom-
#12907	NEW    cov: 1656 ft: 6372 corp: 594/981Kb lim: 65536 exec/s: 921 rss: 2929Mb L: 178/63989 MS: 8 ShuffleBytes-Custom-InsertRepeatedBytes-Custom-InsertByte-Custom-InsertRepeatedBytes-Custom-
#12908	NEW    cov: 1656 ft: 6372 corp: 594/981Kb lim: 65536 exec/s: 922 rss: 2929Mb L: 18/63989 MS: 1 CustomCrossOver-
#12944	NEW    cov: 1656 ft: 6374 corp: 594/980Kb lim: 65536 exec/s: 924 rss: 2936Mb L: 1055/63989 MS: 2 InsertByte-Custom-
#12994	NEW    cov: 1656 ft: 6376 corp: 595/981Kb lim: 65536 exec/s: 928 rss: 2947Mb L: 607/63989 MS: 10 EraseBytes-Custom-ChangeBit-Custom-ChangeByte-Custom-ShuffleBytes-Custom-PersAutoDict-Custom- DE: "\316\000\000\000\000\000\000\000"-
#13111	NEW    cov: 1656 ft: 6377 corp: 596/1043Kb lim: 65536 exec/s: 936 rss: 2971Mb L: 63900/63989 MS: 2 CustomCrossOver-CustomCrossOver-
#13121	NEW    cov: 1656 ft: 6377 corp: 596/1043Kb lim: 65536 exec/s: 937 rss: 2973Mb L: 26/63989 MS: 10 EraseBytes-Custom-InsertRepeatedBytes-Custom-ManualDict-Custom-ChangeBit-Custom-EraseBytes-Custom- DE: "mergeSettingsFromLuaTable"-
#13122	NEW    cov: 1656 ft: 6377 corp: 597/1043Kb lim: 65536 exec/s: 937 rss: 2973Mb L: 6/63989 MS: 2 CopyPart-Custom-
#13201	NEW    cov: 1656 ft: 6377 corp: 597/1043Kb lim: 65536 exec/s: 880 rss: 2989Mb L: 2/63989 MS: 6 ChangeBit-Custom-ChangeByte-Custom-CustomCrossOver-CustomCrossOver-
#13254	NEW    cov: 1656 ft: 6377 corp: 597/1043Kb lim: 65536 exec/s: 883 rss: 3000Mb L: 9/63989 MS: 6 CMP-Custom-ChangeBinInt-Custom-InsertByte-Custom- DE: "beez"-
#13266	NEW    cov: 1656 ft: 6377 corp: 594/1043Kb lim: 65536 exec/s: 884 rss: 3003Mb L: 3/63989 MS: 3 CustomCrossOver-InsertByte-Custom-
#13290	NEW    cov: 1656 ft: 6378 corp: 595/1043Kb lim: 65536 exec/s: 886 rss: 3009Mb L: 10/63989 MS: 8 ChangeBit-Custom-InsertByte-Custom-ChangeBit-Custom-CopyPart-Custom-
#13336	NEW    cov: 1656 ft: 6379 corp: 595/988Kb lim: 65536 exec/s: 889 rss: 3018Mb L: 6137/63989 MS: 1 CustomCrossOver-
#13353	NEW    cov: 1656 ft: 6379 corp: 596/988Kb lim: 65536 exec/s: 890 rss: 3022Mb L: 2/63989 MS: 2 CustomCrossOver-CustomCrossOver-
#13374	NEW    cov: 1656 ft: 6379 corp: 596/988Kb lim: 65536 exec/s: 891 rss: 3026Mb L: 131/63989 MS: 1 CustomCrossOver-
#13380	NEW    cov: 1656 ft: 6379 corp: 596/988Kb lim: 65536 exec/s: 892 rss: 3027Mb L: 2/63989 MS: 2 ChangeBit-Custom-
#13381	NEW    cov: 1656 ft: 6379 corp: 597/988Kb lim: 65536 exec/s: 892 rss: 3028Mb L: 2/63989 MS: 2 InsertByte-Custom-
#13386	NEW    cov: 1656 ft: 6379 corp: 598/988Kb lim: 65536 exec/s: 892 rss: 3029Mb L: 9/63989 MS: 10 ChangeBit-Custom-InsertByte-Custom-ChangeBit-Custom-CopyPart-Custom-ChangeBit-Custom-
#13394	NEW    cov: 1656 ft: 6379 corp: 598/988Kb lim: 65536 exec/s: 892 rss: 3031Mb L: 1/63989 MS: 6 ChangeBit-Custom-EraseBytes-Custom-CopyPart-Custom-
#13395	NEW    cov: 1656 ft: 6379 corp: 599/988Kb lim: 65536 exec/s: 893 rss: 3031Mb L: 1/63989 MS: 2 ChangeByte-Custom-
#13401	NEW    cov: 1656 ft: 6379 corp: 599/988Kb lim: 65536 exec/s: 893 rss: 3032Mb L: 4/63989 MS: 2 ShuffleBytes-Custom-
#13700	RELOAD cov: 1656 ft: 6546 corp: 614/1172Kb lim: 65536 exec/s: 913 rss: 3094Mb
#13702	NEW    cov: 1656 ft: 6546 corp: 613/1172Kb lim: 65536 exec/s: 913 rss: 3094Mb L: 3/65097 MS: 4 ChangeBinInt-Custom-ShuffleBytes-Custom-
#13703	NEW    cov: 1656 ft: 6546 corp: 614/1172Kb lim: 65536 exec/s: 913 rss: 3094Mb L: 4/65097 MS: 2 ChangeByte-Custom-
#13736	NEW    cov: 1656 ft: 6546 corp: 615/1172Kb lim: 65536 exec/s: 915 rss: 3101Mb L: 2/65097 MS: 4 CustomCrossOver-CustomCrossOver-ShuffleBytes-Custom-
#13755	NEW    cov: 1656 ft: 6546 corp: 613/1171Kb lim: 65536 exec/s: 917 rss: 3105Mb L: 15/65097 MS: 8 ShuffleBytes-Custom-EraseBytes-Custom-ChangeBit-Custom-InsertRepeatedBytes-Custom-
#13776	NEW    cov: 1656 ft: 6546 corp: 613/1170Kb lim: 65536 exec/s: 918 rss: 3109Mb L: 8/65097 MS: 2 ShuffleBytes-Custom-
#13827	NEW    cov: 1656 ft: 6546 corp: 611/1170Kb lim: 65536 exec/s: 921 rss: 3120Mb L: 4/65097 MS: 2 ShuffleBytes-Custom-
#13833	NEW    cov: 1656 ft: 6546 corp: 612/1170Kb lim: 65536 exec/s: 922 rss: 3121Mb L: 3/65097 MS: 2 InsertByte-Custom-
#13863	NEW    cov: 1656 ft: 6547 corp: 613/1171Kb lim: 65536 exec/s: 924 rss: 3128Mb L: 124/65097 MS: 6 CustomCrossOver-CustomCrossOver-PersAutoDict-Custom-CustomCrossOver-CustomCrossOver- DE: "blocks"-
#13868	NEW    cov: 1656 ft: 6547 corp: 613/1171Kb lim: 65536 exec/s: 924 rss: 3128Mb L: 2/65097 MS: 10 ChangeByte-Custom-ChangeByte-Custom-ChangeBit-Custom-ChangeByte-Custom-CopyPart-Custom-
#13884	NEW    cov: 1656 ft: 6547 corp: 613/1171Kb lim: 65536 exec/s: 925 rss: 3132Mb L: 1/65097 MS: 2 ChangeByte-Custom-
#13910	NEW    cov: 1656 ft: 6548 corp: 614/1172Kb lim: 65536 exec/s: 927 rss: 3137Mb L: 1374/65097 MS: 2 ChangeBit-Custom-
#13980	NEW    cov: 1656 ft: 6549 corp: 615/1231Kb lim: 65536 exec/s: 932 rss: 3152Mb L: 60594/65097 MS: 7 InsertByte-Custom-CustomCrossOver-CustomCrossOver-CustomCrossOver-PersAutoDict-Custom- DE: "downloa"-
#13987	NEW    cov: 1656 ft: 6549 corp: 615/1231Kb lim: 65536 exec/s: 932 rss: 3153Mb L: 1/65097 MS: 3 CustomCrossOver-ChangeByte-Custom-
#14031	NEW    cov: 1656 ft: 6550 corp: 616/1268Kb lim: 65536 exec/s: 935 rss: 3163Mb L: 37486/65097 MS: 6 CustomCrossOver-ChangeByte-Custom-CustomCrossOver-CopyPart-Custom-
#14158	NEW    cov: 1656 ft: 6550 corp: 616/1268Kb lim: 65536 exec/s: 884 rss: 3190Mb L: 34/65097 MS: 4 InsertByte-Custom-ChangeBinInt-Custom-
#14172	NEW    cov: 1656 ft: 6550 corp: 616/1268Kb lim: 65536 exec/s: 885 rss: 3193Mb L: 4/65097 MS: 8 PersAutoDict-Custom-InsertByte-Custom-ChangeBit-Custom-EraseBytes-Custom- DE: "ui"-
#14285	NEW    cov: 1656 ft: 6551 corp: 617/1332Kb lim: 65536 exec/s: 892 rss: 3219Mb L: 65367/65367 MS: 6 EraseBytes-Custom-InsertByte-Custom-CopyPart-Custom-
#14336	NEW    cov: 1656 ft: 6551 corp: 617/1331Kb lim: 65536 exec/s: 896 rss: 3230Mb L: 49203/65367 MS: 2 ChangeASCIIInt-Custom-
#14344	NEW    cov: 1656 ft: 6551 corp: 618/1332Kb lim: 65536 exec/s: 896 rss: 3232Mb L: 5/65367 MS: 6 ChangeBinInt-Custom-CMP-Custom-InsertByte-Custom- DE: "\001\001"-
#14375	NEW    cov: 1656 ft: 6551 corp: 618/1332Kb lim: 65536 exec/s: 898 rss: 3239Mb L: 60591/65367 MS: 2 InsertByte-Custom-
#14384	NEW    cov: 1656 ft: 6551 corp: 619/1332Kb lim: 65536 exec/s: 899 rss: 3241Mb L: 2/65367 MS: 6 ShuffleBytes-Custom-ChangeByte-Custom-CustomCrossOver-CustomCrossOver-
#14420	NEW    cov: 1656 ft: 6551 corp: 619/1332Kb lim: 65536 exec/s: 901 rss: 3248Mb L: 2/65367 MS: 1 CustomCrossOver-
#14456	NEW    cov: 1656 ft: 6551 corp: 619/1332Kb lim: 65536 exec/s: 903 rss: 3255Mb L: 2/65367 MS: 1 CustomCrossOver-
#14463	NEW    cov: 1656 ft: 6554 corp: 620/1332Kb lim: 65536 exec/s: 903 rss: 3257Mb L: 13/65367 MS: 4 CrossOver-Custom-ChangeByte-Custom-
#14483	NEW    cov: 1656 ft: 6554 corp: 620/1331Kb lim: 65536 exec/s: 905 rss: 3261Mb L: 16/65367 MS: 10 CopyPart-Custom-CMP-Custom-ChangeASCIIInt-Custom-CMP-Custom-ShuffleBytes-Custom- DE: "\003\000\000\000"-"ram_free"-
#14515	NEW    cov: 1656 ft: 6555 corp: 621/1331Kb lim: 65536 exec/s: 907 rss: 3267Mb L: 133/65367 MS: 4 ShuffleBytes-Custom-CrossOver-Custom-
#14581	NEW    cov: 1656 ft: 6555 corp: 622/1335Kb lim: 65536 exec/s: 911 rss: 3281Mb L: 3715/65367 MS: 2 InsertRepeatedBytes-Custom-
#14875	RELOAD cov: 1656 ft: 6628 corp: 634/1546Kb lim: 65536 exec/s: 929 rss: 3345Mb
#14879	NEW    cov: 1656 ft: 6628 corp: 634/1546Kb lim: 65536 exec/s: 929 rss: 3345Mb L: 4/65418 MS: 8 CopyPart-Custom-ChangeByte-Custom-ChangeBinInt-Custom-ChangeByte-Custom-
#14915	NEW    cov: 1656 ft: 6628 corp: 634/1546Kb lim: 65536 exec/s: 932 rss: 3352Mb L: 3/65418 MS: 2 ChangeBit-Custom-
#15035	NEW    cov: 1656 ft: 6628 corp: 634/1546Kb lim: 65536 exec/s: 884 rss: 3377Mb L: 2/65418 MS: 7 CustomCrossOver-CustomCrossOver-InsertByte-Custom-ChangeBinInt-Custom-CustomCrossOver-
#15188	NEW    cov: 1656 ft: 6630 corp: 635/1546Kb lim: 65536 exec/s: 893 rss: 3409Mb L: 96/65418 MS: 5 CustomCrossOver-ChangeBit-Custom-CopyPart-Custom-
#15222	NEW    cov: 1656 ft: 6633 corp: 636/1546Kb lim: 65536 exec/s: 895 rss: 3418Mb L: 108/65418 MS: 7 CopyPart-Custom-ChangeByte-Custom-PersAutoDict-Custom-CustomCrossOver- DE: "mode"-
#15283	NEW    cov: 1656 ft: 6633 corp: 636/1546Kb lim: 65536 exec/s: 899 rss: 3431Mb L: 62/65418 MS: 2 PersAutoDict-Custom- DE: "vault"-
#15329	NEW    cov: 1656 ft: 6633 corp: 636/1546Kb lim: 65536 exec/s: 901 rss: 3440Mb L: 65412/65412 MS: 2 ManualDict-Custom- DE: "count"-
#15341	NEW    cov: 1656 ft: 6640 corp: 636/1546Kb lim: 65536 exec/s: 902 rss: 3442Mb L: 15/65412 MS: 3 CustomCrossOver-ManualDict-Custom- DE: "enum-cache"-
#15343	NEW    cov: 1656 ft: 6640 corp: 636/1546Kb lim: 65536 exec/s: 902 rss: 3442Mb L: 5/65412 MS: 4 ChangeBit-Custom-ManualDict-Custom- DE: "\\n"-
#15359	NEW    cov: 1656 ft: 6640 corp: 637/1546Kb lim: 65536 exec/s: 903 rss: 3445Mb L: 8/65412 MS: 2 ChangeASCIIInt-Custom-
#15391	NEW    cov: 1656 ft: 6640 corp: 637/1546Kb lim: 65536 exec/s: 905 rss: 3452Mb L: 2/65412 MS: 4 ShuffleBytes-Custom-ChangeByte-Custom-
#15450	NEW    cov: 1656 ft: 6641 corp: 638/1546Kb lim: 65536 exec/s: 908 rss: 3465Mb L: 13/65412 MS: 8 EraseBytes-Custom-ChangeByte-Custom-ManualDict-Custom-CopyPart-Custom- DE: "beez.config"-
#15478	NEW    cov: 1656 ft: 6641 corp: 638/1546Kb lim: 65536 exec/s: 910 rss: 3470Mb L: 2/65412 MS: 6 ChangeByte-Custom-CopyPart-Custom-CMP-Custom- DE: "\377\000"-
#15514	NEW    cov: 1656 ft: 6641 corp: 638/1546Kb lim: 65536 exec/s: 912 rss: 3478Mb L: 2/65412 MS: 2 ShuffleBytes-Custom-
#15515	NEW    cov: 1656 ft: 6641 corp: 638/1533Kb lim: 65536 exec/s: 912 rss: 3479Mb L: 19408/65412 MS: 1 CustomCrossOver-
#15526	NEW    cov: 1656 ft: 6641 corp: 639/1533Kb lim: 65536 exec/s: 913 rss: 3481Mb L: 16/65412 MS: 2 ShuffleBytes-Custom-
#15535	NEW    cov: 1656 ft: 6641 corp: 639/1533Kb lim: 65536 exec/s: 913 rss: 3483Mb L: 14/65412 MS: 8 ChangeByte-Custom-ChangeBinInt-Custom-CMP-Custom-InsertByte-Custom- DE: "\377\377\377\377\377\377\377K"-
#15611	NEW    cov: 1656 ft: 6641 corp: 639/1533Kb lim: 65536 exec/s: 918 rss: 3498Mb L: 6/65412 MS: 2 ChangeBit-Custom-
#15643	NEW    cov: 1656 ft: 6641 corp: 640/1533Kb lim: 65536 exec/s: 920 rss: 3505Mb L: 1/65412 MS: 4 ChangeBinInt-Custom-EraseBytes-Custom-
#15656	NEW    cov: 1656 ft: 6642 corp: 640/1517Kb lim: 65536 exec/s: 920 rss: 3508Mb L: 6144/65412 MS: 6 CMP-Custom-InsertByte-Custom-InsertByte-Custom- DE: "\001\000\000\000\000\000\0009"-
#15668	NEW    cov: 1656 ft: 6642 corp: 640/1517Kb lim: 65536 exec/s: 921 rss: 3510Mb L: 51/65412 MS: 4 CMP-Custom-PersAutoDict-Custom- DE: "\377\377\377\377"-"\005\000\000\000\000\000\000\000"-
#15674	NEW    cov: 1656 ft: 6645 corp: 641/1517Kb lim: 65536 exec/s: 922 rss: 3512Mb L: 246/65412 MS: 2 InsertRepeatedBytes-Custom-
#15676	NEW    cov: 1656 ft: 6645 corp: 642/1517Kb lim: 65536 exec/s: 922 rss: 3512Mb L: 4/65412 MS: 4 EraseBytes-Custom-EraseBytes-Custom-
#15678	NEW    cov: 1656 ft: 6647 corp: 643/1581Kb lim: 65536 exec/s: 922 rss: 3512Mb L: 65115/65412 MS: 4 ChangeBit-Custom-CopyPart-Custom-
#15679	NEW    cov: 1656 ft: 6647 corp: 643/1581Kb lim: 65536 exec/s: 922 rss: 3512Mb L: 26/65412 MS: 1 CustomCrossOver-
#15688	NEW    cov: 1656 ft: 6647 corp: 644/1581Kb lim: 65536 exec/s: 922 rss: 3514Mb L: 52/65412 MS: 8 CMP-Custom-InsertRepeatedBytes-Custom-CopyPart-Custom-ChangeBinInt-Custom- DE: "config"-
#15722	NEW    cov: 1656 ft: 6648 corp: 645/1585Kb lim: 65536 exec/s: 924 rss: 3522Mb L: 4939/65412 MS: 8 InsertRepeatedBytes-Custom-InsertRepeatedBytes-Custom-InsertByte-Custom-ManualDict-Custom- DE: "mutate"-
#15723	NEW    cov: 1656 ft: 6649 corp: 645/1570Kb lim: 65536 exec/s: 924 rss: 3522Mb L: 49133/65412 MS: 2 ShuffleBytes-Custom-
#15923	RELOAD cov: 1656 ft: 6666 corp: 638/1658Kb lim: 65536 exec/s: 884 rss: 3566Mb
#15929	NEW    cov: 1656 ft: 6666 corp: 637/1658Kb lim: 65536 exec/s: 884 rss: 3566Mb L: 2/65497 MS: 1 CustomCrossOver-
#15947	NEW    cov: 1656 ft: 6666 corp: 637/1658Kb lim: 65536 exec/s: 885 rss: 3571Mb L: 4/65497 MS: 6 EraseBytes-Custom-EraseBytes-Custom-ChangeBit-Custom-
#15988	NEW    cov: 1656 ft: 6666 corp: 637/1658Kb lim: 65536 exec/s: 888 rss: 3580Mb L: 2/65497 MS: 2 EraseBytes-Custom-
#16021	NEW    cov: 1656 ft: 6666 corp: 637/1658Kb lim: 65536 exec/s: 890 rss: 3586Mb L: 54/65497 MS: 6 ChangeByte-Custom-CopyPart-Custom-ChangeBinInt-Custom-
#16030	NEW    cov: 1656 ft: 6666 corp: 637/1658Kb lim: 65536 exec/s: 890 rss: 3588Mb L: 3/65497 MS: 8 EraseBytes-Custom-EraseBytes-Custom-ChangeByte-Custom-InsertByte-Custom-
#16038	NEW    cov: 1656 ft: 6667 corp: 638/1658Kb lim: 65536 exec/s: 891 rss: 3589Mb L: 28/65497 MS: 6 ChangeByte-Custom-ChangeByte-Custom-InsertByte-Custom-
#16068	NEW    cov: 1656 ft: 6667 corp: 638/1658Kb lim: 65536 exec/s: 892 rss: 3595Mb L: 5/65497 MS: 8 CustomCrossOver-CopyPart-Custom-ChangeByte-Custom-InsertByte-Custom-CustomCrossOver-
#16083	NEW    cov: 1656 ft: 6668 corp: 638/1658Kb lim: 65536 exec/s: 893 rss: 3598Mb L: 48/65497 MS: 10 EraseBytes-Custom-PersAutoDict-Custom-ManualDict-Custom-CMP-Custom-PersAutoDict-Custom- DE: "\000\000"-"script_file"-"workflows"-"\013\000\000\000\000\000\000\000"-
#16094	NEW    cov: 1656 ft: 6668 corp: 639/1658Kb lim: 65536 exec/s: 894 rss: 3601Mb L: 3/65497 MS: 2 ShuffleBytes-Custom-
#16139	NEW    cov: 1656 ft: 6671 corp: 640/1658Kb lim: 65536 exec/s: 896 rss: 3610Mb L: 96/65497 MS: 10 EraseBytes-Custom-ChangeBinInt-Custom-ManualDict-Custom-InsertByte-Custom-ChangeBit-Custom- DE: "not-a-table"-
#16205	NEW    cov: 1656 ft: 6671 corp: 640/1658Kb lim: 65536 exec/s: 900 rss: 3625Mb L: 1/65497 MS: 2 ChangeByte-Custom-
#16214	NEW    cov: 1656 ft: 6671 corp: 641/1658Kb lim: 65536 exec/s: 900 rss: 3627Mb L: 16/65497 MS: 4 CustomCrossOver-CustomCrossOver-CustomCrossOver-CustomCrossOver-
#16284	NEW    cov: 1656 ft: 6676 corp: 642/1659Kb lim: 65536 exec/s: 904 rss: 3642Mb L: 142/65497 MS: 10 CMP-Custom-InsertRepeatedBytes-Custom-EraseBytes-Custom-ShuffleBytes-Custom-InsertRepeatedBytes-Custom- DE: "\031\000"-
#16290	NEW    cov: 1656 ft: 6676 corp: 642/1659Kb lim: 65536 exec/s: 905 rss: 3643Mb L: 2/65497 MS: 1 CustomCrossOver-
#16311	NEW    cov: 1656 ft: 6676 corp: 643/1659Kb lim: 65536 exec/s: 906 rss: 3648Mb L: 3/65497 MS: 1 CustomCrossOver-
#16384	pulse  cov: 1656 ft: 6676 corp: 643/1659Kb lim: 65536 exec/s: 910 rss: 3663Mb
#16387	NEW    cov: 1656 ft: 6676 corp: 643/1659Kb lim: 65536 exec/s: 910 rss: 3663Mb L: 6/65497 MS: 2 PersAutoDict-Custom- DE: "files"-
#16529	NEW    cov: 1656 ft: 6676 corp: 643/1658Kb lim: 65536 exec/s: 918 rss: 3695Mb L: 29/65497 MS: 4 ChangeByte-Custom-CopyPart-Custom-
#16559	NEW    cov: 1656 ft: 6676 corp: 642/1624Kb lim: 65536 exec/s: 919 rss: 3701Mb L: 18598/65497 MS: 10 ChangeBit-Custom-ChangeByte-Custom-ManualDict-Custom-EraseBytes-Custom-CopyPart-Custom- DE: "else"-
#16639	NEW    cov: 1656 ft: 6676 corp: 642/1624Kb lim: 65536 exec/s: 924 rss: 3718Mb L: 2/65497 MS: 6 CustomCrossOver-CustomCrossOver-CustomCrossOver-ChangeByte-Custom-CustomCrossOver-
#16754	NEW    cov: 1656 ft: 6676 corp: 642/1624Kb lim: 65536 exec/s: 881 rss: 3743Mb L: 25/65497 MS: 10 PersAutoDict-Custom-EraseBytes-Custom-ManualDict-Custom-ShuffleBytes-Custom-InsertByte-Custom- DE: "\377\377\377\000\000\000\000\001"-"run_log_file"-
#16845	NEW    cov: 1656 ft: 6677 corp: 642/1608Kb lim: 65536 exec/s: 886 rss: 3762Mb L: 30598/65497 MS: 2 CopyPart-Custom-
#17026	RELOAD cov: 1656 ft: 6697 corp: 652/1915Kb lim: 65536 exec/s: 896 rss: 3802Mb
#17158	NEW    cov: 1656 ft: 6803 corp: 653/1915Kb lim: 65536 exec/s: 903 rss: 3831Mb L: 71/65527 MS: 4 InsertRepeatedBytes-Custom-CMP-Custom- DE: "\001\001"-
#17160	NEW    cov: 1656 ft: 6804 corp: 652/1915Kb lim: 65536 exec/s: 903 rss: 3832Mb L: 2/65527 MS: 2 CustomCrossOver-CustomCrossOver-
#17281	NEW    cov: 1656 ft: 6810 corp: 652/1915Kb lim: 65536 exec/s: 909 rss: 3858Mb L: 65521/65521 MS: 2 CopyPart-Custom-
#17326	NEW    cov: 1656 ft: 6811 corp: 653/1947Kb lim: 65536 exec/s: 911 rss: 3868Mb L: 32257/65521 MS: 8 EraseBytes-Custom-CustomCrossOver-ChangeBit-Custom-ChangeBit-Custom-CustomCrossOver-
#17460	NEW    cov: 1656 ft: 6811 corp: 653/1947Kb lim: 65536 exec/s: 918 rss: 3898Mb L: 3/65521 MS: 6 CrossOver-Custom-CustomCrossOver-InsertByte-Custom-CustomCrossOver-
#17543	NEW    cov: 1656 ft: 6811 corp: 654/1947Kb lim: 65536 exec/s: 923 rss: 3916Mb L: 34/65521 MS: 6 InsertRepeatedBytes-Custom-InsertByte-Custom-ChangeBinInt-Custom-
#17578	NEW    cov: 1656 ft: 6811 corp: 653/1945Kb lim: 65536 exec/s: 925 rss: 3925Mb L: 766/65521 MS: 10 ChangeByte-Custom-PersAutoDict-Custom-InsertByte-Custom-ChangeByte-Custom-PersAutoDict-Custom- DE: "\377!"-"\001\000"-
#17653	NEW    cov: 1656 ft: 6811 corp: 653/1945Kb lim: 65536 exec/s: 882 rss: 3942Mb L: 2056/65521 MS: 10 ChangeBit-Custom-CopyPart-Custom-ChangeBit-Custom-InsertRepeatedBytes-Custom-PersAutoDict-Custom- DE: "diff"-
#17700	NEW    cov: 1656 ft: 6811 corp: 653/1945Kb lim: 65536 exec/s: 885 rss: 3953Mb L: 3/65521 MS: 2 CustomCrossOver-CustomCrossOver-
#17802	NEW    cov: 1656 ft: 6811 corp: 653/1945Kb lim: 65536 exec/s: 890 rss: 3975Mb L: 1/65521 MS: 4 ChangeBinInt-Custom-ChangeByte-Custom-
#17823	NEW    cov: 1656 ft: 6811 corp: 652/1945Kb lim: 65536 exec/s: 891 rss: 3979Mb L: 2/65521 MS: 2 ChangeBit-Custom-
#17860	NEW    cov: 1656 ft: 6811 corp: 652/1945Kb lim: 65536 exec/s: 893 rss: 3987Mb L: 28/65521 MS: 4 CopyPart-Custom-ChangeByte-Custom-
#18097	RELOAD cov: 1656 ft: 6821 corp: 660/2106Kb lim: 65536 exec/s: 904 rss: 4038Mb
#18168	NEW    cov: 1656 ft: 6821 corp: 659/2102Kb lim: 65536 exec/s: 908 rss: 4051Mb L: 16/65536 MS: 2 CMP-Custom- DE: "\377\377\377\377\377\377\377\000"-
#18189	NEW    cov: 1656 ft: 6824 corp: 660/2102Kb lim: 65536 exec/s: 909 rss: 4055Mb L: 130/65536 MS: 2 ChangeBinInt-Custom-
#18216	NEW    cov: 1656 ft: 6824 corp: 660/2102Kb lim: 65536 exec/s: 910 rss: 4061Mb L: 65027/65536 MS: 4 ChangeByte-Custom-PersAutoDict-Custom- DE: "epoc"-
#18231	NEW    cov: 1656 ft: 6824 corp: 661/2102Kb lim: 65536 exec/s: 911 rss: 4065Mb L: 515/65536 MS: 10 InsertByte-Custom-ShuffleBytes-Custom-ManualDict-Custom-ManualDict-Custom-InsertRepeatedBytes-Custom- DE: "use_mmap_for_hashing"-"themes"-
#18233	NEW    cov: 1656 ft: 6824 corp: 661/2102Kb lim: 65536 exec/s: 911 rss: 4065Mb L: 2/65536 MS: 2 CustomCrossOver-CustomCrossOver-
#18349	NEW    cov: 1656 ft: 6824 corp: 661/2102Kb lim: 65536 exec/s: 917 rss: 4088Mb L: 2/65536 MS: 2 EraseBytes-Custom-
#18448	NEW    cov: 1656 ft: 6824 corp: 661/2102Kb lim: 65536 exec/s: 922 rss: 4109Mb L: 2/65536 MS: 8 ShuffleBytes-Custom-CopyPart-Custom-ChangeBit-Custom-EraseBytes-Custom-
#18519	NEW    cov: 1656 ft: 6824 corp: 661/2102Kb lim: 65536 exec/s: 925 rss: 4123Mb L: 28/65536 MS: 2 ShuffleBytes-Custom-
#18552	NEW    cov: 1656 ft: 6825 corp: 662/2102Kb lim: 65536 exec/s: 883 rss: 4130Mb L: 5/65536 MS: 6 ChangeBit-Custom-EraseBytes-Custom-PersAutoDict-Custom- DE: "\377\023"-
#18605	NEW    cov: 1656 ft: 6825 corp: 663/2102Kb lim: 65536 exec/s: 885 rss: 4142Mb L: 2/65536 MS: 4 ChangeASCIIInt-Custom-CustomCrossOver-CustomCrossOver-
#18670	NEW    cov: 1656 ft: 6825 corp: 664/2102Kb lim: 65536 exec/s: 889 rss: 4157Mb L: 5/65536 MS: 7 ChangeBit-Custom-CustomCrossOver-CrossOver-Custom-CustomCrossOver-CustomCrossOver-
#18766	NEW    cov: 1656 ft: 6825 corp: 665/2102Kb lim: 65536 exec/s: 893 rss: 4177Mb L: 2/65536 MS: 2 ChangeBit-Custom-
#18767	NEW    cov: 1656 ft: 6825 corp: 665/2102Kb lim: 65536 exec/s: 893 rss: 4177Mb L: 3/65536 MS: 2 ChangeByte-Custom-
#18896	NEW    cov: 1656 ft: 6825 corp: 665/2102Kb lim: 65536 exec/s: 899 rss: 4203Mb L: 27/65536 MS: 8 ChangeBinInt-Custom-EraseBytes-Custom-InsertByte-Custom-ManualDict-Custom- DE: "minimal-valid"-
#18903	NEW    cov: 1656 ft: 6825 corp: 665/2102Kb lim: 65536 exec/s: 900 rss: 4205Mb L: 2/65536 MS: 2 CustomCrossOver-CustomCrossOver-
#18978	NEW    cov: 1656 ft: 6828 corp: 666/2166Kb lim: 65536 exec/s: 903 rss: 4222Mb L: 65535/65536 MS: 10 ShuffleBytes-Custom-ChangeBit-Custom-ChangeByte-Custom-ChangeBinInt-Custom-InsertRepeatedBytes-Custom-
#18993	NEW    cov: 1656 ft: 6829 corp: 667/2169Kb lim: 65536 exec/s: 904 rss: 4225Mb L: 2478/65536 MS: 10 ChangeByte-Custom-ChangeBinInt-Custom-ManualDict-Custom-ChangeBit-Custom-ChangeByte-Custom- DE: "fnv1a64"-
#19192	RELOAD cov: 1656 ft: 6833 corp: 675/2201Kb lim: 65536 exec/s: 913 rss: 4270Mb
#19335	NEW    cov: 1656 ft: 6834 corp: 676/2227Kb lim: 65536 exec/s: 920 rss: 4297Mb L: 26311/65536 MS: 6 CopyPart-Custom-ShuffleBytes-Custom-ChangeBinInt-Custom-
#19342	NEW    cov: 1656 ft: 6834 corp: 676/2226Kb lim: 65536 exec/s: 921 rss: 4299Mb L: 104/65536 MS: 4 EraseBytes-Custom-ChangeByte-Custom-
#19417	NEW    cov: 1656 ft: 6834 corp: 676/2164Kb lim: 65536 exec/s: 924 rss: 4314Mb L: 163/65536 MS: 10 InsertRepeatedBytes-Custom-ChangeBit-Custom-ManualDict-Custom-ChangeByte-Custom-ChangeBinInt-Custom- DE: "]"-
#19418	NEW    cov: 1656 ft: 6835 corp: 677/2164Kb lim: 65536 exec/s: 924 rss: 4314Mb L: 95/65536 MS: 2 CopyPart-Custom-
#19423	NEW    cov: 1656 ft: 6838 corp: 676/2118Kb lim: 65536 exec/s: 924 rss: 4315Mb L: 4573/65536 MS: 10 PersAutoDict-Custom-ChangeBinInt-Custom-ChangeASCIIInt-Custom-PersAutoDict-Custom-InsertByte-Custom- DE: "compact"-"all"-
#19503	NEW    cov: 1656 ft: 6838 corp: 676/2116Kb lim: 65536 exec/s: 886 rss: 4333Mb L: 9976/65536 MS: 10 ChangeASCIIInt-Custom-ChangeBinInt-Custom-ChangeBinInt-Custom-InsertByte-Custom-CMP-Custom- DE: "regex_replace"-
#19519	NEW    cov: 1656 ft: 6838 corp: 676/2115Kb lim: 65536 exec/s: 887 rss: 4336Mb L: 8584/65536 MS: 2 PersAutoDict-Custom- DE: "scope"-
#19530	NEW    cov: 1656 ft: 6838 corp: 676/2115Kb lim: 65536 exec/s: 887 rss: 4339Mb L: 2/65536 MS: 1 CustomCrossOver-
#19560	NEW    cov: 1656 ft: 6838 corp: 677/2115Kb lim: 65536 exec/s: 889 rss: 4345Mb L: 15/65536 MS: 10 PersAutoDict-Custom-InsertByte-Custom-CopyPart-Custom-EraseBytes-Custom-ChangeBit-Custom- DE: "0x1f"-
#19582	NEW    cov: 1656 ft: 6838 corp: 677/2089Kb lim: 65536 exec/s: 890 rss: 4350Mb L: 539/65536 MS: 4 ChangeByte-Custom-EraseBytes-Custom-
#19715	NEW    cov: 1656 ft: 6838 corp: 678/2090Kb lim: 65536 exec/s: 896 rss: 4377Mb L: 515/65536 MS: 6 EraseBytes-Custom-InsertRepeatedBytes-Custom-InsertRepeatedBytes-Custom-
#19743	NEW    cov: 1656 ft: 6838 corp: 678/2090Kb lim: 65536 exec/s: 897 rss: 4384Mb L: 4/65536 MS: 6 ChangeBit-Custom-ChangeASCIIInt-Custom-InsertByte-Custom-
#19827	NEW    cov: 1656 ft: 6838 corp: 678/2089Kb lim: 65536 exec/s: 901 rss: 4401Mb L: 5/65536 MS: 8 ShuffleBytes-Custom-InsertByte-Custom-EraseBytes-Custom-ShuffleBytes-Custom-
#19828	NEW    cov: 1656 ft: 6838 corp: 678/2089Kb lim: 65536 exec/s: 901 rss: 4401Mb L: 19/65536 MS: 1 CustomCrossOver-
#19879	NEW    cov: 1656 ft: 6838 corp: 677/2089Kb lim: 65536 exec/s: 903 rss: 4413Mb L: 259/65536 MS: 2 CMP-Custom- DE: "\022\000\000\000\000\000\000\000"-
#19956	NEW    cov: 1656 ft: 6838 corp: 678/2089Kb lim: 65536 exec/s: 907 rss: 4429Mb L: 16/65536 MS: 2 CustomCrossOver-CustomCrossOver-
#19999	NEW    cov: 1656 ft: 6839 corp: 679/2107Kb lim: 65536 exec/s: 909 rss: 4438Mb L: 18605/65536 MS: 4 CustomCrossOver-CustomCrossOver-CrossOver-Custom-
#20010	NEW    cov: 1656 ft: 6842 corp: 680/2107Kb lim: 65536 exec/s: 909 rss: 4441Mb L: 37/65536 MS: 2 InsertByte-Custom-
#20035	NEW    cov: 1656 ft: 6842 corp: 680/2107Kb lim: 65536 exec/s: 910 rss: 4446Mb L: 50/65536 MS: 10 ChangeBit-Custom-CMP-Custom-EraseBytes-Custom-InsertByte-Custom-ManualDict-Custom- DE: "extract"-"rejects numeric entries"-
#20049	NEW    cov: 1656 ft: 6842 corp: 680/2107Kb lim: 65536 exec/s: 911 rss: 4449Mb L: 33740/65536 MS: 8 CMP-Custom-InsertByte-Custom-ChangeByte-Custom-EraseBytes-Custom- DE: "set"-
#20093	NEW    cov: 1656 ft: 6842 corp: 680/2107Kb lim: 65536 exec/s: 913 rss: 4459Mb L: 2051/65536 MS: 8 ShuffleBytes-Custom-ChangeByte-Custom-ShuffleBytes-Custom-InsertByte-Custom-
#20234	RELOAD cov: 1656 ft: 6842 corp: 680/2156Kb lim: 65536 exec/s: 919 rss: 4490Mb
#20585	NEW    cov: 1656 ft: 6842 corp: 679/2151Kb lim: 65536 exec/s: 895 rss: 4565Mb L: 2478/65536 MS: 2 CopyPart-Custom-
#20611	NEW    cov: 1656 ft: 6843 corp: 680/2151Kb lim: 65536 exec/s: 896 rss: 4570Mb L: 1/65536 MS: 2 ChangeBinInt-Custom-
#20612	NEW    cov: 1656 ft: 6844 corp: 680/2151Kb lim: 65536 exec/s: 896 rss: 4570Mb L: 6/65536 MS: 2 InsertRepeatedBytes-Custom-
#20653	NEW    cov: 1656 ft: 6844 corp: 681/2151Kb lim: 65536 exec/s: 897 rss: 4580Mb L: 1/65536 MS: 2 ChangeBinInt-Custom-
#20669	NEW    cov: 1656 ft: 6845 corp: 682/2151Kb lim: 65536 exec/s: 898 rss: 4583Mb L: 113/65536 MS: 2 EraseBytes-Custom-
#20708	NEW    cov: 1656 ft: 6845 corp: 682/2151Kb lim: 65536 exec/s: 900 rss: 4591Mb L: 61573/65536 MS: 8 ChangeBinInt-Custom-PersAutoDict-Custom-ChangeBinInt-Custom-CopyPart-Custom- DE: "("-
#20732	NEW    cov: 1656 ft: 6846 corp: 683/2151Kb lim: 65536 exec/s: 901 rss: 4597Mb L: 18/65536 MS: 8 CopyPart-Custom-ManualDict-Custom-ChangeByte-Custom-PersAutoDict-Custom- DE: "tostring"-"\001\000\000\011"-
#20926	NEW    cov: 1656 ft: 6847 corp: 684/2151Kb lim: 65536 exec/s: 909 rss: 4637Mb L: 197/65536 MS: 6 CustomCrossOver-CopyPart-Custom-CustomCrossOver-InsertRepeatedBytes-Custom-
#20974	NEW    cov: 1656 ft: 6847 corp: 684/2135Kb lim: 65536 exec/s: 911 rss: 4647Mb L: 32749/65536 MS: 6 ChangeByte-Custom-CMP-Custom-CMP-Custom- DE: "\377\377\000\000\000\000\000\000"-"\002\000\000\000"-
#20988	NEW    cov: 1656 ft: 6847 corp: 684/2135Kb lim: 65536 exec/s: 912 rss: 4650Mb L: 127/65536 MS: 5 CrossOver-Custom-CustomCrossOver-CustomCrossOver-CustomCrossOver-
#21242	RELOAD cov: 1656 ft: 6848 corp: 683/2115Kb lim: 65536 exec/s: 923 rss: 4705Mb
#21278	NEW    cov: 1656 ft: 6848 corp: 683/2115Kb lim: 65536 exec/s: 886 rss: 4713Mb L: 17/65536 MS: 1 CustomCrossOver-
#21306	NEW    cov: 1656 ft: 6848 corp: 684/2115Kb lim: 65536 exec/s: 887 rss: 4718Mb L: 18/65536 MS: 6 InsertByte-Custom-ChangeByte-Custom-ManualDict-Custom- DE: ":"-
#21308	NEW    cov: 1656 ft: 6848 corp: 684/2115Kb lim: 65536 exec/s: 887 rss: 4719Mb L: 18/65536 MS: 4 PersAutoDict-Custom-ShuffleBytes-Custom- DE: "__sub"-
#21521	NEW    cov: 1656 ft: 6848 corp: 684/2115Kb lim: 65536 exec/s: 896 rss: 4764Mb L: 5/65536 MS: 6 ChangeByte-Custom-EraseBytes-Custom-EraseBytes-Custom-
#21538	NEW    cov: 1656 ft: 6848 corp: 684/2115Kb lim: 65536 exec/s: 897 rss: 4768Mb L: 1336/65536 MS: 3 CustomCrossOver-InsertRepeatedBytes-Custom-
#21539	NEW    cov: 1656 ft: 6848 corp: 684/2115Kb lim: 65536 exec/s: 897 rss: 4768Mb L: 3/65536 MS: 2 ChangeBit-Custom-
#21632	NEW    cov: 1656 ft: 6848 corp: 685/2118Kb lim: 65536 exec/s: 901 rss: 4788Mb L: 3422/65536 MS: 5 CustomCrossOver-ChangeByte-Custom-CopyPart-Custom-
#21719	NEW    cov: 1656 ft: 6848 corp: 685/2118Kb lim: 65536 exec/s: 904 rss: 4807Mb L: 17/65536 MS: 3 EraseBytes-Custom-CustomCrossOver-
#21750	NEW    cov: 1656 ft: 6848 corp: 686/2118Kb lim: 65536 exec/s: 906 rss: 4814Mb L: 1/65536 MS: 1 CustomCrossOver-
#21858	NEW    cov: 1656 ft: 6848 corp: 686/2118Kb lim: 65536 exec/s: 910 rss: 4837Mb L: 515/65536 MS: 4 ChangeBit-Custom-CustomCrossOver-CustomCrossOver-
#22286	RELOAD cov: 1656 ft: 6849 corp: 688/2038Kb lim: 65536 exec/s: 891 rss: 4931Mb
#22326	NEW    cov: 1656 ft: 6849 corp: 689/2040Kb lim: 65536 exec/s: 893 rss: 4939Mb L: 2270/65536 MS: 10 ShuffleBytes-Custom-ChangeBinInt-Custom-EraseBytes-Custom-PersAutoDict-Custom-InsertRepeatedBytes-Custom- DE: "\007\000"-
#22352	NEW    cov: 1656 ft: 6849 corp: 689/2040Kb lim: 65536 exec/s: 894 rss: 4945Mb L: 3/65536 MS: 2 CopyPart-Custom-
#22410	NEW    cov: 1656 ft: 6853 corp: 689/2040Kb lim: 65536 exec/s: 896 rss: 4957Mb L: 11/65536 MS: 6 PersAutoDict-Custom-EraseBytes-Custom-CMP-Custom- DE: "crc32"-"\001\002"-
#22481	NEW    cov: 1656 ft: 6853 corp: 689/2040Kb lim: 65536 exec/s: 899 rss: 4971Mb L: 5/65536 MS: 2 PersAutoDict-Custom- DE: "set"-
#22551	NEW    cov: 1656 ft: 6853 corp: 688/2038Kb lim: 65536 exec/s: 902 rss: 4985Mb L: 255/65536 MS: 10 InsertRepeatedBytes-Custom-InsertRepeatedBytes-Custom-InsertByte-Custom-InsertRepeatedBytes-Custom-PersAutoDict-Custom- DE: "merge"-
#22567	NEW    cov: 1656 ft: 6853 corp: 688/2038Kb lim: 65536 exec/s: 902 rss: 4988Mb L: 8/65536 MS: 2 CopyPart-Custom-
#22651	NEW    cov: 1656 ft: 6853 corp: 688/2038Kb lim: 65536 exec/s: 906 rss: 5005Mb L: 8/65536 MS: 6 CustomCrossOver-CustomCrossOver-CrossOver-Custom-CrossOver-Custom-
#22847	NEW    cov: 1656 ft: 6853 corp: 688/2038Kb lim: 65536 exec/s: 913 rss: 5045Mb L: 19/65536 MS: 2 CMP-Custom- DE: "ram_free"-
#22932	NEW    cov: 1656 ft: 6856 corp: 689/2038Kb lim: 65536 exec/s: 917 rss: 5063Mb L: 98/65536 MS: 10 EraseBytes-Custom-ManualDict-Custom-PersAutoDict-Custom-ShuffleBytes-Custom-CMP-Custom- DE: "duplicate"-"mutate"-"workflows"-
#23008	NEW    cov: 1656 ft: 6856 corp: 689/2038Kb lim: 65536 exec/s: 920 rss: 5081Mb L: 93/65536 MS: 1 CustomCrossOver-
#23014	NEW    cov: 1656 ft: 6860 corp: 690/2101Kb lim: 65536 exec/s: 920 rss: 5082Mb L: 63766/65536 MS: 2 CopyPart-Custom-
#23070	NEW    cov: 1656 ft: 6860 corp: 689/2100Kb lim: 65536 exec/s: 922 rss: 5095Mb L: 1027/65536 MS: 1 CustomCrossOver-
#23167	NEW    cov: 1656 ft: 6860 corp: 689/2100Kb lim: 65536 exec/s: 891 rss: 5115Mb L: 51/65536 MS: 3 ShuffleBytes-Custom-CustomCrossOver-
#23168	NEW    cov: 1656 ft: 6860 corp: 689/2100Kb lim: 65536 exec/s: 891 rss: 5115Mb L: 45/65536 MS: 2 PersAutoDict-Custom- DE: "beez.config"-
#23169	NEW    cov: 1656 ft: 6860 corp: 689/2100Kb lim: 65536 exec/s: 891 rss: 5115Mb L: 1/65536 MS: 2 EraseBytes-Custom-
#23353	RELOAD cov: 1656 ft: 6860 corp: 690/2136Kb lim: 65536 exec/s: 898 rss: 5156Mb
#23380	NEW    cov: 1656 ft: 6860 corp: 690/2136Kb lim: 65536 exec/s: 899 rss: 5161Mb L: 7/65536 MS: 4 CMP-Custom-ShuffleBytes-Custom- DE: "\200\377\377\377"-
#23419	NEW    cov: 1656 ft: 6866 corp: 691/2136Kb lim: 65536 exec/s: 900 rss: 5170Mb L: 182/65536 MS: 8 EraseBytes-Custom-InsertRepeatedBytes-Custom-ChangeByte-Custom-CopyPart-Custom-
#23499	NEW    cov: 1656 ft: 6866 corp: 691/2136Kb lim: 65536 exec/s: 903 rss: 5187Mb L: 32772/65536 MS: 10 ChangeBit-Custom-PersAutoDict-Custom-CrossOver-Custom-ChangeASCIIInt-Custom-PersAutoDict-Custom- DE: "\001\000"-"beez"-
#23665	NEW    cov: 1656 ft: 6866 corp: 690/2136Kb lim: 65536 exec/s: 910 rss: 5220Mb L: 2/65536 MS: 2 CopyPart-Custom-
#23704	NEW    cov: 1656 ft: 6867 corp: 691/2136Kb lim: 65536 exec/s: 911 rss: 5228Mb L: 7/65536 MS: 8 ShuffleBytes-Custom-EraseBytes-Custom-CopyPart-Custom-EraseBytes-Custom-
#23776	NEW    cov: 1656 ft: 6867 corp: 691/2136Kb lim: 65536 exec/s: 914 rss: 5245Mb L: 3/65536 MS: 3 CustomCrossOver-EraseBytes-Custom-
#23865	NEW    cov: 1656 ft: 6868 corp: 692/2136Kb lim: 65536 exec/s: 917 rss: 5264Mb L: 132/65536 MS: 6 CustomCrossOver-ChangeByte-Custom-ChangeBit-Custom-CustomCrossOver-
#23919	NEW    cov: 1656 ft: 6868 corp: 692/2136Kb lim: 65536 exec/s: 919 rss: 5276Mb L: 49/65536 MS: 8 ChangeBinInt-Custom-InsertRepeatedBytes-Custom-ChangeBit-Custom-ManualDict-Custom- DE: "temp_directory_path"-
#23986	NEW    cov: 1656 ft: 6868 corp: 692/2134Kb lim: 65536 exec/s: 922 rss: 5290Mb L: 126/65536 MS: 4 CopyPart-Custom-InsertByte-Custom-
#24051	NEW    cov: 1656 ft: 6868 corp: 692/2133Kb lim: 65536 exec/s: 925 rss: 5305Mb L: 4094/65536 MS: 8 EraseBytes-Custom-InsertByte-Custom-CustomCrossOver-ChangeByte-Custom-CustomCrossOver-
#24082	NEW    cov: 1656 ft: 6868 corp: 691/2133Kb lim: 65536 exec/s: 891 rss: 5311Mb L: 20/65536 MS: 2 ManualDict-Custom- DE: "colors"-
#24142	NEW    cov: 1656 ft: 6868 corp: 691/2132Kb lim: 65536 exec/s: 894 rss: 5323Mb L: 8/65536 MS: 10 CopyPart-Custom-ManualDict-Custom-ChangeBit-Custom-EraseBytes-Custom-ChangeBit-Custom- DE: "sdbm"-
#24168	NEW    cov: 1656 ft: 6868 corp: 692/2132Kb lim: 65536 exec/s: 895 rss: 5329Mb L: 1/65536 MS: 2 EraseBytes-Custom-
#24263	NEW    cov: 1656 ft: 6868 corp: 692/2132Kb lim: 65536 exec/s: 898 rss: 5347Mb L: 15/65536 MS: 5 CustomCrossOver-CustomCrossOver-CustomCrossOver-CustomCrossOver-CustomCrossOver-
#24435	RELOAD cov: 1656 ft: 6869 corp: 691/2109Kb lim: 65536 exec/s: 905 rss: 5383Mb
#24664	NEW    cov: 1656 ft: 6870 corp: 692/2109Kb lim: 65536 exec/s: 913 rss: 5434Mb L: 22/65536 MS: 8 InsertByte-Custom-CMP-Custom-ChangeBinInt-Custom-ShuffleBytes-Custom- DE: "\001\037"-
#24821	NEW    cov: 1656 ft: 6870 corp: 690/2109Kb lim: 65536 exec/s: 919 rss: 5466Mb L: 7/65536 MS: 4 ChangeBit-Custom-EraseBytes-Custom-
#24822	NEW    cov: 1656 ft: 6870 corp: 691/2109Kb lim: 65536 exec/s: 919 rss: 5467Mb L: 8/65536 MS: 2 ChangeByte-Custom-
#24823	NEW    cov: 1656 ft: 6870 corp: 691/2109Kb lim: 65536 exec/s: 919 rss: 5467Mb L: 2/65536 MS: 1 CustomCrossOver-
#24824	NEW    cov: 1656 ft: 6870 corp: 691/2109Kb lim: 65536 exec/s: 919 rss: 5467Mb L: 2/65536 MS: 1 CustomCrossOver-
#24952	NEW    cov: 1656 ft: 6870 corp: 691/2109Kb lim: 65536 exec/s: 924 rss: 5493Mb L: 48/65536 MS: 6 ShuffleBytes-Custom-PersAutoDict-Custom-CMP-Custom- DE: "\010\000\000\000\000\000\000\000"-"while"-
#25001	NEW    cov: 1656 ft: 6870 corp: 691/2109Kb lim: 65536 exec/s: 925 rss: 5504Mb L: 17/65536 MS: 8 InsertRepeatedBytes-Custom-CMP-Custom-PersAutoDict-Custom-InsertByte-Custom- DE: "while"-"spawn"-
#25010	NEW    cov: 1656 ft: 6870 corp: 691/2109Kb lim: 65536 exec/s: 926 rss: 5507Mb L: 6/65536 MS: 6 ShuffleBytes-Custom-CMP-Custom-CustomCrossOver-CustomCrossOver- DE: "\377\377\377\377\377\377\377\177"-
#25011	NEW    cov: 1656 ft: 6870 corp: 692/2109Kb lim: 65536 exec/s: 926 rss: 5507Mb L: 1/65536 MS: 2 EraseBytes-Custom-
#25032	NEW    cov: 1656 ft: 6889 corp: 693/2109Kb lim: 65536 exec/s: 894 rss: 5510Mb L: 15/65536 MS: 2 ManualDict-Custom- DE: ".cache-custom"-
#25053	NEW    cov: 1656 ft: 6889 corp: 693/2109Kb lim: 65536 exec/s: 894 rss: 5514Mb L: 18/65536 MS: 2 CrossOver-Custom-
#25129	NEW    cov: 1656 ft: 6891 corp: 694/2124Kb lim: 65536 exec/s: 897 rss: 5528Mb L: 15359/65536 MS: 2 CrossOver-Custom-
#25270	NEW    cov: 1656 ft: 6891 corp: 695/2124Kb lim: 65536 exec/s: 902 rss: 5556Mb L: 7/65536 MS: 1 CustomCrossOver-
#25276	NEW    cov: 1656 ft: 6891 corp: 695/2124Kb lim: 65536 exec/s: 902 rss: 5558Mb L: 2/65536 MS: 1 CustomCrossOver-
#25496	RELOAD cov: 1656 ft: 6898 corp: 698/2164Kb lim: 65536 exec/s: 910 rss: 5605Mb
#25566	NEW    cov: 1656 ft: 6898 corp: 698/2164Kb lim: 65536 exec/s: 913 rss: 5620Mb L: 2/65536 MS: 7 CustomCrossOver-CustomCrossOver-CustomCrossOver-EraseBytes-Custom-EraseBytes-Custom-
#25791	NEW    cov: 1656 ft: 6898 corp: 698/2164Kb lim: 65536 exec/s: 921 rss: 5669Mb L: 17/65536 MS: 10 InsertByte-Custom-PersAutoDict-Custom-CMP-Custom-ChangeASCIIInt-Custom-ChangeASCIIInt-Custom- DE: "NOLINT"-"\001\000\177\377\2102\341\000"-
#25951	NEW    cov: 1656 ft: 6899 corp: 698/2164Kb lim: 65536 exec/s: 894 rss: 5702Mb L: 8/65536 MS: 10 ChangeBit-Custom-ChangeByte-Custom-CopyPart-Custom-ShuffleBytes-Custom-CopyPart-Custom-
#26041	NEW    cov: 1656 ft: 6899 corp: 698/2164Kb lim: 65536 exec/s: 897 rss: 5723Mb L: 1/65536 MS: 8 ChangeBinInt-Custom-ChangeBinInt-Custom-CustomCrossOver-ChangeBit-Custom-CustomCrossOver-
#26239	NEW    cov: 1656 ft: 6899 corp: 698/2164Kb lim: 65536 exec/s: 904 rss: 5763Mb L: 25/65536 MS: 6 CopyPart-Custom-ManualDict-Custom-ManualDict-Custom- DE: "verbose"-"sdbm"-
#26485	RELOAD cov: 1656 ft: 6899 corp: 699/2159Kb lim: 65536 exec/s: 913 rss: 5813Mb
#26497	NEW    cov: 1656 ft: 6899 corp: 699/2159Kb lim: 65536 exec/s: 913 rss: 5815Mb L: 1/65536 MS: 4 ShuffleBytes-Custom-ChangeBit-Custom-
#26656	NEW    cov: 1656 ft: 6900 corp: 700/2159Kb lim: 65536 exec/s: 919 rss: 5848Mb L: 18/65536 MS: 8 InsertByte-Custom-CopyPart-Custom-ManualDict-Custom-ShuffleBytes-Custom- DE: "}"-
#26679	NEW    cov: 1656 ft: 6901 corp: 701/2160Kb lim: 65536 exec/s: 919 rss: 5852Mb L: 223/65536 MS: 6 ShuffleBytes-Custom-CMP-Custom-InsertRepeatedBytes-Custom- DE: "\000\000\000l"-
#26953	NEW    cov: 1656 ft: 6901 corp: 701/2159Kb lim: 65536 exec/s: 898 rss: 5912Mb L: 41/65536 MS: 8 ChangeBit-Custom-ManualDict-Custom-ShuffleBytes-Custom-ChangeBit-Custom- DE: "TERM"-
#26989	NEW    cov: 1656 ft: 6904 corp: 702/2160Kb lim: 65536 exec/s: 899 rss: 5920Mb L: 333/65536 MS: 2 PersAutoDict-Custom- DE: "\377!"-
#27046	NEW    cov: 1656 ft: 6908 corp: 703/2160Kb lim: 65536 exec/s: 901 rss: 5932Mb L: 19/65536 MS: 2 CustomCrossOver-CustomCrossOver-
#27064	NEW    cov: 1656 ft: 6910 corp: 704/2160Kb lim: 65536 exec/s: 902 rss: 5936Mb L: 67/65536 MS: 6 ShuffleBytes-Custom-CMP-Custom-InsertRepeatedBytes-Custom- DE: "\002\000\000\000"-
#27330	NEW    cov: 1656 ft: 6910 corp: 704/2160Kb lim: 65536 exec/s: 911 rss: 5992Mb L: 1/65536 MS: 2 EraseBytes-Custom-
#27352	NEW    cov: 1656 ft: 6910 corp: 704/2160Kb lim: 65536 exec/s: 911 rss: 5996Mb L: 4/65536 MS: 3 CustomCrossOver-InsertByte-Custom-
#27396	NEW    cov: 1656 ft: 6910 corp: 705/2160Kb lim: 65536 exec/s: 913 rss: 6004Mb L: 220/65536 MS: 8 InsertByte-Custom-PersAutoDict-Custom-ShuffleBytes-Custom-InsertRepeatedBytes-Custom- DE: "\007\000\000\000"-
#27415	NEW    cov: 1656 ft: 6910 corp: 705/2160Kb lim: 65536 exec/s: 913 rss: 6009Mb L: 2/65536 MS: 5 InsertRepeatedBytes-Custom-CustomCrossOver-CustomCrossOver-CustomCrossOver-
#27529	RELOAD cov: 1656 ft: 6914 corp: 708/2204Kb lim: 65536 exec/s: 917 rss: 6032Mb
#27638	NEW    cov: 1656 ft: 6914 corp: 708/2204Kb lim: 65536 exec/s: 921 rss: 6055Mb L: 30/65536 MS: 8 CMP-Custom-ChangeBit-Custom-CopyPart-Custom-ChangeBinInt-Custom- DE: "\000\000\000\000\000\000\000C"-
#27689	NEW    cov: 1656 ft: 6914 corp: 708/2204Kb lim: 65536 exec/s: 922 rss: 6067Mb L: 2/65536 MS: 2 ShuffleBytes-Custom-
#27784	NEW    cov: 1656 ft: 6915 corp: 709/2228Kb lim: 65536 exec/s: 926 rss: 6087Mb L: 24583/65536 MS: 6 CustomCrossOver-CustomCrossOver-ManualDict-Custom-CustomCrossOver-CustomCrossOver- DE: "rejects string entries"-
#27865	NEW    cov: 1656 ft: 6915 corp: 709/2228Kb lim: 65536 exec/s: 898 rss: 6105Mb L: 47/65536 MS: 2 InsertByte-Custom-
#27869	NEW    cov: 1656 ft: 6915 corp: 706/2228Kb lim: 65536 exec/s: 899 rss: 6106Mb L: 2/65536 MS: 4 CustomCrossOver-CustomCrossOver-CustomCrossOver-CustomCrossOver-
#27941	NEW    cov: 1656 ft: 6915 corp: 706/2228Kb lim: 65536 exec/s: 901 rss: 6121Mb L: 2/65536 MS: 2 CustomCrossOver-CustomCrossOver-
#28006	NEW    cov: 1656 ft: 6915 corp: 706/2228Kb lim: 65536 exec/s: 903 rss: 6135Mb L: 2/65536 MS: 7 ChangeByte-Custom-CustomCrossOver-CustomCrossOver-ShuffleBytes-Custom-CustomCrossOver-
#28011	NEW    cov: 1656 ft: 6915 corp: 706/2228Kb lim: 65536 exec/s: 903 rss: 6137Mb L: 33/65536 MS: 8 CustomCrossOver-CrossOver-Custom-ManualDict-Custom-CustomCrossOver-ManualDict-Custom- DE: "="-"beez_fuzz_junk"-
#28132	NEW    cov: 1656 ft: 6915 corp: 706/2228Kb lim: 65536 exec/s: 907 rss: 6162Mb L: 41/65536 MS: 2 EraseBytes-Custom-
#28151	NEW    cov: 1656 ft: 6915 corp: 707/2228Kb lim: 65536 exec/s: 908 rss: 6164Mb L: 1/65536 MS: 5 CustomCrossOver-CustomCrossOver-CustomCrossOver-EraseBytes-Custom-
#28220	NEW    cov: 1656 ft: 6916 corp: 707/2228Kb lim: 65536 exec/s: 910 rss: 6179Mb L: 4/65536 MS: 7 CustomCrossOver-ChangeBit-Custom-CMP-Custom-ShuffleBytes-Custom- DE: "\001\001"-
#28339	NEW    cov: 1656 ft: 6916 corp: 707/2227Kb lim: 65536 exec/s: 914 rss: 6200Mb L: 63568/65536 MS: 8 ManualDict-Custom-InsertByte-Custom-PersAutoDict-Custom-CopyPart-Custom- DE: "\037"-".cache-custom"-
#28546	RELOAD cov: 1656 ft: 6919 corp: 711/2275Kb lim: 65536 exec/s: 920 rss: 6245Mb
#28568	NEW    cov: 1656 ft: 6922 corp: 712/2275Kb lim: 65536 exec/s: 921 rss: 6250Mb L: 3/65536 MS: 3 CustomCrossOver-CopyPart-Custom-
#28858	NEW    cov: 1656 ft: 6922 corp: 712/2275Kb lim: 65536 exec/s: 901 rss: 6311Mb L: 64525/65536 MS: 10 CMP-Custom-ManualDict-Custom-InsertByte-Custom-CMP-Custom-CopyPart-Custom- DE: "\377\377\377?"-"sdbm"-"sol"-
#28879	NEW    cov: 1656 ft: 6922 corp: 711/2275Kb lim: 65536 exec/s: 902 rss: 6315Mb L: 3/65536 MS: 2 ChangeBinInt-Custom-
#28882	NEW    cov: 1656 ft: 6922 corp: 711/2275Kb lim: 65536 exec/s: 902 rss: 6316Mb L: 15/65536 MS: 6 ManualDict-Custom-ChangeBit-Custom-CMP-Custom- DE: "off"-"\000\000\000\000\000\000\000 "-
#28964	NEW    cov: 1656 ft: 6922 corp: 711/2275Kb lim: 65536 exec/s: 905 rss: 6334Mb L: 3/65536 MS: 3 ChangeBit-Custom-CustomCrossOver-
#28996	NEW    cov: 1656 ft: 6922 corp: 711/2275Kb lim: 65536 exec/s: 906 rss: 6341Mb L: 2/65536 MS: 4 ChangeByte-Custom-CopyPart-Custom-
#29000	NEW    cov: 1656 ft: 6922 corp: 711/2275Kb lim: 65536 exec/s: 906 rss: 6342Mb L: 8419/65536 MS: 8 EraseBytes-Custom-EraseBytes-Custom-ChangeByte-Custom-EraseBytes-Custom-
#29077	NEW    cov: 1656 ft: 6922 corp: 711/2275Kb lim: 65536 exec/s: 908 rss: 6359Mb L: 8/65536 MS: 4 CMP-Custom-EraseBytes-Custom- DE: "archive"-
#29108	NEW    cov: 1656 ft: 6922 corp: 711/2275Kb lim: 65536 exec/s: 909 rss: 6365Mb L: 2/65536 MS: 1 CustomCrossOver-
#29207	NEW    cov: 1656 ft: 6922 corp: 712/2275Kb lim: 65536 exec/s: 912 rss: 6387Mb L: 3/65536 MS: 8 EraseBytes-Custom-ChangeByte-Custom-ShuffleBytes-Custom-ChangeBit-Custom-
#29424	NEW    cov: 1656 ft: 6922 corp: 712/2275Kb lim: 65536 exec/s: 919 rss: 6432Mb L: 18126/65536 MS: 4 ChangeASCIIInt-Custom-InsertByte-Custom-
#29518	RELOAD cov: 1656 ft: 6927 corp: 713/2307Kb lim: 65536 exec/s: 922 rss: 6453Mb
#29581	NEW    cov: 1656 ft: 6927 corp: 713/2307Kb lim: 65536 exec/s: 924 rss: 6466Mb L: 4100/65536 MS: 6 ChangeBit-Custom-CMP-Custom-InsertByte-Custom- DE: "set"-
#29841	NEW    cov: 1656 ft: 6928 corp: 714/2371Kb lim: 65536 exec/s: 904 rss: 6522Mb L: 65494/65536 MS: 10 PersAutoDict-Custom-CMP-Custom-ChangeByte-Custom-ChangeBinInt-Custom-ChangeByte-Custom- DE: "\000\001"-"\000\000\000\001\271\371X\200"-
#29910	NEW    cov: 1656 ft: 6928 corp: 714/2370Kb lim: 65536 exec/s: 906 rss: 6536Mb L: 18/65536 MS: 8 CopyPart-Custom-EraseBytes-Custom-ShuffleBytes-Custom-ManualDict-Custom- DE: "initializers"-
#30131	NEW    cov: 1656 ft: 6928 corp: 714/2370Kb lim: 65536 exec/s: 913 rss: 6584Mb L: 8/65536 MS: 2 ChangeBit-Custom-
#30144	NEW    cov: 1656 ft: 6928 corp: 715/2370Kb lim: 65536 exec/s: 913 rss: 6587Mb L: 15/65536 MS: 6 EraseBytes-Custom-ChangeBinInt-Custom-InsertRepeatedBytes-Custom-
#30218	NEW    cov: 1656 ft: 6928 corp: 714/2370Kb lim: 65536 exec/s: 915 rss: 6602Mb L: 33/65536 MS: 8 CMP-Custom-ManualDict-Custom-ChangeBit-Custom-ChangeBinInt-Custom- DE: "\001\000\000\000\000\374\274p"-"invalid"-
#30316	RELOAD cov: 1656 ft: 6933 corp: 715/2345Kb lim: 65536 exec/s: 918 rss: 6623Mb
#30539	NEW    cov: 1656 ft: 6933 corp: 715/2345Kb lim: 65536 exec/s: 898 rss: 6666Mb L: 19/65536 MS: 3 CustomCrossOver-CustomCrossOver-CustomCrossOver-
#30693	NEW    cov: 1656 ft: 6933 corp: 715/2343Kb lim: 65536 exec/s: 902 rss: 6667Mb L: 124/65536 MS: 8 EraseBytes-Custom-EraseBytes-Custom-EraseBytes-Custom-InsertRepeatedBytes-Custom-
#30748	NEW    cov: 1656 ft: 6986 corp: 716/2346Kb lim: 65536 exec/s: 904 rss: 6667Mb L: 2489/65536 MS: 7 CrossOver-Custom-CustomCrossOver-CustomCrossOver-ChangeByte-Custom-CustomCrossOver-
#30913	NEW    cov: 1656 ft: 6986 corp: 716/2340Kb lim: 65536 exec/s: 909 rss: 6667Mb L: 35457/65536 MS: 10 ManualDict-Custom-InsertRepeatedBytes-Custom-ChangeASCIIInt-Custom-ChangeBit-Custom-ShuffleBytes-Custom- DE: "\\t"-
#31060	RELOAD cov: 1656 ft: 6986 corp: 716/2339Kb lim: 65536 exec/s: 887 rss: 6671Mb
#31313	NEW    cov: 1656 ft: 6986 corp: 716/2339Kb lim: 65536 exec/s: 894 rss: 6680Mb L: 2/65536 MS: 3 CustomCrossOver-CustomCrossOver-CustomCrossOver-
#31807	RELOAD cov: 1656 ft: 6986 corp: 716/2339Kb lim: 65536 exec/s: 883 rss: 6706Mb
#31833	NEW    cov: 1656 ft: 6986 corp: 716/2339Kb lim: 65536 exec/s: 884 rss: 6707Mb L: 1056/65536 MS: 2 InsertByte-Custom-
#31834	NEW    cov: 1656 ft: 6986 corp: 716/2338Kb lim: 65536 exec/s: 884 rss: 6707Mb L: 382/65536 MS: 2 InsertRepeatedBytes-Custom-
#31903	NEW    cov: 1656 ft: 6986 corp: 717/2339Kb lim: 65536 exec/s: 886 rss: 6707Mb L: 73/65536 MS: 8 ChangeByte-Custom-ChangeByte-Custom-InsertRepeatedBytes-Custom-ManualDict-Custom- DE: "until"-
#32115	NEW    cov: 1656 ft: 6987 corp: 717/2338Kb lim: 65536 exec/s: 892 rss: 6707Mb L: 24/65536 MS: 4 ChangeBit-Custom-InsertRepeatedBytes-Custom-
#32135	NEW    cov: 1656 ft: 6988 corp: 718/2391Kb lim: 65536 exec/s: 892 rss: 6707Mb L: 53476/65536 MS: 10 InsertRepeatedBytes-Custom-EraseBytes-Custom-PersAutoDict-Custom-PersAutoDict-Custom-InsertRepeatedBytes-Custom- DE: "beez"-"env-"-
#32288	NEW    cov: 1656 ft: 6988 corp: 717/2391Kb lim: 65536 exec/s: 896 rss: 6710Mb L: 3/65536 MS: 4 CustomCrossOver-ManualDict-Custom-CustomCrossOver- DE: ":"-
#32523	RELOAD cov: 1656 ft: 6988 corp: 719/2405Kb lim: 65536 exec/s: 879 rss: 6710Mb
#32735	NEW    cov: 1656 ft: 6988 corp: 719/2405Kb lim: 65536 exec/s: 884 rss: 6710Mb L: 8452/65536 MS: 4 InsertByte-Custom-ChangeASCIIInt-Custom-
#32736	NEW    cov: 1656 ft: 6988 corp: 719/2405Kb lim: 65536 exec/s: 884 rss: 6710Mb L: 29/65536 MS: 2 ShuffleBytes-Custom-
#32768	pulse  cov: 1656 ft: 6988 corp: 719/2405Kb lim: 65536 exec/s: 885 rss: 6710Mb
#33098	NEW    cov: 1656 ft: 6988 corp: 719/2405Kb lim: 65536 exec/s: 871 rss: 6710Mb L: 32637/65536 MS: 4 InsertByte-Custom-EraseBytes-Custom-
#33232	RELOAD cov: 1656 ft: 6988 corp: 720/2408Kb lim: 65536 exec/s: 874 rss: 6710Mb
#33304	NEW    cov: 1656 ft: 6988 corp: 720/2408Kb lim: 65536 exec/s: 876 rss: 6710Mb L: 3/65536 MS: 4 ChangeByte-Custom-CopyPart-Custom-
#33372	NEW    cov: 1656 ft: 6988 corp: 720/2400Kb lim: 65536 exec/s: 878 rss: 6710Mb L: 45/65536 MS: 6 ChangeBit-Custom-InsertByte-Custom-InsertRepeatedBytes-Custom-
#33428	NEW    cov: 1656 ft: 6990 corp: 721/2400Kb lim: 65536 exec/s: 879 rss: 6710Mb L: 12/65536 MS: 2 ChangeBinInt-Custom-
#33677	NEW    cov: 1656 ft: 6990 corp: 721/2400Kb lim: 65536 exec/s: 886 rss: 6758Mb L: 10/65536 MS: 8 InsertByte-Custom-ChangeBinInt-Custom-InsertByte-Custom-PersAutoDict-Custom- DE: "crc32"-
#33725	NEW    cov: 1656 ft: 6990 corp: 721/2400Kb lim: 65536 exec/s: 864 rss: 6768Mb L: 3/65536 MS: 6 CopyPart-Custom-EraseBytes-Custom-EraseBytes-Custom-
#33925	NEW    cov: 1656 ft: 6990 corp: 721/2396Kb lim: 65536 exec/s: 869 rss: 6805Mb L: 8397/65536 MS: 9 ShuffleBytes-Custom-CustomCrossOver-InsertRepeatedBytes-Custom-ChangeByte-Custom-CrossOver-Custom-
#33970	NEW    cov: 1656 ft: 6990 corp: 721/2393Kb lim: 65536 exec/s: 871 rss: 6815Mb L: 720/65536 MS: 10 InsertRepeatedBytes-Custom-InsertRepeatedBytes-Custom-ManualDict-Custom-InsertRepeatedBytes-Custom-EraseBytes-Custom- DE: "ignore_vars_for_hashing"-
#34186	RELOAD cov: 1656 ft: 6998 corp: 722/2406Kb lim: 65536 exec/s: 876 rss: 6861Mb
#34352	NEW    cov: 1656 ft: 6998 corp: 723/2406Kb lim: 65536 exec/s: 880 rss: 6894Mb L: 8/65536 MS: 2 EraseBytes-Custom-
#34408	NEW    cov: 1656 ft: 6998 corp: 723/2406Kb lim: 65536 exec/s: 882 rss: 6905Mb L: 64/65536 MS: 2 InsertRepeatedBytes-Custom-
#34545	NEW    cov: 1656 ft: 7001 corp: 724/2422Kb lim: 65536 exec/s: 767 rss: 6926Mb L: 16174/65536 MS: 10 ChangeBit-Custom-CopyPart-Custom-ChangeBinInt-Custom-InsertByte-Custom-ChangeBinInt-Custom-
#34609	NEW    cov: 1656 ft: 7001 corp: 725/2422Kb lim: 65536 exec/s: 769 rss: 6934Mb L: 255/65536 MS: 8 ChangeBit-Custom-ChangeBinInt-Custom-EraseBytes-Custom-ChangeBit-Custom-
#34620	NEW    cov: 1656 ft: 7001 corp: 723/2422Kb lim: 65536 exec/s: 769 rss: 6935Mb L: 11/65536 MS: 1 CustomCrossOver-
#34724	NEW    cov: 1656 ft: 7003 corp: 724/2422Kb lim: 65536 exec/s: 771 rss: 6949Mb L: 6/65536 MS: 8 PersAutoDict-Custom-EraseBytes-Custom-CopyPart-Custom-ChangeBit-Custom- DE: "\000\000\000\000\000\000\000C"-
#34836	NEW    cov: 1656 ft: 7003 corp: 724/2422Kb lim: 65536 exec/s: 774 rss: 6965Mb L: 8/65536 MS: 4 CMP-Custom-EraseBytes-Custom- DE: "starts_with"-
#34923	NEW    cov: 1656 ft: 7003 corp: 724/2359Kb lim: 65536 exec/s: 776 rss: 6977Mb L: 35/65536 MS: 4 ManualDict-Custom-ManualDict-Custom- DE: "stress"-"script_file"-
#34929	NEW    cov: 1656 ft: 7003 corp: 725/2359Kb lim: 65536 exec/s: 776 rss: 6977Mb L: 1/65536 MS: 2 ChangeByte-Custom-
#35052	NEW    cov: 1656 ft: 7003 corp: 726/2359Kb lim: 65536 exec/s: 778 rss: 6990Mb L: 7/65536 MS: 6 PersAutoDict-Custom-CopyPart-Custom-CMP-Custom- DE: "\001\000\000\036"-"set"-
#35214	NEW    cov: 1656 ft: 7003 corp: 727/2359Kb lim: 65536 exec/s: 765 rss: 6991Mb L: 17/65536 MS: 4 ManualDict-Custom-EraseBytes-Custom- DE: "22"-
#35224	NEW    cov: 1656 ft: 7003 corp: 728/2361Kb lim: 65536 exec/s: 765 rss: 6991Mb L: 2129/65536 MS: 7 CustomCrossOver-CopyPart-Custom-CustomCrossOver-CustomCrossOver-InsertRepeatedBytes-Custom-
#35225	NEW    cov: 1656 ft: 7003 corp: 727/2361Kb lim: 65536 exec/s: 765 rss: 6991Mb L: 3/65536 MS: 2 InsertByte-Custom-
#35229	NEW    cov: 1656 ft: 7003 corp: 726/2339Kb lim: 65536 exec/s: 765 rss: 6991Mb L: 4483/65536 MS: 8 InsertRepeatedBytes-Custom-InsertRepeatedBytes-Custom-InsertByte-Custom-CopyPart-Custom-
#35233	NEW    cov: 1656 ft: 7003 corp: 726/2339Kb lim: 65536 exec/s: 765 rss: 6991Mb L: 105/65536 MS: 8 PersAutoDict-Custom-EraseBytes-Custom-ChangeBinInt-Custom-InsertByte-Custom- DE: "\000\000\177\377\2102\341\005"-
#35235	NEW    cov: 1656 ft: 7003 corp: 726/2339Kb lim: 65536 exec/s: 765 rss: 6991Mb L: 20/65536 MS: 4 ChangeByte-Custom-ManualDict-Custom- DE: "truecolor"-
#35240	NEW    cov: 1656 ft: 7003 corp: 726/2338Kb lim: 65536 exec/s: 766 rss: 6991Mb L: 1233/65536 MS: 10 PersAutoDict-Custom-ManualDict-Custom-InsertRepeatedBytes-Custom-ShuffleBytes-Custom-InsertRepeatedBytes-Custom- DE: "enabled"-"indicator_spin_interval"-
#35244	NEW    cov: 1656 ft: 7004 corp: 727/2352Kb lim: 65536 exec/s: 766 rss: 6991Mb L: 14153/65536 MS: 6 ChangeBinInt-Custom-CustomCrossOver-CustomCrossOver-CrossOver-Custom-
#35245	NEW    cov: 1656 ft: 7004 corp: 727/2352Kb lim: 65536 exec/s: 766 rss: 6991Mb L: 15/65536 MS: 1 CustomCrossOver-
#35249	NEW    cov: 1656 ft: 7005 corp: 728/2354Kb lim: 65536 exec/s: 766 rss: 6991Mb L: 2488/65536 MS: 8 ManualDict-Custom-ChangeByte-Custom-InsertByte-Custom-CopyPart-Custom- DE: "CC"-
#35283	NEW    cov: 1656 ft: 7006 corp: 729/2354Kb lim: 65536 exec/s: 767 rss: 6991Mb L: 169/65536 MS: 8 EraseBytes-Custom-PersAutoDict-Custom-ChangeBinInt-Custom-ManualDict-Custom- DE: "\000\000\000\001\271\371X\200"-"throughput"-
#35323	NEW    cov: 1656 ft: 7006 corp: 729/2354Kb lim: 65536 exec/s: 767 rss: 6991Mb L: 93/65536 MS: 10 CopyPart-Custom-CopyPart-Custom-InsertRepeatedBytes-Custom-ManualDict-Custom-CMP-Custom- DE: "no registered steps"-"\036\000\000\000"-
#35411	RELOAD cov: 1656 ft: 7006 corp: 729/2354Kb lim: 65536 exec/s: 769 rss: 6991Mb
#35488	NEW    cov: 1656 ft: 7006 corp: 729/2354Kb lim: 65536 exec/s: 771 rss: 6997Mb L: 24/65536 MS: 3 CustomCrossOver-ManualDict-Custom- DE: "cache_fs_metadata"-
#35593	NEW    cov: 1656 ft: 7006 corp: 729/2348Kb lim: 65536 exec/s: 773 rss: 7020Mb L: 21054/65536 MS: 9 CustomCrossOver-PersAutoDict-Custom-InsertRepeatedBytes-Custom-ChangeBinInt-Custom-ChangeBit-Custom- DE: "generate"-
#35629	NEW    cov: 1656 ft: 7006 corp: 729/2347Kb lim: 65536 exec/s: 774 rss: 7025Mb L: 17/65536 MS: 2 InsertByte-Custom-
#35728	RELOAD cov: 1656 ft: 7006 corp: 730/2347Kb lim: 65536 exec/s: 760 rss: 7040Mb
