INFO: found LLVMFuzzerCustomMutator (0x4d05e8). Disabling -len_control by default.
Dictionary: 286 entries
INFO: Running with entropic power schedule (0xFF, 100).
INFO: Seed: 875781348
INFO: Loaded 1 modules   (4931 inline 8-bit counters): 4931 [0x1494dbc, 0x14960ff), 
INFO: Loaded 1 PC tables (4931 PCs): 4931 [0x11acb48,0x11bff78), 
INFO:       87 files found in report/fuzz/corpus/lua_dsl
INFO: seed corpus: files: 87 min: 18b max: 1590b total: 18107b rss: 30Mb
#88	INITED cov: 1400 ft: 3637 corp: 65/13450b exec/s: 0 rss: 55Mb
#89	NEW    cov: 1400 ft: 3637 corp: 66/13468b lim: 65536 exec/s: 0 rss: 56Mb L: 18/1590 MS: 1 CustomCrossOver-
#90	NEW    cov: 1401 ft: 3651 corp: 66/13421b lim: 65536 exec/s: 0 rss: 56Mb L: 13/1590 MS: 2 EraseBytes-Custom-
#91	NEW    cov: 1401 ft: 3651 corp: 65/13247b lim: 65536 exec/s: 0 rss: 56Mb L: 48/1590 MS: 1 CustomCrossOver-
#92	NEW    cov: 1401 ft: 3657 corp: 66/13428b lim: 65536 exec/s: 0 rss: 56Mb L: 181/1590 MS: 1 CustomCrossOver-
#93	NEW    cov: 1401 ft: 3657 corp: 67/13469b lim: 65536 exec/s: 0 rss: 57Mb L: 41/1590 MS: 2 ShuffleBytes-Custom-
#94	NEW    cov: 1401 ft: 3658 corp: 67/13452b lim: 65536 exec/s: 0 rss: 57Mb L: 181/1590 MS: 1 CustomCrossOver-
#96	NEW    cov: 1401 ft: 3665 corp: 68/13687b lim: 65536 exec/s: 0 rss: 57Mb L: 235/1590 MS: 4 CopyPart-Custom-ChangeByte-Custom-
#101	NEW    cov: 1401 ft: 3669 corp: 69/14561b lim: 65536 exec/s: 0 rss: 58Mb L: 874/1590 MS: 7 EraseBytes-Custom-CustomCrossOver-CustomCrossOver-CustomCrossOver-ManualDict-Custom- DE: "references undefined step"-
#102	NEW    cov: 1401 ft: 3669 corp: 70/14798b lim: 65536 exec/s: 0 rss: 59Mb L: 237/1590 MS: 2 CrossOver-Custom-
#103	NEW    cov: 1401 ft: 3669 corp: 70/14780b lim: 65536 exec/s: 0 rss: 59Mb L: 163/1590 MS: 1 CustomCrossOver-
#104	NEW    cov: 1401 ft: 3672 corp: 71/15086b lim: 65536 exec/s: 0 rss: 59Mb L: 306/1590 MS: 2 ChangeBinInt-Custom-
#105	NEW    cov: 1402 ft: 3683 corp: 72/16Kb lim: 65536 exec/s: 0 rss: 59Mb L: 1615/1615 MS: 2 CopyPart-Custom-
#107	NEW    cov: 1402 ft: 3683 corp: 73/16Kb lim: 65536 exec/s: 0 rss: 60Mb L: 70/1615 MS: 3 CrossOver-Custom-CustomCrossOver-
#108	NEW    cov: 1420 ft: 3863 corp: 74/16Kb lim: 65536 exec/s: 0 rss: 60Mb L: 274/1615 MS: 2 ManualDict-Custom- DE: "tostring"-
#109	NEW    cov: 1420 ft: 3868 corp: 75/17Kb lim: 65536 exec/s: 0 rss: 60Mb L: 617/1615 MS: 1 CustomCrossOver-
#110	NEW    cov: 1420 ft: 3872 corp: 76/17Kb lim: 65536 exec/s: 0 rss: 61Mb L: 448/1615 MS: 1 CustomCrossOver-
#111	NEW    cov: 1420 ft: 3884 corp: 77/17Kb lim: 65536 exec/s: 0 rss: 61Mb L: 209/1615 MS: 2 EraseBytes-Custom-
#113	NEW    cov: 1420 ft: 3900 corp: 78/18Kb lim: 65536 exec/s: 0 rss: 61Mb L: 248/1615 MS: 4 ChangeBinInt-Custom-PersAutoDict-Custom- DE: "tostring"-
#114	NEW    cov: 1420 ft: 3902 corp: 79/18Kb lim: 65536 exec/s: 0 rss: 62Mb L: 617/1615 MS: 2 ChangeByte-Custom-
#117	NEW    cov: 1420 ft: 3902 corp: 80/19Kb lim: 65536 exec/s: 0 rss: 62Mb L: 448/1615 MS: 5 ChangeBinInt-Custom-CustomCrossOver-ChangeByte-Custom-
#118	NEW    cov: 1420 ft: 3902 corp: 79/18Kb lim: 65536 exec/s: 0 rss: 62Mb L: 47/1615 MS: 2 ManualDict-Custom- DE: "or"-
#123	NEW    cov: 1420 ft: 3924 corp: 80/18Kb lim: 65536 exec/s: 0 rss: 64Mb L: 121/1615 MS: 7 CustomCrossOver-ChangeBinInt-Custom-CustomCrossOver-CustomCrossOver-ChangeByte-Custom-
#124	NEW    cov: 1420 ft: 3941 corp: 81/19Kb lim: 65536 exec/s: 0 rss: 64Mb L: 298/1615 MS: 1 CustomCrossOver-
#126	NEW    cov: 1420 ft: 3944 corp: 82/19Kb lim: 65536 exec/s: 0 rss: 64Mb L: 261/1615 MS: 3 CustomCrossOver-CrossOver-Custom-
#127	NEW    cov: 1420 ft: 3950 corp: 83/20Kb lim: 65536 exec/s: 0 rss: 65Mb L: 881/1615 MS: 2 PersAutoDict-Custom- DE: "or"-
#128	NEW    cov: 1420 ft: 3950 corp: 82/19Kb lim: 65536 exec/s: 0 rss: 65Mb L: 209/1615 MS: 2 ChangeBinInt-Custom-
#131	NEW    cov: 1420 ft: 3954 corp: 83/19Kb lim: 65536 exec/s: 0 rss: 66Mb L: 61/1615 MS: 5 ChangeBinInt-Custom-InsertRepeatedBytes-Custom-CustomCrossOver-
#134	NEW    cov: 1420 ft: 3955 corp: 84/20Kb lim: 65536 exec/s: 0 rss: 66Mb L: 305/1615 MS: 5 CustomCrossOver-CopyPart-Custom-CrossOver-Custom-
#136	NEW    cov: 1420 ft: 3955 corp: 83/20Kb lim: 65536 exec/s: 0 rss: 67Mb L: 181/1615 MS: 2 CustomCrossOver-CustomCrossOver-
#137	NEW    cov: 1420 ft: 3964 corp: 84/20Kb lim: 65536 exec/s: 0 rss: 67Mb L: 298/1615 MS: 2 CopyPart-Custom-
#138	NEW    cov: 1420 ft: 3964 corp: 85/20Kb lim: 65536 exec/s: 0 rss: 67Mb L: 61/1615 MS: 1 CustomCrossOver-
#140	NEW    cov: 1420 ft: 3964 corp: 84/19Kb lim: 65536 exec/s: 0 rss: 68Mb L: 104/1615 MS: 2 CustomCrossOver-CustomCrossOver-
#141	NEW    cov: 1420 ft: 3964 corp: 84/19Kb lim: 65536 exec/s: 0 rss: 68Mb L: 41/1615 MS: 1 CustomCrossOver-
#142	NEW    cov: 1420 ft: 3964 corp: 85/20Kb lim: 65536 exec/s: 0 rss: 68Mb L: 298/1615 MS: 2 ShuffleBytes-Custom-
#143	NEW    cov: 1420 ft: 3973 corp: 86/20Kb lim: 65536 exec/s: 0 rss: 69Mb L: 874/1615 MS: 1 CustomCrossOver-
#144	NEW    cov: 1420 ft: 3973 corp: 87/21Kb lim: 65536 exec/s: 0 rss: 69Mb L: 282/1615 MS: 2 CrossOver-Custom-
#145	NEW    cov: 1420 ft: 3977 corp: 88/21Kb lim: 65536 exec/s: 0 rss: 69Mb L: 235/1615 MS: 1 CustomCrossOver-
#147	NEW    cov: 1420 ft: 3977 corp: 87/21Kb lim: 65536 exec/s: 0 rss: 70Mb L: 22/1615 MS: 3 CrossOver-Custom-CustomCrossOver-
#148	NEW    cov: 1420 ft: 3977 corp: 86/20Kb lim: 65536 exec/s: 0 rss: 70Mb L: 61/1615 MS: 1 CustomCrossOver-
#149	NEW    cov: 1420 ft: 3980 corp: 85/20Kb lim: 65536 exec/s: 0 rss: 70Mb L: 50/1615 MS: 2 InsertByte-Custom-
#150	NEW    cov: 1420 ft: 3980 corp: 86/20Kb lim: 65536 exec/s: 0 rss: 70Mb L: 41/1615 MS: 1 CustomCrossOver-
#152	NEW    cov: 1420 ft: 3983 corp: 87/20Kb lim: 65536 exec/s: 0 rss: 71Mb L: 617/1615 MS: 4 ShuffleBytes-Custom-ManualDict-Custom- DE: "{"-
#153	NEW    cov: 1420 ft: 3987 corp: 88/21Kb lim: 65536 exec/s: 0 rss: 71Mb L: 104/1615 MS: 1 CustomCrossOver-
#155	NEW    cov: 1420 ft: 3987 corp: 88/20Kb lim: 65536 exec/s: 0 rss: 71Mb L: 497/1615 MS: 3 PersAutoDict-Custom-CustomCrossOver- DE: "or"-
#156	NEW    cov: 1420 ft: 3988 corp: 89/20Kb lim: 65536 exec/s: 0 rss: 72Mb L: 13/1615 MS: 1 CustomCrossOver-
#157	NEW    cov: 1420 ft: 3988 corp: 89/20Kb lim: 65536 exec/s: 0 rss: 72Mb L: 44/1615 MS: 2 InsertByte-Custom-
#158	NEW    cov: 1420 ft: 3988 corp: 90/20Kb lim: 65536 exec/s: 0 rss: 72Mb L: 30/1615 MS: 2 CopyPart-Custom-
#166	NEW    cov: 1420 ft: 3988 corp: 90/20Kb lim: 65536 exec/s: 0 rss: 74Mb L: 44/1615 MS: 4 CustomCrossOver-ChangeBinInt-Custom-CustomCrossOver-
#172	NEW    cov: 1420 ft: 3988 corp: 90/20Kb lim: 65536 exec/s: 0 rss: 76Mb L: 30/1615 MS: 1 CustomCrossOver-
#173	NEW    cov: 1420 ft: 3991 corp: 91/20Kb lim: 65536 exec/s: 0 rss: 76Mb L: 67/1615 MS: 1 CustomCrossOver-
#174	NEW    cov: 1420 ft: 3992 corp: 92/20Kb lim: 65536 exec/s: 0 rss: 76Mb L: 73/1615 MS: 2 InsertRepeatedBytes-Custom-
#175	NEW    cov: 1420 ft: 3992 corp: 92/20Kb lim: 65536 exec/s: 0 rss: 76Mb L: 184/1615 MS: 2 InsertRepeatedBytes-Custom-
#176	NEW    cov: 1420 ft: 3992 corp: 92/20Kb lim: 65536 exec/s: 0 rss: 77Mb L: 74/1615 MS: 2 EraseBytes-Custom-
#177	NEW    cov: 1420 ft: 4000 corp: 93/21Kb lim: 65536 exec/s: 0 rss: 77Mb L: 617/1615 MS: 2 ChangeASCIIInt-Custom-
#181	NEW    cov: 1420 ft: 4005 corp: 94/21Kb lim: 65536 exec/s: 0 rss: 78Mb L: 183/1615 MS: 8 EraseBytes-Custom-PersAutoDict-Custom-InsertByte-Custom-EraseBytes-Custom- DE: "references undefined step"-
#182	NEW    cov: 1420 ft: 4005 corp: 94/21Kb lim: 65536 exec/s: 0 rss: 78Mb L: 69/1615 MS: 2 ManualDict-Custom- DE: "mmap_hashing_min_bytes"-
#183	NEW    cov: 1420 ft: 4005 corp: 95/21Kb lim: 65536 exec/s: 0 rss: 78Mb L: 45/1615 MS: 2 EraseBytes-Custom-
#185	NEW    cov: 1420 ft: 4006 corp: 96/21Kb lim: 65536 exec/s: 0 rss: 79Mb L: 57/1615 MS: 3 CopyPart-Custom-CustomCrossOver-
#186	NEW    cov: 1420 ft: 4006 corp: 96/21Kb lim: 65536 exec/s: 0 rss: 79Mb L: 105/1615 MS: 2 PersAutoDict-Custom- DE: "{"-
#192	NEW    cov: 1420 ft: 4012 corp: 97/21Kb lim: 65536 exec/s: 0 rss: 81Mb L: 18/1615 MS: 1 CustomCrossOver-
#193	NEW    cov: 1420 ft: 4014 corp: 98/21Kb lim: 65536 exec/s: 0 rss: 81Mb L: 61/1615 MS: 2 ShuffleBytes-Custom-
#194	NEW    cov: 1420 ft: 4014 corp: 98/20Kb lim: 65536 exec/s: 0 rss: 81Mb L: 1130/1590 MS: 2 ChangeBit-Custom-
#195	NEW    cov: 1420 ft: 4014 corp: 99/20Kb lim: 65536 exec/s: 0 rss: 81Mb L: 292/1590 MS: 2 EraseBytes-Custom-
#197	NEW    cov: 1420 ft: 4020 corp: 100/21Kb lim: 65536 exec/s: 0 rss: 82Mb L: 336/1590 MS: 3 ManualDict-Custom-CustomCrossOver- DE: "=="-
#198	NEW    cov: 1420 ft: 4020 corp: 100/21Kb lim: 65536 exec/s: 0 rss: 82Mb L: 75/1590 MS: 2 CrossOver-Custom-
#199	NEW    cov: 1420 ft: 4020 corp: 100/21Kb lim: 65536 exec/s: 0 rss: 83Mb L: 14/1590 MS: 2 EraseBytes-Custom-
#200	NEW    cov: 1420 ft: 4040 corp: 101/21Kb lim: 65536 exec/s: 0 rss: 83Mb L: 37/1590 MS: 2 PersAutoDict-Custom- DE: "=="-
#201	NEW    cov: 1420 ft: 4051 corp: 102/21Kb lim: 65536 exec/s: 0 rss: 83Mb L: 315/1590 MS: 2 ManualDict-Custom- DE: "script_file"-
#204	NEW    cov: 1420 ft: 4051 corp: 103/21Kb lim: 65536 exec/s: 0 rss: 84Mb L: 61/1590 MS: 3 CustomCrossOver-CustomCrossOver-CustomCrossOver-
#205	NEW    cov: 1420 ft: 4051 corp: 103/21Kb lim: 65536 exec/s: 0 rss: 84Mb L: 22/1590 MS: 1 CustomCrossOver-
#211	NEW    cov: 1420 ft: 4053 corp: 104/23Kb lim: 65536 exec/s: 0 rss: 85Mb L: 1590/1590 MS: 1 CustomCrossOver-
#213	NEW    cov: 1420 ft: 4053 corp: 104/22Kb lim: 65536 exec/s: 0 rss: 86Mb L: 104/1590 MS: 4 ShuffleBytes-Custom-CMP-Custom- DE: "\002\000\000\000"-
#214	NEW    cov: 1420 ft: 4053 corp: 105/22Kb lim: 65536 exec/s: 0 rss: 86Mb L: 82/1590 MS: 2 PersAutoDict-Custom- DE: "=="-
#215	NEW    cov: 1420 ft: 4053 corp: 105/22Kb lim: 65536 exec/s: 0 rss: 86Mb L: 41/1590 MS: 1 CustomCrossOver-
#217	NEW    cov: 1420 ft: 4054 corp: 106/23Kb lim: 65536 exec/s: 0 rss: 87Mb L: 383/1590 MS: 3 CustomCrossOver-ShuffleBytes-Custom-
#220	NEW    cov: 1420 ft: 4055 corp: 107/24Kb lim: 65536 exec/s: 0 rss: 88Mb L: 1002/1590 MS: 4 CustomCrossOver-ChangeBit-Custom-CustomCrossOver-
#221	NEW    cov: 1420 ft: 4055 corp: 107/23Kb lim: 65536 exec/s: 0 rss: 88Mb L: 18/1590 MS: 1 CustomCrossOver-
#223	NEW    cov: 1420 ft: 4059 corp: 107/23Kb lim: 65536 exec/s: 0 rss: 88Mb L: 44/1590 MS: 2 CustomCrossOver-CustomCrossOver-
#224	NEW    cov: 1420 ft: 4060 corp: 108/23Kb lim: 65536 exec/s: 0 rss: 89Mb L: 236/1590 MS: 2 ManualDict-Custom- DE: "string"-
#225	NEW    cov: 1420 ft: 4060 corp: 109/24Kb lim: 65536 exec/s: 0 rss: 89Mb L: 298/1590 MS: 2 ManualDict-Custom- DE: "["-
#226	NEW    cov: 1420 ft: 4060 corp: 110/24Kb lim: 65536 exec/s: 0 rss: 89Mb L: 28/1590 MS: 2 ChangeBit-Custom-
#227	NEW    cov: 1420 ft: 4062 corp: 110/23Kb lim: 65536 exec/s: 0 rss: 89Mb L: 324/1590 MS: 2 ManualDict-Custom- DE: "fnv1a64"-
#231	NEW    cov: 1420 ft: 4075 corp: 111/24Kb lim: 65536 exec/s: 0 rss: 90Mb L: 327/1590 MS: 5 CustomCrossOver-CustomCrossOver-CustomCrossOver-InsertRepeatedBytes-Custom-
#232	NEW    cov: 1420 ft: 4076 corp: 112/24Kb lim: 65536 exec/s: 0 rss: 91Mb L: 236/1590 MS: 2 ShuffleBytes-Custom-
#233	NEW    cov: 1420 ft: 4076 corp: 113/24Kb lim: 65536 exec/s: 0 rss: 91Mb L: 28/1590 MS: 2 ChangeByte-Custom-
#234	NEW    cov: 1420 ft: 4079 corp: 114/24Kb lim: 65536 exec/s: 0 rss: 91Mb L: 298/1590 MS: 2 ShuffleBytes-Custom-
#241	NEW    cov: 1420 ft: 4079 corp: 114/24Kb lim: 65536 exec/s: 0 rss: 93Mb L: 41/1590 MS: 3 CustomCrossOver-ChangeBit-Custom-
#244	NEW    cov: 1420 ft: 4086 corp: 115/24Kb lim: 65536 exec/s: 0 rss: 93Mb L: 248/1590 MS: 5 CrossOver-Custom-CMP-Custom-CustomCrossOver- DE: "\000\000"-
#250	NEW    cov: 1420 ft: 4089 corp: 116/24Kb lim: 65536 exec/s: 0 rss: 95Mb L: 82/1590 MS: 2 ChangeBinInt-Custom-
#253	NEW    cov: 1420 ft: 4095 corp: 117/24Kb lim: 65536 exec/s: 0 rss: 95Mb L: 71/1590 MS: 6 ChangeBit-Custom-ChangeByte-Custom-ShuffleBytes-Custom-
#254	NEW    cov: 1420 ft: 4096 corp: 118/25Kb lim: 65536 exec/s: 0 rss: 96Mb L: 292/1590 MS: 1 CustomCrossOver-
#255	NEW    cov: 1420 ft: 4096 corp: 118/25Kb lim: 65536 exec/s: 0 rss: 96Mb L: 44/1590 MS: 2 ChangeBit-Custom-
#262	NEW    cov: 1420 ft: 4097 corp: 118/24Kb lim: 65536 exec/s: 0 rss: 98Mb L: 121/1590 MS: 3 CopyPart-Custom-CustomCrossOver-
#263	NEW    cov: 1420 ft: 4106 corp: 119/25Kb lim: 65536 exec/s: 0 rss: 98Mb L: 329/1590 MS: 2 InsertRepeatedBytes-Custom-
#264	NEW    cov: 1420 ft: 4112 corp: 120/25Kb lim: 65536 exec/s: 0 rss: 98Mb L: 324/1590 MS: 1 CustomCrossOver-
#265	NEW    cov: 1420 ft: 4113 corp: 121/26Kb lim: 65536 exec/s: 0 rss: 99Mb L: 1130/1590 MS: 1 CustomCrossOver-
#266	NEW    cov: 1420 ft: 4115 corp: 120/26Kb lim: 65536 exec/s: 0 rss: 99Mb L: 37/1590 MS: 2 ChangeByte-Custom-
#267	NEW    cov: 1420 ft: 4116 corp: 121/26Kb lim: 65536 exec/s: 0 rss: 99Mb L: 294/1590 MS: 2 InsertByte-Custom-
#268	NEW    cov: 1420 ft: 4116 corp: 121/26Kb lim: 65536 exec/s: 0 rss: 99Mb L: 9/1590 MS: 2 EraseBytes-Custom-
#269	NEW    cov: 1420 ft: 4119 corp: 122/27Kb lim: 65536 exec/s: 0 rss: 100Mb L: 237/1590 MS: 2 PersAutoDict-Custom- DE: "{"-
#271	NEW    cov: 1420 ft: 4119 corp: 123/27Kb lim: 65536 exec/s: 0 rss: 100Mb L: 237/1590 MS: 4 CMP-Custom-InsertByte-Custom- DE: "\000\001"-
#277	NEW    cov: 1420 ft: 4119 corp: 124/27Kb lim: 65536 exec/s: 0 rss: 101Mb L: 21/1590 MS: 1 CustomCrossOver-
#283	NEW    cov: 1420 ft: 4120 corp: 125/28Kb lim: 65536 exec/s: 0 rss: 103Mb L: 1130/1590 MS: 2 CMP-Custom- DE: "pairs"-
#285	NEW    cov: 1420 ft: 4123 corp: 126/28Kb lim: 65536 exec/s: 0 rss: 103Mb L: 302/1590 MS: 4 ChangeByte-Custom-InsertByte-Custom-
#286	NEW    cov: 1420 ft: 4126 corp: 127/29Kb lim: 65536 exec/s: 0 rss: 104Mb L: 1002/1590 MS: 1 CustomCrossOver-
#287	NEW    cov: 1420 ft: 4126 corp: 127/29Kb lim: 65536 exec/s: 0 rss: 104Mb L: 61/1590 MS: 2 InsertRepeatedBytes-Custom-
#293	NEW    cov: 1420 ft: 4127 corp: 128/30Kb lim: 65536 exec/s: 0 rss: 105Mb L: 488/1590 MS: 2 ChangeByte-Custom-
#294	NEW    cov: 1420 ft: 4127 corp: 129/30Kb lim: 65536 exec/s: 0 rss: 106Mb L: 13/1590 MS: 1 CustomCrossOver-
#296	NEW    cov: 1420 ft: 4128 corp: 130/30Kb lim: 65536 exec/s: 0 rss: 106Mb L: 146/1590 MS: 4 CMP-Custom-CMP-Custom- DE: "\001\000\000\000"-"\027\000\000\000\000\000\000\000"-
#297	NEW    cov: 1420 ft: 4128 corp: 131/30Kb lim: 65536 exec/s: 0 rss: 106Mb L: 72/1590 MS: 1 CustomCrossOver-
#303	NEW    cov: 1420 ft: 4128 corp: 132/30Kb lim: 65536 exec/s: 0 rss: 108Mb L: 18/1590 MS: 1 CustomCrossOver-
#308	NEW    cov: 1420 ft: 4130 corp: 133/30Kb lim: 65536 exec/s: 0 rss: 109Mb L: 124/1590 MS: 10 CopyPart-Custom-InsertRepeatedBytes-Custom-InsertByte-Custom-ManualDict-Custom-ShuffleBytes-Custom- DE: "999999"-
#312	NEW    cov: 1420 ft: 4130 corp: 134/30Kb lim: 65536 exec/s: 0 rss: 110Mb L: 28/1590 MS: 7 EraseBytes-Custom-InsertRepeatedBytes-Custom-ChangeBinInt-Custom-CustomCrossOver-
#313	NEW    cov: 1420 ft: 4130 corp: 135/30Kb lim: 65536 exec/s: 0 rss: 110Mb L: 21/1590 MS: 2 CMP-Custom- DE: "\023\000\000\000\000\000\000\000"-
#314	NEW    cov: 1420 ft: 4133 corp: 135/30Kb lim: 65536 exec/s: 0 rss: 111Mb L: 21/1590 MS: 1 CustomCrossOver-
#315	NEW    cov: 1420 ft: 4133 corp: 135/30Kb lim: 65536 exec/s: 0 rss: 111Mb L: 28/1590 MS: 2 ChangeByte-Custom-
#316	NEW    cov: 1420 ft: 4133 corp: 136/30Kb lim: 65536 exec/s: 0 rss: 111Mb L: 24/1590 MS: 1 CustomCrossOver-
#319	NEW    cov: 1420 ft: 4135 corp: 137/31Kb lim: 65536 exec/s: 0 rss: 112Mb L: 1130/1590 MS: 6 ShuffleBytes-Custom-ChangeBit-Custom-PersAutoDict-Custom- DE: "script_file"-
#321	NEW    cov: 1420 ft: 4136 corp: 138/32Kb lim: 65536 exec/s: 0 rss: 112Mb L: 1130/1590 MS: 3 ChangeBinInt-Custom-CustomCrossOver-
#325	NEW    cov: 1420 ft: 4136 corp: 138/32Kb lim: 65536 exec/s: 0 rss: 113Mb L: 28/1590 MS: 7 ChangeBinInt-Custom-ManualDict-Custom-InsertByte-Custom-CustomCrossOver- DE: "pin_threads_to_cores"-
#326	NEW    cov: 1420 ft: 4136 corp: 139/32Kb lim: 65536 exec/s: 0 rss: 114Mb L: 298/1590 MS: 2 ShuffleBytes-Custom-
#327	NEW    cov: 1420 ft: 4138 corp: 140/32Kb lim: 65536 exec/s: 0 rss: 114Mb L: 238/1590 MS: 2 InsertByte-Custom-
#328	NEW    cov: 1420 ft: 4142 corp: 138/31Kb lim: 65536 exec/s: 0 rss: 114Mb L: 18/1590 MS: 1 CustomCrossOver-
#329	NEW    cov: 1420 ft: 4142 corp: 139/31Kb lim: 65536 exec/s: 0 rss: 114Mb L: 181/1590 MS: 1 CustomCrossOver-
#330	NEW    cov: 1420 ft: 4143 corp: 140/31Kb lim: 65536 exec/s: 0 rss: 114Mb L: 121/1590 MS: 1 CustomCrossOver-
#331	NEW    cov: 1420 ft: 4144 corp: 138/30Kb lim: 65536 exec/s: 0 rss: 115Mb L: 41/1590 MS: 1 CustomCrossOver-
#332	NEW    cov: 1420 ft: 4144 corp: 136/30Kb lim: 65536 exec/s: 0 rss: 115Mb L: 21/1590 MS: 2 ChangeBit-Custom-
#335	NEW    cov: 1420 ft: 4145 corp: 137/30Kb lim: 65536 exec/s: 0 rss: 116Mb L: 109/1590 MS: 5 ChangeBinInt-Custom-CustomCrossOver-ChangeBinInt-Custom-
#336	NEW    cov: 1420 ft: 4145 corp: 138/30Kb lim: 65536 exec/s: 0 rss: 116Mb L: 26/1590 MS: 2 ManualDict-Custom- DE: "globby"-
#337	NEW    cov: 1420 ft: 4145 corp: 139/30Kb lim: 65536 exec/s: 0 rss: 116Mb L: 61/1590 MS: 1 CustomCrossOver-
#338	NEW    cov: 1420 ft: 4145 corp: 139/30Kb lim: 65536 exec/s: 0 rss: 116Mb L: 1078/1590 MS: 1 CustomCrossOver-
#339	NEW    cov: 1420 ft: 4146 corp: 140/30Kb lim: 65536 exec/s: 0 rss: 116Mb L: 62/1590 MS: 2 ChangeBit-Custom-
#340	NEW    cov: 1420 ft: 4146 corp: 141/31Kb lim: 65536 exec/s: 0 rss: 117Mb L: 183/1590 MS: 1 CustomCrossOver-
#341	NEW    cov: 1420 ft: 4146 corp: 141/31Kb lim: 65536 exec/s: 0 rss: 117Mb L: 44/1590 MS: 1 CustomCrossOver-
#342	NEW    cov: 1420 ft: 4146 corp: 140/30Kb lim: 65536 exec/s: 0 rss: 117Mb L: 12/1590 MS: 2 InsertRepeatedBytes-Custom-
#344	NEW    cov: 1420 ft: 4146 corp: 140/30Kb lim: 65536 exec/s: 0 rss: 118Mb L: 60/1590 MS: 4 CMP-Custom-ChangeBit-Custom- DE: "\025\000\000\000\003\000\000\000"-
#345	NEW    cov: 1420 ft: 4146 corp: 140/30Kb lim: 65536 exec/s: 0 rss: 118Mb L: 57/1590 MS: 1 CustomCrossOver-
#351	NEW    cov: 1420 ft: 4146 corp: 141/30Kb lim: 65536 exec/s: 0 rss: 119Mb L: 54/1590 MS: 1 CustomCrossOver-
#359	NEW    cov: 1420 ft: 4146 corp: 141/30Kb lim: 65536 exec/s: 0 rss: 121Mb L: 47/1590 MS: 5 CMP-Custom-ChangeBinInt-Custom-CustomCrossOver- DE: "not enough memory"-
#360	NEW    cov: 1420 ft: 4148 corp: 142/30Kb lim: 65536 exec/s: 0 rss: 121Mb L: 170/1590 MS: 2 CrossOver-Custom-
#361	NEW    cov: 1420 ft: 4149 corp: 143/31Kb lim: 65536 exec/s: 0 rss: 121Mb L: 81/1590 MS: 2 EraseBytes-Custom-
#362	NEW    cov: 1420 ft: 4149 corp: 144/31Kb lim: 65536 exec/s: 0 rss: 121Mb L: 24/1590 MS: 2 ManualDict-Custom- DE: "in"-
#363	NEW    cov: 1420 ft: 4149 corp: 145/31Kb lim: 65536 exec/s: 0 rss: 122Mb L: 9/1590 MS: 2 ChangeByte-Custom-
#364	NEW    cov: 1420 ft: 4149 corp: 146/31Kb lim: 65536 exec/s: 0 rss: 122Mb L: 44/1590 MS: 2 ShuffleBytes-Custom-
#365	NEW    cov: 1420 ft: 4155 corp: 146/30Kb lim: 65536 exec/s: 0 rss: 122Mb L: 37/1590 MS: 2 PersAutoDict-Custom- DE: "\025\000\000\000\003\000\000\000"-
#366	NEW    cov: 1420 ft: 4155 corp: 146/30Kb lim: 65536 exec/s: 0 rss: 122Mb L: 12/1590 MS: 2 PersAutoDict-Custom- DE: "in"-
#368	NEW    cov: 1420 ft: 4155 corp: 145/27Kb lim: 65536 exec/s: 0 rss: 123Mb L: 67/1590 MS: 4 ShuffleBytes-Custom-PersAutoDict-Custom- DE: "or"-
#371	NEW    cov: 1420 ft: 4155 corp: 144/26Kb lim: 65536 exec/s: 0 rss: 124Mb L: 48/1130 MS: 5 PersAutoDict-Custom-CMP-Custom-CustomCrossOver- DE: "["-"\000\000\000\000"-
#376	NEW    cov: 1420 ft: 4164 corp: 145/26Kb lim: 65536 exec/s: 0 rss: 125Mb L: 249/1130 MS: 9 InsertRepeatedBytes-Custom-InsertRepeatedBytes-Custom-ChangeBinInt-Custom-ManualDict-Custom-CustomCrossOver- DE: "inline"-
#380	NEW    cov: 1420 ft: 4164 corp: 146/26Kb lim: 65536 exec/s: 0 rss: 125Mb L: 298/1130 MS: 5 CopyPart-Custom-CustomCrossOver-CustomCrossOver-CustomCrossOver-
#381	NEW    cov: 1420 ft: 4174 corp: 144/26Kb lim: 65536 exec/s: 0 rss: 126Mb L: 29/1130 MS: 2 ShuffleBytes-Custom-
#382	NEW    cov: 1420 ft: 4174 corp: 145/26Kb lim: 65536 exec/s: 0 rss: 126Mb L: 170/1130 MS: 1 CustomCrossOver-
#383	NEW    cov: 1420 ft: 4174 corp: 144/26Kb lim: 65536 exec/s: 0 rss: 126Mb L: 25/1130 MS: 2 CopyPart-Custom-
#385	NEW    cov: 1420 ft: 4176 corp: 145/27Kb lim: 65536 exec/s: 0 rss: 127Mb L: 298/1130 MS: 3 CustomCrossOver-ChangeBinInt-Custom-
#386	NEW    cov: 1420 ft: 4176 corp: 146/27Kb lim: 65536 exec/s: 0 rss: 127Mb L: 62/1130 MS: 2 EraseBytes-Custom-
#387	NEW    cov: 1420 ft: 4177 corp: 147/28Kb lim: 65536 exec/s: 0 rss: 127Mb L: 1403/1403 MS: 2 CMP-Custom- DE: "\003\000"-
#388	NEW    cov: 1420 ft: 4177 corp: 147/28Kb lim: 65536 exec/s: 0 rss: 127Mb L: 47/1403 MS: 1 CustomCrossOver-
#389	NEW    cov: 1420 ft: 4177 corp: 147/28Kb lim: 65536 exec/s: 0 rss: 128Mb L: 121/1403 MS: 2 EraseBytes-Custom-
#391	NEW    cov: 1420 ft: 4178 corp: 145/27Kb lim: 65536 exec/s: 0 rss: 128Mb L: 62/1403 MS: 4 ChangeBit-Custom-ChangeASCIIInt-Custom-
#397	NEW    cov: 1420 ft: 4178 corp: 145/27Kb lim: 65536 exec/s: 0 rss: 130Mb L: 28/1403 MS: 2 InsertRepeatedBytes-Custom-
#398	NEW    cov: 1420 ft: 4178 corp: 146/28Kb lim: 65536 exec/s: 0 rss: 130Mb L: 617/1403 MS: 1 CustomCrossOver-
#399	NEW    cov: 1420 ft: 4178 corp: 146/28Kb lim: 65536 exec/s: 0 rss: 130Mb L: 38/1403 MS: 2 CMP-Custom- DE: "\001\000\000\000\000\000\000Z"-
#400	NEW    cov: 1420 ft: 4178 corp: 146/28Kb lim: 65536 exec/s: 0 rss: 130Mb L: 41/1403 MS: 1 CustomCrossOver-
#402	NEW    cov: 1420 ft: 4179 corp: 147/28Kb lim: 65536 exec/s: 0 rss: 131Mb L: 357/1403 MS: 3 CustomCrossOver-InsertRepeatedBytes-Custom-
#408	NEW    cov: 1420 ft: 4179 corp: 147/28Kb lim: 65536 exec/s: 0 rss: 132Mb L: 383/1403 MS: 1 CustomCrossOver-
#413	NEW    cov: 1420 ft: 4179 corp: 147/28Kb lim: 65536 exec/s: 0 rss: 133Mb L: 445/1403 MS: 10 InsertRepeatedBytes-Custom-ChangeByte-Custom-ChangeBinInt-Custom-InsertRepeatedBytes-Custom-PersAutoDict-Custom- DE: "\001\000\000\000\000\000\000Z"-
#414	NEW    cov: 1420 ft: 4179 corp: 147/28Kb lim: 65536 exec/s: 0 rss: 134Mb L: 13/1403 MS: 1 CustomCrossOver-
#415	NEW    cov: 1420 ft: 4183 corp: 147/28Kb lim: 65536 exec/s: 0 rss: 134Mb L: 41/1403 MS: 1 CustomCrossOver-
#416	NEW    cov: 1420 ft: 4186 corp: 148/28Kb lim: 65536 exec/s: 0 rss: 134Mb L: 48/1403 MS: 2 ManualDict-Custom- DE: "glob"-
#417	NEW    cov: 1420 ft: 4186 corp: 148/28Kb lim: 65536 exec/s: 0 rss: 134Mb L: 13/1403 MS: 1 CustomCrossOver-
#423	NEW    cov: 1420 ft: 4230 corp: 149/28Kb lim: 65536 exec/s: 0 rss: 136Mb L: 25/1403 MS: 2 InsertByte-Custom-
#424	NEW    cov: 1420 ft: 4233 corp: 147/28Kb lim: 65536 exec/s: 0 rss: 136Mb L: 48/1403 MS: 1 CustomCrossOver-
#425	NEW    cov: 1420 ft: 4233 corp: 147/28Kb lim: 65536 exec/s: 0 rss: 136Mb L: 26/1403 MS: 2 CMP-Custom- DE: "\000\001"-
#426	NEW    cov: 1420 ft: 4233 corp: 148/28Kb lim: 65536 exec/s: 0 rss: 137Mb L: 92/1403 MS: 2 InsertRepeatedBytes-Custom-
#432	NEW    cov: 1420 ft: 4233 corp: 149/28Kb lim: 65536 exec/s: 0 rss: 138Mb L: 329/1403 MS: 1 CustomCrossOver-
#433	NEW    cov: 1420 ft: 4234 corp: 150/28Kb lim: 65536 exec/s: 0 rss: 138Mb L: 497/1403 MS: 1 CustomCrossOver-
#434	NEW    cov: 1420 ft: 4234 corp: 151/29Kb lim: 65536 exec/s: 0 rss: 138Mb L: 71/1403 MS: 2 ChangeBinInt-Custom-
#435	NEW    cov: 1420 ft: 4238 corp: 152/30Kb lim: 65536 exec/s: 0 rss: 139Mb L: 1130/1403 MS: 1 CustomCrossOver-
#437	NEW    cov: 1420 ft: 4238 corp: 152/30Kb lim: 65536 exec/s: 0 rss: 139Mb L: 131/1403 MS: 4 ShuffleBytes-Custom-InsertRepeatedBytes-Custom-
#439	NEW    cov: 1420 ft: 4243 corp: 153/31Kb lim: 65536 exec/s: 0 rss: 139Mb L: 1130/1403 MS: 2 CustomCrossOver-CustomCrossOver-
#441	NEW    cov: 1420 ft: 4243 corp: 154/31Kb lim: 65536 exec/s: 0 rss: 140Mb L: 48/1403 MS: 2 CustomCrossOver-CustomCrossOver-
#444	NEW    cov: 1420 ft: 4580 corp: 155/31Kb lim: 65536 exec/s: 0 rss: 141Mb L: 36/1403 MS: 6 ChangeByte-Custom-ChangeBit-Custom-PersAutoDict-Custom- DE: "\001\000\000\000"-
#445	NEW    cov: 1420 ft: 4580 corp: 156/31Kb lim: 65536 exec/s: 0 rss: 141Mb L: 48/1403 MS: 2 ChangeBinInt-Custom-
#446	NEW    cov: 1420 ft: 4580 corp: 156/31Kb lim: 65536 exec/s: 0 rss: 141Mb L: 21/1403 MS: 1 CustomCrossOver-
#447	NEW    cov: 1420 ft: 4581 corp: 157/31Kb lim: 65536 exec/s: 0 rss: 141Mb L: 486/1403 MS: 2 PersAutoDict-Custom- DE: "\001\000\000\000"-
#449	NEW    cov: 1420 ft: 4582 corp: 158/32Kb lim: 65536 exec/s: 0 rss: 142Mb L: 289/1403 MS: 4 CMP-Custom-ChangeBinInt-Custom- DE: "__name"-
#451	NEW    cov: 1420 ft: 4582 corp: 158/32Kb lim: 65536 exec/s: 0 rss: 142Mb L: 48/1403 MS: 3 ManualDict-Custom-CustomCrossOver- DE: "sdbm"-
#452	NEW    cov: 1420 ft: 4582 corp: 159/32Kb lim: 65536 exec/s: 0 rss: 143Mb L: 28/1403 MS: 1 CustomCrossOver-
#458	NEW    cov: 1420 ft: 4584 corp: 160/32Kb lim: 65536 exec/s: 0 rss: 144Mb L: 271/1403 MS: 2 InsertRepeatedBytes-Custom-
#459	NEW    cov: 1420 ft: 4588 corp: 161/32Kb lim: 65536 exec/s: 0 rss: 144Mb L: 48/1403 MS: 1 CustomCrossOver-
#465	NEW    cov: 1420 ft: 4588 corp: 160/31Kb lim: 65536 exec/s: 0 rss: 145Mb L: 563/1403 MS: 2 CopyPart-Custom-
#467	NEW    cov: 1420 ft: 4591 corp: 160/31Kb lim: 65536 exec/s: 0 rss: 146Mb L: 238/1403 MS: 3 InsertByte-Custom-CustomCrossOver-
#468	NEW    cov: 1420 ft: 4592 corp: 160/31Kb lim: 65536 exec/s: 0 rss: 146Mb L: 104/1403 MS: 2 InsertRepeatedBytes-Custom-
#469	NEW    cov: 1420 ft: 4592 corp: 160/31Kb lim: 65536 exec/s: 0 rss: 146Mb L: 336/1403 MS: 1 CustomCrossOver-
#470	NEW    cov: 1420 ft: 4592 corp: 161/31Kb lim: 65536 exec/s: 0 rss: 147Mb L: 22/1403 MS: 2 EraseBytes-Custom-
#479	NEW    cov: 1420 ft: 4592 corp: 161/31Kb lim: 65536 exec/s: 0 rss: 149Mb L: 71/1403 MS: 6 ChangeASCIIInt-Custom-InsertByte-Custom-CustomCrossOver-CustomCrossOver-
#480	NEW    cov: 1420 ft: 4592 corp: 161/31Kb lim: 65536 exec/s: 0 rss: 149Mb L: 24/1403 MS: 1 CustomCrossOver-
#481	NEW    cov: 1420 ft: 4592 corp: 161/31Kb lim: 65536 exec/s: 0 rss: 149Mb L: 254/1403 MS: 2 EraseBytes-Custom-
#487	NEW    cov: 1420 ft: 4592 corp: 162/31Kb lim: 65536 exec/s: 0 rss: 151Mb L: 34/1403 MS: 2 ChangeBit-Custom-
#489	NEW    cov: 1420 ft: 4592 corp: 163/31Kb lim: 65536 exec/s: 0 rss: 151Mb L: 71/1403 MS: 4 ShuffleBytes-Custom-EraseBytes-Custom-
#492	NEW    cov: 1420 ft: 4592 corp: 163/30Kb lim: 65536 exec/s: 0 rss: 152Mb L: 197/1403 MS: 5 CustomCrossOver-EraseBytes-Custom-CrossOver-Custom-
#493	NEW    cov: 1420 ft: 4594 corp: 164/31Kb lim: 65536 exec/s: 0 rss: 152Mb L: 136/1403 MS: 2 InsertRepeatedBytes-Custom-
#494	NEW    cov: 1420 ft: 4594 corp: 163/30Kb lim: 65536 exec/s: 0 rss: 152Mb L: 165/1403 MS: 2 InsertRepeatedBytes-Custom-
#496	NEW    cov: 1420 ft: 4594 corp: 163/30Kb lim: 65536 exec/s: 0 rss: 153Mb L: 127/1403 MS: 3 CustomCrossOver-ManualDict-Custom- DE: "SECRET"-
#497	NEW    cov: 1420 ft: 4594 corp: 164/30Kb lim: 65536 exec/s: 0 rss: 153Mb L: 237/1403 MS: 1 CustomCrossOver-
#498	NEW    cov: 1420 ft: 4594 corp: 165/30Kb lim: 65536 exec/s: 0 rss: 153Mb L: 21/1403 MS: 2 CopyPart-Custom-
#499	NEW    cov: 1420 ft: 4594 corp: 165/30Kb lim: 65536 exec/s: 0 rss: 154Mb L: 37/1403 MS: 1 CustomCrossOver-
#502	NEW    cov: 1420 ft: 4594 corp: 165/30Kb lim: 65536 exec/s: 0 rss: 154Mb L: 221/1403 MS: 5 CustomCrossOver-CrossOver-Custom-EraseBytes-Custom-
#505	NEW    cov: 1420 ft: 4598 corp: 166/31Kb lim: 65536 exec/s: 0 rss: 155Mb L: 352/1403 MS: 5 ShuffleBytes-Custom-CustomCrossOver-InsertRepeatedBytes-Custom-
#506	NEW    cov: 1420 ft: 4598 corp: 165/30Kb lim: 65536 exec/s: 0 rss: 155Mb L: 49/1403 MS: 2 EraseBytes-Custom-
#507	NEW    cov: 1420 ft: 4598 corp: 165/30Kb lim: 65536 exec/s: 0 rss: 156Mb L: 24/1403 MS: 1 CustomCrossOver-
#508	NEW    cov: 1420 ft: 4598 corp: 166/30Kb lim: 65536 exec/s: 0 rss: 156Mb L: 221/1403 MS: 2 CopyPart-Custom-
#509	NEW    cov: 1420 ft: 4598 corp: 167/30Kb lim: 65536 exec/s: 0 rss: 156Mb L: 10/1403 MS: 2 InsertByte-Custom-
#514	NEW    cov: 1420 ft: 4601 corp: 167/30Kb lim: 65536 exec/s: 0 rss: 157Mb L: 149/1403 MS: 8 ChangeByte-Custom-EraseBytes-Custom-CustomCrossOver-CustomCrossOver-InsertByte-Custom-
#526	NEW    cov: 1420 ft: 4602 corp: 168/30Kb lim: 65536 exec/s: 0 rss: 160Mb L: 294/1403 MS: 3 CustomCrossOver-CMP-Custom- DE: "\030\000"-
#532	NEW    cov: 1420 ft: 4603 corp: 169/30Kb lim: 65536 exec/s: 0 rss: 162Mb L: 13/1403 MS: 1 CustomCrossOver-
#533	NEW    cov: 1420 ft: 4603 corp: 168/30Kb lim: 65536 exec/s: 0 rss: 162Mb L: 66/1403 MS: 2 InsertByte-Custom-
#534	NEW    cov: 1420 ft: 4605 corp: 168/30Kb lim: 65536 exec/s: 0 rss: 162Mb L: 32/1403 MS: 2 CMP-Custom- DE: "to_u"-
#536	NEW    cov: 1420 ft: 4605 corp: 169/30Kb lim: 65536 exec/s: 0 rss: 163Mb L: 33/1403 MS: 4 CMP-Custom-InsertByte-Custom- DE: "\001\000\000e"-
#538	NEW    cov: 1420 ft: 4605 corp: 170/30Kb lim: 65536 exec/s: 0 rss: 163Mb L: 130/1403 MS: 4 InsertByte-Custom-CMP-Custom- DE: "\001\000\000\000\000\374\274p"-
#539	NEW    cov: 1420 ft: 4606 corp: 170/30Kb lim: 65536 exec/s: 0 rss: 163Mb L: 24/1403 MS: 2 ChangeBinInt-Custom-
#543	NEW    cov: 1420 ft: 4606 corp: 171/31Kb lim: 65536 exec/s: 0 rss: 164Mb L: 544/1403 MS: 8 ChangeBit-Custom-CMP-Custom-ShuffleBytes-Custom-ChangeBit-Custom- DE: "\377\377\377\025"-
#544	NEW    cov: 1420 ft: 4606 corp: 171/31Kb lim: 65536 exec/s: 0 rss: 164Mb L: 32/1403 MS: 1 CustomCrossOver-
#546	NEW    cov: 1420 ft: 4607 corp: 171/31Kb lim: 65536 exec/s: 0 rss: 165Mb L: 36/1403 MS: 3 ChangeByte-Custom-CustomCrossOver-
#547	NEW    cov: 1420 ft: 4610 corp: 172/31Kb lim: 65536 exec/s: 0 rss: 165Mb L: 238/1403 MS: 2 ChangeByte-Custom-
#553	NEW    cov: 1420 ft: 4610 corp: 173/31Kb lim: 65536 exec/s: 0 rss: 166Mb L: 20/1403 MS: 2 EraseBytes-Custom-
#554	NEW    cov: 1420 ft: 4610 corp: 173/31Kb lim: 65536 exec/s: 0 rss: 166Mb L: 63/1403 MS: 2 ChangeByte-Custom-
#556	NEW    cov: 1420 ft: 4610 corp: 174/31Kb lim: 65536 exec/s: 0 rss: 167Mb L: 135/1403 MS: 3 CustomCrossOver-InsertRepeatedBytes-Custom-
#569	NEW    cov: 1420 ft: 4610 corp: 174/31Kb lim: 65536 exec/s: 0 rss: 170Mb L: 125/1403 MS: 6 ManualDict-Custom-ShuffleBytes-Custom-ChangeBinInt-Custom- DE: "in"-
#583	NEW    cov: 1420 ft: 4610 corp: 174/31Kb lim: 65536 exec/s: 0 rss: 174Mb L: 76/1403 MS: 8 ChangeByte-Custom-InsertByte-Custom-ManualDict-Custom-ManualDict-Custom- DE: "env-"-"not"-
#584	NEW    cov: 1420 ft: 4610 corp: 174/31Kb lim: 65536 exec/s: 0 rss: 174Mb L: 13/1403 MS: 1 CustomCrossOver-
#586	NEW    cov: 1420 ft: 4610 corp: 174/31Kb lim: 65536 exec/s: 0 rss: 174Mb L: 22/1403 MS: 3 ChangeBinInt-Custom-CustomCrossOver-
#587	NEW    cov: 1420 ft: 4612 corp: 175/31Kb lim: 65536 exec/s: 0 rss: 175Mb L: 105/1403 MS: 2 InsertByte-Custom-
#588	NEW    cov: 1420 ft: 4612 corp: 175/31Kb lim: 65536 exec/s: 0 rss: 175Mb L: 31/1403 MS: 2 CMP-Custom- DE: "\000\000\000\000\000\000\000\000"-
#589	NEW    cov: 1420 ft: 4612 corp: 176/31Kb lim: 65536 exec/s: 0 rss: 175Mb L: 16/1403 MS: 2 CopyPart-Custom-
#600	NEW    cov: 1420 ft: 4612 corp: 177/31Kb lim: 65536 exec/s: 0 rss: 178Mb L: 16/1403 MS: 1 CustomCrossOver-
#601	NEW    cov: 1420 ft: 4617 corp: 178/31Kb lim: 65536 exec/s: 0 rss: 178Mb L: 63/1403 MS: 2 ChangeBinInt-Custom-
#602	NEW    cov: 1420 ft: 4617 corp: 176/30Kb lim: 65536 exec/s: 0 rss: 178Mb L: 135/1403 MS: 2 PersAutoDict-Custom- DE: "not enough memory"-
#603	NEW    cov: 1420 ft: 4619 corp: 176/30Kb lim: 65536 exec/s: 0 rss: 178Mb L: 352/1403 MS: 2 ManualDict-Custom- DE: "CC"-
#604	NEW    cov: 1420 ft: 4619 corp: 175/29Kb lim: 65536 exec/s: 0 rss: 178Mb L: 256/1403 MS: 2 CrossOver-Custom-
#605	NEW    cov: 1420 ft: 4620 corp: 176/29Kb lim: 65536 exec/s: 0 rss: 179Mb L: 37/1403 MS: 1 CustomCrossOver-
#606	NEW    cov: 1420 ft: 4621 corp: 176/29Kb lim: 65536 exec/s: 0 rss: 179Mb L: 274/1403 MS: 1 CustomCrossOver-
#610	NEW    cov: 1420 ft: 4621 corp: 177/29Kb lim: 65536 exec/s: 0 rss: 180Mb L: 71/1403 MS: 5 CustomCrossOver-CustomCrossOver-InsertRepeatedBytes-Custom-CustomCrossOver-
#611	NEW    cov: 1420 ft: 4622 corp: 178/29Kb lim: 65536 exec/s: 0 rss: 180Mb L: 63/1403 MS: 2 ChangeByte-Custom-
#612	NEW    cov: 1420 ft: 4622 corp: 179/29Kb lim: 65536 exec/s: 0 rss: 180Mb L: 24/1403 MS: 2 ShuffleBytes-Custom-
#613	NEW    cov: 1420 ft: 4622 corp: 179/29Kb lim: 65536 exec/s: 0 rss: 180Mb L: 21/1403 MS: 1 CustomCrossOver-
#616	NEW    cov: 1420 ft: 4622 corp: 180/29Kb lim: 65536 exec/s: 0 rss: 181Mb L: 129/1403 MS: 4 CustomCrossOver-CustomCrossOver-PersAutoDict-Custom- DE: "sdbm"-
#618	NEW    cov: 1420 ft: 4623 corp: 181/30Kb lim: 65536 exec/s: 0 rss: 182Mb L: 495/1403 MS: 4 InsertRepeatedBytes-Custom-CopyPart-Custom-
#619	NEW    cov: 1420 ft: 4623 corp: 181/29Kb lim: 65536 exec/s: 0 rss: 182Mb L: 19/1403 MS: 2 ManualDict-Custom- DE: "name"-
#620	NEW    cov: 1420 ft: 4624 corp: 181/29Kb lim: 65536 exec/s: 0 rss: 182Mb L: 165/1403 MS: 1 CustomCrossOver-
#621	NEW    cov: 1420 ft: 4624 corp: 181/28Kb lim: 65536 exec/s: 0 rss: 182Mb L: 106/1130 MS: 2 ChangeByte-Custom-
#629	NEW    cov: 1420 ft: 4625 corp: 182/28Kb lim: 65536 exec/s: 0 rss: 184Mb L: 48/1130 MS: 4 CustomCrossOver-CMP-Custom-CustomCrossOver- DE: "\000\000\000\000"-
#630	NEW    cov: 1420 ft: 4625 corp: 182/28Kb lim: 65536 exec/s: 0 rss: 184Mb L: 49/1130 MS: 2 ShuffleBytes-Custom-
#631	NEW    cov: 1420 ft: 4625 corp: 182/28Kb lim: 65536 exec/s: 0 rss: 185Mb L: 18/1130 MS: 1 CustomCrossOver-
#632	NEW    cov: 1420 ft: 4625 corp: 180/27Kb lim: 65536 exec/s: 0 rss: 185Mb L: 105/1130 MS: 2 ShuffleBytes-Custom-
#635	NEW    cov: 1420 ft: 4625 corp: 181/27Kb lim: 65536 exec/s: 0 rss: 185Mb L: 46/1130 MS: 6 InsertByte-Custom-CMP-Custom-ManualDict-Custom- DE: "beez"-"performance"-
#636	NEW    cov: 1420 ft: 4625 corp: 182/27Kb lim: 65536 exec/s: 0 rss: 186Mb L: 41/1130 MS: 2 PersAutoDict-Custom- DE: "name"-
#638	NEW    cov: 1420 ft: 4625 corp: 183/28Kb lim: 65536 exec/s: 0 rss: 186Mb L: 263/1130 MS: 4 CopyPart-Custom-EraseBytes-Custom-
#640	NEW    cov: 1420 ft: 4626 corp: 183/27Kb lim: 65536 exec/s: 0 rss: 187Mb L: 19/1130 MS: 3 CMP-Custom-CustomCrossOver- DE: "\010\000\000\000\000\000\000\000"-
#647	NEW    cov: 1420 ft: 4630 corp: 184/28Kb lim: 65536 exec/s: 0 rss: 188Mb L: 357/1130 MS: 3 CrossOver-Custom-CustomCrossOver-
#651	NEW    cov: 1420 ft: 4630 corp: 184/28Kb lim: 65536 exec/s: 0 rss: 189Mb L: 93/1130 MS: 6 CustomCrossOver-PersAutoDict-Custom-CustomCrossOver-EraseBytes-Custom- DE: "\000\000\000\000"-
#652	NEW    cov: 1420 ft: 4630 corp: 184/28Kb lim: 65536 exec/s: 0 rss: 190Mb L: 267/1130 MS: 2 CMP-Custom- DE: "\377\377\377\377"-
#656	NEW    cov: 1420 ft: 4632 corp: 185/29Kb lim: 65536 exec/s: 0 rss: 191Mb L: 731/1130 MS: 8 CrossOver-Custom-InsertRepeatedBytes-Custom-CopyPart-Custom-ChangeBinInt-Custom-
#657	NEW    cov: 1420 ft: 4632 corp: 185/28Kb lim: 65536 exec/s: 0 rss: 191Mb L: 18/1130 MS: 2 PersAutoDict-Custom- DE: "__name"-
#665	NEW    cov: 1420 ft: 4632 corp: 186/29Kb lim: 65536 exec/s: 0 rss: 193Mb L: 205/1130 MS: 6 ChangeBit-Custom-PersAutoDict-Custom-InsertByte-Custom- DE: "glob"-
#667	NEW    cov: 1420 ft: 4632 corp: 187/29Kb lim: 65536 exec/s: 0 rss: 193Mb L: 18/1130 MS: 2 CustomCrossOver-CustomCrossOver-
#669	NEW    cov: 1420 ft: 4632 corp: 187/29Kb lim: 65536 exec/s: 0 rss: 194Mb L: 222/1130 MS: 4 PersAutoDict-Custom-ChangeByte-Custom- DE: "\377\377\377\377"-
#671	NEW    cov: 1420 ft: 4632 corp: 187/29Kb lim: 65536 exec/s: 0 rss: 194Mb L: 48/1130 MS: 3 PersAutoDict-Custom-CustomCrossOver- DE: "pin_threads_to_cores"-
#673	NEW    cov: 1420 ft: 4632 corp: 188/29Kb lim: 65536 exec/s: 0 rss: 195Mb L: 28/1130 MS: 3 CrossOver-Custom-CustomCrossOver-
#674	NEW    cov: 1420 ft: 4632 corp: 188/29Kb lim: 65536 exec/s: 0 rss: 195Mb L: 21/1130 MS: 2 ChangeBinInt-Custom-
#675	NEW    cov: 1420 ft: 4633 corp: 189/29Kb lim: 65536 exec/s: 0 rss: 195Mb L: 317/1130 MS: 2 CrossOver-Custom-
#676	NEW    cov: 1420 ft: 4635 corp: 189/29Kb lim: 65536 exec/s: 0 rss: 195Mb L: 123/1130 MS: 2 InsertByte-Custom-
#677	NEW    cov: 1420 ft: 4635 corp: 190/29Kb lim: 65536 exec/s: 0 rss: 195Mb L: 76/1130 MS: 2 CMP-Custom- DE: "\001\000\000\037"-
#681	NEW    cov: 1420 ft: 4635 corp: 190/29Kb lim: 65536 exec/s: 0 rss: 196Mb L: 19/1130 MS: 6 PersAutoDict-Custom-CustomCrossOver-InsertRepeatedBytes-Custom-CustomCrossOver- DE: "not enough memory"-
#692	NEW    cov: 1420 ft: 4635 corp: 191/29Kb lim: 65536 exec/s: 0 rss: 199Mb L: 106/1130 MS: 2 ChangeByte-Custom-
#693	NEW    cov: 1420 ft: 4635 corp: 188/29Kb lim: 65536 exec/s: 0 rss: 199Mb L: 14/1130 MS: 2 EraseBytes-Custom-
#695	NEW    cov: 1420 ft: 4638 corp: 186/28Kb lim: 65536 exec/s: 0 rss: 200Mb L: 75/1130 MS: 3 CustomCrossOver-ManualDict-Custom- DE: "step"-
#696	NEW    cov: 1420 ft: 4638 corp: 186/28Kb lim: 65536 exec/s: 0 rss: 200Mb L: 29/1130 MS: 2 ShuffleBytes-Custom-
#698	NEW    cov: 1420 ft: 4638 corp: 187/28Kb lim: 65536 exec/s: 0 rss: 200Mb L: 25/1130 MS: 3 CustomCrossOver-InsertByte-Custom-
#699	NEW    cov: 1420 ft: 4638 corp: 187/28Kb lim: 65536 exec/s: 0 rss: 201Mb L: 115/1130 MS: 2 PersAutoDict-Custom- DE: "pairs"-
#705	NEW    cov: 1420 ft: 4638 corp: 186/28Kb lim: 65536 exec/s: 0 rss: 202Mb L: 21/1130 MS: 2 ChangeBinInt-Custom-
#706	NEW    cov: 1420 ft: 4638 corp: 186/28Kb lim: 65536 exec/s: 0 rss: 202Mb L: 71/1130 MS: 2 ShuffleBytes-Custom-
#710	NEW    cov: 1420 ft: 4638 corp: 186/28Kb lim: 65536 exec/s: 0 rss: 203Mb L: 665/1130 MS: 8 ChangeBit-Custom-ChangeBinInt-Custom-InsertByte-Custom-ChangeByte-Custom-
#716	NEW    cov: 1420 ft: 4638 corp: 187/28Kb lim: 65536 exec/s: 716 rss: 204Mb L: 13/1130 MS: 2 PersAutoDict-Custom- DE: "\001\000\000\000"-
#717	NEW    cov: 1420 ft: 4640 corp: 188/28Kb lim: 65536 exec/s: 717 rss: 204Mb L: 18/1130 MS: 2 ChangeBinInt-Custom-
#718	NEW    cov: 1420 ft: 4640 corp: 189/28Kb lim: 65536 exec/s: 718 rss: 205Mb L: 18/1130 MS: 2 EraseBytes-Custom-
#720	NEW    cov: 1420 ft: 4641 corp: 190/28Kb lim: 65536 exec/s: 720 rss: 205Mb L: 308/1130 MS: 4 InsertRepeatedBytes-Custom-InsertByte-Custom-
#722	NEW    cov: 1420 ft: 4643 corp: 191/28Kb lim: 65536 exec/s: 722 rss: 206Mb L: 135/1130 MS: 3 CMP-Custom-CustomCrossOver- DE: "trim"-
#729	NEW    cov: 1420 ft: 4643 corp: 192/28Kb lim: 65536 exec/s: 729 rss: 207Mb L: 29/1130 MS: 4 ChangeByte-Custom-ChangeByte-Custom-
#730	NEW    cov: 1420 ft: 4644 corp: 193/29Kb lim: 65536 exec/s: 730 rss: 207Mb L: 140/1130 MS: 2 PersAutoDict-Custom- DE: "\002\000\000\000"-
#731	NEW    cov: 1420 ft: 4644 corp: 193/29Kb lim: 65536 exec/s: 731 rss: 208Mb L: 15/1130 MS: 2 InsertByte-Custom-
#733	NEW    cov: 1420 ft: 4644 corp: 194/29Kb lim: 65536 exec/s: 733 rss: 208Mb L: 23/1130 MS: 3 CustomCrossOver-CopyPart-Custom-
#736	NEW    cov: 1420 ft: 4644 corp: 194/29Kb lim: 65536 exec/s: 736 rss: 209Mb L: 13/1130 MS: 4 CustomCrossOver-ChangeBit-Custom-CustomCrossOver-
#739	NEW    cov: 1420 ft: 4644 corp: 193/28Kb lim: 65536 exec/s: 739 rss: 209Mb L: 38/1130 MS: 6 CrossOver-Custom-CrossOver-Custom-PersAutoDict-Custom- DE: "\000\000\000\000\000\000\000\000"-
#740	NEW    cov: 1420 ft: 4644 corp: 193/27Kb lim: 65536 exec/s: 740 rss: 210Mb L: 92/1130 MS: 2 InsertRepeatedBytes-Custom-
#751	NEW    cov: 1420 ft: 4644 corp: 194/27Kb lim: 65536 exec/s: 751 rss: 212Mb L: 105/1130 MS: 2 ChangeByte-Custom-
#753	NEW    cov: 1420 ft: 4644 corp: 195/27Kb lim: 65536 exec/s: 753 rss: 213Mb L: 62/1130 MS: 3 CustomCrossOver-ShuffleBytes-Custom-
#754	NEW    cov: 1420 ft: 4644 corp: 196/27Kb lim: 65536 exec/s: 754 rss: 213Mb L: 26/1130 MS: 2 CopyPart-Custom-
#755	NEW    cov: 1420 ft: 4645 corp: 195/27Kb lim: 65536 exec/s: 755 rss: 213Mb L: 12/1130 MS: 2 ChangeByte-Custom-
#756	NEW    cov: 1420 ft: 4645 corp: 195/27Kb lim: 65536 exec/s: 756 rss: 214Mb L: 18/1130 MS: 1 CustomCrossOver-
#757	NEW    cov: 1420 ft: 4645 corp: 196/27Kb lim: 65536 exec/s: 757 rss: 214Mb L: 71/1130 MS: 2 ChangeBit-Custom-
#758	NEW    cov: 1420 ft: 4645 corp: 197/27Kb lim: 65536 exec/s: 758 rss: 214Mb L: 13/1130 MS: 2 CMP-Custom- DE: "post"-
#759	NEW    cov: 1420 ft: 4645 corp: 198/27Kb lim: 65536 exec/s: 759 rss: 214Mb L: 31/1130 MS: 2 ManualDict-Custom- DE: "do"-
#764	NEW    cov: 1420 ft: 4645 corp: 198/27Kb lim: 65536 exec/s: 764 rss: 215Mb L: 264/1130 MS: 9 CrossOver-Custom-ChangeBinInt-Custom-ChangeBinInt-Custom-CustomCrossOver-PersAutoDict-Custom- DE: "trim"-
#768	NEW    cov: 1420 ft: 4645 corp: 199/27Kb lim: 65536 exec/s: 768 rss: 217Mb L: 51/1130 MS: 8 ShuffleBytes-Custom-InsertRepeatedBytes-Custom-ChangeBit-Custom-InsertByte-Custom-
#774	NEW    cov: 1420 ft: 4647 corp: 199/27Kb lim: 65536 exec/s: 774 rss: 218Mb L: 29/1130 MS: 2 ManualDict-Custom- DE: "modernize"-
#778	NEW    cov: 1420 ft: 4647 corp: 199/27Kb lim: 65536 exec/s: 778 rss: 219Mb L: 64/1130 MS: 7 ManualDict-Custom-CustomCrossOver-ShuffleBytes-Custom-ChangeBinInt-Custom- DE: "config"-
#783	NEW    cov: 1420 ft: 4648 corp: 200/27Kb lim: 65536 exec/s: 783 rss: 220Mb L: 245/1130 MS: 10 PersAutoDict-Custom-EraseBytes-Custom-CopyPart-Custom-EraseBytes-Custom-InsertRepeatedBytes-Custom- DE: "post"-
#787	NEW    cov: 1420 ft: 4648 corp: 201/27Kb lim: 65536 exec/s: 787 rss: 221Mb L: 37/1130 MS: 5 CustomCrossOver-ManualDict-Custom-CustomCrossOver-CustomCrossOver- DE: "step"-
#790	NEW    cov: 1420 ft: 4648 corp: 201/27Kb lim: 65536 exec/s: 790 rss: 222Mb L: 236/1130 MS: 3 CustomCrossOver-CustomCrossOver-CustomCrossOver-
#798	NEW    cov: 1420 ft: 4648 corp: 202/28Kb lim: 65536 exec/s: 798 rss: 224Mb L: 128/1130 MS: 5 CustomCrossOver-InsertByte-Custom-CMP-Custom- DE: "not enough me"-
#804	NEW    cov: 1420 ft: 4648 corp: 201/27Kb lim: 65536 exec/s: 804 rss: 225Mb L: 37/1130 MS: 1 CustomCrossOver-
Loaded 1024/1386 files from report/fuzz/corpus/lua_dsl
	NEW_FUNC[1/4]: 0x00000050bc50 in std::shared_ptr<beez::core::StepConfig const>::~shared_ptr() /usr/bin/../lib/gcc/x86_64-redhat-linux/16/../../../../include/c++/16/bits/shared_ptr.h:175
	NEW_FUNC[2/4]: 0x00000050bd20 in std::__shared_ptr<beez::core::StepConfig const, (__gnu_cxx::_Lock_policy)2>::~__shared_ptr() /usr/bin/../lib/gcc/x86_64-redhat-linux/16/../../../../include/c++/16/bits/shared_ptr_base.h:1610
#1955	RELOAD cov: 1440 ft: 4990 corp: 311/42Kb lim: 65536 exec/s: 977 rss: 490Mb
#1961	NEW    cov: 1440 ft: 4990 corp: 312/42Kb lim: 65536 exec/s: 980 rss: 491Mb L: 20/2122 MS: 2 ChangeByte-Custom-
#1977	NEW    cov: 1440 ft: 4990 corp: 312/42Kb lim: 65536 exec/s: 988 rss: 495Mb L: 13/2122 MS: 2 EraseBytes-Custom-
#1987	NEW    cov: 1440 ft: 4990 corp: 312/42Kb lim: 65536 exec/s: 993 rss: 498Mb L: 58/2122 MS: 10 PersAutoDict-Custom-InsertRepeatedBytes-Custom-PersAutoDict-Custom-ChangeBinInt-Custom-ManualDict-Custom- DE: "globby"-"__name"-"local"-
#2003	NEW    cov: 1440 ft: 4992 corp: 313/42Kb lim: 65536 exec/s: 1001 rss: 501Mb L: 22/2122 MS: 1 CustomCrossOver-
#2040	NEW    cov: 1440 ft: 4992 corp: 313/42Kb lim: 65536 exec/s: 1020 rss: 510Mb L: 19/2122 MS: 3 CustomCrossOver-ChangeBinInt-Custom-
#2044	NEW    cov: 1440 ft: 4992 corp: 314/42Kb lim: 65536 exec/s: 1022 rss: 511Mb L: 25/2122 MS: 8 PersAutoDict-Custom-PersAutoDict-Custom-EraseBytes-Custom-ChangeByte-Custom- DE: "\001\000\000\000\000\000\000Z"-"to_u"-
#2048	pulse  cov: 1440 ft: 4992 corp: 314/42Kb lim: 65536 exec/s: 1024 rss: 512Mb
	NEW_FUNC[1/37]: 0x000000502910 in std::__detail::_Node_const_iterator<std::pair<std::__cxx11::basic_string<char, std::char_traits<char>, std::allocator<char>> const, beez::core::Workflow>, false, true>::operator*() const /usr/bin/../lib/gcc/x86_64-redhat-linux/16/../../../../include/c++/16/bits/hashtable_policy.h:498
	NEW_FUNC[2/37]: 0x000000502d98 in std::tuple_element<0ul, std::pair<std::__cxx11::basic_string<char, std::char_traits<char>, std::allocator<char>> const, beez::core::Workflow>>::type const& std::get<0ul, std::__cxx11::basic_string<char, std::char_traits<char>, std::allocator<char>> const, beez::core::Workflow>(std::pair<std::__cxx11::basic_string<char, std::char_traits<char>, std::allocator<char>> const, beez::core::Workflow> const&) /usr/bin/../lib/gcc/x86_64-redhat-linux/16/../../../../include/c++/16/bits/stl_pair.h:1299
#2050	NEW    cov: 1606 ft: 5220 corp: 315/43Kb lim: 65536 exec/s: 1025 rss: 513Mb L: 495/2122 MS: 2 PersAutoDict-Custom- DE: "pin_threads_to_cores"-
#2064	NEW    cov: 1606 ft: 5446 corp: 316/43Kb lim: 65536 exec/s: 1032 rss: 516Mb L: 25/2122 MS: 8 InsertByte-Custom-ManualDict-Custom-ShuffleBytes-Custom-ShuffleBytes-Custom- DE: "step-"-
#2066	NEW    cov: 1606 ft: 5446 corp: 316/43Kb lim: 65536 exec/s: 1033 rss: 516Mb L: 10/2122 MS: 3 InsertRepeatedBytes-Custom-CustomCrossOver-
#2071	NEW    cov: 1606 ft: 5448 corp: 317/45Kb lim: 65536 exec/s: 1035 rss: 517Mb L: 2713/2713 MS: 10 InsertByte-Custom-ChangeBinInt-Custom-CopyPart-Custom-CopyPart-Custom-PersAutoDict-Custom- DE: "string"-
#2077	NEW    cov: 1606 ft: 5448 corp: 317/45Kb lim: 65536 exec/s: 1038 rss: 519Mb L: 22/2713 MS: 2 CMP-Custom- DE: "beez"-
#2078	NEW    cov: 1606 ft: 5452 corp: 318/45Kb lim: 65536 exec/s: 1039 rss: 519Mb L: 162/2713 MS: 1 CustomCrossOver-
#2080	NEW    cov: 1606 ft: 5452 corp: 319/45Kb lim: 65536 exec/s: 1040 rss: 519Mb L: 25/2713 MS: 2 CustomCrossOver-CustomCrossOver-
#2081	NEW    cov: 1606 ft: 5453 corp: 320/46Kb lim: 65536 exec/s: 1040 rss: 519Mb L: 303/2713 MS: 2 ChangeBinInt-Custom-
#2082	NEW    cov: 1606 ft: 5453 corp: 319/45Kb lim: 65536 exec/s: 1041 rss: 520Mb L: 36/2713 MS: 2 ManualDict-Custom- DE: "dots"-
#2091	NEW    cov: 1606 ft: 5453 corp: 319/45Kb lim: 65536 exec/s: 1045 rss: 522Mb L: 647/2713 MS: 8 ChangeBinInt-Custom-ShuffleBytes-Custom-ChangeBinInt-Custom-EraseBytes-Custom-
#2107	NEW    cov: 1606 ft: 5453 corp: 320/45Kb lim: 65536 exec/s: 1053 rss: 525Mb L: 9/2713 MS: 2 ChangeBit-Custom-
#2118	NEW    cov: 1606 ft: 5453 corp: 321/45Kb lim: 65536 exec/s: 1059 rss: 528Mb L: 109/2713 MS: 2 CopyPart-Custom-
#2133	NEW    cov: 1606 ft: 5453 corp: 321/45Kb lim: 65536 exec/s: 1066 rss: 531Mb L: 19/2713 MS: 7 CustomCrossOver-EraseBytes-Custom-PersAutoDict-Custom-CustomCrossOver-CustomCrossOver- DE: "\000\000\000\000"-
#2139	NEW    cov: 1606 ft: 5453 corp: 321/45Kb lim: 65536 exec/s: 1069 rss: 532Mb L: 12/2713 MS: 2 ChangeByte-Custom-
#2140	NEW    cov: 1606 ft: 5455 corp: 322/45Kb lim: 65536 exec/s: 1070 rss: 533Mb L: 137/2713 MS: 2 ChangeByte-Custom-
#2145	NEW    cov: 1606 ft: 5455 corp: 323/45Kb lim: 65536 exec/s: 1072 rss: 534Mb L: 221/2713 MS: 10 ShuffleBytes-Custom-CMP-Custom-ManualDict-Custom-InsertRepeatedBytes-Custom-CopyPart-Custom- DE: "\377\000"-"elseif"-
#2147	NEW    cov: 1606 ft: 5455 corp: 323/45Kb lim: 65536 exec/s: 1073 rss: 534Mb L: 58/2713 MS: 4 ManualDict-Custom-ShuffleBytes-Custom- DE: "order"-
#2151	NEW    cov: 1606 ft: 5455 corp: 323/45Kb lim: 65536 exec/s: 1075 rss: 535Mb L: 13/2713 MS: 6 ManualDict-Custom-CustomCrossOver-ChangeBinInt-Custom-CustomCrossOver- DE: "open_libraries"-
#2152	NEW    cov: 1606 ft: 5455 corp: 324/45Kb lim: 65536 exec/s: 1076 rss: 535Mb L: 13/2713 MS: 2 CopyPart-Custom-
#2158	NEW    cov: 1606 ft: 5455 corp: 325/45Kb lim: 65536 exec/s: 1079 rss: 537Mb L: 19/2713 MS: 1 CustomCrossOver-
#2161	NEW    cov: 1606 ft: 5456 corp: 326/45Kb lim: 65536 exec/s: 1080 rss: 538Mb L: 48/2713 MS: 6 PersAutoDict-Custom-InsertRepeatedBytes-Custom-CMP-Custom- DE: "\010\000\000\000\000\000\000\000"-"\377\000"-
#2167	NEW    cov: 1606 ft: 5456 corp: 327/45Kb lim: 65536 exec/s: 1083 rss: 539Mb L: 10/2713 MS: 2 ShuffleBytes-Custom-
#2182	NEW    cov: 1606 ft: 5456 corp: 328/45Kb lim: 65536 exec/s: 1091 rss: 542Mb L: 8/2713 MS: 9 ManualDict-Custom-CrossOver-Custom-CrossOver-Custom-CustomCrossOver-EraseBytes-Custom- DE: "braced"-
#2184	NEW    cov: 1606 ft: 5460 corp: 329/46Kb lim: 65536 exec/s: 1092 rss: 543Mb L: 202/2713 MS: 3 ChangeBit-Custom-CustomCrossOver-
#2193	NEW    cov: 1606 ft: 5460 corp: 330/46Kb lim: 65536 exec/s: 1096 rss: 545Mb L: 16/2713 MS: 8 ChangeBinInt-Custom-ChangeBinInt-Custom-EraseBytes-Custom-EraseBytes-Custom-
#2194	NEW    cov: 1606 ft: 5460 corp: 331/46Kb lim: 65536 exec/s: 1097 rss: 545Mb L: 12/2713 MS: 2 ChangeBit-Custom-
#2200	NEW    cov: 1606 ft: 5461 corp: 331/46Kb lim: 65536 exec/s: 1100 rss: 546Mb L: 28/2713 MS: 1 CustomCrossOver-
#2208	NEW    cov: 1606 ft: 5461 corp: 330/46Kb lim: 65536 exec/s: 1104 rss: 548Mb L: 14/2713 MS: 3 CustomCrossOver-CustomCrossOver-CustomCrossOver-
#2211	NEW    cov: 1606 ft: 5461 corp: 331/48Kb lim: 65536 exec/s: 1105 rss: 549Mb L: 2121/2713 MS: 6 ShuffleBytes-Custom-InsertByte-Custom-CopyPart-Custom-
#2215	NEW    cov: 1606 ft: 5461 corp: 330/47Kb lim: 65536 exec/s: 1107 rss: 550Mb L: 216/2713 MS: 8 CopyPart-Custom-ChangeByte-Custom-ChangeASCIIInt-Custom-InsertRepeatedBytes-Custom-
#2221	NEW    cov: 1606 ft: 5461 corp: 329/47Kb lim: 65536 exec/s: 1110 rss: 551Mb L: 12/2713 MS: 2 EraseBytes-Custom-
#2225	NEW    cov: 1606 ft: 5461 corp: 329/47Kb lim: 65536 exec/s: 1112 rss: 552Mb L: 18/2713 MS: 6 CustomCrossOver-CMP-Custom-ManualDict-Custom-CustomCrossOver- DE: "\001\000\000 "-"run"-
#2236	NEW    cov: 1606 ft: 5461 corp: 330/47Kb lim: 65536 exec/s: 1118 rss: 555Mb L: 10/2713 MS: 2 InsertByte-Custom-
#2237	NEW    cov: 1606 ft: 5461 corp: 330/47Kb lim: 65536 exec/s: 1118 rss: 555Mb L: 90/2713 MS: 2 InsertByte-Custom-
#2239	NEW    cov: 1606 ft: 5461 corp: 331/47Kb lim: 65536 exec/s: 1119 rss: 556Mb L: 13/2713 MS: 4 ShuffleBytes-Custom-ChangeBit-Custom-
#2255	NEW    cov: 1606 ft: 5461 corp: 331/47Kb lim: 65536 exec/s: 1127 rss: 559Mb L: 7/2713 MS: 2 EraseBytes-Custom-
#2256	NEW    cov: 1606 ft: 5461 corp: 331/47Kb lim: 65536 exec/s: 1128 rss: 560Mb L: 10/2713 MS: 1 CustomCrossOver-
#2261	NEW    cov: 1606 ft: 5461 corp: 330/45Kb lim: 65536 exec/s: 1130 rss: 561Mb L: 220/2713 MS: 10 CopyPart-Custom-InsertRepeatedBytes-Custom-InsertRepeatedBytes-Custom-PersAutoDict-Custom-ManualDict-Custom- DE: "globby"-"logging"-
#2268	NEW    cov: 1606 ft: 5461 corp: 331/45Kb lim: 65536 exec/s: 1134 rss: 563Mb L: 34/2713 MS: 3 ManualDict-Custom-CustomCrossOver- DE: "parallel"-
#2307	NEW    cov: 1606 ft: 5461 corp: 331/45Kb lim: 65536 exec/s: 1153 rss: 572Mb L: 1211/2713 MS: 8 ShuffleBytes-Custom-ChangeBinInt-Custom-ChangeBit-Custom-PersAutoDict-Custom- DE: "not enough memory"-
#2308	NEW    cov: 1606 ft: 5461 corp: 330/45Kb lim: 65536 exec/s: 1154 rss: 572Mb L: 14/2713 MS: 1 CustomCrossOver-
#2309	NEW    cov: 1606 ft: 5461 corp: 329/45Kb lim: 65536 exec/s: 1154 rss: 572Mb L: 13/2713 MS: 2 ManualDict-Custom- DE: "and"-
#2311	NEW    cov: 1606 ft: 5461 corp: 329/45Kb lim: 65536 exec/s: 1155 rss: 572Mb L: 239/2713 MS: 4 ChangeBit-Custom-InsertRepeatedBytes-Custom-
#2338	NEW    cov: 1606 ft: 5461 corp: 330/45Kb lim: 65536 exec/s: 779 rss: 579Mb L: 14/2713 MS: 2 CustomCrossOver-CustomCrossOver-
#2342	NEW    cov: 1606 ft: 5461 corp: 330/45Kb lim: 65536 exec/s: 780 rss: 580Mb L: 53/2713 MS: 6 CustomCrossOver-CMP-Custom-ChangeByte-Custom-CustomCrossOver- DE: "\377\377\377\000"-
#2353	NEW    cov: 1606 ft: 5461 corp: 331/45Kb lim: 65536 exec/s: 784 rss: 582Mb L: 17/2713 MS: 2 EraseBytes-Custom-
#2356	NEW    cov: 1606 ft: 5461 corp: 332/45Kb lim: 65536 exec/s: 785 rss: 583Mb L: 11/2713 MS: 5 EraseBytes-Custom-ChangeBinInt-Custom-CustomCrossOver-
#2357	NEW    cov: 1606 ft: 5461 corp: 332/45Kb lim: 65536 exec/s: 785 rss: 583Mb L: 255/2713 MS: 2 ChangeBinInt-Custom-
#2378	NEW    cov: 1606 ft: 5463 corp: 333/46Kb lim: 65536 exec/s: 792 rss: 588Mb L: 1038/2713 MS: 2 InsertByte-Custom-
#2379	NEW    cov: 1606 ft: 5463 corp: 333/46Kb lim: 65536 exec/s: 793 rss: 588Mb L: 12/2713 MS: 1 CustomCrossOver-
#2380	NEW    cov: 1606 ft: 5463 corp: 333/46Kb lim: 65536 exec/s: 793 rss: 588Mb L: 22/2713 MS: 1 CustomCrossOver-
#2381	NEW    cov: 1606 ft: 5463 corp: 333/46Kb lim: 65536 exec/s: 793 rss: 588Mb L: 17/2713 MS: 2 InsertByte-Custom-
#2383	NEW    cov: 1606 ft: 5463 corp: 333/46Kb lim: 65536 exec/s: 794 rss: 589Mb L: 6/2713 MS: 4 ChangeByte-Custom-EraseBytes-Custom-
#2384	NEW    cov: 1606 ft: 5463 corp: 334/46Kb lim: 65536 exec/s: 794 rss: 589Mb L: 20/2713 MS: 2 CMP-Custom- DE: "env"-
#2393	NEW    cov: 1606 ft: 5463 corp: 334/46Kb lim: 65536 exec/s: 797 rss: 591Mb L: 38/2713 MS: 6 CustomCrossOver-EraseBytes-Custom-CustomCrossOver-CrossOver-Custom-
#2394	NEW    cov: 1606 ft: 5463 corp: 334/46Kb lim: 65536 exec/s: 798 rss: 591Mb L: 211/2713 MS: 2 EraseBytes-Custom-
#2405	NEW    cov: 1606 ft: 5463 corp: 335/46Kb lim: 65536 exec/s: 801 rss: 594Mb L: 13/2713 MS: 2 EraseBytes-Custom-
#2410	NEW    cov: 1606 ft: 5464 corp: 336/46Kb lim: 65536 exec/s: 803 rss: 595Mb L: 201/2713 MS: 8 InsertRepeatedBytes-Custom-CustomCrossOver-InsertByte-Custom-InsertRepeatedBytes-Custom-CustomCrossOver-
#2413	NEW    cov: 1606 ft: 5465 corp: 337/47Kb lim: 65536 exec/s: 804 rss: 596Mb L: 1472/2713 MS: 6 ManualDict-Custom-CrossOver-Custom-CMP-Custom- DE: "pipeline"-"sol"-
#2415	NEW    cov: 1606 ft: 5465 corp: 338/47Kb lim: 65536 exec/s: 805 rss: 596Mb L: 11/2713 MS: 3 ChangeBinInt-Custom-CustomCrossOver-
#2421	NEW    cov: 1606 ft: 5465 corp: 339/47Kb lim: 65536 exec/s: 807 rss: 598Mb L: 13/2713 MS: 2 ChangeBinInt-Custom-
#2428	NEW    cov: 1606 ft: 5467 corp: 340/47Kb lim: 65536 exec/s: 809 rss: 599Mb L: 63/2713 MS: 3 ChangeBit-Custom-CustomCrossOver-
#2439	NEW    cov: 1606 ft: 5468 corp: 341/49Kb lim: 65536 exec/s: 813 rss: 602Mb L: 2121/2713 MS: 1 CustomCrossOver-
#2466	NEW    cov: 1606 ft: 5468 corp: 341/49Kb lim: 65536 exec/s: 822 rss: 608Mb L: 13/2713 MS: 3 PersAutoDict-Custom-CustomCrossOver- DE: "SECRET"-
#2467	NEW    cov: 1606 ft: 5468 corp: 341/49Kb lim: 65536 exec/s: 822 rss: 608Mb L: 30/2713 MS: 1 CustomCrossOver-
#2473	NEW    cov: 1606 ft: 5468 corp: 341/49Kb lim: 65536 exec/s: 824 rss: 609Mb L: 14/2713 MS: 2 CopyPart-Custom-
#2474	NEW    cov: 1606 ft: 5468 corp: 338/49Kb lim: 65536 exec/s: 824 rss: 609Mb L: 11/2713 MS: 2 EraseBytes-Custom-
#2495	NEW    cov: 1606 ft: 5468 corp: 338/49Kb lim: 65536 exec/s: 831 rss: 614Mb L: 1131/2713 MS: 2 InsertRepeatedBytes-Custom-
#2499	NEW    cov: 1606 ft: 5468 corp: 338/49Kb lim: 65536 exec/s: 833 rss: 615Mb L: 15/2713 MS: 8 ChangeBinInt-Custom-PersAutoDict-Custom-PersAutoDict-Custom-ShuffleBytes-Custom- DE: "\003\000"-"run"-
#2500	NEW    cov: 1606 ft: 5469 corp: 339/49Kb lim: 65536 exec/s: 833 rss: 615Mb L: 166/2713 MS: 2 ManualDict-Custom- DE: "0x1f"-
#2523	NEW    cov: 1606 ft: 5469 corp: 340/49Kb lim: 65536 exec/s: 841 rss: 621Mb L: 13/2713 MS: 6 CopyPart-Custom-InsertByte-Custom-EraseBytes-Custom-
#2526	NEW    cov: 1606 ft: 5477 corp: 341/54Kb lim: 65536 exec/s: 842 rss: 622Mb L: 5054/5054 MS: 5 CustomCrossOver-ManualDict-Custom-CopyPart-Custom- DE: "table"-
#2528	NEW    cov: 1606 ft: 5477 corp: 342/54Kb lim: 65536 exec/s: 842 rss: 622Mb L: 10/5054 MS: 2 CustomCrossOver-CustomCrossOver-
	NEW_FUNC[1/4]: 0x000000507238 in void std::_Destroy<beez::core::StepOrderHint>(beez::core::StepOrderHint*) /usr/bin/../lib/gcc/x86_64-redhat-linux/16/../../../../include/c++/16/bits/stl_construct.h:162
	NEW_FUNC[2/4]: 0x000000507298 in void std::destroy_at<beez::core::StepOrderHint>(beez::core::StepOrderHint*) /usr/bin/../lib/gcc/x86_64-redhat-linux/16/../../../../include/c++/16/bits/stl_construct.h:81
#2548	NEW    cov: 1617 ft: 5580 corp: 343/54Kb lim: 65536 exec/s: 849 rss: 627Mb L: 54/5054 MS: 10 PersAutoDict-Custom-ChangeBinInt-Custom-ChangeBinInt-Custom-InsertByte-Custom-InsertByte-Custom- DE: "SECRET"-
#2553	NEW    cov: 1617 ft: 5580 corp: 342/54Kb lim: 65536 exec/s: 851 rss: 628Mb L: 23/5054 MS: 10 ChangeBit-Custom-PersAutoDict-Custom-EraseBytes-Custom-ChangeBinInt-Custom-ChangeBit-Custom- DE: "CC"-
#2555	NEW    cov: 1617 ft: 5580 corp: 342/54Kb lim: 65536 exec/s: 851 rss: 629Mb L: 21/5054 MS: 4 ShuffleBytes-Custom-ShuffleBytes-Custom-
#2556	NEW    cov: 1617 ft: 5582 corp: 343/55Kb lim: 65536 exec/s: 852 rss: 629Mb L: 1038/5054 MS: 2 PersAutoDict-Custom- DE: "\377\377\377\377"-
#2562	NEW    cov: 1617 ft: 5585 corp: 344/55Kb lim: 65536 exec/s: 854 rss: 631Mb L: 29/5054 MS: 1 CustomCrossOver-
#2589	NEW    cov: 1617 ft: 5585 corp: 345/55Kb lim: 65536 exec/s: 863 rss: 637Mb L: 39/5054 MS: 4 ChangeBinInt-Custom-CMP-Custom- DE: "not enough memory"-
#2593	NEW    cov: 1617 ft: 5585 corp: 346/55Kb lim: 65536 exec/s: 864 rss: 638Mb L: 19/5054 MS: 5 InsertByte-Custom-CustomCrossOver-CustomCrossOver-CustomCrossOver-
#2597	NEW    cov: 1617 ft: 5585 corp: 347/55Kb lim: 65536 exec/s: 865 rss: 638Mb L: 16/5054 MS: 6 CustomCrossOver-CMP-Custom-ShuffleBytes-Custom-CustomCrossOver- DE: "download"-
#2623	NEW    cov: 1617 ft: 5585 corp: 348/55Kb lim: 65536 exec/s: 874 rss: 645Mb L: 11/5054 MS: 2 CopyPart-Custom-
#2624	NEW    cov: 1617 ft: 5585 corp: 347/55Kb lim: 65536 exec/s: 874 rss: 645Mb L: 13/5054 MS: 1 CustomCrossOver-
#2625	NEW    cov: 1617 ft: 5585 corp: 347/55Kb lim: 65536 exec/s: 875 rss: 645Mb L: 11/5054 MS: 2 ShuffleBytes-Custom-
#2636	NEW    cov: 1617 ft: 5585 corp: 348/55Kb lim: 65536 exec/s: 878 rss: 648Mb L: 6/5054 MS: 2 ChangeBit-Custom-
#2657	NEW    cov: 1617 ft: 5585 corp: 348/55Kb lim: 65536 exec/s: 885 rss: 653Mb L: 7/5054 MS: 2 ChangeBinInt-Custom-
#2685	NEW    cov: 1617 ft: 5585 corp: 348/55Kb lim: 65536 exec/s: 895 rss: 659Mb L: 73/5054 MS: 6 PersAutoDict-Custom-CopyPart-Custom-InsertByte-Custom- DE: "globby"-
#2686	NEW    cov: 1617 ft: 5585 corp: 348/55Kb lim: 65536 exec/s: 895 rss: 659Mb L: 10/5054 MS: 2 ChangeBit-Custom-
#2709	NEW    cov: 1617 ft: 5585 corp: 348/55Kb lim: 65536 exec/s: 903 rss: 665Mb L: 10/5054 MS: 5 ChangeBinInt-Custom-ChangeByte-Custom-CustomCrossOver-
#2711	NEW    cov: 1617 ft: 5585 corp: 348/55Kb lim: 65536 exec/s: 903 rss: 665Mb L: 48/5054 MS: 4 PersAutoDict-Custom-EraseBytes-Custom- DE: "not"-
#2722	NEW    cov: 1617 ft: 5585 corp: 347/55Kb lim: 65536 exec/s: 907 rss: 668Mb L: 8/5054 MS: 2 ChangeBinInt-Custom-
#2725	NEW    cov: 1617 ft: 5588 corp: 347/54Kb lim: 65536 exec/s: 908 rss: 668Mb L: 191/5054 MS: 6 CMP-Custom-InsertByte-Custom-CrossOver-Custom- DE: "delete"-
#2735	NEW    cov: 1617 ft: 5591 corp: 348/62Kb lim: 65536 exec/s: 911 rss: 670Mb L: 7639/7639 MS: 10 PersAutoDict-Custom-InsertRepeatedBytes-Custom-InsertByte-Custom-InsertRepeatedBytes-Custom-CopyPart-Custom- DE: "globby"-
#2736	NEW    cov: 1617 ft: 5591 corp: 348/62Kb lim: 65536 exec/s: 912 rss: 671Mb L: 10/7639 MS: 2 EraseBytes-Custom-
#2762	NEW    cov: 1617 ft: 5592 corp: 349/62Kb lim: 65536 exec/s: 920 rss: 677Mb L: 216/7639 MS: 2 CMP-Custom- DE: "warn"-
#2772	NEW    cov: 1617 ft: 5594 corp: 350/62Kb lim: 65536 exec/s: 924 rss: 679Mb L: 119/7639 MS: 10 ChangeBit-Custom-InsertRepeatedBytes-Custom-CopyPart-Custom-ChangeBit-Custom-ManualDict-Custom- DE: "("-
#2778	NEW    cov: 1617 ft: 5594 corp: 350/62Kb lim: 65536 exec/s: 926 rss: 680Mb L: 19/7639 MS: 2 CMP-Custom- DE: "\001\000"-
#2781	NEW    cov: 1617 ft: 5599 corp: 351/64Kb lim: 65536 exec/s: 927 rss: 681Mb L: 2154/7639 MS: 6 InsertRepeatedBytes-Custom-ShuffleBytes-Custom-ChangeASCIIInt-Custom-
#2793	NEW    cov: 1617 ft: 5599 corp: 351/64Kb lim: 65536 exec/s: 931 rss: 684Mb L: 17/7639 MS: 4 PersAutoDict-Custom-ChangeBinInt-Custom- DE: "\001\000\000\000\000\374\274p"-
#2812	NEW    cov: 1617 ft: 5599 corp: 352/64Kb lim: 65536 exec/s: 937 rss: 688Mb L: 14/7639 MS: 8 EraseBytes-Custom-ShuffleBytes-Custom-ChangeByte-Custom-ChangeBinInt-Custom-
#3554	RELOAD cov: 1617 ft: 5957 corp: 383/72Kb lim: 65536 exec/s: 888 rss: 859Mb
#3556	NEW    cov: 1617 ft: 5958 corp: 384/74Kb lim: 65536 exec/s: 889 rss: 859Mb L: 1532/7639 MS: 4 InsertRepeatedBytes-Custom-ChangeBinInt-Custom-
#3557	NEW    cov: 1617 ft: 5958 corp: 382/74Kb lim: 65536 exec/s: 889 rss: 859Mb L: 9/7639 MS: 1 CustomCrossOver-
#3581	NEW    cov: 1617 ft: 5958 corp: 382/74Kb lim: 65536 exec/s: 895 rss: 865Mb L: 19/7639 MS: 6 ChangeByte-Custom-CustomCrossOver-ChangeBinInt-Custom-CustomCrossOver-
#3592	NEW    cov: 1617 ft: 5958 corp: 383/74Kb lim: 65536 exec/s: 898 rss: 868Mb L: 71/7639 MS: 2 PersAutoDict-Custom- DE: "tostring"-
#3602	NEW    cov: 1617 ft: 5958 corp: 383/74Kb lim: 65536 exec/s: 900 rss: 870Mb L: 27/7639 MS: 10 InsertByte-Custom-ChangeASCIIInt-Custom-ChangeBit-Custom-ChangeASCIIInt-Custom-CMP-Custom- DE: "~\377\377\377\377\377\377\376"-
#3603	NEW    cov: 1617 ft: 5958 corp: 384/74Kb lim: 65536 exec/s: 900 rss: 870Mb L: 10/7639 MS: 2 ChangeBinInt-Custom-
#3604	NEW    cov: 1617 ft: 5966 corp: 385/74Kb lim: 65536 exec/s: 901 rss: 870Mb L: 14/7639 MS: 2 InsertByte-Custom-
#3620	NEW    cov: 1617 ft: 5966 corp: 386/74Kb lim: 65536 exec/s: 905 rss: 874Mb L: 34/7639 MS: 2 PersAutoDict-Custom- DE: "pin_threads_to_cores"-
#3631	NEW    cov: 1617 ft: 5966 corp: 386/74Kb lim: 65536 exec/s: 907 rss: 876Mb L: 20/7639 MS: 2 CopyPart-Custom-
#3637	NEW    cov: 1617 ft: 5967 corp: 387/74Kb lim: 65536 exec/s: 909 rss: 878Mb L: 30/7639 MS: 2 ChangeByte-Custom-
#3640	NEW    cov: 1617 ft: 5971 corp: 388/74Kb lim: 65536 exec/s: 910 rss: 878Mb L: 192/7639 MS: 6 ChangeASCIIInt-Custom-ManualDict-Custom-CopyPart-Custom- DE: "docs"-
#3651	NEW    cov: 1617 ft: 5971 corp: 388/74Kb lim: 65536 exec/s: 912 rss: 881Mb L: 9/7639 MS: 2 ChangeByte-Custom-
#3652	NEW    cov: 1617 ft: 5971 corp: 388/74Kb lim: 65536 exec/s: 913 rss: 881Mb L: 24/7639 MS: 2 ChangeBinInt-Custom-
#3663	NEW    cov: 1617 ft: 5971 corp: 388/74Kb lim: 65536 exec/s: 915 rss: 884Mb L: 58/7639 MS: 2 EraseBytes-Custom-
#3664	NEW    cov: 1617 ft: 5971 corp: 389/74Kb lim: 65536 exec/s: 916 rss: 884Mb L: 15/7639 MS: 2 InsertByte-Custom-
#3671	NEW    cov: 1617 ft: 5971 corp: 389/74Kb lim: 65536 exec/s: 917 rss: 886Mb L: 9/7639 MS: 2 CustomCrossOver-CustomCrossOver-
#3685	NEW    cov: 1617 ft: 5971 corp: 388/74Kb lim: 65536 exec/s: 921 rss: 888Mb L: 69/7639 MS: 8 EraseBytes-Custom-ManualDict-Custom-ShuffleBytes-Custom-InsertByte-Custom- DE: "then"-
#3687	NEW    cov: 1617 ft: 5971 corp: 388/74Kb lim: 65536 exec/s: 921 rss: 889Mb L: 18/7639 MS: 2 CustomCrossOver-CustomCrossOver-
#3713	NEW    cov: 1617 ft: 5971 corp: 389/74Kb lim: 65536 exec/s: 928 rss: 895Mb L: 7/7639 MS: 2 ChangeBinInt-Custom-
#3717	NEW    cov: 1617 ft: 5971 corp: 389/74Kb lim: 65536 exec/s: 929 rss: 896Mb L: 123/7639 MS: 8 InsertRepeatedBytes-Custom-CMP-Custom-ChangeByte-Custom-ManualDict-Custom- DE: "\000\000"-"bulk-"-
#3720	NEW    cov: 1617 ft: 5971 corp: 390/74Kb lim: 65536 exec/s: 930 rss: 896Mb L: 16/7639 MS: 6 PersAutoDict-Custom-ShuffleBytes-Custom-InsertByte-Custom- DE: "globby"-
#3726	NEW    cov: 1617 ft: 5971 corp: 390/74Kb lim: 65536 exec/s: 931 rss: 897Mb L: 18/7639 MS: 2 ChangeByte-Custom-
#3734	NEW    cov: 1617 ft: 5975 corp: 390/74Kb lim: 65536 exec/s: 933 rss: 899Mb L: 97/7639 MS: 6 ChangeBit-Custom-ShuffleBytes-Custom-EraseBytes-Custom-
#3735	NEW    cov: 1617 ft: 5975 corp: 391/74Kb lim: 65536 exec/s: 933 rss: 900Mb L: 12/7639 MS: 2 EraseBytes-Custom-
#3738	NEW    cov: 1617 ft: 5975 corp: 390/73Kb lim: 65536 exec/s: 934 rss: 900Mb L: 17/7639 MS: 6 InsertByte-Custom-ChangeByte-Custom-ManualDict-Custom- DE: "\036"-
#3756	NEW    cov: 1617 ft: 5975 corp: 390/73Kb lim: 65536 exec/s: 939 rss: 904Mb L: 14/7639 MS: 6 ManualDict-Custom-EraseBytes-Custom-CopyPart-Custom- DE: "metadata"-
#3785	NEW    cov: 1617 ft: 5975 corp: 390/73Kb lim: 65536 exec/s: 946 rss: 910Mb L: 9/7639 MS: 8 ChangeByte-Custom-CMP-Custom-ChangeBinInt-Custom-EraseBytes-Custom- DE: "env"-
#3846	NEW    cov: 1617 ft: 5975 corp: 391/73Kb lim: 65536 exec/s: 961 rss: 924Mb L: 10/7639 MS: 1 CustomCrossOver-
#3862	NEW    cov: 1617 ft: 5975 corp: 392/74Kb lim: 65536 exec/s: 965 rss: 928Mb L: 20/7639 MS: 2 ChangeByte-Custom-
#3890	NEW    cov: 1617 ft: 5975 corp: 392/74Kb lim: 65536 exec/s: 972 rss: 935Mb L: 4/7639 MS: 3 CustomCrossOver-CustomCrossOver-CustomCrossOver-
#3911	NEW    cov: 1617 ft: 5975 corp: 392/74Kb lim: 65536 exec/s: 977 rss: 939Mb L: 9/7639 MS: 2 ShuffleBytes-Custom-
#3915	NEW    cov: 1617 ft: 5976 corp: 393/74Kb lim: 65536 exec/s: 978 rss: 940Mb L: 788/7639 MS: 8 ManualDict-Custom-ManualDict-Custom-ChangeByte-Custom-ManualDict-Custom- DE: "ignore_vars_for_hashing"-"fnv1a64"-"globby"-
#3925	NEW    cov: 1617 ft: 5977 corp: 394/75Kb lim: 65536 exec/s: 981 rss: 942Mb L: 257/7639 MS: 9 CrossOver-Custom-InsertRepeatedBytes-Custom-InsertRepeatedBytes-Custom-PersAutoDict-Custom-CustomCrossOver- DE: "script_file"-
#3951	NEW    cov: 1617 ft: 5978 corp: 393/74Kb lim: 65536 exec/s: 987 rss: 947Mb L: 87/7639 MS: 1 CustomCrossOver-
#3954	NEW    cov: 1617 ft: 5978 corp: 393/74Kb lim: 65536 exec/s: 988 rss: 948Mb L: 9/7639 MS: 4 ShuffleBytes-Custom-CustomCrossOver-CustomCrossOver-
#3960	NEW    cov: 1617 ft: 5978 corp: 394/74Kb lim: 65536 exec/s: 990 rss: 949Mb L: 9/7639 MS: 2 PersAutoDict-Custom- DE: "\030\000"-
#3969	NEW    cov: 1617 ft: 5978 corp: 395/74Kb lim: 65536 exec/s: 992 rss: 951Mb L: 9/7639 MS: 7 CustomCrossOver-InsertByte-Custom-ChangeBinInt-Custom-EraseBytes-Custom-
#3970	NEW    cov: 1617 ft: 5978 corp: 396/74Kb lim: 65536 exec/s: 992 rss: 951Mb L: 48/7639 MS: 2 ShuffleBytes-Custom-
#3974	NEW    cov: 1617 ft: 5978 corp: 396/74Kb lim: 65536 exec/s: 993 rss: 952Mb L: 9/7639 MS: 7 ChangeBinInt-Custom-PersAutoDict-Custom-CrossOver-Custom-CustomCrossOver- DE: "glob"-
#3990	NEW    cov: 1617 ft: 5978 corp: 396/74Kb lim: 65536 exec/s: 997 rss: 956Mb L: 18/7639 MS: 2 PersAutoDict-Custom- DE: "name"-
#3996	NEW    cov: 1617 ft: 5978 corp: 396/74Kb lim: 65536 exec/s: 999 rss: 957Mb L: 98/7639 MS: 1 CustomCrossOver-
#3997	NEW    cov: 1617 ft: 5978 corp: 396/74Kb lim: 65536 exec/s: 999 rss: 957Mb L: 19/7639 MS: 2 CopyPart-Custom-
#4008	NEW    cov: 1617 ft: 5978 corp: 397/74Kb lim: 65536 exec/s: 1002 rss: 960Mb L: 7/7639 MS: 2 ShuffleBytes-Custom-
#4019	NEW    cov: 1617 ft: 5978 corp: 397/74Kb lim: 65536 exec/s: 1004 rss: 962Mb L: 6/7639 MS: 2 EraseBytes-Custom-
#4023	NEW    cov: 1617 ft: 5979 corp: 398/74Kb lim: 65536 exec/s: 1005 rss: 963Mb L: 696/7639 MS: 8 ChangeBit-Custom-InsertRepeatedBytes-Custom-CopyPart-Custom-EraseBytes-Custom-
#4044	NEW    cov: 1617 ft: 5979 corp: 399/75Kb lim: 65536 exec/s: 1011 rss: 968Mb L: 17/7639 MS: 2 ShuffleBytes-Custom-
#4050	NEW    cov: 1617 ft: 5979 corp: 400/75Kb lim: 65536 exec/s: 1012 rss: 969Mb L: 16/7639 MS: 2 CopyPart-Custom-
#4051	NEW    cov: 1617 ft: 5979 corp: 398/74Kb lim: 65536 exec/s: 1012 rss: 969Mb L: 10/7639 MS: 2 InsertByte-Custom-
#4074	NEW    cov: 1617 ft: 5979 corp: 398/74Kb lim: 65536 exec/s: 814 rss: 975Mb L: 79/7639 MS: 6 CopyPart-Custom-InsertRepeatedBytes-Custom-ChangeByte-Custom-
#4075	NEW    cov: 1617 ft: 5980 corp: 399/74Kb lim: 65536 exec/s: 815 rss: 975Mb L: 31/7639 MS: 2 ChangeBinInt-Custom-
#4095	NEW    cov: 1617 ft: 5980 corp: 399/74Kb lim: 65536 exec/s: 819 rss: 979Mb L: 27/7639 MS: 10 ChangeBinInt-Custom-ManualDict-Custom-EraseBytes-Custom-ChangeBinInt-Custom-ChangeBinInt-Custom- DE: "return"-
#4096	pulse  cov: 1617 ft: 5980 corp: 399/74Kb lim: 65536 exec/s: 819 rss: 979Mb
#4134	NEW    cov: 1617 ft: 5981 corp: 400/74Kb lim: 65536 exec/s: 826 rss: 988Mb L: 10/7639 MS: 8 ChangeBit-Custom-PersAutoDict-Custom-ShuffleBytes-Custom-ManualDict-Custom- DE: "braced"-"progress"-
#4140	NEW    cov: 1617 ft: 5981 corp: 400/74Kb lim: 65536 exec/s: 828 rss: 989Mb L: 24/7639 MS: 2 ShuffleBytes-Custom-
#4141	NEW    cov: 1617 ft: 5981 corp: 401/74Kb lim: 65536 exec/s: 828 rss: 990Mb L: 4/7639 MS: 1 CustomCrossOver-
#4159	NEW    cov: 1617 ft: 5981 corp: 401/74Kb lim: 65536 exec/s: 831 rss: 994Mb L: 8/7639 MS: 5 CrossOver-Custom-ShuffleBytes-Custom-CustomCrossOver-
#4163	NEW    cov: 1617 ft: 5981 corp: 402/75Kb lim: 65536 exec/s: 832 rss: 995Mb L: 67/7639 MS: 8 CMP-Custom-CopyPart-Custom-ShuffleBytes-Custom-ManualDict-Custom- DE: "join"-"already registered"-
#4170	NEW    cov: 1617 ft: 5981 corp: 403/76Kb lim: 65536 exec/s: 834 rss: 996Mb L: 1533/7639 MS: 4 ChangeBinInt-Custom-InsertByte-Custom-
#4176	NEW    cov: 1617 ft: 5981 corp: 401/76Kb lim: 65536 exec/s: 835 rss: 997Mb L: 7/7639 MS: 2 ChangeByte-Custom-
#4178	NEW    cov: 1617 ft: 5981 corp: 401/76Kb lim: 65536 exec/s: 835 rss: 998Mb L: 24/7639 MS: 4 ManualDict-Custom-ChangeByte-Custom- DE: "percent"-
#4195	NEW    cov: 1617 ft: 5981 corp: 400/76Kb lim: 65536 exec/s: 839 rss: 1001Mb L: 9/7639 MS: 2 CustomCrossOver-CustomCrossOver-
#4206	NEW    cov: 1617 ft: 5981 corp: 400/76Kb lim: 65536 exec/s: 841 rss: 1004Mb L: 38/7639 MS: 1 CustomCrossOver-
#4219	NEW    cov: 1617 ft: 5981 corp: 401/76Kb lim: 65536 exec/s: 843 rss: 1007Mb L: 10/7639 MS: 3 CustomCrossOver-CustomCrossOver-CustomCrossOver-
#4220	NEW    cov: 1617 ft: 5984 corp: 402/76Kb lim: 65536 exec/s: 844 rss: 1007Mb L: 40/7639 MS: 2 InsertRepeatedBytes-Custom-
#4221	NEW    cov: 1617 ft: 5984 corp: 403/76Kb lim: 65536 exec/s: 844 rss: 1007Mb L: 4/7639 MS: 1 CustomCrossOver-
#4225	NEW    cov: 1617 ft: 5984 corp: 403/76Kb lim: 65536 exec/s: 845 rss: 1008Mb L: 8/7639 MS: 6 CrossOver-Custom-CustomCrossOver-CustomCrossOver-EraseBytes-Custom-
#4238	NEW    cov: 1617 ft: 5984 corp: 402/76Kb lim: 65536 exec/s: 847 rss: 1011Mb L: 14/7639 MS: 6 ShuffleBytes-Custom-ManualDict-Custom-EraseBytes-Custom- DE: "animation"-
#4239	NEW    cov: 1617 ft: 5984 corp: 402/76Kb lim: 65536 exec/s: 847 rss: 1012Mb L: 22/7639 MS: 1 CustomCrossOver-
#4240	NEW    cov: 1617 ft: 5984 corp: 402/76Kb lim: 65536 exec/s: 848 rss: 1012Mb L: 19/7639 MS: 2 CopyPart-Custom-
#4260	NEW    cov: 1617 ft: 5985 corp: 403/77Kb lim: 65536 exec/s: 852 rss: 1016Mb L: 1158/7639 MS: 8 EraseBytes-Custom-ManualDict-Custom-CustomCrossOver-CustomCrossOver-CrossOver-Custom- DE: "]"-
#4281	NEW    cov: 1617 ft: 5989 corp: 399/77Kb lim: 65536 exec/s: 856 rss: 1021Mb L: 13/7639 MS: 2 CrossOver-Custom-
#4291	NEW    cov: 1617 ft: 5989 corp: 399/77Kb lim: 65536 exec/s: 858 rss: 1023Mb L: 131/7639 MS: 10 InsertByte-Custom-PersAutoDict-Custom-ChangeByte-Custom-InsertRepeatedBytes-Custom-InsertByte-Custom- DE: "0x1f"-
#4302	NEW    cov: 1617 ft: 5989 corp: 399/77Kb lim: 65536 exec/s: 860 rss: 1026Mb L: 9/7639 MS: 2 ChangeBit-Custom-
#4338	NEW    cov: 1617 ft: 5989 corp: 400/77Kb lim: 65536 exec/s: 867 rss: 1033Mb L: 17/7639 MS: 2 ManualDict-Custom- DE: "error"-
#4340	NEW    cov: 1617 ft: 5989 corp: 400/77Kb lim: 65536 exec/s: 868 rss: 1034Mb L: 9/7639 MS: 3 EraseBytes-Custom-CustomCrossOver-
#4342	NEW    cov: 1617 ft: 5989 corp: 400/71Kb lim: 65536 exec/s: 868 rss: 1034Mb L: 1791/5054 MS: 4 ShuffleBytes-Custom-ChangeBit-Custom-
#4370	NEW    cov: 1617 ft: 5989 corp: 400/70Kb lim: 65536 exec/s: 874 rss: 1040Mb L: 87/5054 MS: 6 ChangeBit-Custom-InsertByte-Custom-CopyPart-Custom-
#4375	NEW    cov: 1617 ft: 5992 corp: 401/70Kb lim: 65536 exec/s: 875 rss: 1041Mb L: 603/5054 MS: 10 EraseBytes-Custom-ChangeByte-Custom-InsertByte-Custom-PersAutoDict-Custom-InsertByte-Custom- DE: "\001\000\000\037"-
#4388	NEW    cov: 1617 ft: 5995 corp: 402/72Kb lim: 65536 exec/s: 877 rss: 1044Mb L: 2095/5054 MS: 6 ChangeBit-Custom-ChangeASCIIInt-Custom-ChangeBinInt-Custom-
#4391	NEW    cov: 1617 ft: 5995 corp: 402/72Kb lim: 65536 exec/s: 878 rss: 1045Mb L: 119/5054 MS: 4 CustomCrossOver-ManualDict-Custom-CustomCrossOver- DE: "PATH"-
#4397	NEW    cov: 1617 ft: 5995 corp: 403/72Kb lim: 65536 exec/s: 879 rss: 1046Mb L: 5/5054 MS: 2 EraseBytes-Custom-
#4408	NEW    cov: 1617 ft: 5995 corp: 404/73Kb lim: 65536 exec/s: 881 rss: 1049Mb L: 148/5054 MS: 1 CustomCrossOver-
#4422	NEW    cov: 1617 ft: 5996 corp: 405/74Kb lim: 65536 exec/s: 884 rss: 1052Mb L: 1768/5054 MS: 8 CopyPart-Custom-ChangeByte-Custom-ManualDict-Custom-InsertByte-Custom- DE: "setGcThroughputMode"-
#4965	RELOAD cov: 1617 ft: 6052 corp: 439/123Kb lim: 65536 exec/s: 827 rss: 1174Mb
#4982	NEW    cov: 1617 ft: 6052 corp: 438/123Kb lim: 65536 exec/s: 830 rss: 1178Mb L: 17/21292 MS: 3 PersAutoDict-Custom-CustomCrossOver- DE: "logging"-
#4989	NEW    cov: 1617 ft: 6053 corp: 439/123Kb lim: 65536 exec/s: 831 rss: 1179Mb L: 14/21292 MS: 3 PersAutoDict-Custom-CustomCrossOver- DE: "pipeline"-
#5007	NEW    cov: 1617 ft: 6053 corp: 438/123Kb lim: 65536 exec/s: 834 rss: 1183Mb L: 8/21292 MS: 4 CopyPart-Custom-CustomCrossOver-CustomCrossOver-
#5013	NEW    cov: 1617 ft: 6054 corp: 438/123Kb lim: 65536 exec/s: 835 rss: 1185Mb L: 266/21292 MS: 2 ChangeBinInt-Custom-
#5020	NEW    cov: 1617 ft: 6054 corp: 439/123Kb lim: 65536 exec/s: 836 rss: 1187Mb L: 5/21292 MS: 4 ChangeByte-Custom-EraseBytes-Custom-
#5029	NEW    cov: 1617 ft: 6054 corp: 440/123Kb lim: 65536 exec/s: 838 rss: 1188Mb L: 17/21292 MS: 8 ShuffleBytes-Custom-ChangeBinInt-Custom-PersAutoDict-Custom-InsertByte-Custom- DE: "beez"-
#5030	NEW    cov: 1617 ft: 6054 corp: 441/123Kb lim: 65536 exec/s: 838 rss: 1189Mb L: 5/21292 MS: 2 EraseBytes-Custom-
#5046	NEW    cov: 1617 ft: 6054 corp: 442/123Kb lim: 65536 exec/s: 841 rss: 1192Mb L: 79/21292 MS: 2 ManualDict-Custom- DE: "orphan"-
#5057	NEW    cov: 1617 ft: 6054 corp: 443/123Kb lim: 65536 exec/s: 842 rss: 1195Mb L: 5/21292 MS: 2 ChangeBinInt-Custom-
#5059	NEW    cov: 1617 ft: 6054 corp: 443/123Kb lim: 65536 exec/s: 843 rss: 1196Mb L: 32/21292 MS: 4 InsertByte-Custom-CMP-Custom- DE: "\001 "-
#5065	NEW    cov: 1617 ft: 6054 corp: 443/123Kb lim: 65536 exec/s: 844 rss: 1197Mb L: 9/21292 MS: 2 EraseBytes-Custom-
#5069	NEW    cov: 1617 ft: 6054 corp: 442/123Kb lim: 65536 exec/s: 844 rss: 1198Mb L: 40/21292 MS: 5 EraseBytes-Custom-CustomCrossOver-CustomCrossOver-CustomCrossOver-
#5071	NEW    cov: 1617 ft: 6054 corp: 442/123Kb lim: 65536 exec/s: 845 rss: 1198Mb L: 12/21292 MS: 4 InsertByte-Custom-ManualDict-Custom- DE: "if"-
#5079	NEW    cov: 1617 ft: 6054 corp: 441/123Kb lim: 65536 exec/s: 846 rss: 1200Mb L: 20/21292 MS: 4 CustomCrossOver-CustomCrossOver-ManualDict-Custom- DE: "references"-
#5091	NEW    cov: 1617 ft: 6054 corp: 442/123Kb lim: 65536 exec/s: 848 rss: 1203Mb L: 21/21292 MS: 4 InsertRepeatedBytes-Custom-ShuffleBytes-Custom-
#5097	NEW    cov: 1617 ft: 6054 corp: 443/123Kb lim: 65536 exec/s: 849 rss: 1204Mb L: 7/21292 MS: 2 ShuffleBytes-Custom-
#5103	NEW    cov: 1617 ft: 6054 corp: 444/123Kb lim: 65536 exec/s: 850 rss: 1206Mb L: 5/21292 MS: 1 CustomCrossOver-
#5109	NEW    cov: 1617 ft: 6054 corp: 445/123Kb lim: 65536 exec/s: 851 rss: 1207Mb L: 75/21292 MS: 2 ManualDict-Custom- DE: "typo_section"-
#5112	NEW    cov: 1617 ft: 6054 corp: 445/123Kb lim: 65536 exec/s: 852 rss: 1208Mb L: 10/21292 MS: 6 ChangeBinInt-Custom-ShuffleBytes-Custom-ChangeBit-Custom-
#5114	NEW    cov: 1617 ft: 6054 corp: 445/123Kb lim: 65536 exec/s: 852 rss: 1209Mb L: 69/21292 MS: 4 CMP-Custom-InsertByte-Custom- DE: "__name"-
#5126	NEW    cov: 1617 ft: 6054 corp: 446/123Kb lim: 65536 exec/s: 854 rss: 1211Mb L: 6/21292 MS: 2 CustomCrossOver-CustomCrossOver-
#5151	NEW    cov: 1617 ft: 6054 corp: 446/123Kb lim: 65536 exec/s: 858 rss: 1218Mb L: 4328/21292 MS: 10 ChangeByte-Custom-ShuffleBytes-Custom-PersAutoDict-Custom-ChangeBinInt-Custom-CopyPart-Custom- DE: "\377\377\377\000"-
#5168	NEW    cov: 1617 ft: 6055 corp: 447/123Kb lim: 65536 exec/s: 861 rss: 1222Mb L: 38/21292 MS: 4 ShuffleBytes-Custom-EraseBytes-Custom-
#5205	NEW    cov: 1617 ft: 6055 corp: 448/123Kb lim: 65536 exec/s: 867 rss: 1230Mb L: 7/21292 MS: 4 CMP-Custom-ChangeBit-Custom- DE: "pid"-
#5222	NEW    cov: 1617 ft: 6060 corp: 449/135Kb lim: 65536 exec/s: 870 rss: 1234Mb L: 12199/21292 MS: 4 PersAutoDict-Custom-CopyPart-Custom- DE: "already registered"-
#5231	NEW    cov: 1617 ft: 6060 corp: 447/135Kb lim: 65536 exec/s: 871 rss: 1235Mb L: 6/21292 MS: 8 ChangeBit-Custom-CopyPart-Custom-ShuffleBytes-Custom-EraseBytes-Custom-
#5237	NEW    cov: 1617 ft: 6060 corp: 447/135Kb lim: 65536 exec/s: 872 rss: 1237Mb L: 8/21292 MS: 2 ShuffleBytes-Custom-
#5240	NEW    cov: 1617 ft: 6060 corp: 445/135Kb lim: 65536 exec/s: 873 rss: 1237Mb L: 68/21292 MS: 6 EraseBytes-Custom-CMP-Custom-InsertByte-Custom- DE: "\001\000\000\027"-
#5241	NEW    cov: 1617 ft: 6060 corp: 445/135Kb lim: 65536 exec/s: 873 rss: 1238Mb L: 8/21292 MS: 2 InsertByte-Custom-
#5257	NEW    cov: 1617 ft: 6060 corp: 445/134Kb lim: 65536 exec/s: 876 rss: 1241Mb L: 162/21292 MS: 2 ManualDict-Custom- DE: ")\""-
#5262	NEW    cov: 1617 ft: 6060 corp: 445/134Kb lim: 65536 exec/s: 877 rss: 1242Mb L: 127/21292 MS: 10 ChangeBinInt-Custom-ShuffleBytes-Custom-InsertByte-Custom-ChangeBit-Custom-CopyPart-Custom-
#5279	NEW    cov: 1617 ft: 6060 corp: 446/134Kb lim: 65536 exec/s: 879 rss: 1246Mb L: 67/21292 MS: 4 PersAutoDict-Custom-InsertRepeatedBytes-Custom- DE: "logging"-
#5290	NEW    cov: 1617 ft: 6060 corp: 445/134Kb lim: 65536 exec/s: 881 rss: 1248Mb L: 9/21292 MS: 2 EraseBytes-Custom-
#5306	NEW    cov: 1617 ft: 6060 corp: 443/134Kb lim: 65536 exec/s: 884 rss: 1251Mb L: 5/21292 MS: 2 ChangeByte-Custom-
#5322	NEW    cov: 1617 ft: 6060 corp: 443/134Kb lim: 65536 exec/s: 887 rss: 1255Mb L: 3/21292 MS: 2 EraseBytes-Custom-
#5353	NEW    cov: 1617 ft: 6060 corp: 444/134Kb lim: 65536 exec/s: 892 rss: 1263Mb L: 15/21292 MS: 2 ChangeByte-Custom-
#5359	NEW    cov: 1617 ft: 6060 corp: 444/134Kb lim: 65536 exec/s: 893 rss: 1264Mb L: 5/21292 MS: 1 CustomCrossOver-
#5375	NEW    cov: 1617 ft: 6060 corp: 443/134Kb lim: 65536 exec/s: 895 rss: 1268Mb L: 21/21292 MS: 2 InsertByte-Custom-
#5396	NEW    cov: 1617 ft: 6060 corp: 443/134Kb lim: 65536 exec/s: 899 rss: 1272Mb L: 14/21292 MS: 2 ChangeBit-Custom-
#5412	NEW    cov: 1617 ft: 6060 corp: 444/134Kb lim: 65536 exec/s: 902 rss: 1276Mb L: 10/21292 MS: 2 ChangeByte-Custom-
#5420	NEW    cov: 1617 ft: 6060 corp: 445/134Kb lim: 65536 exec/s: 903 rss: 1278Mb L: 14/21292 MS: 5 PersAutoDict-Custom-PersAutoDict-Custom-CustomCrossOver- DE: "["-"orphan"-
#5424	NEW    cov: 1617 ft: 6060 corp: 445/134Kb lim: 65536 exec/s: 904 rss: 1279Mb L: 12/21292 MS: 5 CrossOver-Custom-CustomCrossOver-CustomCrossOver-CustomCrossOver-
#5431	NEW    cov: 1617 ft: 6060 corp: 445/131Kb lim: 65536 exec/s: 905 rss: 1281Mb L: 9867/21292 MS: 4 CopyPart-Custom-PersAutoDict-Custom- DE: "\377\377\377\025"-
#5442	NEW    cov: 1617 ft: 6060 corp: 445/131Kb lim: 65536 exec/s: 907 rss: 1283Mb L: 7/21292 MS: 1 CustomCrossOver-
#5503	NEW    cov: 1617 ft: 6060 corp: 445/131Kb lim: 65536 exec/s: 917 rss: 1298Mb L: 7/21292 MS: 2 EraseBytes-Custom-
#5504	NEW    cov: 1617 ft: 6060 corp: 443/131Kb lim: 65536 exec/s: 917 rss: 1298Mb L: 7/21292 MS: 2 EraseBytes-Custom-
#5514	NEW    cov: 1617 ft: 6061 corp: 444/131Kb lim: 65536 exec/s: 919 rss: 1300Mb L: 33/21292 MS: 10 ChangeBinInt-Custom-ChangeASCIIInt-Custom-EraseBytes-Custom-ChangeASCIIInt-Custom-CopyPart-Custom-
#5517	NEW    cov: 1617 ft: 6061 corp: 445/131Kb lim: 65536 exec/s: 919 rss: 1301Mb L: 5/21292 MS: 6 InsertByte-Custom-ChangeBit-Custom-EraseBytes-Custom-
#5526	NEW    cov: 1617 ft: 6061 corp: 445/131Kb lim: 65536 exec/s: 921 rss: 1303Mb L: 7/21292 MS: 7 CrossOver-Custom-InsertRepeatedBytes-Custom-CustomCrossOver-EraseBytes-Custom-
#5527	NEW    cov: 1617 ft: 6061 corp: 444/131Kb lim: 65536 exec/s: 921 rss: 1303Mb L: 5/21292 MS: 2 ChangeBinInt-Custom-
#5584	NEW    cov: 1617 ft: 6061 corp: 444/131Kb lim: 65536 exec/s: 930 rss: 1315Mb L: 45/21292 MS: 3 CMP-Custom-CustomCrossOver- DE: "\000\000\000\000\000\000\000\000"-
#5587	NEW    cov: 1617 ft: 6061 corp: 445/131Kb lim: 65536 exec/s: 931 rss: 1316Mb L: 36/21292 MS: 6 InsertByte-Custom-ChangeBit-Custom-PersAutoDict-Custom- DE: "ignore_vars_for_hashing"-
#5604	NEW    cov: 1617 ft: 6061 corp: 445/131Kb lim: 65536 exec/s: 934 rss: 1319Mb L: 3/21292 MS: 3 CustomCrossOver-EraseBytes-Custom-
#5608	NEW    cov: 1617 ft: 6061 corp: 445/131Kb lim: 65536 exec/s: 934 rss: 1320Mb L: 242/21292 MS: 7 CopyPart-Custom-InsertRepeatedBytes-Custom-CustomCrossOver-InsertByte-Custom-
#5614	NEW    cov: 1617 ft: 6061 corp: 445/131Kb lim: 65536 exec/s: 935 rss: 1322Mb L: 1052/21292 MS: 2 InsertByte-Custom-
#5634	NEW    cov: 1617 ft: 6061 corp: 445/131Kb lim: 65536 exec/s: 939 rss: 1327Mb L: 8/21292 MS: 10 ChangeBinInt-Custom-ChangeByte-Custom-EraseBytes-Custom-InsertByte-Custom-EraseBytes-Custom-
#5652	NEW    cov: 1617 ft: 6061 corp: 445/131Kb lim: 65536 exec/s: 942 rss: 1331Mb L: 16/21292 MS: 6 EraseBytes-Custom-CopyPart-Custom-ChangeBit-Custom-
#5658	NEW    cov: 1617 ft: 6061 corp: 445/131Kb lim: 65536 exec/s: 943 rss: 1332Mb L: 10/21292 MS: 2 ChangeBinInt-Custom-
#5662	NEW    cov: 1617 ft: 6061 corp: 445/131Kb lim: 65536 exec/s: 943 rss: 1333Mb L: 6/21292 MS: 6 ChangeByte-Custom-InsertByte-Custom-CustomCrossOver-CustomCrossOver-
#5664	NEW    cov: 1617 ft: 6063 corp: 446/137Kb lim: 65536 exec/s: 944 rss: 1333Mb L: 6276/21292 MS: 4 ChangeBinInt-Custom-ChangeBinInt-Custom-
#5665	NEW    cov: 1617 ft: 6064 corp: 445/137Kb lim: 65536 exec/s: 944 rss: 1334Mb L: 3/21292 MS: 1 CustomCrossOver-
#5667	NEW    cov: 1617 ft: 6064 corp: 445/137Kb lim: 65536 exec/s: 944 rss: 1334Mb L: 18/21292 MS: 2 CustomCrossOver-CustomCrossOver-
#5673	NEW    cov: 1617 ft: 6064 corp: 446/137Kb lim: 65536 exec/s: 945 rss: 1335Mb L: 4/21292 MS: 2 EraseBytes-Custom-
#5679	NEW    cov: 1617 ft: 6064 corp: 447/137Kb lim: 65536 exec/s: 946 rss: 1337Mb L: 3/21292 MS: 2 EraseBytes-Custom-
#5750	NEW    cov: 1617 ft: 6064 corp: 447/137Kb lim: 65536 exec/s: 958 rss: 1353Mb L: 5/21292 MS: 2 EraseBytes-Custom-
#5760	NEW    cov: 1617 ft: 6064 corp: 447/137Kb lim: 65536 exec/s: 960 rss: 1355Mb L: 7/21292 MS: 7 CustomCrossOver-CopyPart-Custom-CustomCrossOver-CustomCrossOver-ShuffleBytes-Custom-
#5777	NEW    cov: 1617 ft: 6064 corp: 448/137Kb lim: 65536 exec/s: 962 rss: 1359Mb L: 10/21292 MS: 4 ChangeBinInt-Custom-ChangeBit-Custom-
#5778	NEW    cov: 1617 ft: 6064 corp: 448/137Kb lim: 65536 exec/s: 963 rss: 1360Mb L: 50/21292 MS: 2 EraseBytes-Custom-
#5784	NEW    cov: 1617 ft: 6064 corp: 448/137Kb lim: 65536 exec/s: 964 rss: 1361Mb L: 4/21292 MS: 1 CustomCrossOver-
#5806	NEW    cov: 1617 ft: 6127 corp: 449/137Kb lim: 65536 exec/s: 967 rss: 1366Mb L: 26/21292 MS: 4 ShuffleBytes-Custom-ManualDict-Custom- DE: "string"-
#5818	NEW    cov: 1617 ft: 6127 corp: 449/137Kb lim: 65536 exec/s: 831 rss: 1369Mb L: 4/21292 MS: 4 InsertByte-Custom-EraseBytes-Custom-
#6235	RELOAD cov: 1617 ft: 6174 corp: 445/181Kb lim: 65536 exec/s: 890 rss: 1462Mb
#6241	NEW    cov: 1617 ft: 6174 corp: 446/181Kb lim: 65536 exec/s: 891 rss: 1463Mb L: 5/28447 MS: 2 ChangeBinInt-Custom-
#6267	NEW    cov: 1617 ft: 6174 corp: 446/181Kb lim: 65536 exec/s: 895 rss: 1469Mb L: 24/28447 MS: 1 CustomCrossOver-
#6303	NEW    cov: 1617 ft: 6176 corp: 447/206Kb lim: 65536 exec/s: 900 rss: 1476Mb L: 25330/28447 MS: 2 EraseBytes-Custom-
#6323	NEW    cov: 1617 ft: 6177 corp: 448/206Kb lim: 65536 exec/s: 903 rss: 1481Mb L: 74/28447 MS: 9 ChangeASCIIInt-Custom-CustomCrossOver-InsertRepeatedBytes-Custom-ChangeBinInt-Custom-CrossOver-Custom-
#6359	NEW    cov: 1617 ft: 6177 corp: 448/206Kb lim: 65536 exec/s: 908 rss: 1489Mb L: 14/28447 MS: 2 PersAutoDict-Custom- DE: "\377\377\377\000"-
#6383	NEW    cov: 1617 ft: 6177 corp: 448/206Kb lim: 65536 exec/s: 911 rss: 1495Mb L: 10/28447 MS: 8 EraseBytes-Custom-ChangeByte-Custom-ChangeByte-Custom-ShuffleBytes-Custom-
#6419	NEW    cov: 1617 ft: 6177 corp: 449/206Kb lim: 65536 exec/s: 917 rss: 1503Mb L: 4/28447 MS: 2 ChangeByte-Custom-
#6424	NEW    cov: 1617 ft: 6177 corp: 450/206Kb lim: 65536 exec/s: 917 rss: 1504Mb L: 12/28447 MS: 7 ChangeByte-Custom-ChangeBit-Custom-CustomCrossOver-CustomCrossOver-CustomCrossOver-
#6465	NEW    cov: 1617 ft: 6177 corp: 451/206Kb lim: 65536 exec/s: 923 rss: 1514Mb L: 16/28447 MS: 2 ChangeBit-Custom-
#6477	NEW    cov: 1617 ft: 6178 corp: 451/205Kb lim: 65536 exec/s: 925 rss: 1516Mb L: 14/28447 MS: 4 ManualDict-Custom-ChangeBit-Custom- DE: "modernize"-
#6490	NEW    cov: 1617 ft: 6178 corp: 451/205Kb lim: 65536 exec/s: 927 rss: 1520Mb L: 49/28447 MS: 6 ChangeByte-Custom-CMP-Custom-PersAutoDict-Custom- DE: "\001\000\000\000\000\000\000\001"-"progress"-
#6506	NEW    cov: 1617 ft: 6178 corp: 451/205Kb lim: 65536 exec/s: 929 rss: 1523Mb L: 5/28447 MS: 2 CopyPart-Custom-
#6525	NEW    cov: 1617 ft: 6178 corp: 452/205Kb lim: 65536 exec/s: 932 rss: 1528Mb L: 42/28447 MS: 8 ChangeBinInt-Custom-ManualDict-Custom-ChangeBinInt-Custom-PersAutoDict-Custom- DE: "CC"-"to_u"-
#6533	NEW    cov: 1617 ft: 6178 corp: 451/205Kb lim: 65536 exec/s: 933 rss: 1530Mb L: 24/28447 MS: 5 ChangeASCIIInt-Custom-CrossOver-Custom-CustomCrossOver-
#6554	NEW    cov: 1617 ft: 6178 corp: 451/205Kb lim: 65536 exec/s: 936 rss: 1535Mb L: 20/28447 MS: 2 EraseBytes-Custom-
#6566	NEW    cov: 1617 ft: 6178 corp: 451/205Kb lim: 65536 exec/s: 938 rss: 1538Mb L: 24/28447 MS: 4 ManualDict-Custom-CopyPart-Custom- DE: "until"-
#6570	NEW    cov: 1617 ft: 6178 corp: 450/205Kb lim: 65536 exec/s: 938 rss: 1538Mb L: 4/28447 MS: 8 InsertByte-Custom-InsertByte-Custom-EraseBytes-Custom-ChangeBit-Custom-
#6591	NEW    cov: 1617 ft: 6178 corp: 450/205Kb lim: 65536 exec/s: 941 rss: 1543Mb L: 4/28447 MS: 2 ShuffleBytes-Custom-
#6616	NEW    cov: 1617 ft: 6179 corp: 451/205Kb lim: 65536 exec/s: 945 rss: 1549Mb L: 92/28447 MS: 9 PersAutoDict-Custom-ChangeBinInt-Custom-ChangeBinInt-Custom-CopyPart-Custom-CustomCrossOver- DE: "not"-
#6635	NEW    cov: 1617 ft: 6182 corp: 450/205Kb lim: 65536 exec/s: 947 rss: 1552Mb L: 30/28447 MS: 8 CMP-Custom-PersAutoDict-Custom-CMP-Custom-PersAutoDict-Custom- DE: "exis"-"download"-"\000\000\000\000\000\000\000\027"-"to_u"-
#6636	NEW    cov: 1617 ft: 6182 corp: 451/205Kb lim: 65536 exec/s: 948 rss: 1552Mb L: 4/28447 MS: 2 ChangeBinInt-Custom-
#6665	NEW    cov: 1617 ft: 6183 corp: 452/205Kb lim: 65536 exec/s: 952 rss: 1558Mb L: 20/28447 MS: 6 CustomCrossOver-ShuffleBytes-Custom-CustomCrossOver-CrossOver-Custom-
#6691	NEW    cov: 1617 ft: 6183 corp: 453/205Kb lim: 65536 exec/s: 955 rss: 1564Mb L: 2/28447 MS: 2 EraseBytes-Custom-
#6717	NEW    cov: 1617 ft: 6185 corp: 453/205Kb lim: 65536 exec/s: 839 rss: 1570Mb L: 2/28447 MS: 2 ChangeBit-Custom-
#6733	NEW    cov: 1617 ft: 6185 corp: 454/205Kb lim: 65536 exec/s: 841 rss: 1574Mb L: 3/28447 MS: 2 EraseBytes-Custom-
#6793	NEW    cov: 1617 ft: 6185 corp: 454/205Kb lim: 65536 exec/s: 849 rss: 1587Mb L: 4/28447 MS: 7 CopyPart-Custom-CustomCrossOver-CustomCrossOver-CopyPart-Custom-CustomCrossOver-
#6809	NEW    cov: 1617 ft: 6185 corp: 454/205Kb lim: 65536 exec/s: 851 rss: 1591Mb L: 7/28447 MS: 2 ChangeByte-Custom-
#6843	NEW    cov: 1617 ft: 6185 corp: 454/205Kb lim: 65536 exec/s: 855 rss: 1598Mb L: 68/28447 MS: 8 PersAutoDict-Custom-InsertByte-Custom-CopyPart-Custom-EraseBytes-Custom- DE: "script_file"-
#6870	NEW    cov: 1617 ft: 6185 corp: 455/205Kb lim: 65536 exec/s: 858 rss: 1604Mb L: 74/28447 MS: 4 CopyPart-Custom-InsertRepeatedBytes-Custom-
#6887	NEW    cov: 1617 ft: 6185 corp: 455/205Kb lim: 65536 exec/s: 860 rss: 1608Mb L: 5/28447 MS: 3 CustomCrossOver-CrossOver-Custom-
#6890	NEW    cov: 1617 ft: 6185 corp: 455/205Kb lim: 65536 exec/s: 861 rss: 1609Mb L: 48/28447 MS: 3 CustomCrossOver-CustomCrossOver-CustomCrossOver-
#6892	NEW    cov: 1617 ft: 6185 corp: 455/205Kb lim: 65536 exec/s: 861 rss: 1609Mb L: 43/28447 MS: 4 InsertByte-Custom-CopyPart-Custom-
#6961	NEW    cov: 1617 ft: 6185 corp: 455/205Kb lim: 65536 exec/s: 870 rss: 1624Mb L: 4/28447 MS: 6 CustomCrossOver-CMP-Custom-CustomCrossOver-CrossOver-Custom- DE: "\000\000\001\000\000\000\000\000"-
#7012	NEW    cov: 1618 ft: 6187 corp: 455/205Kb lim: 65536 exec/s: 876 rss: 1636Mb L: 2/28447 MS: 2 EraseBytes-Custom-
#7018	NEW    cov: 1618 ft: 6187 corp: 455/205Kb lim: 65536 exec/s: 877 rss: 1637Mb L: 4/28447 MS: 2 ChangeBinInt-Custom-
#7074	NEW    cov: 1618 ft: 6187 corp: 456/205Kb lim: 65536 exec/s: 884 rss: 1651Mb L: 72/28447 MS: 2 ChangeBinInt-Custom-
#7075	NEW    cov: 1618 ft: 6187 corp: 456/205Kb lim: 65536 exec/s: 884 rss: 1651Mb L: 15/28447 MS: 2 ChangeBit-Custom-
#7086	NEW    cov: 1618 ft: 6187 corp: 456/205Kb lim: 65536 exec/s: 885 rss: 1653Mb L: 72/28447 MS: 2 InsertRepeatedBytes-Custom-
#7087	NEW    cov: 1618 ft: 6187 corp: 457/205Kb lim: 65536 exec/s: 885 rss: 1654Mb L: 5/28447 MS: 2 EraseBytes-Custom-
#7098	NEW    cov: 1618 ft: 6187 corp: 458/205Kb lim: 65536 exec/s: 887 rss: 1656Mb L: 5/28447 MS: 1 CustomCrossOver-
#7119	NEW    cov: 1618 ft: 6187 corp: 458/205Kb lim: 65536 exec/s: 889 rss: 1661Mb L: 5/28447 MS: 2 ChangeByte-Custom-
#7120	NEW    cov: 1618 ft: 6187 corp: 459/205Kb lim: 65536 exec/s: 890 rss: 1661Mb L: 2/28447 MS: 1 CustomCrossOver-
#7543	RELOAD cov: 1618 ft: 6213 corp: 486/358Kb lim: 65536 exec/s: 942 rss: 1758Mb
#7604	NEW    cov: 1618 ft: 6213 corp: 486/358Kb lim: 65536 exec/s: 844 rss: 1770Mb L: 7/51121 MS: 2 CopyPart-Custom-
#7609	NEW    cov: 1618 ft: 6214 corp: 487/358Kb lim: 65536 exec/s: 845 rss: 1771Mb L: 255/51121 MS: 7 CrossOver-Custom-CustomCrossOver-ChangeBinInt-Custom-CustomCrossOver-CustomCrossOver-
#7640	NEW    cov: 1618 ft: 6215 corp: 486/358Kb lim: 65536 exec/s: 848 rss: 1778Mb L: 9/51121 MS: 2 ChangeByte-Custom-
#7648	NEW    cov: 1618 ft: 6216 corp: 487/358Kb lim: 65536 exec/s: 849 rss: 1781Mb L: 55/51121 MS: 6 EraseBytes-Custom-ChangeBit-Custom-PersAutoDict-Custom- DE: "mmap_hashing_min_bytes"-
#7679	NEW    cov: 1618 ft: 6216 corp: 488/358Kb lim: 65536 exec/s: 853 rss: 1787Mb L: 10/51121 MS: 2 CopyPart-Custom-
#7709	NEW    cov: 1618 ft: 6216 corp: 488/357Kb lim: 65536 exec/s: 856 rss: 1794Mb L: 36394/51121 MS: 9 CustomCrossOver-EraseBytes-Custom-ChangeBit-Custom-ManualDict-Custom-CrossOver-Custom- DE: "while"-
#7717	NEW    cov: 1618 ft: 6216 corp: 488/357Kb lim: 65536 exec/s: 857 rss: 1796Mb L: 1048/51121 MS: 5 EraseBytes-Custom-CustomCrossOver-ChangeBit-Custom-
#7725	NEW    cov: 1618 ft: 6216 corp: 487/357Kb lim: 65536 exec/s: 858 rss: 1798Mb L: 37/51121 MS: 6 ChangeBit-Custom-ShuffleBytes-Custom-ChangeBinInt-Custom-
#7745	NEW    cov: 1618 ft: 6216 corp: 487/357Kb lim: 65536 exec/s: 860 rss: 1802Mb L: 4611/51121 MS: 10 PersAutoDict-Custom-CopyPart-Custom-ChangeASCIIInt-Custom-CopyPart-Custom-ChangeByte-Custom- DE: "join"-
#7750	NEW    cov: 1618 ft: 6216 corp: 487/357Kb lim: 65536 exec/s: 861 rss: 1803Mb L: 18/51121 MS: 7 CustomCrossOver-PersAutoDict-Custom-ChangeBinInt-Custom-CustomCrossOver-CustomCrossOver- DE: "\027\000\000\000\000\000\000\000"-
#7759	NEW    cov: 1618 ft: 6216 corp: 487/357Kb lim: 65536 exec/s: 862 rss: 1805Mb L: 7/51121 MS: 8 InsertByte-Custom-ChangeBit-Custom-CopyPart-Custom-CMP-Custom- DE: "\000\000\000\036"-
#7785	NEW    cov: 1618 ft: 6216 corp: 486/357Kb lim: 65536 exec/s: 865 rss: 1811Mb L: 6/51121 MS: 2 ManualDict-Custom- DE: "\037"-
#7816	NEW    cov: 1618 ft: 6216 corp: 487/357Kb lim: 65536 exec/s: 868 rss: 1818Mb L: 11/51121 MS: 2 EraseBytes-Custom-
#7852	NEW    cov: 1618 ft: 6216 corp: 488/357Kb lim: 65536 exec/s: 872 rss: 1827Mb L: 3/51121 MS: 2 ChangeByte-Custom-
#7863	NEW    cov: 1618 ft: 6216 corp: 488/357Kb lim: 65536 exec/s: 873 rss: 1830Mb L: 16/51121 MS: 2 ShuffleBytes-Custom-
#7884	NEW    cov: 1618 ft: 6216 corp: 487/357Kb lim: 65536 exec/s: 876 rss: 1834Mb L: 22/51121 MS: 2 ManualDict-Custom- DE: "validateConsistent"-
#7917	NEW    cov: 1618 ft: 6216 corp: 488/357Kb lim: 65536 exec/s: 879 rss: 1842Mb L: 5/51121 MS: 6 CopyPart-Custom-CopyPart-Custom-CopyPart-Custom-
#7933	NEW    cov: 1618 ft: 6216 corp: 489/357Kb lim: 65536 exec/s: 881 rss: 1846Mb L: 8/51121 MS: 1 CustomCrossOver-
#7942	NEW    cov: 1618 ft: 6216 corp: 490/357Kb lim: 65536 exec/s: 882 rss: 1847Mb L: 2/51121 MS: 7 CopyPart-Custom-CopyPart-Custom-ChangeBit-Custom-CustomCrossOver-
#7948	NEW    cov: 1618 ft: 6216 corp: 490/357Kb lim: 65536 exec/s: 883 rss: 1849Mb L: 2/51121 MS: 1 CustomCrossOver-
#7949	NEW    cov: 1618 ft: 6216 corp: 489/355Kb lim: 65536 exec/s: 883 rss: 1849Mb L: 2050/51121 MS: 2 CopyPart-Custom-
#7952	NEW    cov: 1618 ft: 6219 corp: 490/363Kb lim: 65536 exec/s: 883 rss: 1850Mb L: 8722/51121 MS: 6 EraseBytes-Custom-ChangeByte-Custom-CMP-Custom- DE: "1\312\355*\000\000\000\000"-
#7958	NEW    cov: 1618 ft: 6219 corp: 490/363Kb lim: 65536 exec/s: 884 rss: 1851Mb L: 21/51121 MS: 2 EraseBytes-Custom-
#8005	NEW    cov: 1618 ft: 6219 corp: 491/363Kb lim: 65536 exec/s: 889 rss: 1861Mb L: 8/51121 MS: 3 CustomCrossOver-EraseBytes-Custom-
#8102	NEW    cov: 1618 ft: 6219 corp: 492/363Kb lim: 65536 exec/s: 900 rss: 1883Mb L: 17/51121 MS: 4 ChangeBinInt-Custom-CMP-Custom- DE: "sol.sol::function"-
#8123	NEW    cov: 1618 ft: 6219 corp: 492/363Kb lim: 65536 exec/s: 902 rss: 1888Mb L: 3/51121 MS: 2 ChangeByte-Custom-
#8124	NEW    cov: 1618 ft: 6219 corp: 492/363Kb lim: 65536 exec/s: 902 rss: 1888Mb L: 4/51121 MS: 2 ChangeBit-Custom-
#8130	NEW    cov: 1618 ft: 6219 corp: 493/363Kb lim: 65536 exec/s: 903 rss: 1890Mb L: 2/51121 MS: 1 CustomCrossOver-
#8156	NEW    cov: 1618 ft: 6219 corp: 493/363Kb lim: 65536 exec/s: 906 rss: 1896Mb L: 7/51121 MS: 2 CMP-Custom- DE: "\377\377\377\036"-
#8157	NEW    cov: 1618 ft: 6219 corp: 493/363Kb lim: 65536 exec/s: 906 rss: 1897Mb L: 5/51121 MS: 2 InsertByte-Custom-
#8178	NEW    cov: 1618 ft: 6219 corp: 493/363Kb lim: 65536 exec/s: 908 rss: 1902Mb L: 126/51121 MS: 2 InsertByte-Custom-
#8192	pulse  cov: 1618 ft: 6219 corp: 493/363Kb lim: 65536 exec/s: 910 rss: 1905Mb
#8205	NEW    cov: 1618 ft: 6219 corp: 494/363Kb lim: 65536 exec/s: 911 rss: 1907Mb L: 7/51121 MS: 4 ShuffleBytes-Custom-EraseBytes-Custom-
#8230	NEW    cov: 1618 ft: 6219 corp: 494/363Kb lim: 65536 exec/s: 914 rss: 1913Mb L: 61/51121 MS: 10 ChangeBit-Custom-ChangeBit-Custom-ManualDict-Custom-EraseBytes-Custom-EraseBytes-Custom- DE: "wait"-
#8241	NEW    cov: 1620 ft: 6223 corp: 495/363Kb lim: 65536 exec/s: 915 rss: 1916Mb L: 1/51121 MS: 2 EraseBytes-Custom-
#8244	NEW    cov: 1620 ft: 6223 corp: 496/363Kb lim: 65536 exec/s: 916 rss: 1916Mb L: 4/51121 MS: 5 CMP-Custom-CustomCrossOver-ChangeByte-Custom- DE: "\222Z\215\240\000\000\000\000"-
#8260	NEW    cov: 1620 ft: 6223 corp: 497/363Kb lim: 65536 exec/s: 917 rss: 1920Mb L: 6/51121 MS: 2 EraseBytes-Custom-
#8368	NEW    cov: 1620 ft: 6223 corp: 496/363Kb lim: 65536 exec/s: 929 rss: 1945Mb L: 9/51121 MS: 4 CrossOver-Custom-CustomCrossOver-CustomCrossOver-
#8380	NEW    cov: 1620 ft: 6223 corp: 496/363Kb lim: 65536 exec/s: 931 rss: 1947Mb L: 2/51121 MS: 2 CustomCrossOver-CustomCrossOver-
#8399	NEW    cov: 1620 ft: 6223 corp: 497/363Kb lim: 65536 exec/s: 933 rss: 1951Mb L: 5/51121 MS: 8 ShuffleBytes-Custom-ChangeByte-Custom-EraseBytes-Custom-ChangeBit-Custom-
#8747	RELOAD cov: 1620 ft: 6235 corp: 517/428Kb lim: 65536 exec/s: 874 rss: 2028Mb
#8761	NEW    cov: 1620 ft: 6235 corp: 518/428Kb lim: 65536 exec/s: 876 rss: 2031Mb L: 5/61977 MS: 8 ManualDict-Custom-ShuffleBytes-Custom-ChangeBit-Custom-ChangeBit-Custom- DE: "<"-
#8778	NEW    cov: 1620 ft: 6235 corp: 518/428Kb lim: 65536 exec/s: 877 rss: 2035Mb L: 5/61977 MS: 4 CopyPart-Custom-EraseBytes-Custom-
#8834	NEW    cov: 1620 ft: 6235 corp: 519/428Kb lim: 65536 exec/s: 883 rss: 2048Mb L: 1/61977 MS: 1 CustomCrossOver-
#8872	NEW    cov: 1620 ft: 6237 corp: 520/450Kb lim: 65536 exec/s: 887 rss: 2056Mb L: 22399/61977 MS: 6 InsertByte-Custom-ChangeBit-Custom-EraseBytes-Custom-
#8919	NEW    cov: 1620 ft: 6237 corp: 521/450Kb lim: 65536 exec/s: 891 rss: 2065Mb L: 21/61977 MS: 3 ChangeByte-Custom-CustomCrossOver-
#8926	NEW    cov: 1620 ft: 6239 corp: 522/509Kb lim: 65536 exec/s: 892 rss: 2067Mb L: 60586/61977 MS: 4 ChangeASCIIInt-Custom-CopyPart-Custom-
#8965	NEW    cov: 1620 ft: 6241 corp: 523/509Kb lim: 65536 exec/s: 896 rss: 2076Mb L: 58/61977 MS: 8 CMP-Custom-CMP-Custom-ChangeByte-Custom-CopyPart-Custom- DE: "sol.sol::fun"-"\000\000\000\000\000\000\000\000"-
#9006	NEW    cov: 1620 ft: 6241 corp: 524/509Kb lim: 65536 exec/s: 900 rss: 2085Mb L: 1/61977 MS: 2 EraseBytes-Custom-
#9037	NEW    cov: 1620 ft: 6241 corp: 524/509Kb lim: 65536 exec/s: 903 rss: 2092Mb L: 19/61977 MS: 2 ChangeBinInt-Custom-
#9058	NEW    cov: 1620 ft: 6241 corp: 525/509Kb lim: 65536 exec/s: 905 rss: 2097Mb L: 4/61977 MS: 1 CustomCrossOver-
#9059	NEW    cov: 1620 ft: 6241 corp: 525/509Kb lim: 65536 exec/s: 905 rss: 2098Mb L: 2/61977 MS: 1 CustomCrossOver-
#9071	NEW    cov: 1620 ft: 6241 corp: 526/509Kb lim: 65536 exec/s: 907 rss: 2100Mb L: 2/61977 MS: 2 CustomCrossOver-CustomCrossOver-
#9090	NEW    cov: 1620 ft: 6241 corp: 526/509Kb lim: 65536 exec/s: 909 rss: 2105Mb L: 20/61977 MS: 8 ChangeByte-Custom-InsertRepeatedBytes-Custom-ChangeByte-Custom-EraseBytes-Custom-
#9123	NEW    cov: 1620 ft: 6246 corp: 526/509Kb lim: 65536 exec/s: 912 rss: 2113Mb L: 38/61977 MS: 6 InsertByte-Custom-CopyPart-Custom-ShuffleBytes-Custom-
#9136	NEW    cov: 1620 ft: 6246 corp: 526/509Kb lim: 65536 exec/s: 913 rss: 2116Mb L: 3/61977 MS: 4 CustomCrossOver-InsertByte-Custom-CustomCrossOver-
#9140	NEW    cov: 1620 ft: 6246 corp: 526/509Kb lim: 65536 exec/s: 914 rss: 2117Mb L: 163/61977 MS: 8 PersAutoDict-Custom-InsertRepeatedBytes-Custom-InsertRepeatedBytes-Custom-InsertRepeatedBytes-Custom- DE: "env"-
#9161	NEW    cov: 1620 ft: 6247 corp: 527/511Kb lim: 65536 exec/s: 916 rss: 2121Mb L: 2046/61977 MS: 2 PersAutoDict-Custom- DE: "\001\000\000\000\000\000\000\001"-
#9162	NEW    cov: 1620 ft: 6247 corp: 527/511Kb lim: 65536 exec/s: 916 rss: 2122Mb L: 2/61977 MS: 2 InsertByte-Custom-
#9177	NEW    cov: 1620 ft: 6247 corp: 528/511Kb lim: 65536 exec/s: 917 rss: 2125Mb L: 13/61977 MS: 8 ShuffleBytes-Custom-CustomCrossOver-EraseBytes-Custom-CustomCrossOver-ChangeBit-Custom-
#9184	NEW    cov: 1620 ft: 6248 corp: 529/511Kb lim: 65536 exec/s: 918 rss: 2127Mb L: 319/61977 MS: 4 ChangeBinInt-Custom-InsertByte-Custom-
#9195	NEW    cov: 1620 ft: 6249 corp: 530/571Kb lim: 65536 exec/s: 919 rss: 2129Mb L: 60587/61977 MS: 2 InsertByte-Custom-
#9199	NEW    cov: 1620 ft: 6249 corp: 531/571Kb lim: 65536 exec/s: 919 rss: 2130Mb L: 2/61977 MS: 6 CustomCrossOver-CustomCrossOver-ChangeByte-Custom-EraseBytes-Custom-
#9240	NEW    cov: 1620 ft: 6249 corp: 531/571Kb lim: 65536 exec/s: 924 rss: 2139Mb L: 5/61977 MS: 2 ChangeByte-Custom-
#9256	NEW    cov: 1620 ft: 6249 corp: 531/570Kb lim: 65536 exec/s: 925 rss: 2143Mb L: 5/61977 MS: 2 InsertByte-Custom-
#9289	NEW    cov: 1620 ft: 6249 corp: 532/572Kb lim: 65536 exec/s: 928 rss: 2151Mb L: 1792/61977 MS: 4 CustomCrossOver-CustomCrossOver-CMP-Custom- DE: "time"-
#9291	NEW    cov: 1620 ft: 6249 corp: 531/572Kb lim: 65536 exec/s: 929 rss: 2152Mb L: 4/61977 MS: 4 ChangeBit-Custom-ChangeByte-Custom-
#9307	NEW    cov: 1620 ft: 6249 corp: 531/572Kb lim: 65536 exec/s: 930 rss: 2156Mb L: 19/61977 MS: 2 ManualDict-Custom- DE: "configure_step"-
#9309	NEW    cov: 1620 ft: 6249 corp: 532/572Kb lim: 65536 exec/s: 930 rss: 2156Mb L: 8/61977 MS: 4 ChangeBinInt-Custom-InsertByte-Custom-
#9315	NEW    cov: 1620 ft: 6249 corp: 532/572Kb lim: 65536 exec/s: 931 rss: 2157Mb L: 3/61977 MS: 2 ChangeByte-Custom-
#9317	NEW    cov: 1620 ft: 6249 corp: 532/572Kb lim: 65536 exec/s: 931 rss: 2158Mb L: 133/61977 MS: 4 EraseBytes-Custom-InsertRepeatedBytes-Custom-
#9338	NEW    cov: 1620 ft: 6249 corp: 530/572Kb lim: 65536 exec/s: 848 rss: 2163Mb L: 2/61977 MS: 2 EraseBytes-Custom-
#9389	NEW    cov: 1620 ft: 6249 corp: 529/572Kb lim: 65536 exec/s: 853 rss: 2174Mb L: 3/61977 MS: 2 ChangeByte-Custom-
#9393	NEW    cov: 1620 ft: 6249 corp: 529/572Kb lim: 65536 exec/s: 853 rss: 2175Mb L: 2/61977 MS: 5 CopyPart-Custom-CustomCrossOver-CustomCrossOver-CustomCrossOver-
#9429	NEW    cov: 1620 ft: 6249 corp: 529/572Kb lim: 65536 exec/s: 857 rss: 2184Mb L: 2/61977 MS: 1 CustomCrossOver-
#9437	NEW    cov: 1620 ft: 6249 corp: 529/572Kb lim: 65536 exec/s: 857 rss: 2186Mb L: 7/61977 MS: 6 ShuffleBytes-Custom-ChangeByte-Custom-CMP-Custom- DE: "\015\000\000\000"-
#9454	NEW    cov: 1620 ft: 6250 corp: 530/572Kb lim: 65536 exec/s: 859 rss: 2189Mb L: 213/61977 MS: 4 EraseBytes-Custom-InsertRepeatedBytes-Custom-
#9518	NEW    cov: 1620 ft: 6250 corp: 531/572Kb lim: 65536 exec/s: 865 rss: 2204Mb L: 1/61977 MS: 5 ManualDict-Custom-CustomCrossOver-CustomCrossOver-CustomCrossOver- DE: ">"-
#9538	NEW    cov: 1620 ft: 6250 corp: 530/572Kb lim: 65536 exec/s: 867 rss: 2208Mb L: 2/61977 MS: 10 EraseBytes-Custom-ChangeBinInt-Custom-PersAutoDict-Custom-EraseBytes-Custom-EraseBytes-Custom- DE: "\037"-
#9614	NEW    cov: 1620 ft: 6250 corp: 528/572Kb lim: 65536 exec/s: 874 rss: 2225Mb L: 18/61977 MS: 2 CopyPart-Custom-
#9620	NEW    cov: 1620 ft: 6250 corp: 526/572Kb lim: 65536 exec/s: 874 rss: 2226Mb L: 6/61977 MS: 2 ChangeBinInt-Custom-
#9626	NEW    cov: 1620 ft: 6250 corp: 526/572Kb lim: 65536 exec/s: 875 rss: 2227Mb L: 3/61977 MS: 2 EraseBytes-Custom-
#9628	NEW    cov: 1620 ft: 6250 corp: 526/572Kb lim: 65536 exec/s: 875 rss: 2228Mb L: 5/61977 MS: 4 CopyPart-Custom-ChangeBit-Custom-
#9629	NEW    cov: 1620 ft: 6250 corp: 527/572Kb lim: 65536 exec/s: 875 rss: 2228Mb L: 23/61977 MS: 2 InsertByte-Custom-
#9962	RELOAD cov: 1620 ft: 6294 corp: 548/659Kb lim: 65536 exec/s: 905 rss: 2300Mb
#10019	NEW    cov: 1620 ft: 6294 corp: 548/659Kb lim: 65536 exec/s: 910 rss: 2312Mb L: 3/62104 MS: 3 CustomCrossOver-ShuffleBytes-Custom-
#10021	NEW    cov: 1620 ft: 6294 corp: 549/659Kb lim: 65536 exec/s: 911 rss: 2312Mb L: 18/62104 MS: 4 ChangeBit-Custom-PersAutoDict-Custom- DE: "delete"-
#10030	NEW    cov: 1620 ft: 6294 corp: 550/659Kb lim: 65536 exec/s: 911 rss: 2315Mb L: 19/62104 MS: 7 CrossOver-Custom-ShuffleBytes-Custom-InsertRepeatedBytes-Custom-CustomCrossOver-
#10046	NEW    cov: 1620 ft: 6294 corp: 550/659Kb lim: 65536 exec/s: 913 rss: 2318Mb L: 6/62104 MS: 2 ChangeByte-Custom-
#10053	NEW    cov: 1620 ft: 6294 corp: 550/659Kb lim: 65536 exec/s: 913 rss: 2320Mb L: 2/62104 MS: 4 ChangeBit-Custom-EraseBytes-Custom-
#10055	NEW    cov: 1620 ft: 6294 corp: 550/659Kb lim: 65536 exec/s: 914 rss: 2320Mb L: 5/62104 MS: 3 ShuffleBytes-Custom-CustomCrossOver-
#10070	NEW    cov: 1620 ft: 6294 corp: 551/660Kb lim: 65536 exec/s: 915 rss: 2323Mb L: 261/62104 MS: 10 CopyPart-Custom-ManualDict-Custom-InsertRepeatedBytes-Custom-ChangeBit-Custom-InsertRepeatedBytes-Custom- DE: "not-a-table"-
#10121	NEW    cov: 1620 ft: 6294 corp: 551/660Kb lim: 65536 exec/s: 920 rss: 2333Mb L: 2/62104 MS: 2 EraseBytes-Custom-
#10124	NEW    cov: 1620 ft: 6294 corp: 551/659Kb lim: 65536 exec/s: 920 rss: 2334Mb L: 43/62104 MS: 5 ChangeByte-Custom-CustomCrossOver-CrossOver-Custom-
#10150	NEW    cov: 1620 ft: 6294 corp: 552/659Kb lim: 65536 exec/s: 922 rss: 2339Mb L: 1/62104 MS: 2 ShuffleBytes-Custom-
#10154	NEW    cov: 1620 ft: 6300 corp: 553/659Kb lim: 65536 exec/s: 923 rss: 2340Mb L: 30/62104 MS: 7 CopyPart-Custom-ChangeByte-Custom-CustomCrossOver-ManualDict-Custom- DE: "LANG"-
#10165	NEW    cov: 1620 ft: 6300 corp: 553/659Kb lim: 65536 exec/s: 924 rss: 2342Mb L: 4/62104 MS: 2 CopyPart-Custom-
#10206	NEW    cov: 1620 ft: 6300 corp: 554/659Kb lim: 65536 exec/s: 927 rss: 2351Mb L: 11/62104 MS: 2 ShuffleBytes-Custom-
#10207	NEW    cov: 1620 ft: 6300 corp: 555/659Kb lim: 65536 exec/s: 927 rss: 2351Mb L: 10/62104 MS: 2 ManualDict-Custom- DE: "missing"-
#10217	NEW    cov: 1620 ft: 6300 corp: 556/659Kb lim: 65536 exec/s: 928 rss: 2353Mb L: 1/62104 MS: 9 CopyPart-Custom-EraseBytes-Custom-ShuffleBytes-Custom-CrossOver-Custom-CustomCrossOver-
#10264	NEW    cov: 1620 ft: 6300 corp: 557/659Kb lim: 65536 exec/s: 855 rss: 2362Mb L: 1/62104 MS: 3 EraseBytes-Custom-CustomCrossOver-
#10290	NEW    cov: 1620 ft: 6300 corp: 557/659Kb lim: 65536 exec/s: 857 rss: 2368Mb L: 3/62104 MS: 1 CustomCrossOver-
#10296	NEW    cov: 1620 ft: 6300 corp: 557/659Kb lim: 65536 exec/s: 858 rss: 2369Mb L: 5/62104 MS: 2 CopyPart-Custom-
#10344	NEW    cov: 1620 ft: 6303 corp: 558/712Kb lim: 65536 exec/s: 862 rss: 2381Mb L: 53858/62104 MS: 6 ShuffleBytes-Custom-ManualDict-Custom-ChangeBit-Custom- DE: "beez.config"-
#10370	NEW    cov: 1620 ft: 6303 corp: 559/712Kb lim: 65536 exec/s: 864 rss: 2386Mb L: 13/62104 MS: 2 ChangeByte-Custom-
#10371	NEW    cov: 1620 ft: 6303 corp: 558/712Kb lim: 65536 exec/s: 864 rss: 2386Mb L: 1/62104 MS: 2 ShuffleBytes-Custom-
#10445	NEW    cov: 1620 ft: 6303 corp: 558/712Kb lim: 65536 exec/s: 870 rss: 2402Mb L: 2128/62104 MS: 8 ChangeBinInt-Custom-ChangeBit-Custom-EraseBytes-Custom-EraseBytes-Custom-
#10485	NEW    cov: 1620 ft: 6304 corp: 559/712Kb lim: 65536 exec/s: 873 rss: 2410Mb L: 105/62104 MS: 10 ManualDict-Custom-InsertByte-Custom-ChangeBit-Custom-CMP-Custom-InsertRepeatedBytes-Custom- DE: "artifacts"-"data"-
#10486	NEW    cov: 1620 ft: 6304 corp: 560/712Kb lim: 65536 exec/s: 873 rss: 2410Mb L: 9/62104 MS: 2 InsertByte-Custom-
#10487	NEW    cov: 1620 ft: 6304 corp: 560/712Kb lim: 65536 exec/s: 873 rss: 2410Mb L: 2/62104 MS: 1 CustomCrossOver-
#10498	NEW    cov: 1620 ft: 6304 corp: 559/712Kb lim: 65536 exec/s: 874 rss: 2413Mb L: 8/62104 MS: 2 CMP-Custom- DE: "\001\000\000\022"-
#10499	NEW    cov: 1620 ft: 6304 corp: 559/712Kb lim: 65536 exec/s: 874 rss: 2413Mb L: 3/62104 MS: 1 CustomCrossOver-
#10502	NEW    cov: 1620 ft: 6304 corp: 560/712Kb lim: 65536 exec/s: 875 rss: 2414Mb L: 5/62104 MS: 4 EraseBytes-Custom-CustomCrossOver-CustomCrossOver-
#10528	NEW    cov: 1620 ft: 6304 corp: 560/710Kb lim: 65536 exec/s: 877 rss: 2419Mb L: 16/62104 MS: 2 InsertByte-Custom-
#10529	NEW    cov: 1620 ft: 6308 corp: 561/710Kb lim: 65536 exec/s: 877 rss: 2419Mb L: 512/62104 MS: 2 ManualDict-Custom- DE: "R\"("-
#10530	NEW    cov: 1620 ft: 6308 corp: 561/710Kb lim: 65536 exec/s: 877 rss: 2419Mb L: 8/62104 MS: 2 EraseBytes-Custom-
#10533	NEW    cov: 1620 ft: 6309 corp: 562/711Kb lim: 65536 exec/s: 877 rss: 2420Mb L: 59/62104 MS: 5 PersAutoDict-Custom-CustomCrossOver-CrossOver-Custom- DE: "\001\000"-
#10534	NEW    cov: 1620 ft: 6309 corp: 562/711Kb lim: 65536 exec/s: 877 rss: 2420Mb L: 66/62104 MS: 2 CMP-Custom- DE: "\000\000"-
#10535	NEW    cov: 1620 ft: 6309 corp: 561/710Kb lim: 65536 exec/s: 877 rss: 2420Mb L: 7/62104 MS: 2 EraseBytes-Custom-
#10553	NEW    cov: 1620 ft: 6317 corp: 562/734Kb lim: 65536 exec/s: 879 rss: 2424Mb L: 24543/62104 MS: 6 ChangeBinInt-Custom-ChangeBit-Custom-EraseBytes-Custom-
#10566	NEW    cov: 1620 ft: 6317 corp: 563/734Kb lim: 65536 exec/s: 880 rss: 2427Mb L: 3/62104 MS: 3 CustomCrossOver-CustomCrossOver-CustomCrossOver-
#10579	NEW    cov: 1620 ft: 6318 corp: 564/735Kb lim: 65536 exec/s: 881 rss: 2430Mb L: 100/62104 MS: 6 ShuffleBytes-Custom-ChangeBinInt-Custom-ChangeByte-Custom-
#10587	NEW    cov: 1620 ft: 6318 corp: 564/733Kb lim: 65536 exec/s: 882 rss: 2431Mb L: 1025/62104 MS: 6 EraseBytes-Custom-EraseBytes-Custom-PersAutoDict-Custom- DE: "tostring"-
#10618	NEW    cov: 1620 ft: 6318 corp: 565/734Kb lim: 65536 exec/s: 884 rss: 2438Mb L: 524/62104 MS: 1 CustomCrossOver-
#10636	NEW    cov: 1620 ft: 6318 corp: 566/734Kb lim: 65536 exec/s: 886 rss: 2442Mb L: 3/62104 MS: 5 ChangeBit-Custom-CustomCrossOver-CrossOver-Custom-
#10647	NEW    cov: 1620 ft: 6318 corp: 567/734Kb lim: 65536 exec/s: 887 rss: 2444Mb L: 1/62104 MS: 2 EraseBytes-Custom-
#10648	NEW    cov: 1620 ft: 6318 corp: 567/712Kb lim: 65536 exec/s: 887 rss: 2444Mb L: 2748/62104 MS: 2 EraseBytes-Custom-
#10661	NEW    cov: 1620 ft: 6318 corp: 568/712Kb lim: 65536 exec/s: 888 rss: 2447Mb L: 1/62104 MS: 6 EraseBytes-Custom-ChangeByte-Custom-ChangeByte-Custom-
#10676	NEW    cov: 1620 ft: 6318 corp: 568/712Kb lim: 65536 exec/s: 889 rss: 2450Mb L: 23/62104 MS: 10 ManualDict-Custom-InsertByte-Custom-PersAutoDict-Custom-InsertByte-Custom-CopyPart-Custom- DE: "phase"-"\377\377\377\025"-
#10800	NEW    cov: 1620 ft: 6318 corp: 568/712Kb lim: 65536 exec/s: 900 rss: 2477Mb L: 28/62104 MS: 7 InsertRepeatedBytes-Custom-CustomCrossOver-CopyPart-Custom-ManualDict-Custom- DE: "pipeline"-
#10816	NEW    cov: 1620 ft: 6318 corp: 568/712Kb lim: 65536 exec/s: 901 rss: 2481Mb L: 2/62104 MS: 2 EraseBytes-Custom-
#10817	NEW    cov: 1620 ft: 6318 corp: 568/712Kb lim: 65536 exec/s: 901 rss: 2481Mb L: 2120/62104 MS: 2 InsertRepeatedBytes-Custom-
#10842	NEW    cov: 1620 ft: 6318 corp: 569/712Kb lim: 65536 exec/s: 903 rss: 2487Mb L: 2/62104 MS: 5 CustomCrossOver-CustomCrossOver-CustomCrossOver-CustomCrossOver-CustomCrossOver-
#10853	NEW    cov: 1620 ft: 6318 corp: 570/712Kb lim: 65536 exec/s: 904 rss: 2489Mb L: 7/62104 MS: 2 InsertByte-Custom-
#10884	NEW    cov: 1620 ft: 6318 corp: 570/711Kb lim: 65536 exec/s: 907 rss: 2495Mb L: 17118/62104 MS: 2 PersAutoDict-Custom- DE: "references"-
#10910	NEW    cov: 1620 ft: 6318 corp: 569/711Kb lim: 65536 exec/s: 909 rss: 2499Mb L: 4/62104 MS: 1 CustomCrossOver-
#11265	RELOAD cov: 1620 ft: 6321 corp: 580/777Kb lim: 65536 exec/s: 866 rss: 2573Mb
#11306	NEW    cov: 1620 ft: 6321 corp: 580/777Kb lim: 65536 exec/s: 869 rss: 2582Mb L: 5/63900 MS: 2 ShuffleBytes-Custom-
#11323	NEW    cov: 1620 ft: 6321 corp: 580/777Kb lim: 65536 exec/s: 871 rss: 2585Mb L: 15/63900 MS: 3 CustomCrossOver-CrossOver-Custom-
#11361	NEW    cov: 1620 ft: 6321 corp: 581/778Kb lim: 65536 exec/s: 873 rss: 2593Mb L: 1035/63900 MS: 5 CustomCrossOver-PersAutoDict-Custom-CrossOver-Custom- DE: "parallel"-
#11459	NEW    cov: 1620 ft: 6321 corp: 582/778Kb lim: 65536 exec/s: 881 rss: 2614Mb L: 1/63900 MS: 4 ChangeASCIIInt-Custom-CustomCrossOver-CustomCrossOver-
#11531	NEW    cov: 1620 ft: 6321 corp: 582/776Kb lim: 65536 exec/s: 887 rss: 2630Mb L: 3837/63900 MS: 4 InsertRepeatedBytes-Custom-EraseBytes-Custom-
#11570	NEW    cov: 1620 ft: 6321 corp: 581/776Kb lim: 65536 exec/s: 890 rss: 2639Mb L: 4/63900 MS: 6 CopyPart-Custom-CustomCrossOver-CustomCrossOver-ChangeByte-Custom-
#11591	NEW    cov: 1620 ft: 6321 corp: 582/776Kb lim: 65536 exec/s: 891 rss: 2643Mb L: 2/63900 MS: 1 CustomCrossOver-
#11637	NEW    cov: 1620 ft: 6321 corp: 581/776Kb lim: 65536 exec/s: 895 rss: 2651Mb L: 3/63900 MS: 2 ChangeByte-Custom-
#11735	NEW    cov: 1620 ft: 6321 corp: 581/776Kb lim: 65536 exec/s: 902 rss: 2672Mb L: 5/63900 MS: 6 CopyPart-Custom-EraseBytes-Custom-CopyPart-Custom-
#11751	NEW    cov: 1620 ft: 6321 corp: 581/776Kb lim: 65536 exec/s: 903 rss: 2675Mb L: 15/63900 MS: 2 ManualDict-Custom- DE: "tostring"-
#11754	NEW    cov: 1620 ft: 6321 corp: 581/776Kb lim: 65536 exec/s: 904 rss: 2676Mb L: 261/63900 MS: 4 ChangeByte-Custom-CustomCrossOver-CustomCrossOver-
#11755	NEW    cov: 1620 ft: 6321 corp: 582/776Kb lim: 65536 exec/s: 904 rss: 2676Mb L: 2/63900 MS: 2 ChangeBit-Custom-
#11756	NEW    cov: 1620 ft: 6322 corp: 583/776Kb lim: 65536 exec/s: 904 rss: 2676Mb L: 85/63900 MS: 2 ChangeBit-Custom-
#11787	NEW    cov: 1620 ft: 6322 corp: 583/776Kb lim: 65536 exec/s: 906 rss: 2683Mb L: 2/63900 MS: 1 CustomCrossOver-
#11846	NEW    cov: 1620 ft: 6322 corp: 583/776Kb lim: 65536 exec/s: 911 rss: 2695Mb L: 2/63900 MS: 5 EraseBytes-Custom-CustomCrossOver-CustomCrossOver-CustomCrossOver-
#11903	NEW    cov: 1620 ft: 6322 corp: 583/776Kb lim: 65536 exec/s: 915 rss: 2706Mb L: 20/63900 MS: 4 ChangeBit-Custom-InsertByte-Custom-
#11909	NEW    cov: 1620 ft: 6322 corp: 584/776Kb lim: 65536 exec/s: 916 rss: 2707Mb L: 1/63900 MS: 1 CustomCrossOver-
#11943	NEW    cov: 1620 ft: 6322 corp: 585/776Kb lim: 65536 exec/s: 918 rss: 2714Mb L: 3/63900 MS: 8 ChangeBinInt-Custom-InsertByte-Custom-ChangeBinInt-Custom-ChangeBit-Custom-
#12027	NEW    cov: 1620 ft: 6322 corp: 585/776Kb lim: 65536 exec/s: 925 rss: 2734Mb L: 8/63900 MS: 6 ShuffleBytes-Custom-CustomCrossOver-CustomCrossOver-ShuffleBytes-Custom-
#12034	NEW    cov: 1620 ft: 6322 corp: 585/776Kb lim: 65536 exec/s: 925 rss: 2735Mb L: 2/63900 MS: 4 CopyPart-Custom-ShuffleBytes-Custom-
#12035	NEW    cov: 1620 ft: 6323 corp: 585/775Kb lim: 65536 exec/s: 925 rss: 2736Mb L: 2134/63900 MS: 2 ManualDict-Custom- DE: "inline"-
#12041	NEW    cov: 1620 ft: 6323 corp: 585/775Kb lim: 65536 exec/s: 926 rss: 2737Mb L: 2/63900 MS: 2 CopyPart-Custom-
#12052	NEW    cov: 1620 ft: 6323 corp: 585/775Kb lim: 65536 exec/s: 927 rss: 2740Mb L: 4/63900 MS: 2 ChangeBit-Custom-
#12074	NEW    cov: 1620 ft: 6325 corp: 586/787Kb lim: 65536 exec/s: 928 rss: 2745Mb L: 11374/63900 MS: 4 InsertRepeatedBytes-Custom-CopyPart-Custom-
#12090	NEW    cov: 1620 ft: 6325 corp: 585/785Kb lim: 65536 exec/s: 930 rss: 2748Mb L: 127/63900 MS: 2 ChangeByte-Custom-
#12091	NEW    cov: 1620 ft: 6325 corp: 585/785Kb lim: 65536 exec/s: 930 rss: 2748Mb L: 3/63900 MS: 2 InsertByte-Custom-
#12147	NEW    cov: 1620 ft: 6325 corp: 585/785Kb lim: 65536 exec/s: 934 rss: 2762Mb L: 20/63900 MS: 2 ShuffleBytes-Custom-
#12437	RELOAD cov: 1620 ft: 6336 corp: 593/1006Kb lim: 65536 exec/s: 888 rss: 2823Mb
#12464	NEW    cov: 1620 ft: 6336 corp: 593/1006Kb lim: 65536 exec/s: 890 rss: 2827Mb L: 18/64002 MS: 4 ChangeByte-Custom-ShuffleBytes-Custom-
#12465	NEW    cov: 1620 ft: 6336 corp: 593/1006Kb lim: 65536 exec/s: 890 rss: 2827Mb L: 21/64002 MS: 2 ChangeByte-Custom-
	NEW_FUNC[1/11]: 0x000000513bc0 in std::__detail::_Hash_node<std::pair<std::__cxx11::basic_string<char, std::char_traits<char>, std::allocator<char>> const, std::shared_ptr<beez::core::StepConfig const>>, true>::_M_next() const /usr/bin/../lib/gcc/x86_64-redhat-linux/16/../../../../include/c++/16/bits/hashtable_policy.h:367
	NEW_FUNC[2/11]: 0x000000513d50 in std::__detail::_Hashtable_alloc<std::allocator<std::__detail::_Hash_node<std::pair<std::__cxx11::basic_string<char, std::char_traits<char>, std::allocator<char>> const, std::shared_ptr<beez::core::StepConfig const>>, true>>>::_M_deallocate_node(std::__detail::_Hash_node<std::pair<std::__cxx11::basic_string<char, std::char_traits<char>, std::allocator<char>> const, std::shared_ptr<beez::core::StepConfig const>>, true>*) /usr/bin/../lib/gcc/x86_64-redhat-linux/16/../../../../include/c++/16/bits/hashtable_policy.h:1590
#12517	NEW    cov: 1667 ft: 6465 corp: 594/1006Kb lim: 65536 exec/s: 894 rss: 2839Mb L: 125/64002 MS: 4 EraseBytes-Custom-InsertRepeatedBytes-Custom-
#12583	NEW    cov: 1667 ft: 6465 corp: 595/1006Kb lim: 65536 exec/s: 898 rss: 2853Mb L: 1/64002 MS: 2 CopyPart-Custom-
#12589	NEW    cov: 1667 ft: 6465 corp: 595/1006Kb lim: 65536 exec/s: 899 rss: 2854Mb L: 24/64002 MS: 2 ChangeBit-Custom-
#12671	NEW    cov: 1667 ft: 6465 corp: 595/1006Kb lim: 65536 exec/s: 905 rss: 2871Mb L: 4/64002 MS: 3 InsertRepeatedBytes-Custom-CustomCrossOver-
#12680	NEW    cov: 1667 ft: 6471 corp: 596/1069Kb lim: 65536 exec/s: 905 rss: 2874Mb L: 63993/64002 MS: 8 CMP-Custom-ChangeBinInt-Custom-PersAutoDict-Custom-ChangeByte-Custom- DE: "\001\001"-"time"-
#12884	NEW    cov: 1667 ft: 6471 corp: 597/1101Kb lim: 65536 exec/s: 920 rss: 2915Mb L: 32538/64002 MS: 7 InsertRepeatedBytes-Custom-ManualDict-Custom-ChangeBit-Custom-CustomCrossOver- DE: "beez_fuzz_junk"-
#12891	NEW    cov: 1667 ft: 6471 corp: 597/1101Kb lim: 65536 exec/s: 920 rss: 2917Mb L: 19/64002 MS: 4 EraseBytes-Custom-InsertByte-Custom-
#12916	NEW    cov: 1667 ft: 6471 corp: 598/1101Kb lim: 65536 exec/s: 922 rss: 2922Mb L: 82/64002 MS: 10 ChangeByte-Custom-ShuffleBytes-Custom-ChangeASCIIInt-Custom-CopyPart-Custom-ChangeBinInt-Custom-
#12927	NEW    cov: 1667 ft: 6471 corp: 598/1101Kb lim: 65536 exec/s: 923 rss: 2925Mb L: 4/64002 MS: 2 CopyPart-Custom-
#12951	NEW    cov: 1667 ft: 6471 corp: 598/1099Kb lim: 65536 exec/s: 925 rss: 2930Mb L: 242/64002 MS: 8 ShuffleBytes-Custom-CopyPart-Custom-CopyPart-Custom-InsertRepeatedBytes-Custom-
#12952	NEW    cov: 1667 ft: 6471 corp: 597/1099Kb lim: 65536 exec/s: 925 rss: 2931Mb L: 4/64002 MS: 1 CustomCrossOver-
#12953	NEW    cov: 1667 ft: 6471 corp: 597/1099Kb lim: 65536 exec/s: 925 rss: 2931Mb L: 1/64002 MS: 1 CustomCrossOver-
#13092	NEW    cov: 1667 ft: 6473 corp: 598/1106Kb lim: 65536 exec/s: 872 rss: 2960Mb L: 6666/64002 MS: 8 InsertByte-Custom-ChangeASCIIInt-Custom-ChangeBit-Custom-ChangeASCIIInt-Custom-
#13204	NEW    cov: 1667 ft: 6474 corp: 599/1106Kb lim: 65536 exec/s: 880 rss: 2983Mb L: 12/64002 MS: 4 ShuffleBytes-Custom-ChangeByte-Custom-
#13278	NEW    cov: 1667 ft: 6477 corp: 600/1106Kb lim: 65536 exec/s: 885 rss: 2999Mb L: 8/64002 MS: 4 CustomCrossOver-CustomCrossOver-CustomCrossOver-CustomCrossOver-
#13569	RELOAD cov: 1667 ft: 6662 corp: 605/1181Kb lim: 65536 exec/s: 904 rss: 3060Mb
#13581	NEW    cov: 1667 ft: 6662 corp: 605/1163Kb lim: 65536 exec/s: 905 rss: 3061Mb L: 4095/65097 MS: 4 ShuffleBytes-Custom-ChangeBit-Custom-
#13599	NEW    cov: 1667 ft: 6662 corp: 605/1163Kb lim: 65536 exec/s: 906 rss: 3065Mb L: 105/65097 MS: 6 InsertByte-Custom-InsertRepeatedBytes-Custom-CopyPart-Custom-
#13635	NEW    cov: 1667 ft: 6662 corp: 605/1163Kb lim: 65536 exec/s: 909 rss: 3073Mb L: 3/65097 MS: 2 ShuffleBytes-Custom-
#13640	NEW    cov: 1667 ft: 6687 corp: 606/1163Kb lim: 65536 exec/s: 909 rss: 3074Mb L: 27/65097 MS: 10 ChangeBinInt-Custom-PersAutoDict-Custom-ChangeBinInt-Custom-CMP-Custom-CMP-Custom- DE: "config"-"\001\000\000\000\000\000\000\000"-"@/tmp/beez_fuzz_"-
#13651	NEW    cov: 1667 ft: 6687 corp: 607/1163Kb lim: 65536 exec/s: 910 rss: 3076Mb L: 1/65097 MS: 2 EraseBytes-Custom-
#13679	NEW    cov: 1667 ft: 6687 corp: 608/1163Kb lim: 65536 exec/s: 911 rss: 3082Mb L: 3/65097 MS: 4 CustomCrossOver-CustomCrossOver-ChangeBit-Custom-
#13683	NEW    cov: 1667 ft: 6688 corp: 609/1175Kb lim: 65536 exec/s: 912 rss: 3082Mb L: 12022/65097 MS: 8 EraseBytes-Custom-InsertRepeatedBytes-Custom-ShuffleBytes-Custom-EraseBytes-Custom-
#13729	NEW    cov: 1667 ft: 6688 corp: 610/1175Kb lim: 65536 exec/s: 915 rss: 3092Mb L: 2/65097 MS: 2 ChangeBit-Custom-
#13751	NEW    cov: 1667 ft: 6688 corp: 610/1175Kb lim: 65536 exec/s: 916 rss: 3096Mb L: 3/65097 MS: 4 CrossOver-Custom-ChangeBit-Custom-
#13832	NEW    cov: 1667 ft: 6689 corp: 611/1223Kb lim: 65536 exec/s: 922 rss: 3114Mb L: 49053/65097 MS: 1 CustomCrossOver-
#13883	NEW    cov: 1667 ft: 6689 corp: 612/1223Kb lim: 65536 exec/s: 925 rss: 3124Mb L: 12/65097 MS: 2 ChangeBit-Custom-
#13884	NEW    cov: 1667 ft: 6689 corp: 612/1223Kb lim: 65536 exec/s: 925 rss: 3125Mb L: 5/65097 MS: 2 ChangeBit-Custom-
#13887	NEW    cov: 1667 ft: 6690 corp: 612/1208Kb lim: 65536 exec/s: 925 rss: 3125Mb L: 49133/65097 MS: 6 ChangeBinInt-Custom-InsertByte-Custom-InsertRepeatedBytes-Custom-
#13968	NEW    cov: 1667 ft: 6692 corp: 613/1256Kb lim: 65536 exec/s: 873 rss: 3141Mb L: 49133/65097 MS: 2 CrossOver-Custom-
#14099	NEW    cov: 1667 ft: 6695 corp: 614/1256Kb lim: 65536 exec/s: 881 rss: 3170Mb L: 3/65097 MS: 1 CustomCrossOver-
#14105	NEW    cov: 1667 ft: 6697 corp: 615/1256Kb lim: 65536 exec/s: 881 rss: 3172Mb L: 17/65097 MS: 1 CustomCrossOver-
#14131	NEW    cov: 1667 ft: 6698 corp: 616/1257Kb lim: 65536 exec/s: 883 rss: 3176Mb L: 1043/65097 MS: 2 ChangeBit-Custom-
#14148	NEW    cov: 1667 ft: 6698 corp: 616/1257Kb lim: 65536 exec/s: 884 rss: 3180Mb L: 3/65097 MS: 4 PersAutoDict-Custom-ChangeBit-Custom- DE: ")\""-
#14172	NEW    cov: 1667 ft: 6704 corp: 617/1257Kb lim: 65536 exec/s: 885 rss: 3185Mb L: 129/65097 MS: 8 PersAutoDict-Custom-EraseBytes-Custom-CopyPart-Custom-InsertByte-Custom- DE: "\000\000\001\000\000\000\000\000"-
#14173	NEW    cov: 1667 ft: 6704 corp: 615/1257Kb lim: 65536 exec/s: 885 rss: 3185Mb L: 3/65097 MS: 1 CustomCrossOver-
#14179	NEW    cov: 1667 ft: 6710 corp: 616/1273Kb lim: 65536 exec/s: 886 rss: 3187Mb L: 16525/65097 MS: 2 ShuffleBytes-Custom-
#14235	NEW    cov: 1667 ft: 6710 corp: 616/1273Kb lim: 65536 exec/s: 889 rss: 3200Mb L: 36/65097 MS: 1 CustomCrossOver-
#14256	NEW    cov: 1667 ft: 6710 corp: 616/1273Kb lim: 65536 exec/s: 891 rss: 3204Mb L: 3/65097 MS: 2 ChangeBit-Custom-
#14307	NEW    cov: 1667 ft: 6710 corp: 616/1273Kb lim: 65536 exec/s: 894 rss: 3214Mb L: 2/65097 MS: 2 ChangeBit-Custom-
#14436	NEW    cov: 1667 ft: 6711 corp: 617/1332Kb lim: 65536 exec/s: 902 rss: 3241Mb L: 60589/65097 MS: 8 ChangeByte-Custom-PersAutoDict-Custom-CMP-Custom-ChangeASCIIInt-Custom- DE: "env-"-"\001\000"-
#14442	NEW    cov: 1667 ft: 6711 corp: 617/1332Kb lim: 65536 exec/s: 902 rss: 3243Mb L: 67/65097 MS: 2 InsertRepeatedBytes-Custom-
#14448	NEW    cov: 1667 ft: 6711 corp: 617/1332Kb lim: 65536 exec/s: 903 rss: 3244Mb L: 1/65097 MS: 2 ChangeBit-Custom-
#14459	NEW    cov: 1667 ft: 6711 corp: 617/1332Kb lim: 65536 exec/s: 903 rss: 3246Mb L: 49163/65097 MS: 2 InsertRepeatedBytes-Custom-
#14797	RELOAD cov: 1667 ft: 6762 corp: 627/1662Kb lim: 65536 exec/s: 924 rss: 3319Mb
#14808	NEW    cov: 1667 ft: 6762 corp: 627/1662Kb lim: 65536 exec/s: 925 rss: 3320Mb L: 2/65418 MS: 2 ChangeBinInt-Custom-
#14945	NEW    cov: 1667 ft: 6763 corp: 628/1663Kb lim: 65536 exec/s: 879 rss: 3349Mb L: 512/65418 MS: 2 CustomCrossOver-CustomCrossOver-
#14956	NEW    cov: 1667 ft: 6763 corp: 628/1663Kb lim: 65536 exec/s: 879 rss: 3351Mb L: 2/65418 MS: 2 CopyPart-Custom-
#14972	NEW    cov: 1667 ft: 6764 corp: 629/1663Kb lim: 65536 exec/s: 880 rss: 3354Mb L: 145/65418 MS: 2 ShuffleBytes-Custom-
#15077	NEW    cov: 1667 ft: 6766 corp: 630/1663Kb lim: 65536 exec/s: 886 rss: 3378Mb L: 4/65418 MS: 10 ChangeBit-Custom-ChangeBit-Custom-ChangeBinInt-Custom-ManualDict-Custom-ChangeBit-Custom- DE: "hash"-
#15088	NEW    cov: 1667 ft: 6767 corp: 631/1664Kb lim: 65536 exec/s: 887 rss: 3380Mb L: 1167/65418 MS: 1 CustomCrossOver-
#15119	NEW    cov: 1667 ft: 6767 corp: 631/1664Kb lim: 65536 exec/s: 889 rss: 3387Mb L: 18/65418 MS: 2 ShuffleBytes-Custom-
#15199	NEW    cov: 1667 ft: 6767 corp: 631/1664Kb lim: 65536 exec/s: 894 rss: 3404Mb L: 10/65418 MS: 7 CustomCrossOver-CustomCrossOver-ChangeByte-Custom-CustomCrossOver-ShuffleBytes-Custom-
#15240	NEW    cov: 1667 ft: 6767 corp: 632/1667Kb lim: 65536 exec/s: 896 rss: 3412Mb L: 3593/65418 MS: 2 ChangeBinInt-Custom-
#15243	NEW    cov: 1667 ft: 6773 corp: 633/1667Kb lim: 65536 exec/s: 896 rss: 3413Mb L: 78/65418 MS: 6 CopyPart-Custom-EraseBytes-Custom-InsertRepeatedBytes-Custom-
#15294	NEW    cov: 1667 ft: 6773 corp: 634/1668Kb lim: 65536 exec/s: 899 rss: 3423Mb L: 100/65418 MS: 2 ChangeBit-Custom-
#15307	NEW    cov: 1667 ft: 6791 corp: 634/1668Kb lim: 65536 exec/s: 900 rss: 3426Mb L: 101/65418 MS: 4 ShuffleBytes-Custom-CustomCrossOver-CustomCrossOver-
#15308	NEW    cov: 1667 ft: 6791 corp: 633/1668Kb lim: 65536 exec/s: 900 rss: 3427Mb L: 14/65418 MS: 2 CopyPart-Custom-
#15309	NEW    cov: 1667 ft: 6791 corp: 632/1660Kb lim: 65536 exec/s: 900 rss: 3427Mb L: 2048/65418 MS: 2 InsertByte-Custom-
#15310	NEW    cov: 1667 ft: 6791 corp: 632/1660Kb lim: 65536 exec/s: 900 rss: 3427Mb L: 34/65418 MS: 2 InsertRepeatedBytes-Custom-
#15317	NEW    cov: 1667 ft: 6792 corp: 632/1659Kb lim: 65536 exec/s: 901 rss: 3429Mb L: 26/65418 MS: 4 CopyPart-Custom-EraseBytes-Custom-
#15340	NEW    cov: 1667 ft: 6792 corp: 632/1659Kb lim: 65536 exec/s: 902 rss: 3433Mb L: 33639/65418 MS: 6 ChangeByte-Custom-ChangeBinInt-Custom-EraseBytes-Custom-
#15349	NEW    cov: 1667 ft: 6792 corp: 632/1659Kb lim: 65536 exec/s: 902 rss: 3435Mb L: 27/65418 MS: 8 ChangeASCIIInt-Custom-ChangeByte-Custom-PersAutoDict-Custom-PersAutoDict-Custom- DE: "while"-"metadata"-
#15351	NEW    cov: 1667 ft: 6793 corp: 632/1659Kb lim: 65536 exec/s: 903 rss: 3436Mb L: 194/65418 MS: 4 CMP-Custom-EraseBytes-Custom- DE: "diff"-
#15372	NEW    cov: 1667 ft: 6794 corp: 632/1653Kb lim: 65536 exec/s: 904 rss: 3441Mb L: 22401/65418 MS: 2 ChangeByte-Custom-
#15384	NEW    cov: 1667 ft: 6795 corp: 632/1653Kb lim: 65536 exec/s: 904 rss: 3443Mb L: 3/65418 MS: 4 ChangeBinInt-Custom-CopyPart-Custom-
#15385	NEW    cov: 1667 ft: 6795 corp: 633/1653Kb lim: 65536 exec/s: 905 rss: 3444Mb L: 1/65418 MS: 1 CustomCrossOver-
#15386	NEW    cov: 1667 ft: 6797 corp: 632/1653Kb lim: 65536 exec/s: 905 rss: 3444Mb L: 4/65418 MS: 2 ChangeBit-Custom-
#15387	NEW    cov: 1667 ft: 6797 corp: 631/1652Kb lim: 65536 exec/s: 905 rss: 3444Mb L: 12/65418 MS: 2 ChangeBinInt-Custom-
#15388	NEW    cov: 1667 ft: 6797 corp: 631/1652Kb lim: 65536 exec/s: 905 rss: 3444Mb L: 3/65418 MS: 2 ShuffleBytes-Custom-
#15389	NEW    cov: 1667 ft: 6797 corp: 631/1652Kb lim: 65536 exec/s: 905 rss: 3444Mb L: 2/65418 MS: 1 CustomCrossOver-
#15391	NEW    cov: 1667 ft: 6797 corp: 631/1652Kb lim: 65536 exec/s: 905 rss: 3445Mb L: 9/65418 MS: 4 ManualDict-Custom-ManualDict-Custom- DE: "error"-"or"-
#15398	NEW    cov: 1667 ft: 6797 corp: 631/1652Kb lim: 65536 exec/s: 905 rss: 3446Mb L: 2/65418 MS: 3 CustomCrossOver-EraseBytes-Custom-
#15399	NEW    cov: 1667 ft: 6797 corp: 632/1652Kb lim: 65536 exec/s: 905 rss: 3447Mb L: 2/65418 MS: 1 CustomCrossOver-
#15419	NEW    cov: 1667 ft: 6798 corp: 633/1652Kb lim: 65536 exec/s: 907 rss: 3451Mb L: 130/65418 MS: 8 ChangeByte-Custom-CustomCrossOver-InsertRepeatedBytes-Custom-CustomCrossOver-CrossOver-Custom-
#15470	NEW    cov: 1667 ft: 6798 corp: 632/1652Kb lim: 65536 exec/s: 910 rss: 3462Mb L: 6/65418 MS: 2 InsertByte-Custom-
#15481	NEW    cov: 1667 ft: 6798 corp: 631/1652Kb lim: 65536 exec/s: 910 rss: 3464Mb L: 2/65418 MS: 1 CustomCrossOver-
#15592	NEW    cov: 1667 ft: 6798 corp: 631/1652Kb lim: 65536 exec/s: 917 rss: 3487Mb L: 19/65418 MS: 2 CopyPart-Custom-
#15644	NEW    cov: 1667 ft: 6798 corp: 631/1652Kb lim: 65536 exec/s: 920 rss: 3499Mb L: 2/65418 MS: 3 ChangeBit-Custom-CustomCrossOver-
#15681	NEW    cov: 1667 ft: 6798 corp: 631/1651Kb lim: 65536 exec/s: 922 rss: 3506Mb L: 13/65418 MS: 4 ChangeBinInt-Custom-PersAutoDict-Custom- DE: "\001\000\000\027"-
#15682	NEW    cov: 1667 ft: 6798 corp: 631/1651Kb lim: 65536 exec/s: 922 rss: 3506Mb L: 68/65418 MS: 2 ManualDict-Custom- DE: "while"-
#15898	RELOAD cov: 1667 ft: 6811 corp: 635/1792Kb lim: 65536 exec/s: 883 rss: 3555Mb
#15973	NEW    cov: 1667 ft: 6811 corp: 635/1792Kb lim: 65536 exec/s: 887 rss: 3569Mb L: 7/65497 MS: 10 ChangeBit-Custom-ShuffleBytes-Custom-PersAutoDict-Custom-ManualDict-Custom-ShuffleBytes-Custom- DE: "CC"-"and"-
#15979	NEW    cov: 1667 ft: 6811 corp: 635/1792Kb lim: 65536 exec/s: 887 rss: 3571Mb L: 4/65497 MS: 2 ShuffleBytes-Custom-
#16017	NEW    cov: 1667 ft: 6811 corp: 636/1792Kb lim: 65536 exec/s: 889 rss: 3579Mb L: 103/65497 MS: 6 ShuffleBytes-Custom-ShuffleBytes-Custom-ChangeBinInt-Custom-
#16023	NEW    cov: 1667 ft: 6813 corp: 637/1792Kb lim: 65536 exec/s: 890 rss: 3581Mb L: 17/65497 MS: 2 ChangeByte-Custom-
#16024	NEW    cov: 1667 ft: 6815 corp: 638/1792Kb lim: 65536 exec/s: 890 rss: 3581Mb L: 1/65497 MS: 2 ShuffleBytes-Custom-
#16025	NEW    cov: 1667 ft: 6816 corp: 637/1792Kb lim: 65536 exec/s: 890 rss: 3581Mb L: 7/65497 MS: 1 CustomCrossOver-
#16033	NEW    cov: 1667 ft: 6817 corp: 638/1792Kb lim: 65536 exec/s: 890 rss: 3583Mb L: 1/65497 MS: 5 ChangeByte-Custom-CustomCrossOver-ChangeBit-Custom-
#16178	NEW    cov: 1667 ft: 6817 corp: 638/1792Kb lim: 65536 exec/s: 898 rss: 3614Mb L: 387/65497 MS: 10 ChangeASCIIInt-Custom-ChangeBit-Custom-ChangeBit-Custom-ChangeBinInt-Custom-InsertByte-Custom-
#16240	NEW    cov: 1667 ft: 6818 corp: 639/1838Kb lim: 65536 exec/s: 902 rss: 3627Mb L: 47169/65497 MS: 4 ChangeASCIIInt-Custom-PersAutoDict-Custom- DE: "LANG"-
#16243	NEW    cov: 1667 ft: 6819 corp: 640/1838Kb lim: 65536 exec/s: 902 rss: 3627Mb L: 79/65497 MS: 6 EraseBytes-Custom-ChangeBinInt-Custom-PersAutoDict-Custom- DE: "\001\000\000\000\000\000\000\000"-
#16302	NEW    cov: 1667 ft: 6819 corp: 640/1838Kb lim: 65536 exec/s: 905 rss: 3640Mb L: 4/65497 MS: 8 CopyPart-Custom-ChangeByte-Custom-ManualDict-Custom-InsertByte-Custom- DE: "]"-
#16328	NEW    cov: 1667 ft: 6819 corp: 639/1838Kb lim: 65536 exec/s: 907 rss: 3646Mb L: 2/65497 MS: 1 CustomCrossOver-
#16384	pulse  cov: 1667 ft: 6819 corp: 639/1838Kb lim: 65536 exec/s: 910 rss: 3658Mb
#16517	NEW    cov: 1667 ft: 6819 corp: 640/1842Kb lim: 65536 exec/s: 917 rss: 3687Mb L: 4097/65497 MS: 8 CopyPart-Custom-ChangeByte-Custom-ChangeBit-Custom-PersAutoDict-Custom- DE: "step"-
#16594	NEW    cov: 1667 ft: 6819 corp: 641/1842Kb lim: 65536 exec/s: 921 rss: 3705Mb L: 2/65497 MS: 2 CustomCrossOver-CustomCrossOver-
#16663	NEW    cov: 1667 ft: 6822 corp: 642/1906Kb lim: 65536 exec/s: 925 rss: 3720Mb L: 65469/65497 MS: 8 ShuffleBytes-Custom-InsertRepeatedBytes-Custom-CMP-Custom-CopyPart-Custom- DE: "__gc"-
#16779	NEW    cov: 1667 ft: 6822 corp: 642/1906Kb lim: 65536 exec/s: 883 rss: 3746Mb L: 2/65497 MS: 2 ManualDict-Custom- DE: "["-
#16971	RELOAD cov: 1667 ft: 6832 corp: 646/2078Kb lim: 65536 exec/s: 893 rss: 3789Mb
#16993	NEW    cov: 1667 ft: 6833 corp: 647/2142Kb lim: 65536 exec/s: 894 rss: 3791Mb L: 65532/65532 MS: 4 ChangeASCIIInt-Custom-PersAutoDict-Custom- DE: "table"-
#16998	NEW    cov: 1667 ft: 6833 corp: 647/2142Kb lim: 65536 exec/s: 894 rss: 3792Mb L: 2/65532 MS: 7 CustomCrossOver-CustomCrossOver-ChangeBit-Custom-InsertRepeatedBytes-Custom-CustomCrossOver-
#17009	NEW    cov: 1667 ft: 6833 corp: 647/2142Kb lim: 65536 exec/s: 895 rss: 3795Mb L: 18/65532 MS: 2 InsertRepeatedBytes-Custom-
#17043	NEW    cov: 1667 ft: 6833 corp: 648/2142Kb lim: 65536 exec/s: 897 rss: 3802Mb L: 16/65532 MS: 8 ChangeByte-Custom-ManualDict-Custom-CMP-Custom-PersAutoDict-Custom- DE: "progress"-"\000\000\000\001\026m\275a"-"["-
#17044	NEW    cov: 1667 ft: 6837 corp: 648/2098Kb lim: 65536 exec/s: 897 rss: 3803Mb L: 4848/65532 MS: 2 ChangeASCIIInt-Custom-
#17049	NEW    cov: 1667 ft: 6837 corp: 648/2098Kb lim: 65536 exec/s: 897 rss: 3803Mb L: 3/65532 MS: 10 CopyPart-Custom-ChangeByte-Custom-CopyPart-Custom-ShuffleBytes-Custom-CMP-Custom- DE: "env"-
#17127	NEW    cov: 1667 ft: 6837 corp: 648/2098Kb lim: 65536 exec/s: 901 rss: 3819Mb L: 2/65532 MS: 4 CustomCrossOver-CustomCrossOver-CopyPart-Custom-
#17128	NEW    cov: 1667 ft: 6837 corp: 649/2098Kb lim: 65536 exec/s: 901 rss: 3820Mb L: 3/65532 MS: 2 ShuffleBytes-Custom-
#17131	NEW    cov: 1667 ft: 6838 corp: 650/2098Kb lim: 65536 exec/s: 901 rss: 3820Mb L: 65/65532 MS: 6 CMP-Custom-InsertByte-Custom-InsertByte-Custom- DE: "\000\000\000\000\000\000\000\000"-
#17211	NEW    cov: 1667 ft: 6840 corp: 651/2107Kb lim: 65536 exec/s: 905 rss: 3838Mb L: 8570/65532 MS: 10 CMP-Custom-ChangeBinInt-Custom-InsertRepeatedBytes-Custom-CMP-Custom-InsertByte-Custom- DE: "\377\377\377\377\377\377\377\022"-"\304\034\000\000\000\000\000\000"-
#17222	NEW    cov: 1667 ft: 6841 corp: 652/2169Kb lim: 65536 exec/s: 906 rss: 3841Mb L: 64006/65532 MS: 2 CMP-Custom- DE: "\003\000\000\000"-
#17300	NEW    cov: 1667 ft: 6843 corp: 653/2169Kb lim: 65536 exec/s: 910 rss: 3858Mb L: 15/65532 MS: 5 ChangeByte-Custom-CustomCrossOver-ChangeBit-Custom-
#17426	NEW    cov: 1667 ft: 6843 corp: 654/2178Kb lim: 65536 exec/s: 917 rss: 3883Mb L: 8677/65532 MS: 2 PersAutoDict-Custom- DE: "metadata"-
#17433	NEW    cov: 1667 ft: 6844 corp: 654/2178Kb lim: 65536 exec/s: 917 rss: 3884Mb L: 13/65532 MS: 4 ChangeByte-Custom-ManualDict-Custom- DE: "mask_secrets"-
#17448	NEW    cov: 1667 ft: 6852 corp: 655/2242Kb lim: 65536 exec/s: 918 rss: 3888Mb L: 65536/65536 MS: 10 CopyPart-Custom-ChangeBinInt-Custom-CopyPart-Custom-ChangeBit-Custom-InsertRepeatedBytes-Custom-
#17461	NEW    cov: 1667 ft: 6852 corp: 655/2234Kb lim: 65536 exec/s: 919 rss: 3891Mb L: 24577/65536 MS: 6 ShuffleBytes-Custom-InsertRepeatedBytes-Custom-CopyPart-Custom-
#17480	NEW    cov: 1667 ft: 6852 corp: 655/2234Kb lim: 65536 exec/s: 920 rss: 3895Mb L: 16/65536 MS: 5 ChangeBinInt-Custom-CustomCrossOver-CustomCrossOver-CustomCrossOver-
#17566	NEW    cov: 1667 ft: 6853 corp: 656/2298Kb lim: 65536 exec/s: 924 rss: 3913Mb L: 65534/65536 MS: 2 InsertRepeatedBytes-Custom-
#17575	NEW    cov: 1667 ft: 6853 corp: 657/2298Kb lim: 65536 exec/s: 925 rss: 3916Mb L: 66/65536 MS: 8 InsertByte-Custom-ChangeBinInt-Custom-ChangeBit-Custom-CopyPart-Custom-
#17743	NEW    cov: 1667 ft: 6853 corp: 657/2298Kb lim: 65536 exec/s: 887 rss: 3949Mb L: 32/65536 MS: 6 PersAutoDict-Custom-ChangeBinInt-Custom-InsertRepeatedBytes-Custom- DE: "not-a-table"-
#17788	NEW    cov: 1667 ft: 6854 corp: 658/2299Kb lim: 65536 exec/s: 889 rss: 3957Mb L: 1146/65536 MS: 10 InsertRepeatedBytes-Custom-ChangeBit-Custom-ChangeBit-Custom-CopyPart-Custom-EraseBytes-Custom-
#17797	NEW    cov: 1667 ft: 6854 corp: 658/2299Kb lim: 65536 exec/s: 889 rss: 3959Mb L: 27/65536 MS: 7 CopyPart-Custom-CopyPart-Custom-CustomCrossOver-EraseBytes-Custom-
#17813	NEW    cov: 1667 ft: 6854 corp: 658/2299Kb lim: 65536 exec/s: 890 rss: 3962Mb L: 10/65536 MS: 2 EraseBytes-Custom-
#18076	RELOAD cov: 1667 ft: 6865 corp: 659/2251Kb lim: 65536 exec/s: 903 rss: 4017Mb
#18113	NEW    cov: 1667 ft: 6865 corp: 659/2250Kb lim: 65536 exec/s: 905 rss: 4022Mb L: 290/65536 MS: 4 ChangeBinInt-Custom-CopyPart-Custom-
#18123	NEW    cov: 1667 ft: 6865 corp: 659/2250Kb lim: 65536 exec/s: 906 rss: 4024Mb L: 135/65536 MS: 10 CopyPart-Custom-EraseBytes-Custom-PersAutoDict-Custom-ChangeByte-Custom-InsertRepeatedBytes-Custom- DE: "\001\000\000\037"-
#18275	NEW    cov: 1667 ft: 6868 corp: 660/2314Kb lim: 65536 exec/s: 913 rss: 4056Mb L: 65535/65536 MS: 4 ChangeASCIIInt-Custom-InsertRepeatedBytes-Custom-
#18307	NEW    cov: 1667 ft: 6868 corp: 660/2314Kb lim: 65536 exec/s: 915 rss: 4063Mb L: 18/65536 MS: 4 ShuffleBytes-Custom-EraseBytes-Custom-
#18594	NEW    cov: 1667 ft: 6868 corp: 660/2312Kb lim: 65536 exec/s: 885 rss: 4125Mb L: 4096/65536 MS: 3 CustomCrossOver-PersAutoDict-Custom- DE: "not"-
#18720	NEW    cov: 1667 ft: 6868 corp: 661/2330Kb lim: 65536 exec/s: 891 rss: 4152Mb L: 18590/65536 MS: 1 CustomCrossOver-
#18743	NEW    cov: 1667 ft: 6868 corp: 661/2330Kb lim: 65536 exec/s: 892 rss: 4157Mb L: 29/65536 MS: 5 CustomCrossOver-CrossOver-Custom-EraseBytes-Custom-
#18851	NEW    cov: 1667 ft: 6868 corp: 661/2302Kb lim: 65536 exec/s: 897 rss: 4180Mb L: 31915/65536 MS: 6 ChangeByte-Custom-ChangeBinInt-Custom-InsertByte-Custom-
#18909	NEW    cov: 1667 ft: 6868 corp: 662/2302Kb lim: 65536 exec/s: 900 rss: 4193Mb L: 3/65536 MS: 6 InsertByte-Custom-ChangeByte-Custom-EraseBytes-Custom-
#18910	NEW    cov: 1667 ft: 6868 corp: 661/2302Kb lim: 65536 exec/s: 900 rss: 4193Mb L: 2/65536 MS: 2 ChangeBinInt-Custom-
#18964	NEW    cov: 1667 ft: 6868 corp: 662/2303Kb lim: 65536 exec/s: 903 rss: 4205Mb L: 1033/65536 MS: 6 CustomCrossOver-ChangeByte-Custom-EraseBytes-Custom-CustomCrossOver-
#19198	RELOAD cov: 1667 ft: 6872 corp: 668/2346Kb lim: 65536 exec/s: 914 rss: 4258Mb
#19216	NEW    cov: 1667 ft: 6872 corp: 668/2346Kb lim: 65536 exec/s: 915 rss: 4261Mb L: 2/65536 MS: 5 CustomCrossOver-CrossOver-Custom-EraseBytes-Custom-
#19247	NEW    cov: 1667 ft: 6872 corp: 668/2343Kb lim: 65536 exec/s: 916 rss: 4267Mb L: 8641/65536 MS: 2 InsertRepeatedBytes-Custom-
#19329	NEW    cov: 1667 ft: 6872 corp: 668/2343Kb lim: 65536 exec/s: 920 rss: 4283Mb L: 133/65536 MS: 4 ShuffleBytes-Custom-InsertRepeatedBytes-Custom-
#19352	NEW    cov: 1667 ft: 6872 corp: 668/2343Kb lim: 65536 exec/s: 921 rss: 4288Mb L: 83/65536 MS: 6 ChangeByte-Custom-InsertRepeatedBytes-Custom-InsertRepeatedBytes-Custom-
#19357	NEW    cov: 1667 ft: 6873 corp: 669/2343Kb lim: 65536 exec/s: 921 rss: 4289Mb L: 16/65536 MS: 9 PersAutoDict-Custom-CrossOver-Custom-ShuffleBytes-Custom-ShuffleBytes-Custom-CustomCrossOver- DE: "\001\000\000\000\000\000\000\000"-
#19453	NEW    cov: 1667 ft: 6873 corp: 669/2343Kb lim: 65536 exec/s: 926 rss: 4311Mb L: 63611/65536 MS: 2 EraseBytes-Custom-
#19560	NEW    cov: 1667 ft: 6877 corp: 670/2343Kb lim: 65536 exec/s: 889 rss: 4334Mb L: 119/65536 MS: 4 InsertRepeatedBytes-Custom-EraseBytes-Custom-
#19561	NEW    cov: 1667 ft: 6877 corp: 671/2343Kb lim: 65536 exec/s: 889 rss: 4334Mb L: 5/65536 MS: 1 CustomCrossOver-
#19573	NEW    cov: 1667 ft: 6877 corp: 671/2343Kb lim: 65536 exec/s: 889 rss: 4336Mb L: 2/65536 MS: 3 EraseBytes-Custom-CustomCrossOver-
#19595	NEW    cov: 1667 ft: 6877 corp: 672/2344Kb lim: 65536 exec/s: 890 rss: 4341Mb L: 1138/65536 MS: 4 InsertByte-Custom-ManualDict-Custom- DE: "log_steps"-
#19607	NEW    cov: 1667 ft: 6877 corp: 672/2344Kb lim: 65536 exec/s: 891 rss: 4343Mb L: 6/65536 MS: 3 CustomCrossOver-CopyPart-Custom-
#19625	NEW    cov: 1667 ft: 6877 corp: 673/2344Kb lim: 65536 exec/s: 892 rss: 4347Mb L: 1/65536 MS: 6 EraseBytes-Custom-ChangeByte-Custom-ChangeBit-Custom-
#19683	NEW    cov: 1667 ft: 6877 corp: 674/2352Kb lim: 65536 exec/s: 894 rss: 4361Mb L: 8571/65536 MS: 6 ChangeBinInt-Custom-ChangeASCIIInt-Custom-InsertByte-Custom-
#19710	NEW    cov: 1667 ft: 6877 corp: 674/2352Kb lim: 65536 exec/s: 895 rss: 4367Mb L: 65474/65536 MS: 4 CopyPart-Custom-CopyPart-Custom-
#19730	NEW    cov: 1667 ft: 6877 corp: 674/2352Kb lim: 65536 exec/s: 896 rss: 4371Mb L: 33/65536 MS: 10 ChangeByte-Custom-ShuffleBytes-Custom-ChangeByte-Custom-ManualDict-Custom-PersAutoDict-Custom- DE: "code"-"\000\000\001\000\000\000\000\000"-
#19886	NEW    cov: 1667 ft: 6877 corp: 675/2352Kb lim: 65536 exec/s: 903 rss: 4404Mb L: 3/65536 MS: 2 ChangeBinInt-Custom-
#19892	NEW    cov: 1667 ft: 6877 corp: 676/2352Kb lim: 65536 exec/s: 904 rss: 4405Mb L: 2/65536 MS: 2 EraseBytes-Custom-
#19913	NEW    cov: 1667 ft: 6877 corp: 676/2352Kb lim: 65536 exec/s: 905 rss: 4408Mb L: 8582/65536 MS: 2 CMP-Custom- DE: "\000\000\000\000"-
#20029	NEW    cov: 1667 ft: 6877 corp: 677/2352Kb lim: 65536 exec/s: 910 rss: 4432Mb L: 4/65536 MS: 2 ChangeBit-Custom-
#20043	NEW    cov: 1667 ft: 6877 corp: 677/2352Kb lim: 65536 exec/s: 911 rss: 4435Mb L: 119/65536 MS: 8 PersAutoDict-Custom-InsertRepeatedBytes-Custom-InsertByte-Custom-PersAutoDict-Custom- DE: "until"-"setGcThroughputMode"-
#20097	NEW    cov: 1667 ft: 6877 corp: 677/2352Kb lim: 65536 exec/s: 913 rss: 4446Mb L: 19/65536 MS: 7 CopyPart-Custom-CustomCrossOver-CopyPart-Custom-PersAutoDict-Custom- DE: "\000\001"-
#20229	RELOAD cov: 1667 ft: 6881 corp: 678/2282Kb lim: 65536 exec/s: 919 rss: 4476Mb
#20450	NEW    cov: 1667 ft: 6881 corp: 678/2282Kb lim: 65536 exec/s: 889 rss: 4525Mb L: 33684/65536 MS: 1 CustomCrossOver-
#20609	NEW    cov: 1667 ft: 6881 corp: 678/2282Kb lim: 65536 exec/s: 896 rss: 4561Mb L: 93/65536 MS: 8 PersAutoDict-Custom-ManualDict-Custom-InsertRepeatedBytes-Custom-ChangeBinInt-Custom- DE: "\377\000"-"inline"-
#20738	NEW    cov: 1667 ft: 6882 corp: 679/2282Kb lim: 65536 exec/s: 901 rss: 4588Mb L: 19/65536 MS: 8 CopyPart-Custom-ChangeBinInt-Custom-EraseBytes-Custom-EraseBytes-Custom-
#20744	NEW    cov: 1667 ft: 6882 corp: 680/2282Kb lim: 65536 exec/s: 901 rss: 4590Mb L: 3/65536 MS: 2 ChangeBit-Custom-
#20921	NEW    cov: 1667 ft: 6882 corp: 680/2282Kb lim: 65536 exec/s: 909 rss: 4629Mb L: 51/65536 MS: 4 ShuffleBytes-Custom-ChangeBinInt-Custom-
#20930	NEW    cov: 1667 ft: 6882 corp: 681/2286Kb lim: 65536 exec/s: 910 rss: 4631Mb L: 4848/65536 MS: 7 CopyPart-Custom-ChangeBit-Custom-ChangeASCIIInt-Custom-CustomCrossOver-
#20932	NEW    cov: 1667 ft: 6883 corp: 682/2287Kb lim: 65536 exec/s: 910 rss: 4631Mb L: 650/65536 MS: 4 PersAutoDict-Custom-InsertRepeatedBytes-Custom- DE: "\001\000\000\037"-
#20994	NEW    cov: 1667 ft: 6883 corp: 682/2286Kb lim: 65536 exec/s: 912 rss: 4644Mb L: 16/65536 MS: 3 CustomCrossOver-ManualDict-Custom- DE: "Lua error"-
#21029	NEW    cov: 1667 ft: 6883 corp: 683/2287Kb lim: 65536 exec/s: 914 rss: 4651Mb L: 25/65536 MS: 10 EraseBytes-Custom-CopyPart-Custom-CMP-Custom-CopyPart-Custom-ManualDict-Custom- DE: "\377\377\377\000"-"4294967295"-
#21043	NEW    cov: 1667 ft: 6883 corp: 683/2287Kb lim: 65536 exec/s: 914 rss: 4655Mb L: 2/65536 MS: 4 CustomCrossOver-CustomCrossOver-CustomCrossOver-CustomCrossOver-
#21061	NEW    cov: 1667 ft: 6883 corp: 683/2287Kb lim: 65536 exec/s: 915 rss: 4659Mb L: 1/65536 MS: 6 ChangeByte-Custom-CrossOver-Custom-CopyPart-Custom-
#21065	NEW    cov: 1667 ft: 6883 corp: 684/2287Kb lim: 65536 exec/s: 915 rss: 4660Mb L: 6/65536 MS: 8 ShuffleBytes-Custom-ChangeBit-Custom-ChangeBinInt-Custom-ChangeByte-Custom-
#21224	RELOAD cov: 1667 ft: 6884 corp: 683/2250Kb lim: 65536 exec/s: 922 rss: 4695Mb
#21251	NEW    cov: 1667 ft: 6884 corp: 683/2250Kb lim: 65536 exec/s: 923 rss: 4700Mb L: 4/65536 MS: 4 InsertByte-Custom-InsertByte-Custom-
#21287	NEW    cov: 1667 ft: 6884 corp: 684/2250Kb lim: 65536 exec/s: 886 rss: 4707Mb L: 3/65536 MS: 1 CustomCrossOver-
#21288	NEW    cov: 1667 ft: 6884 corp: 683/2250Kb lim: 65536 exec/s: 887 rss: 4707Mb L: 19/65536 MS: 2 ChangeByte-Custom-
#21325	NEW    cov: 1667 ft: 6884 corp: 683/2250Kb lim: 65536 exec/s: 888 rss: 4714Mb L: 97/65536 MS: 4 ChangeByte-Custom-InsertRepeatedBytes-Custom-
#21350	NEW    cov: 1667 ft: 6887 corp: 684/2259Kb lim: 65536 exec/s: 889 rss: 4720Mb L: 8585/65536 MS: 10 InsertRepeatedBytes-Custom-ManualDict-Custom-ChangeASCIIInt-Custom-InsertByte-Custom-ChangeBinInt-Custom- DE: "stress"-
#21370	NEW    cov: 1667 ft: 6895 corp: 684/2248Kb lim: 65536 exec/s: 890 rss: 4723Mb L: 25383/65536 MS: 10 ShuffleBytes-Custom-ChangeBit-Custom-ChangeBit-Custom-InsertByte-Custom-ChangeASCIIInt-Custom-
#21407	NEW    cov: 1667 ft: 6896 corp: 685/2248Kb lim: 65536 exec/s: 891 rss: 4731Mb L: 84/65536 MS: 4 PersAutoDict-Custom-PersAutoDict-Custom- DE: "pin_threads_to_cores"-"pin_threads_to_cores"-
#21515	NEW    cov: 1667 ft: 6897 corp: 686/2248Kb lim: 65536 exec/s: 896 rss: 4755Mb L: 130/65536 MS: 4 CrossOver-Custom-CustomCrossOver-CustomCrossOver-
#21592	NEW    cov: 1667 ft: 6897 corp: 686/2248Kb lim: 65536 exec/s: 899 rss: 4771Mb L: 35/65536 MS: 4 ManualDict-Custom-CrossOver-Custom- DE: "fnv1a64"-
#21728	NEW    cov: 1667 ft: 6897 corp: 685/2196Kb lim: 65536 exec/s: 905 rss: 4801Mb L: 195/65536 MS: 2 InsertRepeatedBytes-Custom-
#21994	NEW    cov: 1667 ft: 6897 corp: 686/2228Kb lim: 65536 exec/s: 916 rss: 4859Mb L: 33684/65536 MS: 2 ChangeBinInt-Custom-
#22030	NEW    cov: 1667 ft: 6897 corp: 686/2228Kb lim: 65536 exec/s: 917 rss: 4866Mb L: 38/65536 MS: 2 CrossOver-Custom-
#22036	NEW    cov: 1667 ft: 6897 corp: 686/2228Kb lim: 65536 exec/s: 918 rss: 4867Mb L: 38/65536 MS: 2 ShuffleBytes-Custom-
#22254	RELOAD cov: 1667 ft: 6897 corp: 686/2182Kb lim: 65536 exec/s: 890 rss: 4915Mb
#22258	NEW    cov: 1667 ft: 6897 corp: 687/2182Kb lim: 65536 exec/s: 890 rss: 4915Mb L: 7/65536 MS: 8 ChangeBit-Custom-InsertByte-Custom-PersAutoDict-Custom-CopyPart-Custom- DE: ">"-
#22277	NEW    cov: 1667 ft: 6901 corp: 688/2182Kb lim: 65536 exec/s: 891 rss: 4920Mb L: 4/65536 MS: 8 CopyPart-Custom-PersAutoDict-Custom-ShuffleBytes-Custom-EraseBytes-Custom- DE: "stress"-
#22366	NEW    cov: 1667 ft: 6901 corp: 688/2182Kb lim: 65536 exec/s: 894 rss: 4939Mb L: 109/65536 MS: 8 InsertByte-Custom-CMP-Custom-ManualDict-Custom-InsertRepeatedBytes-Custom- DE: "\000\000\000\003"-"."-
#22462	NEW    cov: 1667 ft: 6901 corp: 689/2182Kb lim: 65536 exec/s: 898 rss: 4960Mb L: 2/65536 MS: 1 CustomCrossOver-
#22628	NEW    cov: 1667 ft: 6902 corp: 690/2182Kb lim: 65536 exec/s: 905 rss: 4994Mb L: 25/65536 MS: 2 ChangeBinInt-Custom-
#22899	NEW    cov: 1667 ft: 6902 corp: 690/2182Kb lim: 65536 exec/s: 915 rss: 5051Mb L: 22/65536 MS: 2 ChangeByte-Custom-
#22904	NEW    cov: 1667 ft: 6905 corp: 691/2182Kb lim: 65536 exec/s: 916 rss: 5052Mb L: 85/65536 MS: 8 ChangeBit-Custom-CopyPart-Custom-ChangeBit-Custom-CustomCrossOver-CustomCrossOver-
#23001	NEW    cov: 1667 ft: 6958 corp: 692/2215Kb lim: 65536 exec/s: 920 rss: 5074Mb L: 33739/65536 MS: 4 ChangeBit-Custom-InsertRepeatedBytes-Custom-
#23007	NEW    cov: 1667 ft: 6958 corp: 691/2215Kb lim: 65536 exec/s: 920 rss: 5076Mb L: 22/65536 MS: 2 CopyPart-Custom-
#23012	NEW    cov: 1667 ft: 6958 corp: 690/2215Kb lim: 65536 exec/s: 920 rss: 5077Mb L: 2/65536 MS: 7 EraseBytes-Custom-InsertByte-Custom-CustomCrossOver-CustomCrossOver-CustomCrossOver-
#23013	NEW    cov: 1667 ft: 6958 corp: 690/2215Kb lim: 65536 exec/s: 920 rss: 5077Mb L: 17/65536 MS: 2 InsertByte-Custom-
#23020	NEW    cov: 1667 ft: 6958 corp: 690/2215Kb lim: 65536 exec/s: 920 rss: 5078Mb L: 1/65536 MS: 4 ChangeBit-Custom-ChangeBit-Custom-
#23028	NEW    cov: 1667 ft: 6958 corp: 691/2215Kb lim: 65536 exec/s: 921 rss: 5080Mb L: 16/65536 MS: 6 ChangeBit-Custom-ShuffleBytes-Custom-ShuffleBytes-Custom-
#23104	NEW    cov: 1667 ft: 6960 corp: 692/2232Kb lim: 65536 exec/s: 924 rss: 5094Mb L: 18204/65536 MS: 2 InsertRepeatedBytes-Custom-
#23105	NEW    cov: 1667 ft: 6960 corp: 693/2236Kb lim: 65536 exec/s: 924 rss: 5095Mb L: 4116/65536 MS: 2 ManualDict-Custom- DE: "open_libraries"-
#23145	NEW    cov: 1667 ft: 6960 corp: 693/2236Kb lim: 65536 exec/s: 890 rss: 5104Mb L: 107/65536 MS: 10 PersAutoDict-Custom-ChangeBit-Custom-CMP-Custom-InsertRepeatedBytes-Custom-CopyPart-Custom- DE: "\027\000\000\000\000\000\000\000"-"\023\000"-
#23180	NEW    cov: 1667 ft: 6960 corp: 693/2236Kb lim: 65536 exec/s: 891 rss: 5111Mb L: 55/65536 MS: 10 EraseBytes-Custom-CopyPart-Custom-InsertRepeatedBytes-Custom-CopyPart-Custom-InsertRepeatedBytes-Custom-
#23184	NEW    cov: 1667 ft: 6960 corp: 693/2236Kb lim: 65536 exec/s: 891 rss: 5112Mb L: 4/65536 MS: 8 ChangeBit-Custom-ShuffleBytes-Custom-ChangeBit-Custom-CopyPart-Custom-
#23302	RELOAD cov: 1667 ft: 6960 corp: 692/2208Kb lim: 65536 exec/s: 896 rss: 5138Mb
#23598	NEW    cov: 1667 ft: 6960 corp: 692/2208Kb lim: 65536 exec/s: 907 rss: 5202Mb L: 4/65536 MS: 2 InsertByte-Custom-
#23864	NEW    cov: 1667 ft: 6960 corp: 692/2208Kb lim: 65536 exec/s: 917 rss: 5259Mb L: 7/65536 MS: 2 CopyPart-Custom-
#23901	NEW    cov: 1667 ft: 6960 corp: 691/2208Kb lim: 65536 exec/s: 919 rss: 5268Mb L: 16/65536 MS: 3 CustomCrossOver-ManualDict-Custom- DE: "typo_section"-
#24095	NEW    cov: 1667 ft: 6961 corp: 692/2208Kb lim: 65536 exec/s: 892 rss: 5308Mb L: 19/65536 MS: 6 ChangeBinInt-Custom-CustomCrossOver-CustomCrossOver-CMP-Custom- DE: "sol.sol::function"-
#24148	NEW    cov: 1667 ft: 6961 corp: 693/2208Kb lim: 65536 exec/s: 894 rss: 5319Mb L: 33/65536 MS: 6 ManualDict-Custom-PersAutoDict-Custom-ManualDict-Custom- DE: "log_level"-"not"-"step ordering failed"-
#24335	RELOAD cov: 1667 ft: 6962 corp: 690/2182Kb lim: 65536 exec/s: 901 rss: 5359Mb
#24336	NEW    cov: 1667 ft: 6962 corp: 689/2182Kb lim: 65536 exec/s: 901 rss: 5359Mb L: 1/65536 MS: 2 EraseBytes-Custom-
#24436	NEW    cov: 1667 ft: 6962 corp: 689/2182Kb lim: 65536 exec/s: 905 rss: 5381Mb L: 65473/65536 MS: 9 CopyPart-Custom-PersAutoDict-Custom-ChangeByte-Custom-CustomCrossOver-PersAutoDict-Custom- DE: "log_level"-"exis"-
#24498	NEW    cov: 1667 ft: 6962 corp: 689/2182Kb lim: 65536 exec/s: 907 rss: 5395Mb L: 1130/65536 MS: 3 InsertRepeatedBytes-Custom-CustomCrossOver-
#24599	NEW    cov: 1667 ft: 6963 corp: 690/2214Kb lim: 65536 exec/s: 911 rss: 5417Mb L: 32767/65536 MS: 2 ShuffleBytes-Custom-
#24792	NEW    cov: 1667 ft: 6969 corp: 691/2214Kb lim: 65536 exec/s: 918 rss: 5459Mb L: 92/65536 MS: 6 CMP-Custom-ChangeBinInt-Custom-PersAutoDict-Custom- DE: "\000\000\000\000\000\000\000\200"-"\000\000\000\000\000\000\000\000"-
#24865	NEW    cov: 1667 ft: 6969 corp: 691/2214Kb lim: 65536 exec/s: 920 rss: 5475Mb L: 3/65536 MS: 6 ChangeByte-Custom-EraseBytes-Custom-ShuffleBytes-Custom-
#24904	NEW    cov: 1667 ft: 6969 corp: 691/2214Kb lim: 65536 exec/s: 922 rss: 5482Mb L: 24/65536 MS: 8 ShuffleBytes-Custom-ChangeBit-Custom-ChangeBit-Custom-CopyPart-Custom-
#24918	NEW    cov: 1667 ft: 6970 corp: 691/2182Kb lim: 65536 exec/s: 889 rss: 5485Mb L: 340/65536 MS: 6 ManualDict-Custom-CustomCrossOver-InsertByte-Custom-CustomCrossOver- DE: "pairs"-
#24929	NEW    cov: 1667 ft: 6975 corp: 688/2158Kb lim: 65536 exec/s: 890 rss: 5487Mb L: 48/65536 MS: 1 CustomCrossOver-
#24939	NEW    cov: 1667 ft: 6976 corp: 689/2159Kb lim: 65536 exec/s: 890 rss: 5490Mb L: 161/65536 MS: 10 ChangeASCIIInt-Custom-ManualDict-Custom-EraseBytes-Custom-EraseBytes-Custom-InsertRepeatedBytes-Custom- DE: "]]"-
#24941	NEW    cov: 1667 ft: 6979 corp: 690/2206Kb lim: 65536 exec/s: 890 rss: 5490Mb L: 48877/65536 MS: 4 ChangeByte-Custom-EraseBytes-Custom-
#24950	NEW    cov: 1667 ft: 6979 corp: 691/2206Kb lim: 65536 exec/s: 891 rss: 5492Mb L: 2/65536 MS: 8 ChangeBinInt-Custom-ShuffleBytes-Custom-ChangeBit-Custom-EraseBytes-Custom-
#25041	NEW    cov: 1667 ft: 6979 corp: 691/2206Kb lim: 65536 exec/s: 894 rss: 5511Mb L: 17/65536 MS: 2 ShuffleBytes-Custom-
#25115	NEW    cov: 1667 ft: 6979 corp: 692/2206Kb lim: 65536 exec/s: 896 rss: 5525Mb L: 13/65536 MS: 8 PersAutoDict-Custom-EraseBytes-Custom-EraseBytes-Custom-ChangeBinInt-Custom- DE: "parallel"-
#25181	NEW    cov: 1667 ft: 6979 corp: 691/2206Kb lim: 65536 exec/s: 899 rss: 5540Mb L: 2/65536 MS: 2 ChangeBit-Custom-
#25347	RELOAD cov: 1667 ft: 6983 corp: 693/2238Kb lim: 65536 exec/s: 905 rss: 5575Mb
#25357	NEW    cov: 1667 ft: 6983 corp: 694/2238Kb lim: 65536 exec/s: 905 rss: 5577Mb L: 53/65536 MS: 10 ChangeBit-Custom-ShuffleBytes-Custom-ManualDict-Custom-PersAutoDict-Custom-PersAutoDict-Custom- DE: "adversarial-cache"-"\010\000\000\000\000\000\000\000"-"time"-
#25385	NEW    cov: 1667 ft: 6983 corp: 695/2238Kb lim: 65536 exec/s: 906 rss: 5583Mb L: 155/65536 MS: 6 ChangeBit-Custom-ChangeByte-Custom-ShuffleBytes-Custom-
#25394	NEW    cov: 1667 ft: 6983 corp: 695/2238Kb lim: 65536 exec/s: 906 rss: 5585Mb L: 30/65536 MS: 8 CopyPart-Custom-ChangeByte-Custom-PersAutoDict-Custom-EraseBytes-Custom- DE: "\023\000"-
#25596	NEW    cov: 1667 ft: 6983 corp: 695/2238Kb lim: 65536 exec/s: 914 rss: 5629Mb L: 18/65536 MS: 2 CustomCrossOver-CustomCrossOver-
#25759	NEW    cov: 1667 ft: 6983 corp: 695/2228Kb lim: 65536 exec/s: 919 rss: 5662Mb L: 22814/65536 MS: 6 CMP-Custom-ManualDict-Custom-CMP-Custom- DE: "\000\000\000\000"-"all"-"if"-
#25859	NEW    cov: 1667 ft: 6984 corp: 696/2228Kb lim: 65536 exec/s: 891 rss: 5685Mb L: 71/65536 MS: 7 CustomCrossOver-CustomCrossOver-CustomCrossOver-ManualDict-Custom-ManualDict-Custom- DE: "pairs"-"vault"-
#26248	NEW    cov: 1667 ft: 6984 corp: 695/2228Kb lim: 65536 exec/s: 905 rss: 5772Mb L: 5/65536 MS: 6 CustomCrossOver-ChangeBit-Custom-CustomCrossOver-ChangeBit-Custom-
#26382	RELOAD cov: 1667 ft: 6984 corp: 696/2224Kb lim: 65536 exec/s: 909 rss: 5800Mb
#26587	NEW    cov: 1667 ft: 6984 corp: 696/2224Kb lim: 65536 exec/s: 916 rss: 5842Mb L: 61529/65536 MS: 10 ManualDict-Custom-ChangeBit-Custom-ChangeBinInt-Custom-ManualDict-Custom-EraseBytes-Custom- DE: "999999"-"ignore_vars_for_hashing"-
#26622	NEW    cov: 1667 ft: 6985 corp: 697/2225Kb lim: 65536 exec/s: 918 rss: 5850Mb L: 295/65536 MS: 10 ChangeByte-Custom-PersAutoDict-Custom-EraseBytes-Custom-ChangeBit-Custom-InsertRepeatedBytes-Custom- DE: "braced"-
#26712	NEW    cov: 1667 ft: 6985 corp: 698/2225Kb lim: 65536 exec/s: 890 rss: 5869Mb L: 17/65536 MS: 9 PersAutoDict-Custom-InsertByte-Custom-CrossOver-Custom-CustomCrossOver-EraseBytes-Custom- DE: "<"-
#26744	NEW    cov: 1667 ft: 6985 corp: 698/2220Kb lim: 65536 exec/s: 891 rss: 5876Mb L: 3/65536 MS: 3 CustomCrossOver-PersAutoDict-Custom- DE: "=="-
#26803	NEW    cov: 1667 ft: 6985 corp: 698/2220Kb lim: 65536 exec/s: 893 rss: 5888Mb L: 2/65536 MS: 8 CopyPart-Custom-ShuffleBytes-Custom-InsertByte-Custom-EraseBytes-Custom-
#26896	NEW    cov: 1667 ft: 6985 corp: 698/2220Kb lim: 65536 exec/s: 896 rss: 5908Mb L: 27/65536 MS: 6 ChangeBit-Custom-CopyPart-Custom-CMP-Custom- DE: "\377\035"-
#26912	NEW    cov: 1667 ft: 6988 corp: 699/2220Kb lim: 65536 exec/s: 897 rss: 5912Mb L: 340/65536 MS: 2 ManualDict-Custom- DE: "0x"-
#26935	NEW    cov: 1667 ft: 6988 corp: 700/2220Kb lim: 65536 exec/s: 897 rss: 5917Mb L: 4/65536 MS: 6 ChangeByte-Custom-ChangeBit-Custom-ChangeByte-Custom-
#27042	NEW    cov: 1667 ft: 6988 corp: 701/2220Kb lim: 65536 exec/s: 901 rss: 5938Mb L: 19/65536 MS: 3 CustomCrossOver-CrossOver-Custom-
#27099	NEW    cov: 1667 ft: 6988 corp: 701/2220Kb lim: 65536 exec/s: 903 rss: 5952Mb L: 25/65536 MS: 4 ManualDict-Custom-ManualDict-Custom- DE: "failures"-"not"-
#27165	NEW    cov: 1667 ft: 6988 corp: 701/2220Kb lim: 65536 exec/s: 905 rss: 5965Mb L: 16/65536 MS: 2 ChangeByte-Custom-
#27258	NEW    cov: 1667 ft: 6988 corp: 701/2220Kb lim: 65536 exec/s: 908 rss: 5985Mb L: 22/65536 MS: 6 PersAutoDict-Custom-PersAutoDict-Custom-InsertByte-Custom- DE: "braced"-"~\377\377\377\377\377\377\376"-
#27397	RELOAD cov: 1667 ft: 6990 corp: 702/2201Kb lim: 65536 exec/s: 913 rss: 6013Mb
#27421	NEW    cov: 1667 ft: 6990 corp: 702/2201Kb lim: 65536 exec/s: 914 rss: 6018Mb L: 20/65536 MS: 8 ChangeByte-Custom-ChangeBinInt-Custom-ChangeByte-Custom-PersAutoDict-Custom- DE: "missing"-
#27470	NEW    cov: 1667 ft: 6990 corp: 702/2200Kb lim: 65536 exec/s: 915 rss: 6029Mb L: 33/65536 MS: 8 ChangeBit-Custom-ChangeBit-Custom-ChangeBit-Custom-ChangeBinInt-Custom-
#27489	NEW    cov: 1667 ft: 6990 corp: 703/2201Kb lim: 65536 exec/s: 916 rss: 6033Mb L: 193/65536 MS: 8 EraseBytes-Custom-ManualDict-Custom-InsertRepeatedBytes-Custom-InsertRepeatedBytes-Custom- DE: "output_mode"-
#27531	NEW    cov: 1667 ft: 6990 corp: 703/2201Kb lim: 65536 exec/s: 917 rss: 6041Mb L: 3/65536 MS: 4 ShuffleBytes-Custom-ChangeBit-Custom-
#27533	NEW    cov: 1667 ft: 6990 corp: 703/2201Kb lim: 65536 exec/s: 917 rss: 6042Mb L: 2/65536 MS: 2 CustomCrossOver-CustomCrossOver-
#27682	NEW    cov: 1667 ft: 6990 corp: 702/2199Kb lim: 65536 exec/s: 892 rss: 6074Mb L: 206/65536 MS: 8 ChangeBit-Custom-InsertByte-Custom-InsertRepeatedBytes-Custom-InsertRepeatedBytes-Custom-
#27726	NEW    cov: 1667 ft: 6990 corp: 702/2198Kb lim: 65536 exec/s: 894 rss: 6083Mb L: 215/65536 MS: 8 InsertRepeatedBytes-Custom-CopyPart-Custom-CopyPart-Custom-InsertRepeatedBytes-Custom-
#27772	NEW    cov: 1667 ft: 6990 corp: 702/2198Kb lim: 65536 exec/s: 895 rss: 6092Mb L: 8/65536 MS: 2 PersAutoDict-Custom- DE: "\001\000\000\000"-
#27789	NEW    cov: 1667 ft: 6990 corp: 702/2198Kb lim: 65536 exec/s: 896 rss: 6096Mb L: 2/65536 MS: 2 CustomCrossOver-CustomCrossOver-
#27926	NEW    cov: 1667 ft: 6990 corp: 703/2198Kb lim: 65536 exec/s: 900 rss: 6123Mb L: 14/65536 MS: 4 CMP-Custom-ChangeByte-Custom- DE: "sol."-
#27927	NEW    cov: 1667 ft: 6990 corp: 704/2198Kb lim: 65536 exec/s: 900 rss: 6123Mb L: 2/65536 MS: 2 ShuffleBytes-Custom-
#27945	NEW    cov: 1667 ft: 6990 corp: 704/2197Kb lim: 65536 exec/s: 901 rss: 6128Mb L: 15/65536 MS: 6 ManualDict-Custom-InsertByte-Custom-ManualDict-Custom- DE: "level"-"wait_all"-
#27968	NEW    cov: 1667 ft: 6991 corp: 705/2197Kb lim: 65536 exec/s: 902 rss: 6131Mb L: 22/65536 MS: 5 CustomCrossOver-CMP-Custom-CMP-Custom- DE: "replace"-"\001\000\000\000\000\000\000\027"-
#28117	NEW    cov: 1667 ft: 6992 corp: 706/2197Kb lim: 65536 exec/s: 907 rss: 6165Mb L: 127/65536 MS: 8 ChangeBinInt-Custom-ChangeBit-Custom-ShuffleBytes-Custom-ChangeBit-Custom-
#28328	NEW    cov: 1667 ft: 6992 corp: 706/2197Kb lim: 65536 exec/s: 913 rss: 6209Mb L: 2/65536 MS: 1 CustomCrossOver-
#28418	RELOAD cov: 1667 ft: 6998 corp: 708/2196Kb lim: 65536 exec/s: 916 rss: 6228Mb
#28419	NEW    cov: 1667 ft: 6998 corp: 709/2196Kb lim: 65536 exec/s: 916 rss: 6228Mb L: 2/65536 MS: 1 CustomCrossOver-
#28547	NEW    cov: 1667 ft: 6998 corp: 709/2196Kb lim: 65536 exec/s: 920 rss: 6257Mb L: 2/65536 MS: 3 CustomCrossOver-CustomCrossOver-CustomCrossOver-
#28563	NEW    cov: 1667 ft: 7011 corp: 707/2196Kb lim: 65536 exec/s: 892 rss: 6261Mb L: 7/65536 MS: 2 CopyPart-Custom-
#28564	NEW    cov: 1667 ft: 7011 corp: 707/2196Kb lim: 65536 exec/s: 892 rss: 6261Mb L: 3/65536 MS: 2 ChangeBit-Custom-
#28778	NEW    cov: 1667 ft: 7011 corp: 707/2196Kb lim: 65536 exec/s: 899 rss: 6307Mb L: 7/65536 MS: 8 CopyPart-Custom-PersAutoDict-Custom-EraseBytes-Custom-ManualDict-Custom- DE: "\222Z\215\240\000\000\000\000"-"-1"-
#29069	NEW    cov: 1667 ft: 7011 corp: 706/2196Kb lim: 65536 exec/s: 908 rss: 6370Mb L: 16/65536 MS: 2 ShuffleBytes-Custom-
#29088	NEW    cov: 1667 ft: 7011 corp: 706/2196Kb lim: 65536 exec/s: 909 rss: 6374Mb L: 11/65536 MS: 6 ManualDict-Custom-ChangeBinInt-Custom-CustomCrossOver-CustomCrossOver- DE: ")"-
#29109	NEW    cov: 1667 ft: 7011 corp: 707/2196Kb lim: 65536 exec/s: 909 rss: 6379Mb L: 1/65536 MS: 2 ChangeBit-Custom-
#29155	NEW    cov: 1667 ft: 7011 corp: 708/2196Kb lim: 65536 exec/s: 911 rss: 6389Mb L: 1/65536 MS: 2 EraseBytes-Custom-
#29286	NEW    cov: 1667 ft: 7011 corp: 709/2196Kb lim: 65536 exec/s: 915 rss: 6417Mb L: 1/65536 MS: 2 ChangeByte-Custom-
#29384	RELOAD cov: 1667 ft: 7016 corp: 709/2227Kb lim: 65536 exec/s: 918 rss: 6439Mb
#29448	NEW    cov: 1667 ft: 7017 corp: 710/2235Kb lim: 65536 exec/s: 892 rss: 6451Mb L: 8582/65536 MS: 8 PersAutoDict-Custom-ChangeBinInt-Custom-ManualDict-Custom-PersAutoDict-Custom- DE: "stress"-"failures"-"to_u"-
#29506	NEW    cov: 1667 ft: 7017 corp: 711/2235Kb lim: 65536 exec/s: 894 rss: 6464Mb L: 2/65536 MS: 6 ChangeByte-Custom-ChangeBit-Custom-ShuffleBytes-Custom-
#29741	NEW    cov: 1667 ft: 7018 corp: 712/2235Kb lim: 65536 exec/s: 901 rss: 6513Mb L: 207/65536 MS: 10 InsertRepeatedBytes-Custom-CMP-Custom-ShuffleBytes-Custom-EraseBytes-Custom-PersAutoDict-Custom- DE: "\001\000\000\000\000\000\000\001"-"script_file"-
#29742	NEW    cov: 1667 ft: 7018 corp: 712/2220Kb lim: 65536 exec/s: 901 rss: 6513Mb L: 1141/65536 MS: 2 InsertRepeatedBytes-Custom-
#30192	RELOAD cov: 1667 ft: 7019 corp: 713/2223Kb lim: 65536 exec/s: 888 rss: 6609Mb
#30298	NEW    cov: 1667 ft: 7019 corp: 713/2223Kb lim: 65536 exec/s: 891 rss: 6632Mb L: 19/65536 MS: 2 PersAutoDict-Custom- DE: "beez.config"-
#30519	NEW    cov: 1667 ft: 7019 corp: 713/2223Kb lim: 65536 exec/s: 897 rss: 6648Mb L: 2/65536 MS: 2 ChangeBinInt-Custom-
#30567	NEW    cov: 1667 ft: 7019 corp: 713/2223Kb lim: 65536 exec/s: 899 rss: 6649Mb L: 5/65536 MS: 5 CustomCrossOver-EraseBytes-Custom-PersAutoDict-Custom- DE: "\001\000\000e"-
#30573	NEW    cov: 1667 ft: 7019 corp: 713/2223Kb lim: 65536 exec/s: 899 rss: 6649Mb L: 3/65536 MS: 2 InsertByte-Custom-
#30619	NEW    cov: 1667 ft: 7022 corp: 713/2223Kb lim: 65536 exec/s: 900 rss: 6649Mb L: 18/65536 MS: 1 CustomCrossOver-
#30685	NEW    cov: 1667 ft: 7022 corp: 712/2223Kb lim: 65536 exec/s: 902 rss: 6649Mb L: 65/65536 MS: 2 InsertRepeatedBytes-Custom-
#30795	NEW    cov: 1667 ft: 7022 corp: 713/2223Kb lim: 65536 exec/s: 905 rss: 6651Mb L: 20/65536 MS: 10 ChangeByte-Custom-CMP-Custom-InsertByte-Custom-ChangeBit-Custom-PersAutoDict-Custom- DE: "to_lowercase"-"join"-
#30927	NEW    cov: 1667 ft: 7022 corp: 714/2223Kb lim: 65536 exec/s: 883 rss: 6660Mb L: 2/65536 MS: 2 CustomCrossOver-CustomCrossOver-
#30997	RELOAD cov: 1667 ft: 7022 corp: 715/2216Kb lim: 65536 exec/s: 885 rss: 6662Mb
#31278	NEW    cov: 1667 ft: 7022 corp: 716/2216Kb lim: 65536 exec/s: 893 rss: 6674Mb L: 2/65536 MS: 2 PersAutoDict-Custom- DE: "\030\000"-
#31284	NEW    cov: 1667 ft: 7022 corp: 717/2249Kb lim: 65536 exec/s: 893 rss: 6674Mb L: 33203/65536 MS: 2 ShuffleBytes-Custom-
#31405	NEW    cov: 1667 ft: 7022 corp: 717/2249Kb lim: 65536 exec/s: 897 rss: 6677Mb L: 18/65536 MS: 2 ManualDict-Custom- DE: "wait_all"-
#31411	NEW    cov: 1667 ft: 7022 corp: 717/2249Kb lim: 65536 exec/s: 897 rss: 6677Mb L: 18/65536 MS: 2 EraseBytes-Custom-
#31412	NEW    cov: 1667 ft: 7022 corp: 717/2249Kb lim: 65536 exec/s: 897 rss: 6677Mb L: 7/65536 MS: 2 CopyPart-Custom-
#31417	NEW    cov: 1667 ft: 7022 corp: 718/2249Kb lim: 65536 exec/s: 897 rss: 6677Mb L: 11/65536 MS: 10 ChangeBinInt-Custom-PersAutoDict-Custom-ChangeBinInt-Custom-ChangeByte-Custom-ChangeBinInt-Custom- DE: "\023\000"-
#31730	RELOAD cov: 1667 ft: 7022 corp: 718/2249Kb lim: 65536 exec/s: 881 rss: 6683Mb
#32131	NEW    cov: 1667 ft: 7023 corp: 719/2257Kb lim: 65536 exec/s: 892 rss: 6709Mb L: 8594/65536 MS: 2 ChangeBit-Custom-
#32132	NEW    cov: 1667 ft: 7023 corp: 720/2257Kb lim: 65536 exec/s: 892 rss: 6709Mb L: 20/65536 MS: 1 CustomCrossOver-
#32136	NEW    cov: 1667 ft: 7023 corp: 721/2257Kb lim: 65536 exec/s: 892 rss: 6709Mb L: 2/65536 MS: 6 ChangeASCIIInt-Custom-CustomCrossOver-InsertByte-Custom-CustomCrossOver-
#32141	NEW    cov: 1667 ft: 7023 corp: 722/2257Kb lim: 65536 exec/s: 892 rss: 6709Mb L: 51/65536 MS: 10 PersAutoDict-Custom-ShuffleBytes-Custom-ChangeBit-Custom-EraseBytes-Custom-InsertRepeatedBytes-Custom- DE: "to_lowercase"-
#32196	NEW    cov: 1667 ft: 7023 corp: 722/2257Kb lim: 65536 exec/s: 894 rss: 6709Mb L: 12/65536 MS: 10 PersAutoDict-Custom-ManualDict-Custom-CMP-Custom-ShuffleBytes-Custom-ManualDict-Custom- DE: "."-"env-"-"sol"-"output_mode"-
#32418	RELOAD cov: 1667 ft: 7023 corp: 723/2272Kb lim: 65536 exec/s: 876 rss: 6709Mb
#32464	NEW    cov: 1667 ft: 7023 corp: 723/2272Kb lim: 65536 exec/s: 877 rss: 6709Mb L: 17/65536 MS: 2 EraseBytes-Custom-
#32645	NEW    cov: 1667 ft: 7023 corp: 722/2272Kb lim: 65536 exec/s: 882 rss: 6709Mb L: 17/65536 MS: 2 EraseBytes-Custom-
#32728	NEW    cov: 1667 ft: 7023 corp: 723/2272Kb lim: 65536 exec/s: 884 rss: 6709Mb L: 32/65536 MS: 6 ManualDict-Custom-EraseBytes-Custom-PersAutoDict-Custom- DE: "step"-"join"-
#32735	NEW    cov: 1667 ft: 7024 corp: 724/2272Kb lim: 65536 exec/s: 884 rss: 6709Mb L: 186/65536 MS: 4 InsertRepeatedBytes-Custom-InsertRepeatedBytes-Custom-
#32768	pulse  cov: 1667 ft: 7024 corp: 724/2272Kb lim: 65536 exec/s: 885 rss: 6709Mb
#33134	RELOAD cov: 1667 ft: 7024 corp: 725/2248Kb lim: 65536 exec/s: 871 rss: 6709Mb
#33187	NEW    cov: 1667 ft: 7024 corp: 725/2248Kb lim: 65536 exec/s: 873 rss: 6709Mb L: 9/65536 MS: 6 CopyPart-Custom-ManualDict-Custom-CopyPart-Custom- DE: "require"-
#33192	NEW    cov: 1667 ft: 7024 corp: 723/2248Kb lim: 65536 exec/s: 873 rss: 6709Mb L: 2/65536 MS: 6 PersAutoDict-Custom-CustomCrossOver-CustomCrossOver-CustomCrossOver-CustomCrossOver- DE: "\036"-
#33247	NEW    cov: 1667 ft: 7024 corp: 723/2240Kb lim: 65536 exec/s: 874 rss: 6709Mb L: 690/65536 MS: 10 ChangeASCIIInt-Custom-PersAutoDict-Custom-PersAutoDict-Custom-ShuffleBytes-Custom-ChangeBinInt-Custom- DE: "\036"-"adversarial-cache"-
#33304	NEW    cov: 1667 ft: 7025 corp: 724/2286Kb lim: 65536 exec/s: 876 rss: 6717Mb L: 47424/65536 MS: 4 CopyPart-Custom-ManualDict-Custom- DE: "inline"-
#33312	NEW    cov: 1667 ft: 7027 corp: 725/2286Kb lim: 65536 exec/s: 876 rss: 6719Mb L: 262/65536 MS: 6 ShuffleBytes-Custom-ShuffleBytes-Custom-PersAutoDict-Custom- DE: "\001\000\000\027"-
#33330	NEW    cov: 1667 ft: 7028 corp: 725/2281Kb lim: 65536 exec/s: 877 rss: 6723Mb L: 3453/65536 MS: 6 ChangeBit-Custom-ChangeBinInt-Custom-EraseBytes-Custom-
#33365	NEW    cov: 1667 ft: 7031 corp: 726/2295Kb lim: 65536 exec/s: 878 rss: 6731Mb L: 14152/65536 MS: 6 CustomCrossOver-CustomCrossOver-CustomCrossOver-CustomCrossOver-PersAutoDict-Custom- DE: "step"-
#33879	NEW    cov: 1667 ft: 7031 corp: 726/2295Kb lim: 65536 exec/s: 868 rss: 6839Mb L: 12/65536 MS: 8 EraseBytes-Custom-ManualDict-Custom-InsertByte-Custom-InsertByte-Custom- DE: "all"-
#33905	NEW    cov: 1667 ft: 7031 corp: 725/2295Kb lim: 65536 exec/s: 869 rss: 6845Mb L: 2/65536 MS: 2 CopyPart-Custom-
#33907	NEW    cov: 1667 ft: 7032 corp: 725/2295Kb lim: 65536 exec/s: 869 rss: 6845Mb L: 33/65536 MS: 4 ManualDict-Custom-ShuffleBytes-Custom- DE: "run"-
#33908	NEW    cov: 1667 ft: 7032 corp: 726/2295Kb lim: 65536 exec/s: 869 rss: 6845Mb L: 9/65536 MS: 2 InsertByte-Custom-
#34027	RELOAD cov: 1667 ft: 7032 corp: 727/2294Kb lim: 65536 exec/s: 872 rss: 6870Mb
#34069	NEW    cov: 1667 ft: 7032 corp: 728/2294Kb lim: 65536 exec/s: 873 rss: 6879Mb L: 2/65536 MS: 3 ChangeBit-Custom-CustomCrossOver-
#34120	NEW    cov: 1667 ft: 7032 corp: 727/2294Kb lim: 65536 exec/s: 874 rss: 6889Mb L: 4/65536 MS: 2 CopyPart-Custom-
#34326	NEW    cov: 1667 ft: 7032 corp: 728/2294Kb lim: 65536 exec/s: 780 rss: 6928Mb L: 18/65536 MS: 2 EraseBytes-Custom-
#34350	RELOAD cov: 1667 ft: 7032 corp: 729/2294Kb lim: 65536 exec/s: 763 rss: 6932Mb
#34365	NEW    cov: 1667 ft: 7032 corp: 729/2294Kb lim: 65536 exec/s: 763 rss: 6934Mb L: 6/65536 MS: 10 CMP-Custom-InsertByte-Custom-CopyPart-Custom-EraseBytes-Custom-EraseBytes-Custom- DE: "\016\000"-
#34370	NEW    cov: 1667 ft: 7032 corp: 729/2294Kb lim: 65536 exec/s: 763 rss: 6934Mb L: 11/65536 MS: 8 CustomCrossOver-CustomCrossOver-ChangeBit-Custom-CopyPart-Custom-ChangeBit-Custom-
#34424	NEW    cov: 1667 ft: 7033 corp: 729/2288Kb lim: 65536 exec/s: 764 rss: 6941Mb L: 5294/65536 MS: 8 CopyPart-Custom-InsertByte-Custom-EraseBytes-Custom-InsertByte-Custom-
#34480	NEW    cov: 1667 ft: 7033 corp: 730/2288Kb lim: 65536 exec/s: 766 rss: 6947Mb L: 10/65536 MS: 2 PersAutoDict-Custom- DE: "999999"-
#34490	NEW    cov: 1667 ft: 7033 corp: 730/2288Kb lim: 65536 exec/s: 766 rss: 6948Mb L: 14/65536 MS: 10 EraseBytes-Custom-EraseBytes-Custom-ChangeBit-Custom-CMP-Custom-EraseBytes-Custom- DE: "\000\000\000\000\000\000\000\023"-
#34491	NEW    cov: 1667 ft: 7037 corp: 731/2288Kb lim: 65536 exec/s: 766 rss: 6948Mb L: 176/65536 MS: 2 InsertRepeatedBytes-Custom-
#34492	NEW    cov: 1667 ft: 7038 corp: 732/2304Kb lim: 65536 exec/s: 766 rss: 6948Mb L: 16403/65536 MS: 2 ChangeByte-Custom-
#34636	NEW    cov: 1667 ft: 7038 corp: 732/2304Kb lim: 65536 exec/s: 769 rss: 6966Mb L: 64515/65536 MS: 8 InsertByte-Custom-CopyPart-Custom-ChangeBit-Custom-EraseBytes-Custom-
#34690	NEW    cov: 1667 ft: 7038 corp: 732/2304Kb lim: 65536 exec/s: 770 rss: 6974Mb L: 2/65536 MS: 6 CustomCrossOver-CustomCrossOver-CopyPart-Custom-InsertByte-Custom-
#34841	NEW    cov: 1667 ft: 7038 corp: 732/2304Kb lim: 65536 exec/s: 774 rss: 6990Mb L: 34/65536 MS: 2 ChangeBit-Custom-
#35142	NEW    cov: 1667 ft: 7038 corp: 733/2304Kb lim: 65536 exec/s: 763 rss: 6995Mb L: 2/65536 MS: 1 CustomCrossOver-
#35209	RELOAD cov: 1667 ft: 7038 corp: 734/2304Kb lim: 65536 exec/s: 765 rss: 6995Mb
#35210	NEW    cov: 1667 ft: 7042 corp: 735/2304Kb lim: 65536 exec/s: 765 rss: 6995Mb L: 130/65536 MS: 2 ChangeBinInt-Custom-
#35321	NEW    cov: 1667 ft: 7042 corp: 735/2304Kb lim: 65536 exec/s: 767 rss: 7005Mb L: 3/65536 MS: 1 CustomCrossOver-
#35392	NEW    cov: 1667 ft: 7042 corp: 735/2304Kb lim: 65536 exec/s: 769 rss: 7020Mb L: 1/65536 MS: 2 CopyPart-Custom-
#35503	RELOAD cov: 1667 ft: 7042 corp: 735/2303Kb lim: 65536 exec/s: 755 rss: 7034Mb
#35597	NEW    cov: 1667 ft: 7044 corp: 736/2304Kb lim: 65536 exec/s: 757 rss: 7045Mb L: 378/65536 MS: 8 PersAutoDict-Custom-InsertRepeatedBytes-Custom-InsertRepeatedBytes-Custom-ChangeByte-Custom- DE: "\001\000\000\000\000\000\000\000"-
