INFO: found LLVMFuzzerCustomMutator (0x4d05e8). Disabling -len_control by default.
Dictionary: 286 entries
INFO: Running with entropic power schedule (0xFF, 100).
INFO: Seed: 962559132
INFO: Loaded 1 modules   (4931 inline 8-bit counters): 4931 [0x1494dbc, 0x14960ff), 
INFO: Loaded 1 PC tables (4931 PCs): 4931 [0x11acb48,0x11bff78), 
INFO:     2271 files found in report/fuzz/corpus/lua_dsl
INFO: seed corpus: files: 2271 min: 1b max: 65536b total: 4554363b rss: 31Mb
#2048	pulse  cov: 1656 ft: 6046 corp: 401/43Kb exec/s: 1024 rss: 459Mb
#2251	INITED cov: 1656 ft: 6304 corp: 496/2139Kb exec/s: 1125 rss: 508Mb
#2252	NEW    cov: 1656 ft: 6306 corp: 497/2143Kb lim: 65536 exec/s: 1126 rss: 508Mb L: 4094/65536 MS: 2 CopyPart-Custom-
#2258	NEW    cov: 1656 ft: 6306 corp: 498/2143Kb lim: 65536 exec/s: 1129 rss: 510Mb L: 129/65536 MS: 1 CustomCrossOver-
#2259	NEW    cov: 1656 ft: 6306 corp: 497/2143Kb lim: 65536 exec/s: 1129 rss: 510Mb L: 2/65536 MS: 1 CustomCrossOver-
#2260	NEW    cov: 1656 ft: 6306 corp: 497/2143Kb lim: 65536 exec/s: 1130 rss: 510Mb L: 16/65536 MS: 1 CustomCrossOver-
#2261	NEW    cov: 1656 ft: 6306 corp: 498/2143Kb lim: 65536 exec/s: 1130 rss: 510Mb L: 2/65536 MS: 1 CustomCrossOver-
#2262	NEW    cov: 1656 ft: 6306 corp: 499/2143Kb lim: 65536 exec/s: 1131 rss: 511Mb L: 8/65536 MS: 2 ChangeBit-Custom-
#2263	NEW    cov: 1656 ft: 6306 corp: 499/2142Kb lim: 65536 exec/s: 1131 rss: 511Mb L: 104/65536 MS: 2 ChangeByte-Custom-
#2270	NEW    cov: 1656 ft: 6306 corp: 498/2142Kb lim: 65536 exec/s: 1135 rss: 512Mb L: 2/65536 MS: 2 CustomCrossOver-CustomCrossOver-
#2271	NEW    cov: 1656 ft: 6306 corp: 499/2142Kb lim: 65536 exec/s: 1135 rss: 513Mb L: 35/65536 MS: 1 CustomCrossOver-
#2272	NEW    cov: 1656 ft: 6306 corp: 498/2142Kb lim: 65536 exec/s: 1136 rss: 513Mb L: 16/65536 MS: 1 CustomCrossOver-
#2273	NEW    cov: 1656 ft: 6306 corp: 498/2134Kb lim: 65536 exec/s: 1136 rss: 513Mb L: 159/65536 MS: 2 ChangeBinInt-Custom-
#2274	NEW    cov: 1656 ft: 6310 corp: 498/2134Kb lim: 65536 exec/s: 1137 rss: 513Mb L: 24575/65536 MS: 1 CustomCrossOver-
#2275	NEW    cov: 1656 ft: 6310 corp: 498/2134Kb lim: 65536 exec/s: 1137 rss: 514Mb L: 2/65536 MS: 1 CustomCrossOver-
#2278	NEW    cov: 1656 ft: 6310 corp: 498/2134Kb lim: 65536 exec/s: 1139 rss: 514Mb L: 3/65536 MS: 4 CustomCrossOver-InsertByte-Custom-CustomCrossOver-
#2280	NEW    cov: 1656 ft: 6310 corp: 499/2134Kb lim: 65536 exec/s: 1140 rss: 514Mb L: 1/65536 MS: 3 ManualDict-Custom-CustomCrossOver- DE: "mergeSettingsFromLuaTable"-
#2282	NEW    cov: 1656 ft: 6310 corp: 500/2134Kb lim: 65536 exec/s: 1141 rss: 515Mb L: 2/65536 MS: 2 CustomCrossOver-CustomCrossOver-
#2285	NEW    cov: 1656 ft: 6310 corp: 501/2134Kb lim: 65536 exec/s: 1142 rss: 515Mb L: 1/65536 MS: 4 CustomCrossOver-CustomCrossOver-EraseBytes-Custom-
#2286	NEW    cov: 1656 ft: 6310 corp: 500/2133Kb lim: 65536 exec/s: 1143 rss: 516Mb L: 63/65536 MS: 1 CustomCrossOver-
#2287	NEW    cov: 1656 ft: 6310 corp: 500/2133Kb lim: 65536 exec/s: 1143 rss: 516Mb L: 34/65536 MS: 1 CustomCrossOver-
#2288	NEW    cov: 1656 ft: 6310 corp: 498/2132Kb lim: 65536 exec/s: 1144 rss: 516Mb L: 201/65536 MS: 2 PersAutoDict-Custom- DE: "mergeSettingsFromLuaTable"-
#2293	NEW    cov: 1656 ft: 6310 corp: 499/2132Kb lim: 65536 exec/s: 1146 rss: 517Mb L: 128/65536 MS: 8 ChangeBinInt-Custom-InsertRepeatedBytes-Custom-CustomCrossOver-PersAutoDict-Custom-CustomCrossOver- DE: "mergeSettingsFromLuaTable"-
#2294	NEW    cov: 1656 ft: 6310 corp: 500/2132Kb lim: 65536 exec/s: 1147 rss: 517Mb L: 8/65536 MS: 2 ChangeBinInt-Custom-
#2295	NEW    cov: 1656 ft: 6310 corp: 498/2128Kb lim: 65536 exec/s: 1147 rss: 517Mb L: 67/65536 MS: 2 ManualDict-Custom- DE: "spinner"-
#2296	NEW    cov: 1656 ft: 6312 corp: 499/2128Kb lim: 65536 exec/s: 1148 rss: 518Mb L: 2/65536 MS: 1 CustomCrossOver-
#2297	NEW    cov: 1656 ft: 6312 corp: 500/2128Kb lim: 65536 exec/s: 1148 rss: 518Mb L: 1/65536 MS: 1 CustomCrossOver-
#2298	NEW    cov: 1656 ft: 6314 corp: 501/2152Kb lim: 65536 exec/s: 1149 rss: 518Mb L: 24575/65536 MS: 2 ChangeByte-Custom-
#2299	NEW    cov: 1656 ft: 6315 corp: 501/2152Kb lim: 65536 exec/s: 1149 rss: 518Mb L: 18/65536 MS: 2 ChangeBit-Custom-
#2300	NEW    cov: 1656 ft: 6315 corp: 501/2152Kb lim: 65536 exec/s: 1150 rss: 518Mb L: 1/65536 MS: 2 CopyPart-Custom-
#2301	NEW    cov: 1656 ft: 6315 corp: 501/2152Kb lim: 65536 exec/s: 1150 rss: 519Mb L: 14/65536 MS: 2 PersAutoDict-Custom- DE: "spinner"-
#2302	NEW    cov: 1656 ft: 6317 corp: 502/2160Kb lim: 65536 exec/s: 1151 rss: 519Mb L: 8194/65536 MS: 1 CustomCrossOver-
#2303	NEW    cov: 1656 ft: 6317 corp: 502/2160Kb lim: 65536 exec/s: 1151 rss: 519Mb L: 7/65536 MS: 2 EraseBytes-Custom-
#2304	NEW    cov: 1656 ft: 6317 corp: 502/2160Kb lim: 65536 exec/s: 1152 rss: 519Mb L: 2/65536 MS: 1 CustomCrossOver-
#2309	NEW    cov: 1656 ft: 6318 corp: 502/2159Kb lim: 65536 exec/s: 1154 rss: 520Mb L: 1025/65536 MS: 7 CMP-Custom-CMP-Custom-CustomCrossOver-CustomCrossOver-CustomCrossOver- DE: "\000\000\000\000\000\000\000\000"-"tri"-
#2310	NEW    cov: 1656 ft: 6319 corp: 503/2162Kb lim: 65536 exec/s: 1155 rss: 521Mb L: 2501/65536 MS: 2 CMP-Custom- DE: "\000\000\000\000\000\000\000\000"-
#2311	NEW    cov: 1656 ft: 6319 corp: 503/2162Kb lim: 65536 exec/s: 1155 rss: 521Mb L: 29/65536 MS: 1 CustomCrossOver-
#2312	NEW    cov: 1656 ft: 6319 corp: 504/2162Kb lim: 65536 exec/s: 1156 rss: 521Mb L: 2/65536 MS: 2 ChangeByte-Custom-
#2313	NEW    cov: 1656 ft: 6319 corp: 504/2161Kb lim: 65536 exec/s: 1156 rss: 521Mb L: 15/65536 MS: 1 CustomCrossOver-
#2314	NEW    cov: 1656 ft: 6319 corp: 505/2161Kb lim: 65536 exec/s: 1157 rss: 521Mb L: 1/65536 MS: 2 ChangeBit-Custom-
#2315	NEW    cov: 1656 ft: 6319 corp: 506/2161Kb lim: 65536 exec/s: 1157 rss: 522Mb L: 5/65536 MS: 1 CustomCrossOver-
#2316	NEW    cov: 1656 ft: 6319 corp: 505/2161Kb lim: 65536 exec/s: 1158 rss: 522Mb L: 2/65536 MS: 2 ChangeByte-Custom-
#2317	NEW    cov: 1656 ft: 6319 corp: 505/2161Kb lim: 65536 exec/s: 1158 rss: 522Mb L: 38/65536 MS: 2 ChangeBinInt-Custom-
#2319	NEW    cov: 1656 ft: 6319 corp: 506/2162Kb lim: 65536 exec/s: 1159 rss: 522Mb L: 213/65536 MS: 4 InsertByte-Custom-CrossOver-Custom-
#2320	NEW    cov: 1656 ft: 6320 corp: 507/2194Kb lim: 65536 exec/s: 1160 rss: 523Mb L: 32901/65536 MS: 2 PersAutoDict-Custom- DE: "mergeSettingsFromLuaTable"-
#2324	NEW    cov: 1656 ft: 6321 corp: 508/2214Kb lim: 65536 exec/s: 1162 rss: 523Mb L: 20396/65536 MS: 8 CrossOver-Custom-CopyPart-Custom-ChangeBinInt-Custom-InsertByte-Custom-
#2325	NEW    cov: 1656 ft: 6321 corp: 509/2214Kb lim: 65536 exec/s: 1162 rss: 524Mb L: 1/65536 MS: 1 CustomCrossOver-
#2326	NEW    cov: 1656 ft: 6321 corp: 508/2213Kb lim: 65536 exec/s: 1163 rss: 524Mb L: 253/65536 MS: 2 ChangeBinInt-Custom-
#2334	NEW    cov: 1656 ft: 6321 corp: 509/2213Kb lim: 65536 exec/s: 1167 rss: 525Mb L: 6/65536 MS: 5 CustomCrossOver-ShuffleBytes-Custom-PersAutoDict-Custom- DE: "tri"-
#2335	NEW    cov: 1656 ft: 6321 corp: 508/2213Kb lim: 65536 exec/s: 1167 rss: 526Mb L: 4/65536 MS: 1 CustomCrossOver-
#2339	NEW    cov: 1656 ft: 6321 corp: 509/2213Kb lim: 65536 exec/s: 1169 rss: 526Mb L: 141/65536 MS: 6 CustomCrossOver-ChangeByte-Custom-CustomCrossOver-CopyPart-Custom-
#2340	NEW    cov: 1656 ft: 6321 corp: 510/2213Kb lim: 65536 exec/s: 1170 rss: 527Mb L: 2/65536 MS: 1 CustomCrossOver-
#2346	NEW    cov: 1656 ft: 6321 corp: 510/2213Kb lim: 65536 exec/s: 1173 rss: 528Mb L: 24/65536 MS: 1 CustomCrossOver-
#2347	NEW    cov: 1656 ft: 6325 corp: 510/2213Kb lim: 65536 exec/s: 1173 rss: 528Mb L: 57/65536 MS: 1 CustomCrossOver-
#2348	NEW    cov: 1656 ft: 6325 corp: 511/2213Kb lim: 65536 exec/s: 1174 rss: 528Mb L: 18/65536 MS: 1 CustomCrossOver-
#2350	NEW    cov: 1656 ft: 6325 corp: 512/2213Kb lim: 65536 exec/s: 1175 rss: 529Mb L: 3/65536 MS: 3 CustomCrossOver-CopyPart-Custom-
#2351	NEW    cov: 1656 ft: 6325 corp: 512/2213Kb lim: 65536 exec/s: 1175 rss: 529Mb L: 7/65536 MS: 1 CustomCrossOver-
#2367	NEW    cov: 1656 ft: 6325 corp: 513/2213Kb lim: 65536 exec/s: 1183 rss: 533Mb L: 15/65536 MS: 1 CustomCrossOver-
#2393	NEW    cov: 1656 ft: 6326 corp: 513/2190Kb lim: 65536 exec/s: 1196 rss: 538Mb L: 8579/65536 MS: 2 CMP-Custom- DE: "\000\000\000\000\000\000\000W"-
#2405	NEW    cov: 1656 ft: 6326 corp: 514/2190Kb lim: 65536 exec/s: 1202 rss: 541Mb L: 10/65536 MS: 3 CustomCrossOver-CMP-Custom- DE: "\012\000\000\000\000\000\000\000"-
#2410	NEW    cov: 1656 ft: 6327 corp: 515/2192Kb lim: 65536 exec/s: 1205 rss: 542Mb L: 2055/65536 MS: 8 CustomCrossOver-ChangeBinInt-Custom-CustomCrossOver-ChangeByte-Custom-CopyPart-Custom-
#2411	NEW    cov: 1656 ft: 6327 corp: 514/2191Kb lim: 65536 exec/s: 1205 rss: 542Mb L: 27/65536 MS: 2 ChangeBit-Custom-
#2421	NEW    cov: 1656 ft: 6327 corp: 514/2190Kb lim: 65536 exec/s: 1210 rss: 544Mb L: 395/65536 MS: 8 CrossOver-Custom-CustomCrossOver-CustomCrossOver-ChangeBinInt-Custom-CrossOver-Custom-
#2426	NEW    cov: 1656 ft: 6327 corp: 514/2190Kb lim: 65536 exec/s: 1213 rss: 546Mb L: 197/65536 MS: 10 ChangeBit-Custom-CrossOver-Custom-InsertRepeatedBytes-Custom-InsertByte-Custom-CMP-Custom- DE: "\023\000\000\000\000\000\000\000"-
#2427	NEW    cov: 1656 ft: 6327 corp: 514/2190Kb lim: 65536 exec/s: 1213 rss: 546Mb L: 8300/65536 MS: 1 CustomCrossOver-
#2429	NEW    cov: 1656 ft: 6327 corp: 513/2190Kb lim: 65536 exec/s: 1214 rss: 547Mb L: 19/65536 MS: 2 CustomCrossOver-CustomCrossOver-
#2430	NEW    cov: 1656 ft: 6327 corp: 512/2190Kb lim: 65536 exec/s: 1215 rss: 547Mb L: 8/65536 MS: 2 ManualDict-Custom- DE: "assert"-
#2436	NEW    cov: 1656 ft: 6327 corp: 512/2190Kb lim: 65536 exec/s: 1218 rss: 548Mb L: 1/65536 MS: 2 ChangeByte-Custom-
#2442	NEW    cov: 1656 ft: 6327 corp: 512/2190Kb lim: 65536 exec/s: 1221 rss: 550Mb L: 13/65536 MS: 2 ChangeBit-Custom-
#2449	NEW    cov: 1656 ft: 6327 corp: 512/2190Kb lim: 65536 exec/s: 1224 rss: 551Mb L: 10/65536 MS: 3 CustomCrossOver-ShuffleBytes-Custom-
#2450	NEW    cov: 1656 ft: 6327 corp: 513/2190Kb lim: 65536 exec/s: 1225 rss: 551Mb L: 2/65536 MS: 2 CopyPart-Custom-
#2451	NEW    cov: 1656 ft: 6327 corp: 511/2190Kb lim: 65536 exec/s: 1225 rss: 551Mb L: 19/65536 MS: 2 ChangeByte-Custom-
#2452	NEW    cov: 1656 ft: 6327 corp: 512/2190Kb lim: 65536 exec/s: 1226 rss: 552Mb L: 17/65536 MS: 1 CustomCrossOver-
#2457	NEW    cov: 1656 ft: 6329 corp: 513/2190Kb lim: 65536 exec/s: 1228 rss: 553Mb L: 52/65536 MS: 8 ChangeByte-Custom-CopyPart-Custom-CustomCrossOver-ShuffleBytes-Custom-CustomCrossOver-
#2458	NEW    cov: 1656 ft: 6329 corp: 514/2190Kb lim: 65536 exec/s: 1229 rss: 553Mb L: 3/65536 MS: 2 InsertByte-Custom-
#2459	NEW    cov: 1656 ft: 6329 corp: 514/2190Kb lim: 65536 exec/s: 1229 rss: 553Mb L: 4/65536 MS: 2 CopyPart-Custom-
#2462	NEW    cov: 1656 ft: 6329 corp: 514/2190Kb lim: 65536 exec/s: 1231 rss: 554Mb L: 1/65536 MS: 6 CopyPart-Custom-ChangeBit-Custom-EraseBytes-Custom-
#2463	NEW    cov: 1656 ft: 6329 corp: 515/2190Kb lim: 65536 exec/s: 1231 rss: 554Mb L: 11/65536 MS: 2 InsertByte-Custom-
#2464	NEW    cov: 1656 ft: 6329 corp: 516/2190Kb lim: 65536 exec/s: 1232 rss: 554Mb L: 103/65536 MS: 2 CopyPart-Custom-
#2465	NEW    cov: 1656 ft: 6329 corp: 515/2190Kb lim: 65536 exec/s: 1232 rss: 554Mb L: 30/65536 MS: 1 CustomCrossOver-
#2472	NEW    cov: 1656 ft: 6329 corp: 515/2190Kb lim: 65536 exec/s: 1236 rss: 556Mb L: 52/65536 MS: 3 ChangeBinInt-Custom-CustomCrossOver-
#2483	NEW    cov: 1656 ft: 6329 corp: 515/2188Kb lim: 65536 exec/s: 1241 rss: 558Mb L: 86/65536 MS: 2 EraseBytes-Custom-
#2489	NEW    cov: 1656 ft: 6329 corp: 516/2188Kb lim: 65536 exec/s: 1244 rss: 559Mb L: 5/65536 MS: 1 CustomCrossOver-
#2490	NEW    cov: 1656 ft: 6329 corp: 517/2188Kb lim: 65536 exec/s: 1245 rss: 560Mb L: 19/65536 MS: 1 CustomCrossOver-
#2491	NEW    cov: 1656 ft: 6329 corp: 518/2188Kb lim: 65536 exec/s: 1245 rss: 560Mb L: 18/65536 MS: 1 CustomCrossOver-
#2492	NEW    cov: 1656 ft: 6329 corp: 519/2188Kb lim: 65536 exec/s: 1246 rss: 560Mb L: 284/65536 MS: 2 ChangeByte-Custom-
#2499	NEW    cov: 1656 ft: 6329 corp: 520/2188Kb lim: 65536 exec/s: 1249 rss: 562Mb L: 94/65536 MS: 4 ChangeBit-Custom-InsertRepeatedBytes-Custom-
#2500	NEW    cov: 1656 ft: 6329 corp: 521/2188Kb lim: 65536 exec/s: 1250 rss: 562Mb L: 2/65536 MS: 1 CustomCrossOver-
#2501	NEW    cov: 1656 ft: 6329 corp: 521/2188Kb lim: 65536 exec/s: 1250 rss: 562Mb L: 9/65536 MS: 1 CustomCrossOver-
#2507	NEW    cov: 1656 ft: 6329 corp: 521/2188Kb lim: 65536 exec/s: 1253 rss: 564Mb L: 4/65536 MS: 1 CustomCrossOver-
#2513	NEW    cov: 1656 ft: 6329 corp: 522/2188Kb lim: 65536 exec/s: 1256 rss: 565Mb L: 7/65536 MS: 1 CustomCrossOver-
#2514	NEW    cov: 1656 ft: 6329 corp: 523/2188Kb lim: 65536 exec/s: 1257 rss: 565Mb L: 19/65536 MS: 2 ChangeBinInt-Custom-
#2516	NEW    cov: 1656 ft: 6329 corp: 524/2188Kb lim: 65536 exec/s: 1258 rss: 565Mb L: 1/65536 MS: 4 ChangeByte-Custom-ShuffleBytes-Custom-
#2517	NEW    cov: 1656 ft: 6329 corp: 524/2188Kb lim: 65536 exec/s: 1258 rss: 566Mb L: 26/65536 MS: 2 PersAutoDict-Custom- DE: "\012\000\000\000\000\000\000\000"-
#2519	NEW    cov: 1656 ft: 6336 corp: 522/2106Kb lim: 65536 exec/s: 1259 rss: 566Mb L: 703/65536 MS: 4 InsertRepeatedBytes-Custom-CopyPart-Custom-
#2535	NEW    cov: 1656 ft: 6336 corp: 523/2106Kb lim: 65536 exec/s: 1267 rss: 570Mb L: 2/65536 MS: 1 CustomCrossOver-
#2552	NEW    cov: 1656 ft: 6343 corp: 521/2106Kb lim: 65536 exec/s: 1276 rss: 574Mb L: 2/65536 MS: 3 CrossOver-Custom-CustomCrossOver-
#2558	NEW    cov: 1656 ft: 6344 corp: 522/2122Kb lim: 65536 exec/s: 1279 rss: 575Mb L: 16624/65536 MS: 2 ManualDict-Custom- DE: "max_threads"-
#2571	NEW    cov: 1656 ft: 6344 corp: 522/2122Kb lim: 65536 exec/s: 1285 rss: 578Mb L: 2/65536 MS: 5 ChangeByte-Custom-ChangeBit-Custom-CustomCrossOver-
#2577	NEW    cov: 1656 ft: 6344 corp: 522/2122Kb lim: 65536 exec/s: 1288 rss: 580Mb L: 16/65536 MS: 2 PersAutoDict-Custom- DE: "max_threads"-
#2588	NEW    cov: 1656 ft: 6344 corp: 520/2122Kb lim: 65536 exec/s: 1294 rss: 582Mb L: 7/65536 MS: 1 CustomCrossOver-
#2592	NEW    cov: 1656 ft: 6344 corp: 521/2122Kb lim: 65536 exec/s: 1296 rss: 583Mb L: 1/65536 MS: 7 InsertByte-Custom-CopyPart-Custom-ChangeBinInt-Custom-CustomCrossOver-
#2595	NEW    cov: 1656 ft: 6345 corp: 522/2123Kb lim: 65536 exec/s: 1297 rss: 583Mb L: 1188/65536 MS: 6 CrossOver-Custom-InsertRepeatedBytes-Custom-CopyPart-Custom-
#2604	NEW    cov: 1656 ft: 6345 corp: 523/2123Kb lim: 65536 exec/s: 1302 rss: 585Mb L: 11/65536 MS: 7 EraseBytes-Custom-PersAutoDict-Custom-ChangeByte-Custom-CustomCrossOver- DE: "\000\000\000\000\000\000\000\000"-
#2611	NEW    cov: 1656 ft: 6345 corp: 523/2123Kb lim: 65536 exec/s: 1305 rss: 587Mb L: 19/65536 MS: 3 ManualDict-Custom-CustomCrossOver- DE: "typo_section"-
#2614	NEW    cov: 1656 ft: 6345 corp: 524/2123Kb lim: 65536 exec/s: 1307 rss: 587Mb L: 16/65536 MS: 5 CustomCrossOver-ChangeBinInt-Custom-EraseBytes-Custom-
#2633	NEW    cov: 1656 ft: 6345 corp: 525/2123Kb lim: 65536 exec/s: 1316 rss: 592Mb L: 104/65536 MS: 5 CustomCrossOver-CustomCrossOver-InsertRepeatedBytes-Custom-CustomCrossOver-
#2639	NEW    cov: 1656 ft: 6346 corp: 526/2123Kb lim: 65536 exec/s: 1319 rss: 593Mb L: 113/65536 MS: 2 InsertRepeatedBytes-Custom-
#2648	NEW    cov: 1656 ft: 6346 corp: 525/2123Kb lim: 65536 exec/s: 1324 rss: 595Mb L: 9/65536 MS: 5 CustomCrossOver-CustomCrossOver-CustomCrossOver-ManualDict-Custom- DE: "worker"-
#2654	NEW    cov: 1656 ft: 6346 corp: 525/2123Kb lim: 65536 exec/s: 1327 rss: 596Mb L: 130/65536 MS: 2 CMP-Custom- DE: "fs"-
#2661	NEW    cov: 1656 ft: 6346 corp: 526/2123Kb lim: 65536 exec/s: 1330 rss: 598Mb L: 647/65536 MS: 4 PersAutoDict-Custom-InsertRepeatedBytes-Custom- DE: "typo_section"-
#2662	NEW    cov: 1656 ft: 6346 corp: 526/2123Kb lim: 65536 exec/s: 1331 rss: 598Mb L: 18/65536 MS: 1 CustomCrossOver-
#2673	NEW    cov: 1656 ft: 6346 corp: 526/2123Kb lim: 65536 exec/s: 1336 rss: 600Mb L: 6/65536 MS: 1 CustomCrossOver-
#2678	NEW    cov: 1656 ft: 6346 corp: 526/2123Kb lim: 65536 exec/s: 1339 rss: 602Mb L: 124/65536 MS: 8 ChangeBit-Custom-CustomCrossOver-ManualDict-Custom-CustomCrossOver-ManualDict-Custom- DE: "designated"-"compile"-
#2686	NEW    cov: 1656 ft: 6348 corp: 526/2123Kb lim: 65536 exec/s: 1343 rss: 603Mb L: 18/65536 MS: 5 CMP-Custom-ShuffleBytes-Custom-CustomCrossOver- DE: "\025\000\000\000\000\000\000\000"-
#2687	NEW    cov: 1656 ft: 6348 corp: 527/2123Kb lim: 65536 exec/s: 1343 rss: 603Mb L: 9/65536 MS: 1 CustomCrossOver-
#2690	NEW    cov: 1656 ft: 6348 corp: 527/2123Kb lim: 65536 exec/s: 1345 rss: 604Mb L: 2/65536 MS: 5 ChangeBinInt-Custom-ShuffleBytes-Custom-CustomCrossOver-
#2693	NEW    cov: 1656 ft: 6348 corp: 528/2127Kb lim: 65536 exec/s: 1346 rss: 605Mb L: 4099/65536 MS: 4 InsertByte-Custom-CustomCrossOver-CustomCrossOver-
#2700	NEW    cov: 1656 ft: 6348 corp: 528/2127Kb lim: 65536 exec/s: 1350 rss: 606Mb L: 10/65536 MS: 3 CustomCrossOver-CMP-Custom- DE: "\001\000\000\000\000\000\000\000"-
#2701	NEW    cov: 1656 ft: 6348 corp: 529/2127Kb lim: 65536 exec/s: 1350 rss: 606Mb L: 66/65536 MS: 2 ChangeBinInt-Custom-
#2702	NEW    cov: 1656 ft: 6348 corp: 530/2127Kb lim: 65536 exec/s: 1351 rss: 607Mb L: 3/65536 MS: 1 CustomCrossOver-
#2703	NEW    cov: 1656 ft: 6348 corp: 531/2127Kb lim: 65536 exec/s: 1351 rss: 607Mb L: 22/65536 MS: 2 EraseBytes-Custom-
#2719	NEW    cov: 1656 ft: 6348 corp: 532/2127Kb lim: 65536 exec/s: 1359 rss: 611Mb L: 3/65536 MS: 2 ShuffleBytes-Custom-
#2729	NEW    cov: 1656 ft: 6348 corp: 533/2127Kb lim: 65536 exec/s: 1364 rss: 613Mb L: 2/65536 MS: 8 ShuffleBytes-Custom-CustomCrossOver-CopyPart-Custom-CustomCrossOver-EraseBytes-Custom-
#2735	NEW    cov: 1656 ft: 6348 corp: 533/2127Kb lim: 65536 exec/s: 1367 rss: 614Mb L: 4/65536 MS: 2 InsertByte-Custom-
#2751	NEW    cov: 1656 ft: 6348 corp: 533/2127Kb lim: 65536 exec/s: 1375 rss: 618Mb L: 3/65536 MS: 2 InsertByte-Custom-
#2752	NEW    cov: 1656 ft: 6348 corp: 533/2127Kb lim: 65536 exec/s: 1376 rss: 618Mb L: 2/65536 MS: 1 CustomCrossOver-
#2759	NEW    cov: 1656 ft: 6348 corp: 532/2127Kb lim: 65536 exec/s: 1379 rss: 620Mb L: 2/65536 MS: 2 CustomCrossOver-CustomCrossOver-
#2760	NEW    cov: 1656 ft: 6348 corp: 533/2127Kb lim: 65536 exec/s: 1380 rss: 620Mb L: 1/65536 MS: 1 CustomCrossOver-
#2787	NEW    cov: 1656 ft: 6348 corp: 533/2123Kb lim: 65536 exec/s: 1393 rss: 626Mb L: 1881/65536 MS: 3 CustomCrossOver-InsertByte-Custom-
#2813	NEW    cov: 1656 ft: 6348 corp: 533/2123Kb lim: 65536 exec/s: 937 rss: 630Mb L: 16/65536 MS: 2 EraseBytes-Custom-
#2832	NEW    cov: 1656 ft: 6348 corp: 531/2123Kb lim: 65536 exec/s: 944 rss: 635Mb L: 63/65536 MS: 8 CMP-Custom-PersAutoDict-Custom-ChangeBit-Custom-ChangeByte-Custom- DE: "<\000\000\000\000\000\000\000"-"\001\000\000\000\000\000\000\000"-
#2838	NEW    cov: 1656 ft: 6348 corp: 532/2123Kb lim: 65536 exec/s: 946 rss: 636Mb L: 106/65536 MS: 2 InsertRepeatedBytes-Custom-
#2844	NEW    cov: 1656 ft: 6348 corp: 532/2123Kb lim: 65536 exec/s: 948 rss: 637Mb L: 7/65536 MS: 1 CustomCrossOver-
#2845	NEW    cov: 1656 ft: 6348 corp: 533/2123Kb lim: 65536 exec/s: 948 rss: 638Mb L: 2/65536 MS: 2 ChangeByte-Custom-
#2847	NEW    cov: 1656 ft: 6350 corp: 533/2123Kb lim: 65536 exec/s: 949 rss: 638Mb L: 25/65536 MS: 2 CustomCrossOver-CustomCrossOver-
#2864	NEW    cov: 1656 ft: 6350 corp: 533/2123Kb lim: 65536 exec/s: 954 rss: 642Mb L: 5/65536 MS: 2 CustomCrossOver-CustomCrossOver-
#2873	NEW    cov: 1656 ft: 6350 corp: 534/2123Kb lim: 65536 exec/s: 957 rss: 644Mb L: 34/65536 MS: 6 CustomCrossOver-InsertByte-Custom-EraseBytes-Custom-CustomCrossOver-
#2929	NEW    cov: 1656 ft: 6350 corp: 535/2123Kb lim: 65536 exec/s: 976 rss: 656Mb L: 4/65536 MS: 1 CustomCrossOver-
#2935	NEW    cov: 1656 ft: 6350 corp: 536/2123Kb lim: 65536 exec/s: 978 rss: 657Mb L: 2/65536 MS: 2 ChangeBit-Custom-
#2952	NEW    cov: 1656 ft: 6350 corp: 536/2123Kb lim: 65536 exec/s: 984 rss: 661Mb L: 4/65536 MS: 2 CustomCrossOver-CustomCrossOver-
#2962	NEW    cov: 1656 ft: 6353 corp: 536/2123Kb lim: 65536 exec/s: 987 rss: 663Mb L: 2/65536 MS: 8 EraseBytes-Custom-ManualDict-Custom-ChangeBit-Custom-CustomCrossOver-CustomCrossOver- DE: "files"-
#2966	NEW    cov: 1656 ft: 6353 corp: 537/2124Kb lim: 65536 exec/s: 988 rss: 664Mb L: 593/65536 MS: 5 CustomCrossOver-CustomCrossOver-CustomCrossOver-EraseBytes-Custom-
#2972	NEW    cov: 1656 ft: 6353 corp: 537/2124Kb lim: 65536 exec/s: 990 rss: 665Mb L: 3/65536 MS: 1 CustomCrossOver-
#2983	NEW    cov: 1656 ft: 6353 corp: 538/2124Kb lim: 65536 exec/s: 994 rss: 668Mb L: 18/65536 MS: 1 CustomCrossOver-
#2990	NEW    cov: 1656 ft: 6353 corp: 539/2124Kb lim: 65536 exec/s: 996 rss: 669Mb L: 12/65536 MS: 4 ChangeByte-Custom-InsertByte-Custom-
#3001	NEW    cov: 1656 ft: 6353 corp: 537/2123Kb lim: 65536 exec/s: 1000 rss: 672Mb L: 33/65536 MS: 1 CustomCrossOver-
#3005	NEW    cov: 1656 ft: 6354 corp: 538/2123Kb lim: 65536 exec/s: 1001 rss: 673Mb L: 21/65536 MS: 7 PersAutoDict-Custom-ManualDict-Custom-InsertByte-Custom-CustomCrossOver- DE: "typo_section"-"logging"-
#3020	NEW    cov: 1656 ft: 6354 corp: 539/2123Kb lim: 65536 exec/s: 1006 rss: 676Mb L: 30/65536 MS: 8 ChangeASCIIInt-Custom-CustomCrossOver-InsertRepeatedBytes-Custom-CMP-Custom-CustomCrossOver- DE: "\025\000"-
#3026	NEW    cov: 1656 ft: 6354 corp: 540/2123Kb lim: 65536 exec/s: 1008 rss: 677Mb L: 1/65536 MS: 2 EraseBytes-Custom-
#3042	NEW    cov: 1656 ft: 6354 corp: 540/2123Kb lim: 65536 exec/s: 1014 rss: 680Mb L: 10/65536 MS: 2 ShuffleBytes-Custom-
#3058	NEW    cov: 1656 ft: 6354 corp: 540/2123Kb lim: 65536 exec/s: 1019 rss: 684Mb L: 35/65536 MS: 2 ChangeBinInt-Custom-
#3059	NEW    cov: 1656 ft: 6354 corp: 541/2123Kb lim: 65536 exec/s: 1019 rss: 684Mb L: 34/65536 MS: 2 CopyPart-Custom-
#3065	NEW    cov: 1656 ft: 6354 corp: 542/2123Kb lim: 65536 exec/s: 1021 rss: 685Mb L: 4/65536 MS: 1 CustomCrossOver-
#3088	NEW    cov: 1656 ft: 6356 corp: 543/2123Kb lim: 65536 exec/s: 1029 rss: 691Mb L: 3/65536 MS: 5 CrossOver-Custom-CustomCrossOver-ChangeBinInt-Custom-
#3107	NEW    cov: 1656 ft: 6357 corp: 544/2123Kb lim: 65536 exec/s: 1035 rss: 694Mb L: 1/65536 MS: 5 CustomCrossOver-CustomCrossOver-CopyPart-Custom-CustomCrossOver-
#3108	NEW    cov: 1656 ft: 6357 corp: 545/2123Kb lim: 65536 exec/s: 1036 rss: 694Mb L: 17/65536 MS: 2 EraseBytes-Custom-
#3109	NEW    cov: 1656 ft: 6357 corp: 544/2123Kb lim: 65536 exec/s: 1036 rss: 694Mb L: 3/65536 MS: 1 CustomCrossOver-
#3155	NEW    cov: 1656 ft: 6358 corp: 545/2147Kb lim: 65536 exec/s: 1051 rss: 705Mb L: 24577/65536 MS: 2 CopyPart-Custom-
#3161	NEW    cov: 1656 ft: 6358 corp: 546/2147Kb lim: 65536 exec/s: 1053 rss: 706Mb L: 1/65536 MS: 2 ChangeBit-Custom-
#3163	NEW    cov: 1656 ft: 6358 corp: 547/2147Kb lim: 65536 exec/s: 1054 rss: 707Mb L: 8/65536 MS: 2 CustomCrossOver-CustomCrossOver-
#3167	NEW    cov: 1656 ft: 6358 corp: 548/2150Kb lim: 65536 exec/s: 1055 rss: 707Mb L: 2279/65536 MS: 7 EraseBytes-Custom-InsertByte-Custom-PersAutoDict-Custom-CustomCrossOver- DE: "typo_section"-
#3170	NEW    cov: 1656 ft: 6358 corp: 549/2150Kb lim: 65536 exec/s: 1056 rss: 708Mb L: 30/65536 MS: 6 ManualDict-Custom-ChangeByte-Custom-PersAutoDict-Custom- DE: "local"-"<\000\000\000\000\000\000\000"-
#3176	NEW    cov: 1656 ft: 6360 corp: 550/2150Kb lim: 65536 exec/s: 1058 rss: 709Mb L: 115/65536 MS: 2 InsertRepeatedBytes-Custom-
#3806	RELOAD cov: 1656 ft: 6454 corp: 583/2309Kb lim: 65536 exec/s: 951 rss: 843Mb
#3813	NEW    cov: 1656 ft: 6454 corp: 583/2309Kb lim: 65536 exec/s: 953 rss: 843Mb L: 2/65536 MS: 3 CustomCrossOver-EraseBytes-Custom-
#3831	NEW    cov: 1656 ft: 6454 corp: 584/2309Kb lim: 65536 exec/s: 957 rss: 847Mb L: 7/65536 MS: 4 CustomCrossOver-InsertByte-Custom-CustomCrossOver-
#3832	NEW    cov: 1656 ft: 6454 corp: 584/2309Kb lim: 65536 exec/s: 958 rss: 847Mb L: 28/65536 MS: 1 CustomCrossOver-
#3870	NEW    cov: 1656 ft: 6454 corp: 583/2309Kb lim: 65536 exec/s: 967 rss: 855Mb L: 17/65536 MS: 5 CopyPart-Custom-CopyPart-Custom-CustomCrossOver-
#3875	NEW    cov: 1656 ft: 6455 corp: 584/2309Kb lim: 65536 exec/s: 968 rss: 856Mb L: 15/65536 MS: 7 CustomCrossOver-CustomCrossOver-CopyPart-Custom-CustomCrossOver-ManualDict-Custom- DE: "sol::"-
#3886	NEW    cov: 1656 ft: 6455 corp: 584/2304Kb lim: 65536 exec/s: 971 rss: 858Mb L: 8254/65536 MS: 2 ChangeASCIIInt-Custom-
#3891	NEW    cov: 1656 ft: 6455 corp: 584/2304Kb lim: 65536 exec/s: 972 rss: 859Mb L: 514/65536 MS: 8 CustomCrossOver-ShuffleBytes-Custom-ShuffleBytes-Custom-CustomCrossOver-CrossOver-Custom-
#3902	NEW    cov: 1656 ft: 6455 corp: 584/2304Kb lim: 65536 exec/s: 975 rss: 862Mb L: 109/65536 MS: 2 InsertByte-Custom-
#3951	NEW    cov: 1656 ft: 6455 corp: 584/2303Kb lim: 65536 exec/s: 987 rss: 872Mb L: 63/65536 MS: 8 ManualDict-Custom-EraseBytes-Custom-CMP-Custom-InsertRepeatedBytes-Custom- DE: "undefined"-"join"-
#3953	NEW    cov: 1656 ft: 6455 corp: 585/2304Kb lim: 65536 exec/s: 988 rss: 873Mb L: 186/65536 MS: 2 CustomCrossOver-CustomCrossOver-
#3975	NEW    cov: 1656 ft: 6455 corp: 585/2304Kb lim: 65536 exec/s: 993 rss: 878Mb L: 2/65536 MS: 2 CustomCrossOver-CustomCrossOver-
#3992	NEW    cov: 1656 ft: 6455 corp: 585/2304Kb lim: 65536 exec/s: 998 rss: 882Mb L: 16/65536 MS: 4 ShuffleBytes-Custom-ChangeByte-Custom-
#4005	NEW    cov: 1656 ft: 6455 corp: 585/2304Kb lim: 65536 exec/s: 1001 rss: 885Mb L: 35/65536 MS: 6 ManualDict-Custom-ShuffleBytes-Custom-CMP-Custom- DE: "pending"-"\377\001"-
#4027	NEW    cov: 1656 ft: 6455 corp: 585/2304Kb lim: 65536 exec/s: 1006 rss: 889Mb L: 15/65536 MS: 2 CustomCrossOver-CustomCrossOver-
#4048	NEW    cov: 1656 ft: 6455 corp: 586/2304Kb lim: 65536 exec/s: 1012 rss: 894Mb L: 10/65536 MS: 2 PersAutoDict-Custom- DE: "\012\000\000\000\000\000\000\000"-
#4050	NEW    cov: 1656 ft: 6455 corp: 587/2304Kb lim: 65536 exec/s: 1012 rss: 895Mb L: 82/65536 MS: 2 CustomCrossOver-CustomCrossOver-
#4052	NEW    cov: 1656 ft: 6455 corp: 587/2304Kb lim: 65536 exec/s: 1013 rss: 895Mb L: 15/65536 MS: 3 InsertRepeatedBytes-Custom-CustomCrossOver-
#4086	NEW    cov: 1656 ft: 6455 corp: 587/2304Kb lim: 65536 exec/s: 1021 rss: 902Mb L: 45/65536 MS: 7 InsertRepeatedBytes-Custom-CMP-Custom-CustomCrossOver-InsertRepeatedBytes-Custom- DE: "\037\000\000\000\000\000\000\000"-
#4094	NEW    cov: 1656 ft: 6455 corp: 588/2304Kb lim: 65536 exec/s: 1023 rss: 904Mb L: 511/65536 MS: 5 ChangeBit-Custom-CopyPart-Custom-CustomCrossOver-
#4096	pulse  cov: 1656 ft: 6455 corp: 588/2304Kb lim: 65536 exec/s: 1024 rss: 904Mb
#4119	NEW    cov: 1656 ft: 6455 corp: 588/2304Kb lim: 65536 exec/s: 1029 rss: 910Mb L: 32/65536 MS: 8 ChangeBit-Custom-InsertByte-Custom-CustomCrossOver-CustomCrossOver-EraseBytes-Custom-
#4160	NEW    cov: 1656 ft: 6455 corp: 588/2304Kb lim: 65536 exec/s: 1040 rss: 919Mb L: 5/65536 MS: 1 CustomCrossOver-
#4181	NEW    cov: 1656 ft: 6455 corp: 589/2304Kb lim: 65536 exec/s: 1045 rss: 924Mb L: 16/65536 MS: 1 CustomCrossOver-
#4200	NEW    cov: 1656 ft: 6455 corp: 589/2304Kb lim: 65536 exec/s: 1050 rss: 928Mb L: 2/65536 MS: 7 PersAutoDict-Custom-CopyPart-Custom-ShuffleBytes-Custom-CustomCrossOver- DE: "tri"-
#4209	NEW    cov: 1656 ft: 6456 corp: 590/2304Kb lim: 65536 exec/s: 1052 rss: 930Mb L: 8/65536 MS: 7 CrossOver-Custom-CustomCrossOver-ManualDict-Custom-ChangeBinInt-Custom- DE: "count"-
#4226	NEW    cov: 1656 ft: 6456 corp: 589/2303Kb lim: 65536 exec/s: 1056 rss: 934Mb L: 186/65536 MS: 2 CustomCrossOver-CustomCrossOver-
#4257	NEW    cov: 1656 ft: 6456 corp: 590/2303Kb lim: 65536 exec/s: 1064 rss: 939Mb L: 1/65536 MS: 2 ChangeBit-Custom-
#4274	NEW    cov: 1656 ft: 6456 corp: 590/2303Kb lim: 65536 exec/s: 1068 rss: 943Mb L: 167/65536 MS: 4 PersAutoDict-Custom-EraseBytes-Custom- DE: "assert"-
#4289	NEW    cov: 1656 ft: 6456 corp: 591/2303Kb lim: 65536 exec/s: 1072 rss: 946Mb L: 4/65536 MS: 8 ShuffleBytes-Custom-CustomCrossOver-CustomCrossOver-ChangeByte-Custom-CopyPart-Custom-
#4308	NEW    cov: 1656 ft: 6456 corp: 591/2303Kb lim: 65536 exec/s: 1077 rss: 951Mb L: 16/65536 MS: 8 EraseBytes-Custom-ChangeBit-Custom-PersAutoDict-Custom-CMP-Custom- DE: "count"-"select"-
#4324	NEW    cov: 1656 ft: 6456 corp: 592/2303Kb lim: 65536 exec/s: 1081 rss: 955Mb L: 26/65536 MS: 1 CustomCrossOver-
#4335	NEW    cov: 1656 ft: 6456 corp: 592/2303Kb lim: 65536 exec/s: 1083 rss: 957Mb L: 2/65536 MS: 1 CustomCrossOver-
#4376	NEW    cov: 1656 ft: 6456 corp: 592/2303Kb lim: 65536 exec/s: 1094 rss: 965Mb L: 3/65536 MS: 2 CopyPart-Custom-
#4383	NEW    cov: 1656 ft: 6457 corp: 593/2303Kb lim: 65536 exec/s: 1095 rss: 967Mb L: 34/65536 MS: 4 ChangeBinInt-Custom-InsertRepeatedBytes-Custom-
#4387	NEW    cov: 1656 ft: 6457 corp: 593/2303Kb lim: 65536 exec/s: 1096 rss: 967Mb L: 43/65536 MS: 8 ShuffleBytes-Custom-ManualDict-Custom-ChangeBit-Custom-InsertRepeatedBytes-Custom- DE: "R\"("-
#4418	NEW    cov: 1656 ft: 6457 corp: 593/2297Kb lim: 65536 exec/s: 1104 rss: 974Mb L: 2047/65536 MS: 2 ChangeByte-Custom-
#4479	NEW    cov: 1656 ft: 6457 corp: 594/2297Kb lim: 65536 exec/s: 1119 rss: 988Mb L: 4/65536 MS: 2 ChangeByte-Custom-
#4593	NEW    cov: 1656 ft: 6457 corp: 594/2297Kb lim: 65536 exec/s: 1148 rss: 1012Mb L: 21/65536 MS: 8 InsertRepeatedBytes-Custom-EraseBytes-Custom-PersAutoDict-Custom-EraseBytes-Custom- DE: "max_threads"-
#4612	NEW    cov: 1656 ft: 6458 corp: 595/2305Kb lim: 65536 exec/s: 1153 rss: 1016Mb L: 8191/65536 MS: 7 ChangeBit-Custom-CustomCrossOver-CopyPart-Custom-ChangeBit-Custom-
#4613	NEW    cov: 1656 ft: 6458 corp: 596/2305Kb lim: 65536 exec/s: 1153 rss: 1016Mb L: 4/65536 MS: 2 ShuffleBytes-Custom-
#4621	NEW    cov: 1656 ft: 6459 corp: 597/2305Kb lim: 65536 exec/s: 1155 rss: 1018Mb L: 511/65536 MS: 4 PersAutoDict-Custom-CustomCrossOver-CustomCrossOver- DE: "sol::"-
#4636	NEW    cov: 1656 ft: 6459 corp: 596/2305Kb lim: 65536 exec/s: 1159 rss: 1021Mb L: 15/65536 MS: 9 PersAutoDict-Custom-CopyPart-Custom-CustomCrossOver-InsertByte-Custom-ChangeBit-Custom- DE: "tri"-
#4645	NEW    cov: 1656 ft: 6459 corp: 596/2305Kb lim: 65536 exec/s: 1161 rss: 1023Mb L: 11/65536 MS: 8 EraseBytes-Custom-InsertByte-Custom-ShuffleBytes-Custom-ShuffleBytes-Custom-
#4667	NEW    cov: 1656 ft: 6459 corp: 596/2305Kb lim: 65536 exec/s: 1166 rss: 1028Mb L: 4/65536 MS: 3 CopyPart-Custom-CustomCrossOver-
#4674	NEW    cov: 1656 ft: 6459 corp: 596/2305Kb lim: 65536 exec/s: 1168 rss: 1029Mb L: 2/65536 MS: 3 CustomCrossOver-ChangeBit-Custom-
#4680	NEW    cov: 1656 ft: 6459 corp: 595/2305Kb lim: 65536 exec/s: 1170 rss: 1031Mb L: 2/65536 MS: 1 CustomCrossOver-
#4697	NEW    cov: 1656 ft: 6459 corp: 596/2305Kb lim: 65536 exec/s: 1174 rss: 1034Mb L: 4/65536 MS: 3 CustomCrossOver-InsertByte-Custom-
#4714	NEW    cov: 1656 ft: 6460 corp: 596/2304Kb lim: 65536 exec/s: 1178 rss: 1038Mb L: 260/65536 MS: 3 CustomCrossOver-ChangeBit-Custom-
#4776	NEW    cov: 1656 ft: 6460 corp: 595/2304Kb lim: 65536 exec/s: 955 rss: 1052Mb L: 10/65536 MS: 4 ChangeBit-Custom-CMP-Custom- DE: "2\000\000\000\000\000\000\000"-
#5236	RELOAD cov: 1656 ft: 6469 corp: 607/2292Kb lim: 65536 exec/s: 1047 rss: 1151Mb
#5258	NEW    cov: 1656 ft: 6475 corp: 608/2292Kb lim: 65536 exec/s: 1051 rss: 1154Mb L: 710/65536 MS: 2 CustomCrossOver-CustomCrossOver-
#5268	NEW    cov: 1656 ft: 6475 corp: 609/2292Kb lim: 65536 exec/s: 1053 rss: 1157Mb L: 33/65536 MS: 10 ChangeBit-Custom-ChangeBit-Custom-CopyPart-Custom-ManualDict-Custom-EraseBytes-Custom- DE: "spawn"-
#5269	NEW    cov: 1656 ft: 6475 corp: 608/2292Kb lim: 65536 exec/s: 1053 rss: 1157Mb L: 9/65536 MS: 2 PersAutoDict-Custom- DE: "spinner"-
#5270	NEW    cov: 1656 ft: 6475 corp: 608/2292Kb lim: 65536 exec/s: 1054 rss: 1157Mb L: 7/65536 MS: 2 ShuffleBytes-Custom-
#5278	NEW    cov: 1656 ft: 6478 corp: 609/2296Kb lim: 65536 exec/s: 1055 rss: 1159Mb L: 3379/65536 MS: 6 EraseBytes-Custom-InsertByte-Custom-PersAutoDict-Custom- DE: "\000\000\000\000\000\000\000\000"-
#5354	NEW    cov: 1656 ft: 6478 corp: 609/2296Kb lim: 65536 exec/s: 1070 rss: 1176Mb L: 17/65536 MS: 2 ChangeByte-Custom-
#5356	NEW    cov: 1656 ft: 6478 corp: 609/2296Kb lim: 65536 exec/s: 1071 rss: 1177Mb L: 29/65536 MS: 4 ChangeBit-Custom-ManualDict-Custom- DE: "mergeSettingsFromLuaTable"-
#5377	NEW    cov: 1656 ft: 6478 corp: 609/2296Kb lim: 65536 exec/s: 1075 rss: 1182Mb L: 32/65536 MS: 2 PersAutoDict-Custom- DE: "spinner"-
#5411	NEW    cov: 1656 ft: 6478 corp: 608/2296Kb lim: 65536 exec/s: 1082 rss: 1189Mb L: 11/65536 MS: 6 CustomCrossOver-PersAutoDict-Custom-ChangeBit-Custom-CustomCrossOver- DE: "\001\000\000\000\000\000\000\000"-
#5423	NEW    cov: 1656 ft: 6478 corp: 608/2296Kb lim: 65536 exec/s: 1084 rss: 1192Mb L: 4/65536 MS: 4 CopyPart-Custom-CopyPart-Custom-
#5429	NEW    cov: 1656 ft: 6478 corp: 608/2296Kb lim: 65536 exec/s: 1085 rss: 1193Mb L: 18/65536 MS: 2 PersAutoDict-Custom- DE: "\025\000"-
#5436	NEW    cov: 1656 ft: 6478 corp: 608/2296Kb lim: 65536 exec/s: 1087 rss: 1195Mb L: 25/65536 MS: 3 CrossOver-Custom-CustomCrossOver-
#5437	NEW    cov: 1656 ft: 6478 corp: 607/2296Kb lim: 65536 exec/s: 1087 rss: 1195Mb L: 15/65536 MS: 2 ManualDict-Custom- DE: "else"-
#5443	NEW    cov: 1656 ft: 6478 corp: 607/2296Kb lim: 65536 exec/s: 1088 rss: 1196Mb L: 16600/65536 MS: 2 ChangeBit-Custom-
#5455	NEW    cov: 1656 ft: 6478 corp: 605/2296Kb lim: 65536 exec/s: 1091 rss: 1198Mb L: 3/65536 MS: 3 InsertRepeatedBytes-Custom-CustomCrossOver-
#5522	NEW    cov: 1656 ft: 6478 corp: 605/2289Kb lim: 65536 exec/s: 1104 rss: 1214Mb L: 1904/65536 MS: 4 CopyPart-Custom-ChangeByte-Custom-
#5548	NEW    cov: 1656 ft: 6478 corp: 606/2289Kb lim: 65536 exec/s: 1109 rss: 1219Mb L: 11/65536 MS: 2 ChangeByte-Custom-
#5566	NEW    cov: 1656 ft: 6488 corp: 607/2289Kb lim: 65536 exec/s: 1113 rss: 1224Mb L: 9/65536 MS: 5 ChangeByte-Custom-CustomCrossOver-CMP-Custom- DE: "\377\377\377\377\377\377\377\037"-
#5593	NEW    cov: 1656 ft: 6488 corp: 608/2289Kb lim: 65536 exec/s: 1118 rss: 1230Mb L: 12/65536 MS: 3 EraseBytes-Custom-CustomCrossOver-
#5594	NEW    cov: 1656 ft: 6488 corp: 609/2289Kb lim: 65536 exec/s: 1118 rss: 1230Mb L: 7/65536 MS: 2 ChangeBit-Custom-
#5618	NEW    cov: 1656 ft: 6488 corp: 609/2289Kb lim: 65536 exec/s: 1123 rss: 1235Mb L: 18/65536 MS: 7 CrossOver-Custom-InsertRepeatedBytes-Custom-InsertRepeatedBytes-Custom-CustomCrossOver-
#5669	NEW    cov: 1656 ft: 6488 corp: 609/2281Kb lim: 65536 exec/s: 1133 rss: 1245Mb L: 16/65536 MS: 2 ChangeBinInt-Custom-
#5700	NEW    cov: 1656 ft: 6488 corp: 609/2281Kb lim: 65536 exec/s: 1140 rss: 1251Mb L: 2/65536 MS: 1 CustomCrossOver-
#5710	NEW    cov: 1656 ft: 6489 corp: 610/2298Kb lim: 65536 exec/s: 1142 rss: 1254Mb L: 16603/65536 MS: 9 ChangeASCIIInt-Custom-ChangeByte-Custom-CustomCrossOver-CrossOver-Custom-CopyPart-Custom-
#5716	NEW    cov: 1656 ft: 6495 corp: 611/2299Kb lim: 65536 exec/s: 1143 rss: 1255Mb L: 1023/65536 MS: 2 ManualDict-Custom- DE: "task-"-
#5738	NEW    cov: 1656 ft: 6495 corp: 611/2299Kb lim: 65536 exec/s: 956 rss: 1260Mb L: 1/65536 MS: 4 ChangeByte-Custom-ShuffleBytes-Custom-
#5744	NEW    cov: 1656 ft: 6498 corp: 612/2300Kb lim: 65536 exec/s: 957 rss: 1262Mb L: 1310/65536 MS: 2 ChangeBinInt-Custom-
#5789	NEW    cov: 1656 ft: 6499 corp: 612/2292Kb lim: 65536 exec/s: 964 rss: 1272Mb L: 16384/65536 MS: 7 CustomCrossOver-EraseBytes-Custom-CustomCrossOver-CustomCrossOver-CrossOver-Custom-
#5797	NEW    cov: 1656 ft: 6499 corp: 612/2292Kb lim: 65536 exec/s: 966 rss: 1273Mb L: 3/65536 MS: 5 ManualDict-Custom-EraseBytes-Custom-CustomCrossOver- DE: "hash_vars"-
#5811	NEW    cov: 1656 ft: 6499 corp: 613/2308Kb lim: 65536 exec/s: 968 rss: 1276Mb L: 16385/65536 MS: 8 PersAutoDict-Custom-ChangeASCIIInt-Custom-ChangeBit-Custom-ManualDict-Custom- DE: "assert"-"spinner"-
#5816	NEW    cov: 1656 ft: 6499 corp: 614/2318Kb lim: 65536 exec/s: 969 rss: 1278Mb L: 10471/65536 MS: 8 CustomCrossOver-ChangeBinInt-Custom-CopyPart-Custom-ManualDict-Custom-CustomCrossOver- DE: "metadata"-
#5817	NEW    cov: 1656 ft: 6499 corp: 612/2308Kb lim: 65536 exec/s: 969 rss: 1278Mb L: 2/65536 MS: 2 ChangeBit-Custom-
#5818	NEW    cov: 1656 ft: 6499 corp: 611/2308Kb lim: 65536 exec/s: 969 rss: 1278Mb L: 10/65536 MS: 2 CopyPart-Custom-
#5829	NEW    cov: 1656 ft: 6499 corp: 611/2308Kb lim: 65536 exec/s: 971 rss: 1280Mb L: 3/65536 MS: 2 InsertByte-Custom-
#5843	NEW    cov: 1656 ft: 6500 corp: 612/2308Kb lim: 65536 exec/s: 973 rss: 1284Mb L: 3/65536 MS: 7 CMP-Custom-ChangeBit-Custom-CustomCrossOver-ChangeBit-Custom- DE: "sol.sol"-
#5844	NEW    cov: 1656 ft: 6500 corp: 612/2308Kb lim: 65536 exec/s: 974 rss: 1284Mb L: 22/65536 MS: 1 CustomCrossOver-
#5850	NEW    cov: 1656 ft: 6501 corp: 613/2371Kb lim: 65536 exec/s: 975 rss: 1286Mb L: 64515/65536 MS: 2 ChangeBit-Custom-
#5856	NEW    cov: 1656 ft: 6501 corp: 614/2435Kb lim: 65536 exec/s: 976 rss: 1287Mb L: 65513/65536 MS: 2 CopyPart-Custom-
#5857	NEW    cov: 1656 ft: 6501 corp: 614/2435Kb lim: 65536 exec/s: 976 rss: 1287Mb L: 9521/65536 MS: 1 CustomCrossOver-
#5859	NEW    cov: 1656 ft: 6501 corp: 614/2434Kb lim: 65536 exec/s: 976 rss: 1287Mb L: 178/65536 MS: 4 InsertRepeatedBytes-Custom-ShuffleBytes-Custom-
#5860	NEW    cov: 1656 ft: 6502 corp: 612/2425Kb lim: 65536 exec/s: 976 rss: 1287Mb L: 35/65536 MS: 1 CustomCrossOver-
#5888	NEW    cov: 1656 ft: 6502 corp: 612/2425Kb lim: 65536 exec/s: 981 rss: 1293Mb L: 54/65536 MS: 6 CMP-Custom-CopyPart-Custom-ManualDict-Custom- DE: "\001\000"-"workflow phase invocation is missing required field"-
#5889	NEW    cov: 1656 ft: 6502 corp: 612/2425Kb lim: 65536 exec/s: 981 rss: 1294Mb L: 25/65536 MS: 1 CustomCrossOver-
#5891	NEW    cov: 1656 ft: 6502 corp: 612/2425Kb lim: 65536 exec/s: 981 rss: 1294Mb L: 5/65536 MS: 3 ChangeByte-Custom-CustomCrossOver-
#5896	NEW    cov: 1656 ft: 6502 corp: 613/2425Kb lim: 65536 exec/s: 982 rss: 1295Mb L: 75/65536 MS: 10 EraseBytes-Custom-PersAutoDict-Custom-ChangeByte-Custom-ChangeBinInt-Custom-InsertRepeatedBytes-Custom- DE: "mergeSettingsFromLuaTable"-
#5910	NEW    cov: 1656 ft: 6502 corp: 613/2425Kb lim: 65536 exec/s: 985 rss: 1299Mb L: 31/65536 MS: 7 ChangeByte-Custom-CMP-Custom-CustomCrossOver-InsertByte-Custom- DE: "\000\000\000\000\000\000\000\000"-
#5916	NEW    cov: 1656 ft: 6502 corp: 613/2425Kb lim: 65536 exec/s: 986 rss: 1300Mb L: 16/65536 MS: 1 CustomCrossOver-
#5926	NEW    cov: 1656 ft: 6503 corp: 614/2425Kb lim: 65536 exec/s: 987 rss: 1302Mb L: 29/65536 MS: 10 ChangeBit-Custom-InsertByte-Custom-ManualDict-Custom-CMP-Custom-PersAutoDict-Custom- DE: "dotenv_overrides_system"-"sol."-"task-"-
#5927	NEW    cov: 1656 ft: 6503 corp: 615/2425Kb lim: 65536 exec/s: 987 rss: 1302Mb L: 3/65536 MS: 2 ChangeByte-Custom-
#5933	NEW    cov: 1656 ft: 6503 corp: 615/2425Kb lim: 65536 exec/s: 988 rss: 1303Mb L: 32/65536 MS: 1 CustomCrossOver-
#5948	NEW    cov: 1656 ft: 6503 corp: 616/2425Kb lim: 65536 exec/s: 991 rss: 1306Mb L: 1/65536 MS: 7 CopyPart-Custom-CustomCrossOver-CrossOver-Custom-CustomCrossOver-CustomCrossOver-
#5984	NEW    cov: 1656 ft: 6504 corp: 617/2425Kb lim: 65536 exec/s: 997 rss: 1314Mb L: 32/65536 MS: 2 ManualDict-Custom- DE: "do"-
#6013	NEW    cov: 1656 ft: 6504 corp: 618/2425Kb lim: 65536 exec/s: 1002 rss: 1320Mb L: 4/65536 MS: 6 EraseBytes-Custom-CustomCrossOver-ShuffleBytes-Custom-CustomCrossOver-
#6033	NEW    cov: 1656 ft: 6505 corp: 619/2457Kb lim: 65536 exec/s: 1005 rss: 1325Mb L: 33018/65536 MS: 7 CustomCrossOver-InsertRepeatedBytes-Custom-CustomCrossOver-CustomCrossOver-CMP-Custom- DE: "\002\000\000\000\001\000\000\000"-
#6042	NEW    cov: 1656 ft: 6505 corp: 619/2457Kb lim: 65536 exec/s: 1007 rss: 1325Mb L: 27/65536 MS: 8 InsertByte-Custom-PersAutoDict-Custom-InsertByte-Custom-ManualDict-Custom- DE: "else"-"gzip"-
#6125	NEW    cov: 1656 ft: 6505 corp: 619/2457Kb lim: 65536 exec/s: 1020 rss: 1343Mb L: 18/65536 MS: 6 InsertByte-Custom-ChangeBinInt-Custom-EraseBytes-Custom-
#6128	NEW    cov: 1656 ft: 6505 corp: 619/2457Kb lim: 65536 exec/s: 1021 rss: 1344Mb L: 261/65536 MS: 6 ManualDict-Custom-ManualDict-Custom-CopyPart-Custom- DE: "4294967295"-"not-a-strategy"-
#6176	NEW    cov: 1656 ft: 6505 corp: 619/2457Kb lim: 65536 exec/s: 1029 rss: 1355Mb L: 45/65536 MS: 5 PersAutoDict-Custom-ChangeBit-Custom-CustomCrossOver- DE: "files"-
	NEW_FUNC[1/3]: 0x000000503470 in std::vector<beez::core::WorkflowStage, std::allocator<beez::core::WorkflowStage>>::size() const /usr/bin/../lib/gcc/x86_64-redhat-linux/16/../../../../include/c++/16/bits/stl_vector.h:1108
	NEW_FUNC[2/3]: 0x0000005038e0 in std::__detail::_Node_const_iterator<std::pair<std::__cxx11::basic_string<char, std::char_traits<char>, std::allocator<char>> const, beez::core::Workflow>, false, true>::operator++() /usr/bin/../lib/gcc/x86_64-redhat-linux/16/../../../../include/c++/16/bits/hashtable_policy.h:506
#6425	RELOAD cov: 1682 ft: 6760 corp: 627/2365Kb lim: 65536 exec/s: 1070 rss: 1410Mb
#6436	NEW    cov: 1682 ft: 6760 corp: 627/2359Kb lim: 65536 exec/s: 1072 rss: 1412Mb L: 2049/65536 MS: 2 ChangeByte-Custom-
#6451	NEW    cov: 1682 ft: 6760 corp: 628/2359Kb lim: 65536 exec/s: 1075 rss: 1415Mb L: 4/65536 MS: 6 CustomCrossOver-CustomCrossOver-PersAutoDict-Custom-CustomCrossOver-CustomCrossOver- DE: "spawn"-
#6452	NEW    cov: 1682 ft: 6760 corp: 628/2359Kb lim: 65536 exec/s: 1075 rss: 1416Mb L: 4093/65536 MS: 1 CustomCrossOver-
#6453	NEW    cov: 1682 ft: 6760 corp: 628/2359Kb lim: 65536 exec/s: 1075 rss: 1416Mb L: 18/65536 MS: 2 ChangeBit-Custom-
#6454	NEW    cov: 1682 ft: 6760 corp: 626/2359Kb lim: 65536 exec/s: 1075 rss: 1416Mb L: 2/65536 MS: 1 CustomCrossOver-
#6491	NEW    cov: 1682 ft: 6760 corp: 626/2359Kb lim: 65536 exec/s: 1081 rss: 1425Mb L: 21/65536 MS: 4 CMP-Custom-ManualDict-Custom- DE: "join"-"name"-
#6532	NEW    cov: 1682 ft: 6760 corp: 626/2359Kb lim: 65536 exec/s: 1088 rss: 1434Mb L: 2/65536 MS: 1 CustomCrossOver-
#6533	NEW    cov: 1682 ft: 6760 corp: 625/2359Kb lim: 65536 exec/s: 1088 rss: 1434Mb L: 17/65536 MS: 2 EraseBytes-Custom-
#6563	NEW    cov: 1682 ft: 6760 corp: 626/2359Kb lim: 65536 exec/s: 937 rss: 1440Mb L: 18/65536 MS: 7 ChangeByte-Custom-CustomCrossOver-CustomCrossOver-CustomCrossOver-CopyPart-Custom-
#6564	NEW    cov: 1682 ft: 6761 corp: 627/2360Kb lim: 65536 exec/s: 937 rss: 1441Mb L: 957/65536 MS: 2 EraseBytes-Custom-
#6602	NEW    cov: 1682 ft: 6761 corp: 627/2310Kb lim: 65536 exec/s: 943 rss: 1448Mb L: 2153/65536 MS: 6 ShuffleBytes-Custom-CMP-Custom-CopyPart-Custom- DE: "\006\000\000\000\000\000\000\000"-
#6639	NEW    cov: 1682 ft: 6762 corp: 628/2310Kb lim: 65536 exec/s: 948 rss: 1456Mb L: 2/65536 MS: 2 CustomCrossOver-CustomCrossOver-
#6643	NEW    cov: 1682 ft: 6763 corp: 629/2310Kb lim: 65536 exec/s: 949 rss: 1457Mb L: 28/65536 MS: 8 PersAutoDict-Custom-ChangeBit-Custom-ChangeByte-Custom-CMP-Custom- DE: "\025\000\000\000\000\000\000\000"-"\377\022"-
#6670	NEW    cov: 1682 ft: 6763 corp: 630/2310Kb lim: 65536 exec/s: 952 rss: 1463Mb L: 9/65536 MS: 4 ChangeBinInt-Custom-PersAutoDict-Custom- DE: "local"-
#6712	NEW    cov: 1682 ft: 6763 corp: 631/2310Kb lim: 65536 exec/s: 958 rss: 1472Mb L: 9/65536 MS: 4 EraseBytes-Custom-PersAutoDict-Custom- DE: "\012\000\000\000\000\000\000\000"-
#6745	NEW    cov: 1682 ft: 6763 corp: 630/2310Kb lim: 65536 exec/s: 963 rss: 1480Mb L: 2/65536 MS: 4 ChangeBit-Custom-CustomCrossOver-CustomCrossOver-
#6772	NEW    cov: 1682 ft: 6763 corp: 631/2310Kb lim: 65536 exec/s: 967 rss: 1485Mb L: 3/65536 MS: 3 CustomCrossOver-InsertByte-Custom-
#6889	NEW    cov: 1682 ft: 6763 corp: 631/2309Kb lim: 65536 exec/s: 984 rss: 1508Mb L: 276/65536 MS: 4 CopyPart-Custom-ManualDict-Custom- DE: "beez_fuzz_project"-
#6969	NEW    cov: 1682 ft: 6764 corp: 632/2309Kb lim: 65536 exec/s: 995 rss: 1526Mb L: 20/65536 MS: 9 PersAutoDict-Custom-ChangeBinInt-Custom-CustomCrossOver-ManualDict-Custom-InsertByte-Custom- DE: "<\000\000\000\000\000\000\000"-"parallel"-
#6990	NEW    cov: 1682 ft: 6764 corp: 633/2309Kb lim: 65536 exec/s: 998 rss: 1531Mb L: 3/65536 MS: 2 ChangeBit-Custom-
#7017	NEW    cov: 1682 ft: 6764 corp: 633/2309Kb lim: 65536 exec/s: 1002 rss: 1537Mb L: 9/65536 MS: 4 ShuffleBytes-Custom-ManualDict-Custom- DE: "0x"-
#7028	NEW    cov: 1682 ft: 6764 corp: 633/2309Kb lim: 65536 exec/s: 1004 rss: 1539Mb L: 108/65536 MS: 2 CopyPart-Custom-
#7042	NEW    cov: 1682 ft: 6765 corp: 633/2309Kb lim: 65536 exec/s: 1006 rss: 1542Mb L: 203/65536 MS: 8 CopyPart-Custom-EraseBytes-Custom-InsertByte-Custom-InsertRepeatedBytes-Custom-
#7050	NEW    cov: 1682 ft: 6765 corp: 631/2303Kb lim: 65536 exec/s: 1007 rss: 1544Mb L: 30/65536 MS: 6 CMP-Custom-PersAutoDict-Custom-InsertRepeatedBytes-Custom- DE: "sol.\360\237\224\251"-"2\000\000\000\000\000\000\000"-
#7073	NEW    cov: 1682 ft: 6765 corp: 632/2311Kb lim: 65536 exec/s: 1010 rss: 1550Mb L: 8190/65536 MS: 5 ChangeBit-Custom-CustomCrossOver-InsertByte-Custom-
#7113	NEW    cov: 1682 ft: 6765 corp: 632/2311Kb lim: 65536 exec/s: 1016 rss: 1558Mb L: 6/65536 MS: 8 ChangeByte-Custom-EraseBytes-Custom-CustomCrossOver-InsertRepeatedBytes-Custom-CustomCrossOver-
#7265	NEW    cov: 1682 ft: 6765 corp: 631/2308Kb lim: 65536 exec/s: 1037 rss: 1592Mb L: 509/65536 MS: 4 InsertRepeatedBytes-Custom-EraseBytes-Custom-
#7331	NEW    cov: 1682 ft: 6765 corp: 632/2368Kb lim: 65536 exec/s: 1047 rss: 1607Mb L: 61530/65536 MS: 2 CopyPart-Custom-
#7332	NEW    cov: 1682 ft: 6765 corp: 632/2368Kb lim: 65536 exec/s: 1047 rss: 1607Mb L: 1/65536 MS: 2 ChangeBit-Custom-
#7341	NEW    cov: 1682 ft: 6765 corp: 633/2368Kb lim: 65536 exec/s: 1048 rss: 1609Mb L: 15/65536 MS: 7 CustomCrossOver-CMP-Custom-CMP-Custom-PersAutoDict-Custom- DE: "\007\000\000\000"-"ping"-"compile"-
#7632	RELOAD cov: 1682 ft: 6832 corp: 640/2402Kb lim: 65536 exec/s: 954 rss: 1673Mb
#7660	NEW    cov: 1682 ft: 6832 corp: 639/2401Kb lim: 65536 exec/s: 957 rss: 1678Mb L: 2/65536 MS: 3 CustomCrossOver-CustomCrossOver-CustomCrossOver-
#7700	NEW    cov: 1682 ft: 6832 corp: 638/2401Kb lim: 65536 exec/s: 962 rss: 1686Mb L: 4/65536 MS: 7 InsertRepeatedBytes-Custom-CustomCrossOver-CustomCrossOver-CustomCrossOver-CopyPart-Custom-
#7706	NEW    cov: 1682 ft: 6832 corp: 639/2465Kb lim: 65536 exec/s: 963 rss: 1687Mb L: 65525/65536 MS: 2 PersAutoDict-Custom- DE: "sol."-
#7765	NEW    cov: 1682 ft: 6832 corp: 639/2465Kb lim: 65536 exec/s: 970 rss: 1700Mb L: 22/65536 MS: 8 ShuffleBytes-Custom-ChangeByte-Custom-ChangeBinInt-Custom-InsertRepeatedBytes-Custom-
#7797	NEW    cov: 1682 ft: 6832 corp: 640/2465Kb lim: 65536 exec/s: 974 rss: 1707Mb L: 17/65536 MS: 4 InsertByte-Custom-ChangeBit-Custom-
#7803	NEW    cov: 1682 ft: 6832 corp: 638/2465Kb lim: 65536 exec/s: 975 rss: 1709Mb L: 31/65536 MS: 2 ChangeByte-Custom-
#7804	NEW    cov: 1682 ft: 6832 corp: 638/2465Kb lim: 65536 exec/s: 975 rss: 1709Mb L: 18/65536 MS: 2 InsertRepeatedBytes-Custom-
#8004	NEW    cov: 1682 ft: 6832 corp: 639/2465Kb lim: 65536 exec/s: 1000 rss: 1754Mb L: 2/65536 MS: 8 ManualDict-Custom-CustomCrossOver-EraseBytes-Custom-CustomCrossOver-CrossOver-Custom- DE: "metadata"-
#8030	NEW    cov: 1682 ft: 6832 corp: 640/2481Kb lim: 65536 exec/s: 1003 rss: 1760Mb L: 16385/65536 MS: 1 CustomCrossOver-
#8044	NEW    cov: 1682 ft: 6832 corp: 640/2481Kb lim: 65536 exec/s: 1005 rss: 1763Mb L: 17/65536 MS: 7 PersAutoDict-Custom-EraseBytes-Custom-InsertByte-Custom-CustomCrossOver- DE: "sol.sol"-
#8115	NEW    cov: 1682 ft: 6832 corp: 641/2481Kb lim: 65536 exec/s: 1014 rss: 1778Mb L: 2/65536 MS: 2 EraseBytes-Custom-
#8130	NEW    cov: 1682 ft: 6832 corp: 642/2481Kb lim: 65536 exec/s: 1016 rss: 1782Mb L: 3/65536 MS: 8 ChangeBinInt-Custom-CustomCrossOver-CopyPart-Custom-CustomCrossOver-CopyPart-Custom-
#8167	NEW    cov: 1682 ft: 6835 corp: 643/2509Kb lim: 65536 exec/s: 1020 rss: 1790Mb L: 28590/65536 MS: 4 CopyPart-Custom-ChangeASCIIInt-Custom-
#8173	NEW    cov: 1682 ft: 6835 corp: 643/2509Kb lim: 65536 exec/s: 1021 rss: 1791Mb L: 18/65536 MS: 1 CustomCrossOver-
#8190	NEW    cov: 1682 ft: 6835 corp: 642/2509Kb lim: 65536 exec/s: 1023 rss: 1795Mb L: 2/65536 MS: 2 CustomCrossOver-CustomCrossOver-
#8192	pulse  cov: 1682 ft: 6835 corp: 642/2509Kb lim: 65536 exec/s: 1024 rss: 1796Mb
#8193	NEW    cov: 1682 ft: 6835 corp: 642/2506Kb lim: 65536 exec/s: 1024 rss: 1796Mb L: 16/65536 MS: 5 CustomCrossOver-ChangeByte-Custom-ChangeBinInt-Custom-
#8197	NEW    cov: 1682 ft: 6835 corp: 642/2506Kb lim: 65536 exec/s: 1024 rss: 1797Mb L: 2/65536 MS: 6 ChangeByte-Custom-InsertRepeatedBytes-Custom-CustomCrossOver-CustomCrossOver-
#8204	NEW    cov: 1682 ft: 6835 corp: 643/2506Kb lim: 65536 exec/s: 1025 rss: 1798Mb L: 2/65536 MS: 3 CustomCrossOver-ChangeByte-Custom-
#8210	NEW    cov: 1682 ft: 6835 corp: 642/2505Kb lim: 65536 exec/s: 1026 rss: 1800Mb L: 3/65536 MS: 2 ChangeBit-Custom-
#8269	NEW    cov: 1682 ft: 6843 corp: 643/2505Kb lim: 65536 exec/s: 1033 rss: 1812Mb L: 4/65536 MS: 5 CustomCrossOver-CustomCrossOver-InsertByte-Custom-CustomCrossOver-
#8385	NEW    cov: 1682 ft: 6843 corp: 643/2505Kb lim: 65536 exec/s: 1048 rss: 1837Mb L: 2/65536 MS: 1 CustomCrossOver-
#8389	NEW    cov: 1682 ft: 6843 corp: 643/2505Kb lim: 65536 exec/s: 1048 rss: 1837Mb L: 8191/65536 MS: 5 ShuffleBytes-Custom-CustomCrossOver-CustomCrossOver-CustomCrossOver-
#8440	NEW    cov: 1682 ft: 6843 corp: 643/2505Kb lim: 65536 exec/s: 1055 rss: 1849Mb L: 1/65536 MS: 2 ChangeBinInt-Custom-
#8455	NEW    cov: 1682 ft: 6844 corp: 643/2505Kb lim: 65536 exec/s: 939 rss: 1852Mb L: 13/65536 MS: 9 CustomCrossOver-ChangeByte-Custom-EraseBytes-Custom-InsertByte-Custom-InsertRepeatedBytes-Custom-
#8482	NEW    cov: 1682 ft: 6844 corp: 642/2497Kb lim: 65536 exec/s: 942 rss: 1857Mb L: 8208/65536 MS: 4 PersAutoDict-Custom-ChangeBinInt-Custom- DE: "pending"-
#8538	NEW    cov: 1682 ft: 6844 corp: 643/2497Kb lim: 65536 exec/s: 948 rss: 1869Mb L: 532/65536 MS: 1 CustomCrossOver-
#8729	RELOAD cov: 1682 ft: 6844 corp: 640/2446Kb lim: 65536 exec/s: 969 rss: 1911Mb
#8815	NEW    cov: 1682 ft: 6844 corp: 640/2446Kb lim: 65536 exec/s: 979 rss: 1928Mb L: 3/65536 MS: 2 ChangeBit-Custom-
#8858	NEW    cov: 1682 ft: 6844 corp: 640/2446Kb lim: 65536 exec/s: 984 rss: 1938Mb L: 2/65536 MS: 4 CustomCrossOver-ChangeByte-Custom-CustomCrossOver-
#8902	NEW    cov: 1682 ft: 6844 corp: 640/2446Kb lim: 65536 exec/s: 989 rss: 1948Mb L: 90/65536 MS: 8 ChangeBit-Custom-ShuffleBytes-Custom-EraseBytes-Custom-InsertRepeatedBytes-Custom-
#8932	NEW    cov: 1682 ft: 6844 corp: 641/2491Kb lim: 65536 exec/s: 992 rss: 1954Mb L: 46191/65536 MS: 8 CustomCrossOver-CustomCrossOver-CrossOver-Custom-PersAutoDict-Custom-PersAutoDict-Custom- DE: "ping"-"name"-
#8959	NEW    cov: 1682 ft: 6844 corp: 641/2491Kb lim: 65536 exec/s: 995 rss: 1960Mb L: 17/65536 MS: 4 ChangeBinInt-Custom-CMP-Custom- DE: "\011\000\000\000"-
#8979	NEW    cov: 1682 ft: 6844 corp: 641/2490Kb lim: 65536 exec/s: 997 rss: 1963Mb L: 59/65536 MS: 8 ManualDict-Custom-PersAutoDict-Custom-CustomCrossOver-CustomCrossOver-InsertRepeatedBytes-Custom- DE: "pin_threads_to_cores"-"name"-
#9169	NEW    cov: 1682 ft: 6850 corp: 642/2490Kb lim: 65536 exec/s: 1018 rss: 2005Mb L: 4/65536 MS: 7 InsertRepeatedBytes-Custom-CustomCrossOver-CustomCrossOver-CustomCrossOver-ChangeBit-Custom-
#9275	NEW    cov: 1682 ft: 6850 corp: 643/2490Kb lim: 65536 exec/s: 1030 rss: 2027Mb L: 1/65536 MS: 2 EraseBytes-Custom-
#9284	NEW    cov: 1682 ft: 6850 corp: 643/2490Kb lim: 65536 exec/s: 1031 rss: 2028Mb L: 3/65536 MS: 6 CustomCrossOver-CustomCrossOver-ChangeBit-Custom-ShuffleBytes-Custom-
#9286	NEW    cov: 1682 ft: 6851 corp: 644/2490Kb lim: 65536 exec/s: 1031 rss: 2029Mb L: 21/65536 MS: 2 CustomCrossOver-CustomCrossOver-
#9345	NEW    cov: 1682 ft: 6851 corp: 644/2490Kb lim: 65536 exec/s: 1038 rss: 2042Mb L: 55/65536 MS: 8 PersAutoDict-Custom-PersAutoDict-Custom-InsertByte-Custom-InsertByte-Custom- DE: "task-"-"2\000\000\000\000\000\000\000"-
#9376	NEW    cov: 1682 ft: 6851 corp: 645/2490Kb lim: 65536 exec/s: 1041 rss: 2049Mb L: 11/65536 MS: 2 PersAutoDict-Custom- DE: "sol."-
#9395	NEW    cov: 1682 ft: 6852 corp: 646/2490Kb lim: 65536 exec/s: 1043 rss: 2053Mb L: 62/65536 MS: 8 ChangeByte-Custom-EraseBytes-Custom-InsertRepeatedBytes-Custom-EraseBytes-Custom-
#9411	NEW    cov: 1682 ft: 6852 corp: 646/2490Kb lim: 65536 exec/s: 1045 rss: 2057Mb L: 6/65536 MS: 2 InsertByte-Custom-
#9577	NEW    cov: 1682 ft: 6852 corp: 646/2490Kb lim: 65536 exec/s: 957 rss: 2093Mb L: 5/65536 MS: 2 CopyPart-Custom-
#9610	NEW    cov: 1682 ft: 6852 corp: 647/2490Kb lim: 65536 exec/s: 961 rss: 2100Mb L: 1/65536 MS: 5 CustomCrossOver-ChangeBit-Custom-EraseBytes-Custom-
#9642	NEW    cov: 1682 ft: 6852 corp: 647/2490Kb lim: 65536 exec/s: 964 rss: 2107Mb L: 20/65536 MS: 4 ManualDict-Custom-CopyPart-Custom- DE: "run_log"-
#9645	NEW    cov: 1682 ft: 6852 corp: 647/2490Kb lim: 65536 exec/s: 964 rss: 2107Mb L: 16/65536 MS: 4 CrossOver-Custom-CustomCrossOver-CustomCrossOver-
#9851	RELOAD cov: 1682 ft: 6852 corp: 648/2454Kb lim: 65536 exec/s: 985 rss: 2152Mb
#9967	NEW    cov: 1682 ft: 6852 corp: 648/2454Kb lim: 65536 exec/s: 996 rss: 2178Mb L: 2/65536 MS: 2 CopyPart-Custom-
#9968	NEW    cov: 1682 ft: 6852 corp: 647/2437Kb lim: 65536 exec/s: 996 rss: 2178Mb L: 16545/65536 MS: 2 InsertRepeatedBytes-Custom-
#9996	NEW    cov: 1682 ft: 6853 corp: 648/2437Kb lim: 65536 exec/s: 999 rss: 2183Mb L: 17/65536 MS: 6 CMP-Custom-ShuffleBytes-Custom-InsertByte-Custom- DE: "\000\000\000\000\000\000\000\023"-
#10013	NEW    cov: 1682 ft: 6853 corp: 649/2437Kb lim: 65536 exec/s: 1001 rss: 2187Mb L: 29/65536 MS: 4 ChangeByte-Custom-CopyPart-Custom-
#10139	NEW    cov: 1682 ft: 6853 corp: 649/2436Kb lim: 65536 exec/s: 1013 rss: 2215Mb L: 64515/65536 MS: 1 CustomCrossOver-
#10286	NEW    cov: 1682 ft: 6857 corp: 650/2453Kb lim: 65536 exec/s: 1028 rss: 2247Mb L: 16644/65536 MS: 3 ManualDict-Custom-CustomCrossOver- DE: "Lua error"-
#10287	NEW    cov: 1682 ft: 6857 corp: 651/2453Kb lim: 65536 exec/s: 1028 rss: 2247Mb L: 17/65536 MS: 1 CustomCrossOver-
#10480	NEW    cov: 1682 ft: 6858 corp: 652/2453Kb lim: 65536 exec/s: 952 rss: 2286Mb L: 64/65536 MS: 6 ShuffleBytes-Custom-InsertByte-Custom-InsertRepeatedBytes-Custom-
#10513	NEW    cov: 1682 ft: 6858 corp: 652/2453Kb lim: 65536 exec/s: 955 rss: 2293Mb L: 17/65536 MS: 6 EraseBytes-Custom-CMP-Custom-PersAutoDict-Custom- DE: "\377\377\377\000"-"spawn"-
#10549	NEW    cov: 1682 ft: 6858 corp: 650/2336Kb lim: 65536 exec/s: 959 rss: 2302Mb L: 16385/65536 MS: 2 ChangeByte-Custom-
#10553	NEW    cov: 1682 ft: 6858 corp: 649/2336Kb lim: 65536 exec/s: 959 rss: 2303Mb L: 2/65536 MS: 5 CustomCrossOver-CrossOver-Custom-CustomCrossOver-CustomCrossOver-
#10559	NEW    cov: 1682 ft: 6858 corp: 649/2336Kb lim: 65536 exec/s: 959 rss: 2304Mb L: 22/65536 MS: 1 CustomCrossOver-
#10579	NEW    cov: 1682 ft: 6858 corp: 649/2336Kb lim: 65536 exec/s: 961 rss: 2309Mb L: 10/65536 MS: 10 EraseBytes-Custom-EraseBytes-Custom-PersAutoDict-Custom-InsertByte-Custom-PersAutoDict-Custom- DE: "\377\022"-"spawn"-
#10581	NEW    cov: 1682 ft: 6858 corp: 650/2339Kb lim: 65536 exec/s: 961 rss: 2310Mb L: 2193/65536 MS: 4 CMP-Custom-InsertRepeatedBytes-Custom- DE: "sol.sol::function_detail::functor_function<(lambda at /home/Leod"-
#10583	NEW    cov: 1682 ft: 6858 corp: 651/2339Kb lim: 65536 exec/s: 962 rss: 2310Mb L: 4/65536 MS: 4 EraseBytes-Custom-PersAutoDict-Custom- DE: "0x"-
#10588	NEW    cov: 1682 ft: 6865 corp: 649/2164Kb lim: 65536 exec/s: 962 rss: 2311Mb L: 16481/65536 MS: 10 ShuffleBytes-Custom-InsertByte-Custom-PersAutoDict-Custom-InsertByte-Custom-InsertRepeatedBytes-Custom- DE: "logging"-
#10589	NEW    cov: 1682 ft: 6871 corp: 650/2172Kb lim: 65536 exec/s: 962 rss: 2311Mb L: 8255/65536 MS: 1 CustomCrossOver-
#10591	NEW    cov: 1682 ft: 6871 corp: 651/2172Kb lim: 65536 exec/s: 962 rss: 2312Mb L: 8/65536 MS: 3 CustomCrossOver-CMP-Custom- DE: "ping"-
#10627	NEW    cov: 1682 ft: 6871 corp: 652/2172Kb lim: 65536 exec/s: 966 rss: 2320Mb L: 4/65536 MS: 2 PersAutoDict-Custom- DE: "join"-
#10633	NEW    cov: 1682 ft: 6871 corp: 652/2172Kb lim: 65536 exec/s: 966 rss: 2321Mb L: 19/65536 MS: 2 ChangeBit-Custom-
#10635	NEW    cov: 1682 ft: 6871 corp: 652/2172Kb lim: 65536 exec/s: 966 rss: 2321Mb L: 4/65536 MS: 4 ChangeBit-Custom-InsertByte-Custom-
#10665	NEW    cov: 1682 ft: 6871 corp: 652/2172Kb lim: 65536 exec/s: 969 rss: 2327Mb L: 15/65536 MS: 10 ShuffleBytes-Custom-EraseBytes-Custom-ShuffleBytes-Custom-ManualDict-Custom-CopyPart-Custom- DE: "sequential"-
#10992	RELOAD cov: 1682 ft: 6871 corp: 655/2191Kb lim: 65536 exec/s: 999 rss: 2399Mb
#11086	NEW    cov: 1682 ft: 6871 corp: 655/2191Kb lim: 65536 exec/s: 1007 rss: 2418Mb L: 66/65536 MS: 5 ManualDict-Custom-CustomCrossOver-CustomCrossOver-CustomCrossOver- DE: "blocks"-
#11126	NEW    cov: 1682 ft: 6872 corp: 656/2191Kb lim: 65536 exec/s: 1011 rss: 2427Mb L: 408/65536 MS: 10 CMP-Custom-EraseBytes-Custom-InsertByte-Custom-ChangeByte-Custom-ChangeBinInt-Custom- DE: "\002\000\000\000"-
#11192	NEW    cov: 1682 ft: 6872 corp: 656/2188Kb lim: 65536 exec/s: 1017 rss: 2441Mb L: 257/65536 MS: 2 PersAutoDict-Custom- DE: "spinner"-
#11204	NEW    cov: 1682 ft: 6872 corp: 656/2180Kb lim: 65536 exec/s: 1018 rss: 2444Mb L: 3669/65536 MS: 4 CopyPart-Custom-EraseBytes-Custom-
#11297	NEW    cov: 1682 ft: 6872 corp: 656/2180Kb lim: 65536 exec/s: 1027 rss: 2464Mb L: 2/65536 MS: 3 CustomCrossOver-CustomCrossOver-CustomCrossOver-
#11333	NEW    cov: 1682 ft: 6872 corp: 656/2180Kb lim: 65536 exec/s: 1030 rss: 2471Mb L: 85/65536 MS: 2 InsertRepeatedBytes-Custom-
#11400	NEW    cov: 1682 ft: 6872 corp: 656/2180Kb lim: 65536 exec/s: 950 rss: 2486Mb L: 20/65536 MS: 4 ChangeByte-Custom-CrossOver-Custom-
#11572	NEW    cov: 1682 ft: 6872 corp: 656/2180Kb lim: 65536 exec/s: 964 rss: 2523Mb L: 16397/65536 MS: 2 CustomCrossOver-CustomCrossOver-
#11681	NEW    cov: 1682 ft: 6872 corp: 656/2180Kb lim: 65536 exec/s: 973 rss: 2546Mb L: 20/65536 MS: 8 CopyPart-Custom-ManualDict-Custom-ShuffleBytes-Custom-InsertRepeatedBytes-Custom- DE: "task-"-
#11704	NEW    cov: 1682 ft: 6872 corp: 656/2180Kb lim: 65536 exec/s: 975 rss: 2551Mb L: 6/65536 MS: 6 InsertByte-Custom-CopyPart-Custom-EraseBytes-Custom-
#11760	NEW    cov: 1682 ft: 6873 corp: 656/2180Kb lim: 65536 exec/s: 980 rss: 2564Mb L: 45/65536 MS: 2 CopyPart-Custom-
#11771	NEW    cov: 1682 ft: 6873 corp: 657/2180Kb lim: 65536 exec/s: 980 rss: 2566Mb L: 2/65536 MS: 2 ChangeBit-Custom-
#11774	NEW    cov: 1682 ft: 6873 corp: 657/2180Kb lim: 65536 exec/s: 981 rss: 2567Mb L: 20/65536 MS: 6 CMP-Custom-PersAutoDict-Custom-CopyPart-Custom- DE: "\000\000\000\000\000\000\000\000"-"\377\377\377\000"-
	NEW_FUNC[1/52]: 0x000000500800 in std::__detail::_Node_const_iterator<std::pair<std::__cxx11::basic_string<char, std::char_traits<char>, std::allocator<char>> const, beez::core::Task>, false, true>::operator*() const /usr/bin/../lib/gcc/x86_64-redhat-linux/16/../../../../include/c++/16/bits/hashtable_policy.h:498
	NEW_FUNC[2/52]: 0x000000500c88 in std::tuple_element<0ul, std::pair<std::__cxx11::basic_string<char, std::char_traits<char>, std::allocator<char>> const, beez::core::Task>>::type const& std::get<0ul, std::__cxx11::basic_string<char, std::char_traits<char>, std::allocator<char>> const, beez::core::Task>(std::pair<std::__cxx11::basic_string<char, std::char_traits<char>, std::allocator<char>> const, beez::core::Task> const&) /usr/bin/../lib/gcc/x86_64-redhat-linux/16/../../../../include/c++/16/bits/stl_pair.h:1299
#12129	RELOAD cov: 1880 ft: 7118 corp: 660/2185Kb lim: 65536 exec/s: 1010 rss: 2644Mb
#12222	NEW    cov: 1880 ft: 7123 corp: 659/2185Kb lim: 65536 exec/s: 1018 rss: 2663Mb L: 1/65536 MS: 5 CrossOver-Custom-InsertRepeatedBytes-Custom-CustomCrossOver-
#12277	NEW    cov: 1880 ft: 7123 corp: 660/2185Kb lim: 65536 exec/s: 1023 rss: 2675Mb L: 148/65536 MS: 10 EraseBytes-Custom-CopyPart-Custom-ManualDict-Custom-CMP-Custom-PersAutoDict-Custom- DE: "step-"-"\200\377\377\377\377\377\377\376"-"\377\377\377\377\377\377\377\037"-
#12297	NEW    cov: 1880 ft: 7123 corp: 660/2184Kb lim: 65536 exec/s: 1024 rss: 2680Mb L: 68/65536 MS: 10 ChangeByte-Custom-CopyPart-Custom-InsertRepeatedBytes-Custom-CMP-Custom-ChangeBit-Custom- DE: "to_l"-
#12341	NEW    cov: 1880 ft: 7123 corp: 661/2184Kb lim: 65536 exec/s: 1028 rss: 2690Mb L: 18/65536 MS: 6 ManualDict-Custom-InsertRepeatedBytes-Custom-CustomCrossOver-CustomCrossOver- DE: "does-not-exist"-
#12361	NEW    cov: 1880 ft: 7123 corp: 661/2184Kb lim: 65536 exec/s: 1030 rss: 2693Mb L: 2048/65536 MS: 7 ChangeASCIIInt-Custom-ChangeByte-Custom-CustomCrossOver-CustomCrossOver-CustomCrossOver-
#12362	NEW    cov: 1880 ft: 7123 corp: 662/2184Kb lim: 65536 exec/s: 1030 rss: 2694Mb L: 2/65536 MS: 2 ChangeBit-Custom-
#12363	NEW    cov: 1880 ft: 7125 corp: 662/2184Kb lim: 65536 exec/s: 1030 rss: 2694Mb L: 10/65536 MS: 1 CustomCrossOver-
#12473	NEW    cov: 1880 ft: 7125 corp: 662/2156Kb lim: 65536 exec/s: 959 rss: 2719Mb L: 2489/65536 MS: 9 PersAutoDict-Custom-InsertByte-Custom-PersAutoDict-Custom-EraseBytes-Custom-CustomCrossOver- DE: "ping"-"parallel"-
#12615	NEW    cov: 1880 ft: 7125 corp: 663/2156Kb lim: 65536 exec/s: 970 rss: 2748Mb L: 4/65536 MS: 3 CustomCrossOver-ChangeByte-Custom-
#12902	NEW    cov: 1880 ft: 7125 corp: 663/2156Kb lim: 65536 exec/s: 992 rss: 2808Mb L: 6/65536 MS: 4 CopyPart-Custom-CopyPart-Custom-
#12951	NEW    cov: 1880 ft: 7125 corp: 663/2156Kb lim: 65536 exec/s: 996 rss: 2819Mb L: 2/65536 MS: 6 InsertByte-Custom-PersAutoDict-Custom-CustomCrossOver-CustomCrossOver- DE: "\377\377\377\000"-
#12953	NEW    cov: 1880 ft: 7125 corp: 664/2156Kb lim: 65536 exec/s: 996 rss: 2819Mb L: 109/65536 MS: 3 ChangeByte-Custom-CustomCrossOver-
#12970	NEW    cov: 1880 ft: 7125 corp: 664/2144Kb lim: 65536 exec/s: 997 rss: 2823Mb L: 4184/65536 MS: 2 CustomCrossOver-CustomCrossOver-
#12971	NEW    cov: 1880 ft: 7131 corp: 665/2208Kb lim: 65536 exec/s: 997 rss: 2823Mb L: 65521/65536 MS: 2 CMP-Custom- DE: "`\000\000\000"-
#12973	NEW    cov: 1880 ft: 7131 corp: 665/2208Kb lim: 65536 exec/s: 997 rss: 2824Mb L: 26/65536 MS: 4 ChangeByte-Custom-ShuffleBytes-Custom-
#13260	RELOAD cov: 1880 ft: 7443 corp: 668/2225Kb lim: 65536 exec/s: 1020 rss: 2887Mb
#13274	NEW    cov: 1880 ft: 7443 corp: 668/2222Kb lim: 65536 exec/s: 1021 rss: 2889Mb L: 523/65536 MS: 7 CrossOver-Custom-InsertRepeatedBytes-Custom-CustomCrossOver-EraseBytes-Custom-
#13278	NEW    cov: 1880 ft: 7443 corp: 668/2222Kb lim: 65536 exec/s: 1021 rss: 2890Mb L: 111/65536 MS: 8 ManualDict-Custom-CMP-Custom-ChangeBinInt-Custom-InsertRepeatedBytes-Custom- DE: "in"-"\377\377\377\000"-
#13326	NEW    cov: 1880 ft: 7443 corp: 668/2222Kb lim: 65536 exec/s: 1025 rss: 2900Mb L: 3/65536 MS: 6 InsertByte-Custom-ChangeBit-Custom-ChangeByte-Custom-
#13366	NEW    cov: 1880 ft: 7592 corp: 668/2213Kb lim: 65536 exec/s: 954 rss: 2909Mb L: 47/65536 MS: 10 ManualDict-Custom-InsertByte-Custom-CMP-Custom-InsertRepeatedBytes-Custom-ShuffleBytes-Custom- DE: "elseif"-"\000\000\000\011"-
#13493	NEW    cov: 1880 ft: 7592 corp: 668/2213Kb lim: 65536 exec/s: 963 rss: 2937Mb L: 21/65536 MS: 4 ChangeBit-Custom-ShuffleBytes-Custom-
#13544	NEW    cov: 1880 ft: 7592 corp: 668/2205Kb lim: 65536 exec/s: 967 rss: 2949Mb L: 8191/65536 MS: 2 ChangeBit-Custom-
#13553	NEW    cov: 1880 ft: 7595 corp: 668/2205Kb lim: 65536 exec/s: 968 rss: 2951Mb L: 46/65536 MS: 8 InsertByte-Custom-EraseBytes-Custom-ManualDict-Custom-InsertRepeatedBytes-Custom- DE: "fnv1a64"-
#13652	NEW    cov: 1880 ft: 7595 corp: 668/2205Kb lim: 65536 exec/s: 975 rss: 2973Mb L: 48/65536 MS: 8 ChangeBit-Custom-EraseBytes-Custom-ChangeBinInt-Custom-InsertRepeatedBytes-Custom-
#13656	NEW    cov: 1880 ft: 7595 corp: 668/2205Kb lim: 65536 exec/s: 975 rss: 2974Mb L: 2/65536 MS: 5 CustomCrossOver-CrossOver-Custom-CustomCrossOver-CustomCrossOver-
#13677	NEW    cov: 1880 ft: 7595 corp: 668/2205Kb lim: 65536 exec/s: 976 rss: 2978Mb L: 16/65536 MS: 2 ManualDict-Custom- DE: "spawn"-
#13871	NEW    cov: 1880 ft: 7595 corp: 668/2205Kb lim: 65536 exec/s: 990 rss: 3017Mb L: 7/65536 MS: 8 ChangeBit-Custom-ShuffleBytes-Custom-ChangeByte-Custom-InsertByte-Custom-
#14003	NEW    cov: 1880 ft: 7599 corp: 669/2269Kb lim: 65536 exec/s: 1000 rss: 3045Mb L: 65521/65536 MS: 3 ManualDict-Custom-CustomCrossOver- DE: "0x"-
#14148	NEW    cov: 1880 ft: 7599 corp: 669/2269Kb lim: 65536 exec/s: 1010 rss: 3076Mb L: 8/65536 MS: 8 InsertRepeatedBytes-Custom-CustomCrossOver-CopyPart-Custom-InsertRepeatedBytes-Custom-CustomCrossOver-
#14163	NEW    cov: 1880 ft: 7599 corp: 669/2269Kb lim: 65536 exec/s: 1011 rss: 3079Mb L: 16/65536 MS: 9 EraseBytes-Custom-ChangeBit-Custom-CustomCrossOver-PersAutoDict-Custom-InsertByte-Custom- DE: "do"-
#14356	RELOAD cov: 1880 ft: 7608 corp: 672/2224Kb lim: 65536 exec/s: 957 rss: 3123Mb
#14717	NEW    cov: 1880 ft: 7608 corp: 672/2224Kb lim: 65536 exec/s: 981 rss: 3202Mb L: 1/65536 MS: 2 ChangeBit-Custom-
#14723	NEW    cov: 1880 ft: 7609 corp: 673/2224Kb lim: 65536 exec/s: 981 rss: 3204Mb L: 11/65536 MS: 2 ShuffleBytes-Custom-
#14734	NEW    cov: 1880 ft: 7609 corp: 673/2224Kb lim: 65536 exec/s: 982 rss: 3205Mb L: 4094/65536 MS: 2 CopyPart-Custom-
#14875	NEW    cov: 1880 ft: 7609 corp: 673/2222Kb lim: 65536 exec/s: 991 rss: 3235Mb L: 109/65536 MS: 1 CustomCrossOver-
#14975	NEW    cov: 1880 ft: 7609 corp: 672/2219Kb lim: 65536 exec/s: 998 rss: 3257Mb L: 332/65536 MS: 8 CMP-Custom-InsertByte-Custom-CustomCrossOver-InsertRepeatedBytes-Custom-CustomCrossOver- DE: "\013\000"-
#15066	NEW    cov: 1880 ft: 7609 corp: 673/2219Kb lim: 65536 exec/s: 1004 rss: 3275Mb L: 3/65536 MS: 2 ManualDict-Custom- DE: ":"-
#15116	NEW    cov: 1880 ft: 7610 corp: 674/2219Kb lim: 65536 exec/s: 1007 rss: 3286Mb L: 11/65536 MS: 10 ShuffleBytes-Custom-CopyPart-Custom-ManualDict-Custom-ChangeByte-Custom-ShuffleBytes-Custom- DE: "unpack"-
#15153	NEW    cov: 1880 ft: 7610 corp: 674/2219Kb lim: 65536 exec/s: 1010 rss: 3293Mb L: 1/65536 MS: 2 CustomCrossOver-CustomCrossOver-
#15190	NEW    cov: 1880 ft: 7611 corp: 675/2219Kb lim: 65536 exec/s: 1012 rss: 3299Mb L: 10/65536 MS: 4 ChangeBit-Custom-InsertByte-Custom-
#15209	NEW    cov: 1880 ft: 7611 corp: 675/2219Kb lim: 65536 exec/s: 1013 rss: 3302Mb L: 5/65536 MS: 6 CustomCrossOver-ChangeBit-Custom-CustomCrossOver-InsertByte-Custom-
#15232	NEW    cov: 1880 ft: 7611 corp: 675/2219Kb lim: 65536 exec/s: 1015 rss: 3306Mb L: 15/65536 MS: 6 InsertByte-Custom-ChangeBinInt-Custom-InsertByte-Custom-
#15233	NEW    cov: 1880 ft: 7614 corp: 676/2283Kb lim: 65536 exec/s: 1015 rss: 3306Mb L: 65521/65536 MS: 2 CopyPart-Custom-
#15237	NEW    cov: 1880 ft: 7614 corp: 676/2279Kb lim: 65536 exec/s: 1015 rss: 3307Mb L: 83/65536 MS: 8 PersAutoDict-Custom-PersAutoDict-Custom-EraseBytes-Custom-EraseBytes-Custom- DE: "do"-"\001\000\000\000\000\000\000\000"-
#15239	NEW    cov: 1880 ft: 7614 corp: 676/2279Kb lim: 65536 exec/s: 1015 rss: 3308Mb L: 14/65536 MS: 4 PersAutoDict-Custom-ManualDict-Custom- DE: "metadata"-"run_log_file"-
#15259	NEW    cov: 1880 ft: 7614 corp: 676/2279Kb lim: 65536 exec/s: 1017 rss: 3312Mb L: 46/65536 MS: 10 PersAutoDict-Custom-CopyPart-Custom-ChangeByte-Custom-InsertRepeatedBytes-Custom-EraseBytes-Custom- DE: "\002\000\000\000"-
#15265	NEW    cov: 1880 ft: 7615 corp: 676/2279Kb lim: 65536 exec/s: 1017 rss: 3314Mb L: 36/65536 MS: 1 CustomCrossOver-
#15292	NEW    cov: 1880 ft: 7618 corp: 677/2279Kb lim: 65536 exec/s: 1019 rss: 3320Mb L: 13/65536 MS: 4 ManualDict-Custom-ShuffleBytes-Custom- DE: "step"-
#15303	NEW    cov: 1880 ft: 7618 corp: 677/2279Kb lim: 65536 exec/s: 1020 rss: 3321Mb L: 1/65536 MS: 1 CustomCrossOver-
#15309	NEW    cov: 1880 ft: 7618 corp: 677/2279Kb lim: 65536 exec/s: 1020 rss: 3321Mb L: 2/65536 MS: 1 CustomCrossOver-
#15320	NEW    cov: 1880 ft: 7618 corp: 677/2279Kb lim: 65536 exec/s: 957 rss: 3324Mb L: 3/65536 MS: 2 InsertByte-Custom-
#15339	NEW    cov: 1880 ft: 7618 corp: 678/2279Kb lim: 65536 exec/s: 958 rss: 3328Mb L: 3/65536 MS: 7 CustomCrossOver-ChangeByte-Custom-ChangeBit-Custom-InsertByte-Custom-
#15443	RELOAD cov: 1880 ft: 7629 corp: 687/2331Kb lim: 65536 exec/s: 965 rss: 3351Mb
#15529	NEW    cov: 1880 ft: 7629 corp: 687/2331Kb lim: 65536 exec/s: 970 rss: 3368Mb L: 2/65536 MS: 2 ChangeBit-Custom-
#15530	NEW    cov: 1880 ft: 7630 corp: 686/2331Kb lim: 65536 exec/s: 970 rss: 3368Mb L: 4/65536 MS: 1 CustomCrossOver-
#15532	NEW    cov: 1880 ft: 7631 corp: 685/2331Kb lim: 65536 exec/s: 970 rss: 3368Mb L: 22/65536 MS: 4 InsertByte-Custom-ChangeBinInt-Custom-
#15533	NEW    cov: 1880 ft: 7631 corp: 684/2329Kb lim: 65536 exec/s: 970 rss: 3369Mb L: 6/65536 MS: 1 CustomCrossOver-
#15554	NEW    cov: 1880 ft: 7631 corp: 683/2311Kb lim: 65536 exec/s: 972 rss: 3373Mb L: 4168/65536 MS: 2 ManualDict-Custom- DE: "artifacts"-
#15622	NEW    cov: 1880 ft: 7631 corp: 683/2311Kb lim: 65536 exec/s: 976 rss: 3388Mb L: 15/65536 MS: 5 CopyPart-Custom-InsertRepeatedBytes-Custom-CustomCrossOver-
#15820	NEW    cov: 1880 ft: 7631 corp: 683/2311Kb lim: 65536 exec/s: 988 rss: 3431Mb L: 40/65536 MS: 6 EraseBytes-Custom-CMP-Custom-InsertRepeatedBytes-Custom- DE: "en"-
#15897	NEW    cov: 1880 ft: 7631 corp: 683/2311Kb lim: 65536 exec/s: 993 rss: 3449Mb L: 1019/65536 MS: 4 ChangeASCIIInt-Custom-EraseBytes-Custom-
#16265	NEW    cov: 1880 ft: 7631 corp: 683/2311Kb lim: 65536 exec/s: 956 rss: 3527Mb L: 2/65536 MS: 5 InsertRepeatedBytes-Custom-ChangeBit-Custom-CustomCrossOver-
#16384	pulse  cov: 1880 ft: 7631 corp: 683/2311Kb lim: 65536 exec/s: 963 rss: 3553Mb
#16445	RELOAD cov: 1880 ft: 7632 corp: 684/2335Kb lim: 65536 exec/s: 967 rss: 3567Mb
#16548	NEW    cov: 1880 ft: 7632 corp: 684/2335Kb lim: 65536 exec/s: 973 rss: 3589Mb L: 3/65536 MS: 5 CustomCrossOver-ShuffleBytes-Custom-ShuffleBytes-Custom-
#16697	NEW    cov: 1880 ft: 7633 corp: 685/2335Kb lim: 65536 exec/s: 982 rss: 3619Mb L: 11/65536 MS: 5 CustomCrossOver-CustomCrossOver-CustomCrossOver-ChangeBinInt-Custom-
#16722	NEW    cov: 1880 ft: 7634 corp: 686/2335Kb lim: 65536 exec/s: 983 rss: 3625Mb L: 505/65536 MS: 10 EraseBytes-Custom-CopyPart-Custom-PersAutoDict-Custom-ShuffleBytes-Custom-InsertRepeatedBytes-Custom- DE: "to_l"-
#17078	NEW    cov: 1880 ft: 7634 corp: 686/2335Kb lim: 65536 exec/s: 948 rss: 3704Mb L: 2/65536 MS: 1 CustomCrossOver-
#17125	NEW    cov: 1880 ft: 7634 corp: 685/2335Kb lim: 65536 exec/s: 951 rss: 3713Mb L: 17/65536 MS: 3 CustomCrossOver-CMP-Custom- DE: "\000\000\000\000\000\000\000\017"-
#17245	NEW    cov: 1880 ft: 7634 corp: 685/2335Kb lim: 65536 exec/s: 958 rss: 3737Mb L: 174/65536 MS: 10 EraseBytes-Custom-ChangeASCIIInt-Custom-ChangeByte-Custom-ChangeBit-Custom-ManualDict-Custom- DE: "=="-
#17393	RELOAD cov: 1880 ft: 7636 corp: 688/2400Kb lim: 65536 exec/s: 966 rss: 3770Mb
#17464	NEW    cov: 1880 ft: 7636 corp: 689/2400Kb lim: 65536 exec/s: 970 rss: 3786Mb L: 2/65536 MS: 1 CustomCrossOver-
#17529	NEW    cov: 1880 ft: 7636 corp: 689/2399Kb lim: 65536 exec/s: 973 rss: 3800Mb L: 188/65536 MS: 10 ChangeBinInt-Custom-InsertRepeatedBytes-Custom-ChangeBit-Custom-ChangeByte-Custom-ManualDict-Custom- DE: "indicator"-
#17531	NEW    cov: 1880 ft: 7637 corp: 688/2393Kb lim: 65536 exec/s: 973 rss: 3800Mb L: 446/65536 MS: 4 ChangeByte-Custom-ManualDict-Custom- DE: "pin_threads_to_cores"-
#17555	NEW    cov: 1880 ft: 7637 corp: 687/2389Kb lim: 65536 exec/s: 975 rss: 3806Mb L: 450/65536 MS: 8 ChangeBinInt-Custom-ManualDict-Custom-ShuffleBytes-Custom-InsertRepeatedBytes-Custom- DE: "registered"-
#17585	NEW    cov: 1880 ft: 7638 corp: 688/2389Kb lim: 65536 exec/s: 976 rss: 3812Mb L: 130/65536 MS: 10 PersAutoDict-Custom-PersAutoDict-Custom-CopyPart-Custom-EraseBytes-Custom-InsertRepeatedBytes-Custom- DE: "step"-"count"-
#17614	NEW    cov: 1880 ft: 7638 corp: 688/2389Kb lim: 65536 exec/s: 978 rss: 3818Mb L: 28/65536 MS: 6 CustomCrossOver-InsertByte-Custom-CrossOver-Custom-CustomCrossOver-
#17694	NEW    cov: 1880 ft: 7638 corp: 688/2389Kb lim: 65536 exec/s: 983 rss: 3837Mb L: 2/65536 MS: 7 ManualDict-Custom-CrossOver-Custom-CustomCrossOver-CustomCrossOver-CustomCrossOver- DE: "wait"-
#17773	NEW    cov: 1880 ft: 7638 corp: 689/2389Kb lim: 65536 exec/s: 987 rss: 3853Mb L: 1/65536 MS: 6 CustomCrossOver-CopyPart-Custom-CustomCrossOver-EraseBytes-Custom-
#18013	NEW    cov: 1880 ft: 7639 corp: 690/2390Kb lim: 65536 exec/s: 948 rss: 3907Mb L: 527/65536 MS: 10 InsertRepeatedBytes-Custom-PersAutoDict-Custom-CopyPart-Custom-EraseBytes-Custom-ChangeByte-Custom- DE: "undefined"-
#18034	NEW    cov: 1880 ft: 7639 corp: 690/2390Kb lim: 65536 exec/s: 949 rss: 3911Mb L: 2/65536 MS: 2 ShuffleBytes-Custom-
#18046	NEW    cov: 1880 ft: 7639 corp: 691/2390Kb lim: 65536 exec/s: 949 rss: 3914Mb L: 4/65536 MS: 3 EraseBytes-Custom-CustomCrossOver-
#18152	NEW    cov: 1880 ft: 7639 corp: 691/2387Kb lim: 65536 exec/s: 955 rss: 3936Mb L: 451/65536 MS: 2 ManualDict-Custom- DE: "table"-
#18171	NEW    cov: 1880 ft: 7639 corp: 692/2387Kb lim: 65536 exec/s: 956 rss: 3939Mb L: 441/65536 MS: 8 ShuffleBytes-Custom-InsertByte-Custom-PersAutoDict-Custom-EraseBytes-Custom- DE: "\377\001"-
#18281	RELOAD cov: 1880 ft: 7639 corp: 692/2373Kb lim: 65536 exec/s: 962 rss: 3963Mb
#18342	NEW    cov: 1880 ft: 7639 corp: 692/2373Kb lim: 65536 exec/s: 965 rss: 3976Mb L: 1/65536 MS: 1 CustomCrossOver-
#18369	NEW    cov: 1880 ft: 7639 corp: 692/2365Kb lim: 65536 exec/s: 966 rss: 3982Mb L: 5/65536 MS: 2 CustomCrossOver-CustomCrossOver-
#18405	NEW    cov: 1880 ft: 7640 corp: 693/2366Kb lim: 65536 exec/s: 968 rss: 3989Mb L: 1026/65536 MS: 2 InsertByte-Custom-
#18581	NEW    cov: 1880 ft: 7640 corp: 693/2366Kb lim: 65536 exec/s: 929 rss: 4026Mb L: 17/65536 MS: 2 EraseBytes-Custom-
#18640	NEW    cov: 1880 ft: 7640 corp: 693/2366Kb lim: 65536 exec/s: 932 rss: 4039Mb L: 39/65536 MS: 8 ChangeBinInt-Custom-InsertByte-Custom-CopyPart-Custom-ManualDict-Custom- DE: "summary"-
#18668	NEW    cov: 1880 ft: 7640 corp: 693/2366Kb lim: 65536 exec/s: 933 rss: 4044Mb L: 16/65536 MS: 6 ShuffleBytes-Custom-CopyPart-Custom-CMP-Custom- DE: "\377\377\377\377\377\377\377\377"-
#18872	NEW    cov: 1880 ft: 7640 corp: 693/2366Kb lim: 65536 exec/s: 943 rss: 4086Mb L: 85/65536 MS: 8 ShuffleBytes-Custom-ChangeByte-Custom-InsertRepeatedBytes-Custom-ManualDict-Custom- DE: "enabled"-
#18995	NEW    cov: 1880 ft: 7640 corp: 694/2374Kb lim: 65536 exec/s: 949 rss: 4115Mb L: 8185/65536 MS: 6 InsertRepeatedBytes-Custom-ManualDict-Custom-EraseBytes-Custom- DE: "999999"-
#19031	NEW    cov: 1880 ft: 7640 corp: 694/2354Kb lim: 65536 exec/s: 951 rss: 4123Mb L: 271/65536 MS: 1 CustomCrossOver-
#19112	RELOAD cov: 1880 ft: 7640 corp: 694/2337Kb lim: 65536 exec/s: 955 rss: 4140Mb
#19373	NEW    cov: 1880 ft: 7640 corp: 695/2337Kb lim: 65536 exec/s: 922 rss: 4198Mb L: 2/65536 MS: 2 ChangeByte-Custom-
#19555	NEW    cov: 1880 ft: 7642 corp: 696/2337Kb lim: 65536 exec/s: 931 rss: 4237Mb L: 247/65536 MS: 4 InsertRepeatedBytes-Custom-ChangeBinInt-Custom-
#19631	NEW    cov: 1880 ft: 7643 corp: 697/2337Kb lim: 65536 exec/s: 934 rss: 4252Mb L: 36/65536 MS: 1 CustomCrossOver-
#19648	NEW    cov: 1880 ft: 7643 corp: 697/2337Kb lim: 65536 exec/s: 935 rss: 4255Mb L: 3/65536 MS: 4 CopyPart-Custom-PersAutoDict-Custom- DE: ":"-
#19892	RELOAD cov: 1880 ft: 7643 corp: 698/2369Kb lim: 65536 exec/s: 947 rss: 4311Mb
#19952	NEW    cov: 1880 ft: 7643 corp: 698/2369Kb lim: 65536 exec/s: 950 rss: 4323Mb L: 12/65536 MS: 9 ChangeByte-Custom-InsertRepeatedBytes-Custom-InsertRepeatedBytes-Custom-CustomCrossOver-ChangeByte-Custom-
#20109	NEW    cov: 1880 ft: 7643 corp: 699/2369Kb lim: 65536 exec/s: 914 rss: 4358Mb L: 213/65536 MS: 4 CopyPart-Custom-InsertRepeatedBytes-Custom-
#20115	NEW    cov: 1880 ft: 7643 corp: 699/2369Kb lim: 65536 exec/s: 914 rss: 4359Mb L: 1/65536 MS: 2 EraseBytes-Custom-
#20119	NEW    cov: 1880 ft: 7647 corp: 700/2369Kb lim: 65536 exec/s: 914 rss: 4360Mb L: 6/65536 MS: 8 ChangeByte-Custom-ChangeBit-Custom-InsertByte-Custom-ChangeBit-Custom-
#20157	NEW    cov: 1880 ft: 7647 corp: 700/2369Kb lim: 65536 exec/s: 916 rss: 4368Mb L: 48/65536 MS: 6 ShuffleBytes-Custom-InsertByte-Custom-InsertRepeatedBytes-Custom-
#20195	NEW    cov: 1880 ft: 7648 corp: 700/2369Kb lim: 65536 exec/s: 917 rss: 4376Mb L: 202/65536 MS: 6 InsertRepeatedBytes-Custom-ManualDict-Custom-ManualDict-Custom- DE: "vars"-"step-"-
#20260	NEW    cov: 1880 ft: 7648 corp: 701/2369Kb lim: 65536 exec/s: 920 rss: 4391Mb L: 2/65536 MS: 7 CrossOver-Custom-CustomCrossOver-CustomCrossOver-CustomCrossOver-CrossOver-Custom-
#20409	NEW    cov: 1880 ft: 7650 corp: 702/2369Kb lim: 65536 exec/s: 927 rss: 4422Mb L: 90/65536 MS: 8 InsertRepeatedBytes-Custom-PersAutoDict-Custom-InsertRepeatedBytes-Custom-ManualDict-Custom- DE: "\011\000\000\000"-"for"-
#20494	NEW    cov: 1880 ft: 7650 corp: 702/2369Kb lim: 65536 exec/s: 931 rss: 4437Mb L: 5/65536 MS: 10 ShuffleBytes-Custom-EraseBytes-Custom-ChangeBit-Custom-InsertByte-Custom-ChangeByte-Custom-
#20556	NEW    cov: 1880 ft: 7650 corp: 702/2369Kb lim: 65536 exec/s: 934 rss: 4450Mb L: 7/65536 MS: 4 EraseBytes-Custom-ShuffleBytes-Custom-
#20577	NEW    cov: 1880 ft: 7650 corp: 702/2369Kb lim: 65536 exec/s: 935 rss: 4454Mb L: 142/65536 MS: 2 InsertRepeatedBytes-Custom-
#20686	NEW    cov: 1880 ft: 7651 corp: 703/2369Kb lim: 65536 exec/s: 940 rss: 4479Mb L: 27/65536 MS: 8 ChangeByte-Custom-ChangeBinInt-Custom-ChangeByte-Custom-EraseBytes-Custom-
#20727	NEW    cov: 1880 ft: 7652 corp: 704/2385Kb lim: 65536 exec/s: 942 rss: 4488Mb L: 16644/65536 MS: 2 ShuffleBytes-Custom-
#20789	RELOAD cov: 1880 ft: 7652 corp: 703/2369Kb lim: 65536 exec/s: 944 rss: 4502Mb
#21107	NEW    cov: 1880 ft: 7652 corp: 703/2369Kb lim: 65536 exec/s: 917 rss: 4572Mb L: 4103/65536 MS: 6 PersAutoDict-Custom-ChangeBit-Custom-ChangeByte-Custom- DE: "fs"-
#21449	NEW    cov: 1880 ft: 7652 corp: 703/2368Kb lim: 65536 exec/s: 932 rss: 4645Mb L: 7/65536 MS: 4 CrossOver-Custom-CopyPart-Custom-
#21638	RELOAD cov: 1880 ft: 7654 corp: 703/2344Kb lim: 65536 exec/s: 940 rss: 4688Mb
#21788	NEW    cov: 1880 ft: 7654 corp: 703/2344Kb lim: 65536 exec/s: 907 rss: 4722Mb L: 18/65536 MS: 8 CustomCrossOver-ChangeBinInt-Custom-CopyPart-Custom-CustomCrossOver-InsertRepeatedBytes-Custom-
#21845	NEW    cov: 1880 ft: 7654 corp: 704/2344Kb lim: 65536 exec/s: 910 rss: 4734Mb L: 2/65536 MS: 3 CustomCrossOver-ChangeBit-Custom-
#21861	NEW    cov: 1880 ft: 7654 corp: 704/2344Kb lim: 65536 exec/s: 910 rss: 4737Mb L: 17/65536 MS: 2 PersAutoDict-Custom- DE: "assert"-
#21872	NEW    cov: 1880 ft: 7655 corp: 705/2344Kb lim: 65536 exec/s: 911 rss: 4740Mb L: 451/65536 MS: 2 CMP-Custom- DE: "\001\000\000\""-
#22012	NEW    cov: 1880 ft: 7655 corp: 705/2344Kb lim: 65536 exec/s: 917 rss: 4769Mb L: 2/65536 MS: 8 CopyPart-Custom-CopyPart-Custom-CustomCrossOver-ChangeBinInt-Custom-CustomCrossOver-
#22243	NEW    cov: 1880 ft: 7655 corp: 705/2344Kb lim: 65536 exec/s: 926 rss: 4820Mb L: 2/65536 MS: 1 CustomCrossOver-
#22272	NEW    cov: 1880 ft: 7655 corp: 705/2341Kb lim: 65536 exec/s: 928 rss: 4826Mb L: 1167/65536 MS: 7 ManualDict-Custom-CustomCrossOver-CrossOver-Custom-EraseBytes-Custom- DE: "[["-
#22331	NEW    cov: 1880 ft: 7736 corp: 706/2342Kb lim: 65536 exec/s: 930 rss: 4839Mb L: 460/65536 MS: 8 InsertRepeatedBytes-Custom-ChangeBinInt-Custom-CopyPart-Custom-ChangeBinInt-Custom-
#22427	NEW    cov: 1880 ft: 7736 corp: 707/2342Kb lim: 65536 exec/s: 934 rss: 4861Mb L: 17/65536 MS: 2 PersAutoDict-Custom- DE: "\011\000\000\000"-
#22433	NEW    cov: 1880 ft: 7736 corp: 707/2342Kb lim: 65536 exec/s: 934 rss: 4862Mb L: 11/65536 MS: 1 CustomCrossOver-
#22538	RELOAD cov: 1880 ft: 7737 corp: 709/2350Kb lim: 65536 exec/s: 901 rss: 4886Mb
#22539	NEW    cov: 1880 ft: 7738 corp: 709/2349Kb lim: 65536 exec/s: 901 rss: 4886Mb L: 27/65536 MS: 2 ChangeBit-Custom-
#22544	NEW    cov: 1880 ft: 7738 corp: 709/2349Kb lim: 65536 exec/s: 901 rss: 4887Mb L: 16387/65536 MS: 8 CustomCrossOver-CopyPart-Custom-ChangeByte-Custom-ChangeBinInt-Custom-CustomCrossOver-
#22561	NEW    cov: 1880 ft: 7738 corp: 710/2349Kb lim: 65536 exec/s: 902 rss: 4891Mb L: 3/65536 MS: 4 ChangeByte-Custom-ChangeByte-Custom-
#22575	NEW    cov: 1880 ft: 7738 corp: 710/2349Kb lim: 65536 exec/s: 903 rss: 4894Mb L: 3/65536 MS: 6 ChangeByte-Custom-CustomCrossOver-CustomCrossOver-CrossOver-Custom-
#22589	NEW    cov: 1880 ft: 7738 corp: 710/2349Kb lim: 65536 exec/s: 903 rss: 4896Mb L: 48/65536 MS: 6 CustomCrossOver-InsertByte-Custom-CustomCrossOver-ShuffleBytes-Custom-
#22601	NEW    cov: 1880 ft: 7738 corp: 710/2349Kb lim: 65536 exec/s: 904 rss: 4899Mb L: 21/65536 MS: 4 ChangeBinInt-Custom-InsertRepeatedBytes-Custom-
#22698	NEW    cov: 1880 ft: 7738 corp: 710/2349Kb lim: 65536 exec/s: 907 rss: 4920Mb L: 2/65536 MS: 2 CustomCrossOver-CustomCrossOver-
#22717	NEW    cov: 1880 ft: 7738 corp: 710/2349Kb lim: 65536 exec/s: 908 rss: 4925Mb L: 1879/65536 MS: 7 CrossOver-Custom-CMP-Custom-CustomCrossOver-ChangeByte-Custom- DE: "\021oPc\001\000\000\000"-
#22731	NEW    cov: 1880 ft: 7739 corp: 708/2273Kb lim: 65536 exec/s: 909 rss: 4928Mb L: 4203/65536 MS: 8 CMP-Custom-InsertRepeatedBytes-Custom-CopyPart-Custom-InsertRepeatedBytes-Custom- DE: "\001\000\000\003"-
#22910	NEW    cov: 1880 ft: 7739 corp: 708/2271Kb lim: 65536 exec/s: 916 rss: 4966Mb L: 257/65536 MS: 6 CrossOver-Custom-CustomCrossOver-EraseBytes-Custom-CustomCrossOver-
#22948	NEW    cov: 1880 ft: 7739 corp: 709/2271Kb lim: 65536 exec/s: 917 rss: 4974Mb L: 244/65536 MS: 4 ShuffleBytes-Custom-CustomCrossOver-CustomCrossOver-
#23019	NEW    cov: 1880 ft: 7739 corp: 709/2271Kb lim: 65536 exec/s: 920 rss: 4989Mb L: 8196/65536 MS: 1 CustomCrossOver-
#23034	NEW    cov: 1880 ft: 7739 corp: 709/2271Kb lim: 65536 exec/s: 921 rss: 4992Mb L: 17/65536 MS: 6 CustomCrossOver-CustomCrossOver-ChangeBit-Custom-CustomCrossOver-CustomCrossOver-
#23072	NEW    cov: 1880 ft: 7739 corp: 709/2271Kb lim: 65536 exec/s: 922 rss: 4999Mb L: 2/65536 MS: 4 CustomCrossOver-ShuffleBytes-Custom-CustomCrossOver-
#23176	NEW    cov: 1880 ft: 7739 corp: 708/2263Kb lim: 65536 exec/s: 927 rss: 5021Mb L: 8195/65536 MS: 8 ChangeBit-Custom-CMP-Custom-CMP-Custom-InsertByte-Custom- DE: "\377\035"-"\000\011"-
#23187	NEW    cov: 1880 ft: 7739 corp: 708/2263Kb lim: 65536 exec/s: 927 rss: 5023Mb L: 2/65536 MS: 1 CustomCrossOver-
#23441	RELOAD cov: 1880 ft: 7744 corp: 710/2263Kb lim: 65536 exec/s: 901 rss: 5078Mb
#23448	NEW    cov: 1880 ft: 7744 corp: 710/2263Kb lim: 65536 exec/s: 901 rss: 5080Mb L: 1/65536 MS: 4 ShuffleBytes-Custom-CopyPart-Custom-
#23501	NEW    cov: 1880 ft: 7744 corp: 710/2263Kb lim: 65536 exec/s: 903 rss: 5091Mb L: 16/65536 MS: 6 PersAutoDict-Custom-InsertByte-Custom-InsertByte-Custom- DE: "indicator"-
#24171	NEW    cov: 1880 ft: 7744 corp: 710/2263Kb lim: 65536 exec/s: 895 rss: 5236Mb L: 5/65536 MS: 9 InsertByte-Custom-CustomCrossOver-ShuffleBytes-Custom-EraseBytes-Custom-CrossOver-Custom-
#24187	NEW    cov: 1880 ft: 7744 corp: 709/2263Kb lim: 65536 exec/s: 895 rss: 5240Mb L: 4/65536 MS: 2 ChangeByte-Custom-
#24251	NEW    cov: 1880 ft: 7744 corp: 708/2263Kb lim: 65536 exec/s: 898 rss: 5254Mb L: 6/65536 MS: 4 CustomCrossOver-CustomCrossOver-CustomCrossOver-CustomCrossOver-
#24313	RELOAD cov: 1880 ft: 7744 corp: 708/2263Kb lim: 65536 exec/s: 900 rss: 5266Mb
#24316	NEW    cov: 1880 ft: 7745 corp: 709/2263Kb lim: 65536 exec/s: 900 rss: 5267Mb L: 161/65536 MS: 5 InsertRepeatedBytes-Custom-CustomCrossOver-PersAutoDict-Custom- DE: "else"-
#24317	NEW    cov: 1880 ft: 7746 corp: 710/2263Kb lim: 65536 exec/s: 900 rss: 5267Mb L: 16/65536 MS: 2 ChangeByte-Custom-
#24496	NEW    cov: 1880 ft: 7746 corp: 709/2263Kb lim: 65536 exec/s: 907 rss: 5305Mb L: 4/65536 MS: 8 ChangeBit-Custom-InsertByte-Custom-CopyPart-Custom-ChangeBit-Custom-
#24624	NEW    cov: 1880 ft: 7746 corp: 708/2263Kb lim: 65536 exec/s: 912 rss: 5333Mb L: 94/65536 MS: 6 ChangeBit-Custom-ChangeBinInt-Custom-InsertRepeatedBytes-Custom-
#24690	NEW    cov: 1880 ft: 7747 corp: 709/2263Kb lim: 65536 exec/s: 914 rss: 5347Mb L: 14/65536 MS: 1 CustomCrossOver-
#24752	NEW    cov: 1880 ft: 7747 corp: 709/2263Kb lim: 65536 exec/s: 916 rss: 5360Mb L: 34/65536 MS: 3 ChangeBit-Custom-CustomCrossOver-
#24846	NEW    cov: 1880 ft: 7747 corp: 710/2263Kb lim: 65536 exec/s: 920 rss: 5380Mb L: 5/65536 MS: 7 ChangeASCIIInt-Custom-PersAutoDict-Custom-ShuffleBytes-Custom-CustomCrossOver- DE: "sol.sol"-
#24855	NEW    cov: 1880 ft: 7747 corp: 710/2263Kb lim: 65536 exec/s: 920 rss: 5382Mb L: 1/65536 MS: 5 CustomCrossOver-InsertRepeatedBytes-Custom-CustomCrossOver-CustomCrossOver-
#24858	NEW    cov: 1880 ft: 7747 corp: 711/2263Kb lim: 65536 exec/s: 920 rss: 5383Mb L: 1/65536 MS: 4 CustomCrossOver-EraseBytes-Custom-CustomCrossOver-
#24872	NEW    cov: 1880 ft: 7747 corp: 711/2262Kb lim: 65536 exec/s: 921 rss: 5386Mb L: 272/65536 MS: 8 ShuffleBytes-Custom-ManualDict-Custom-ChangeBinInt-Custom-PersAutoDict-Custom- DE: "return"-"fs"-
#25052	NEW    cov: 1880 ft: 7747 corp: 712/2262Kb lim: 65536 exec/s: 894 rss: 5426Mb L: 33/65536 MS: 6 ManualDict-Custom-CustomCrossOver-CustomCrossOver-CustomCrossOver-CustomCrossOver- DE: "sdbm"-
#25075	NEW    cov: 1880 ft: 7747 corp: 712/2262Kb lim: 65536 exec/s: 895 rss: 5431Mb L: 28/65536 MS: 6 ManualDict-Custom-CopyPart-Custom-ChangeBinInt-Custom- DE: "validateConsistent"-
#25131	RELOAD cov: 1880 ft: 7747 corp: 712/2261Kb lim: 65536 exec/s: 897 rss: 5443Mb
#25237	NEW    cov: 1880 ft: 7747 corp: 712/2261Kb lim: 65536 exec/s: 901 rss: 5465Mb L: 22/65536 MS: 1 CustomCrossOver-
#25495	NEW    cov: 1880 ft: 7747 corp: 713/2261Kb lim: 65536 exec/s: 910 rss: 5519Mb L: 16/65536 MS: 3 CustomCrossOver-CustomCrossOver-CustomCrossOver-
#25660	NEW    cov: 1880 ft: 7747 corp: 714/2261Kb lim: 65536 exec/s: 916 rss: 5555Mb L: 10/65536 MS: 8 CustomCrossOver-CustomCrossOver-ChangeBit-Custom-ChangeBit-Custom-ChangeBinInt-Custom-
#25686	NEW    cov: 1880 ft: 7747 corp: 715/2265Kb lim: 65536 exec/s: 917 rss: 5560Mb L: 4102/65536 MS: 2 CMP-Custom- DE: "\011\000\000\000"-
#25721	NEW    cov: 1880 ft: 7747 corp: 716/2265Kb lim: 65536 exec/s: 886 rss: 5568Mb L: 20/65536 MS: 10 CopyPart-Custom-CopyPart-Custom-ChangeBinInt-Custom-PersAutoDict-Custom-InsertByte-Custom- DE: "sdbm"-
#25734	NEW    cov: 1880 ft: 7747 corp: 716/2265Kb lim: 65536 exec/s: 887 rss: 5571Mb L: 2/65536 MS: 3 CustomCrossOver-CustomCrossOver-CustomCrossOver-
#25831	NEW    cov: 1880 ft: 7748 corp: 717/2265Kb lim: 65536 exec/s: 890 rss: 5592Mb L: 7/65536 MS: 4 ShuffleBytes-Custom-CMP-Custom- DE: "trim"-
#26004	RELOAD cov: 1880 ft: 7751 corp: 718/2265Kb lim: 65536 exec/s: 896 rss: 5628Mb
#26155	NEW    cov: 1880 ft: 7751 corp: 718/2265Kb lim: 65536 exec/s: 901 rss: 5658Mb L: 2/65536 MS: 2 CopyPart-Custom-
#26251	RELOAD cov: 1880 ft: 7751 corp: 718/2265Kb lim: 65536 exec/s: 610 rss: 5680Mb
#26311	NEW    cov: 1880 ft: 7752 corp: 719/2265Kb lim: 65536 exec/s: 611 rss: 5693Mb L: 75/65536 MS: 10 InsertRepeatedBytes-Custom-InsertRepeatedBytes-Custom-EraseBytes-Custom-PersAutoDict-Custom-ManualDict-Custom- DE: "in"-"TMPDIR"-
#26339	NEW    cov: 1880 ft: 7753 corp: 720/2282Kb lim: 65536 exec/s: 612 rss: 5700Mb L: 16849/65536 MS: 6 InsertRepeatedBytes-Custom-InsertRepeatedBytes-Custom-CMP-Custom- DE: "\000\000\000\001\223\377\356\020"-
#26856	RELOAD cov: 1880 ft: 7753 corp: 721/2283Kb lim: 65536 exec/s: 440 rss: 5812Mb
#26994	NEW    cov: 1880 ft: 7753 corp: 720/2283Kb lim: 65536 exec/s: 442 rss: 5844Mb L: 2/65536 MS: 4 CustomCrossOver-CopyPart-Custom-CustomCrossOver-
#26996	NEW    cov: 1880 ft: 7753 corp: 721/2283Kb lim: 65536 exec/s: 442 rss: 5844Mb L: 2/65536 MS: 4 CopyPart-Custom-PersAutoDict-Custom- DE: ":"-
#27037	NEW    cov: 1880 ft: 7753 corp: 721/2283Kb lim: 65536 exec/s: 443 rss: 5853Mb L: 3/65536 MS: 2 EraseBytes-Custom-
#27063	NEW    cov: 1880 ft: 7753 corp: 722/2283Kb lim: 65536 exec/s: 443 rss: 5858Mb L: 3/65536 MS: 2 InsertByte-Custom-
#27207	NEW    cov: 1880 ft: 7753 corp: 722/2283Kb lim: 65536 exec/s: 446 rss: 5891Mb L: 2/65536 MS: 7 CustomCrossOver-ChangeBinInt-Custom-CrossOver-Custom-EraseBytes-Custom-
#27208	NEW    cov: 1880 ft: 7755 corp: 723/2283Kb lim: 65536 exec/s: 446 rss: 5891Mb L: 5/65536 MS: 1 CustomCrossOver-
#27346	NEW    cov: 1880 ft: 7756 corp: 723/2283Kb lim: 65536 exec/s: 441 rss: 5920Mb L: 27/65536 MS: 5 EraseBytes-Custom-ShuffleBytes-Custom-CustomCrossOver-
#28053	NEW    cov: 1880 ft: 7756 corp: 723/2283Kb lim: 65536 exec/s: 452 rss: 6074Mb L: 11/65536 MS: 2 InsertByte-Custom-
#28098	NEW    cov: 1880 ft: 7756 corp: 723/2283Kb lim: 65536 exec/s: 453 rss: 6084Mb L: 51/65536 MS: 10 EraseBytes-Custom-ChangeBinInt-Custom-InsertByte-Custom-ManualDict-Custom-InsertRepeatedBytes-Custom- DE: "order"-
#28120	NEW    cov: 1880 ft: 7756 corp: 723/2283Kb lim: 65536 exec/s: 446 rss: 6089Mb L: 19/65536 MS: 2 CustomCrossOver-CustomCrossOver-
#28235	NEW    cov: 1880 ft: 7756 corp: 723/2283Kb lim: 65536 exec/s: 448 rss: 6114Mb L: 2/65536 MS: 7 CustomCrossOver-CopyPart-Custom-ShuffleBytes-Custom-CustomCrossOver-CustomCrossOver-
#28331	NEW    cov: 1880 ft: 7756 corp: 723/2283Kb lim: 65536 exec/s: 449 rss: 6133Mb L: 510/65536 MS: 2 InsertByte-Custom-
#28378	NEW    cov: 1880 ft: 7756 corp: 723/2283Kb lim: 65536 exec/s: 450 rss: 6143Mb L: 1/65536 MS: 4 ChangeByte-Custom-ChangeByte-Custom-
#28474	NEW    cov: 1880 ft: 7756 corp: 724/2283Kb lim: 65536 exec/s: 451 rss: 6164Mb L: 1/65536 MS: 2 ShuffleBytes-Custom-
#28883	NEW    cov: 1880 ft: 7758 corp: 725/2306Kb lim: 65536 exec/s: 458 rss: 6251Mb L: 24413/65536 MS: 8 EraseBytes-Custom-ShuffleBytes-Custom-CMP-Custom-CMP-Custom- DE: "sol.sol"-"\377\377\377\006"-
#28919	NEW    cov: 1880 ft: 7758 corp: 725/2285Kb lim: 65536 exec/s: 459 rss: 6258Mb L: 2052/65536 MS: 2 ShuffleBytes-Custom-
#29010	NEW    cov: 1880 ft: 7758 corp: 725/2285Kb lim: 65536 exec/s: 460 rss: 6277Mb L: 20/65536 MS: 2 InsertByte-Custom-
#29266	NEW    cov: 1880 ft: 7758 corp: 726/2285Kb lim: 65536 exec/s: 457 rss: 6332Mb L: 23/65536 MS: 2 EraseBytes-Custom-
#29293	NEW    cov: 1880 ft: 7758 corp: 726/2284Kb lim: 65536 exec/s: 457 rss: 6337Mb L: 65/65536 MS: 4 PersAutoDict-Custom-InsertRepeatedBytes-Custom- DE: "indicator"-
#29365	NEW    cov: 1880 ft: 7758 corp: 726/2260Kb lim: 65536 exec/s: 458 rss: 6351Mb L: 25/65536 MS: 4 ManualDict-Custom-CMP-Custom- DE: "indicator_spin_interval"-"\021\000"-
#29368	NEW    cov: 1880 ft: 7758 corp: 727/2260Kb lim: 65536 exec/s: 458 rss: 6351Mb L: 1/65536 MS: 4 CMP-Custom-CustomCrossOver-CustomCrossOver- DE: "\001\026"-
#29369	NEW    cov: 1880 ft: 7758 corp: 727/2260Kb lim: 65536 exec/s: 458 rss: 6352Mb L: 2/65536 MS: 1 CustomCrossOver-
#29397	NEW    cov: 1880 ft: 7758 corp: 727/2240Kb lim: 65536 exec/s: 459 rss: 6356Mb L: 44338/65536 MS: 5 CrossOver-Custom-CustomCrossOver-EraseBytes-Custom-
#29469	NEW    cov: 1880 ft: 7759 corp: 728/2240Kb lim: 65536 exec/s: 460 rss: 6371Mb L: 9/65536 MS: 4 PersAutoDict-Custom-ManualDict-Custom- DE: "local"-".."-
#29471	NEW    cov: 1880 ft: 7759 corp: 728/2240Kb lim: 65536 exec/s: 460 rss: 6372Mb L: 127/65536 MS: 4 InsertRepeatedBytes-Custom-PersAutoDict-Custom- DE: "not-a-strategy"-
#29497	NEW    cov: 1880 ft: 7759 corp: 728/2240Kb lim: 65536 exec/s: 460 rss: 6377Mb L: 9/65536 MS: 2 ManualDict-Custom- DE: "compact"-
#29581	NEW    cov: 1880 ft: 7760 corp: 729/2240Kb lim: 65536 exec/s: 462 rss: 6395Mb L: 23/65536 MS: 8 ChangeBinInt-Custom-ChangeBit-Custom-CMP-Custom-PersAutoDict-Custom- DE: "\001\000\000\000\000\000\000\001"-"else"-
#29583	NEW    cov: 1880 ft: 7760 corp: 729/2240Kb lim: 65536 exec/s: 462 rss: 6395Mb L: 5/65536 MS: 4 ChangeBinInt-Custom-ManualDict-Custom- DE: ".."-
#29594	NEW    cov: 1880 ft: 7760 corp: 730/2240Kb lim: 65536 exec/s: 462 rss: 6398Mb L: 3/65536 MS: 2 CrossOver-Custom-
#29621	NEW    cov: 1880 ft: 7760 corp: 730/2240Kb lim: 65536 exec/s: 462 rss: 6404Mb L: 2/65536 MS: 2 CustomCrossOver-CustomCrossOver-
#29622	NEW    cov: 1880 ft: 7760 corp: 729/2240Kb lim: 65536 exec/s: 462 rss: 6405Mb L: 2/65536 MS: 2 ShuffleBytes-Custom-
#29902	RELOAD cov: 1880 ft: 7760 corp: 729/2240Kb lim: 65536 exec/s: 467 rss: 6463Mb
#30270	NEW    cov: 1880 ft: 7760 corp: 728/2240Kb lim: 65536 exec/s: 465 rss: 6540Mb L: 3/65536 MS: 6 InsertByte-Custom-InsertByte-Custom-EraseBytes-Custom-
#30306	NEW    cov: 1880 ft: 7763 corp: 729/2248Kb lim: 65536 exec/s: 466 rss: 6548Mb L: 8265/65536 MS: 2 InsertRepeatedBytes-Custom-
#30452	NEW    cov: 1880 ft: 7763 corp: 729/2248Kb lim: 65536 exec/s: 468 rss: 6580Mb L: 17/65536 MS: 2 ChangeBinInt-Custom-
#30548	NEW    cov: 1880 ft: 7763 corp: 728/2248Kb lim: 65536 exec/s: 469 rss: 6601Mb L: 19/65536 MS: 2 ManualDict-Custom- DE: "]"-
#30635	NEW    cov: 1880 ft: 7763 corp: 728/2233Kb lim: 65536 exec/s: 471 rss: 6619Mb L: 16644/65536 MS: 4 ShuffleBytes-Custom-CMP-Custom- DE: "conta"-
#30713	NEW    cov: 1880 ft: 7763 corp: 728/2233Kb lim: 65536 exec/s: 472 rss: 6635Mb L: 31/65536 MS: 6 EraseBytes-Custom-ChangeBit-Custom-ManualDict-Custom- DE: "phase"-
#30735	NEW    cov: 1880 ft: 7763 corp: 728/2233Kb lim: 65536 exec/s: 472 rss: 6639Mb L: 2/65536 MS: 4 CrossOver-Custom-ChangeByte-Custom-
#30771	NEW    cov: 1880 ft: 7763 corp: 728/2233Kb lim: 65536 exec/s: 473 rss: 6648Mb L: 14/65536 MS: 2 CMP-Custom- DE: "ram_free"-
#30778	NEW    cov: 1880 ft: 7763 corp: 728/2233Kb lim: 65536 exec/s: 473 rss: 6649Mb L: 521/65536 MS: 4 CMP-Custom-EraseBytes-Custom- DE: "\324`\330\270\375\177\000\000"-
#31092	RELOAD cov: 1880 ft: 7763 corp: 727/2232Kb lim: 65536 exec/s: 478 rss: 6714Mb
#31391	NEW    cov: 1880 ft: 7763 corp: 727/2232Kb lim: 65536 exec/s: 475 rss: 6777Mb L: 2/65536 MS: 5 CMP-Custom-CustomCrossOver-CustomCrossOver-CustomCrossOver- DE: "\010\000\000\000\000\000\000\000"-
#31430	NEW    cov: 1880 ft: 7764 corp: 724/2225Kb lim: 65536 exec/s: 476 rss: 6785Mb L: 30/65536 MS: 8 EraseBytes-Custom-ChangeByte-Custom-InsertByte-Custom-ChangeBit-Custom-
#31569	NEW    cov: 1880 ft: 7764 corp: 725/2225Kb lim: 65536 exec/s: 478 rss: 6814Mb L: 11/65536 MS: 6 CustomCrossOver-ShuffleBytes-Custom-CustomCrossOver-ManualDict-Custom- DE: "modernize"-
#31580	NEW    cov: 1880 ft: 7764 corp: 725/2225Kb lim: 65536 exec/s: 478 rss: 6817Mb L: 18/65536 MS: 2 InsertByte-Custom-
#31866	NEW    cov: 1880 ft: 7765 corp: 726/2225Kb lim: 65536 exec/s: 482 rss: 6876Mb L: 15/65536 MS: 1 CustomCrossOver-
#31942	NEW    cov: 1880 ft: 7765 corp: 726/2225Kb lim: 65536 exec/s: 483 rss: 6893Mb L: 4/65536 MS: 2 ShuffleBytes-Custom-
#31973	NEW    cov: 1880 ft: 7765 corp: 725/2225Kb lim: 65536 exec/s: 484 rss: 6900Mb L: 10/65536 MS: 2 EraseBytes-Custom-
#31974	NEW    cov: 1880 ft: 7765 corp: 725/2225Kb lim: 65536 exec/s: 484 rss: 6900Mb L: 2/65536 MS: 2 CopyPart-Custom-
#31985	NEW    cov: 1880 ft: 7765 corp: 725/2225Kb lim: 65536 exec/s: 484 rss: 6903Mb L: 2/65536 MS: 1 CustomCrossOver-
#31986	NEW    cov: 1880 ft: 7765 corp: 725/2225Kb lim: 65536 exec/s: 484 rss: 6903Mb L: 7/65536 MS: 2 InsertByte-Custom-
#32323	RELOAD cov: 1880 ft: 7906 corp: 725/2225Kb lim: 65536 exec/s: 482 rss: 6975Mb
#32342	NEW    cov: 1880 ft: 7906 corp: 725/2225Kb lim: 65536 exec/s: 482 rss: 6978Mb L: 23/65536 MS: 8 CMP-Custom-ChangeBit-Custom-ChangeBit-Custom-EraseBytes-Custom- DE: "\001\000\000\000\000\000\000\002"-
#32348	NEW    cov: 1880 ft: 7906 corp: 725/2225Kb lim: 65536 exec/s: 482 rss: 6979Mb L: 17/65536 MS: 2 ChangeBinInt-Custom-
#32768	pulse  cov: 1880 ft: 7906 corp: 725/2225Kb lim: 65536 exec/s: 489 rss: 7071Mb
#32791	NEW    cov: 1880 ft: 7906 corp: 725/2225Kb lim: 65536 exec/s: 489 rss: 7075Mb L: 2/65536 MS: 5 EraseBytes-Custom-ChangeBinInt-Custom-CustomCrossOver-
#32859	NEW    cov: 1880 ft: 7906 corp: 725/2225Kb lim: 65536 exec/s: 490 rss: 7089Mb L: 7/65536 MS: 5 CMP-Custom-CustomCrossOver-EraseBytes-Custom- DE: "\001\000\000\000\000\000\000\026"-
#32929	NEW    cov: 1880 ft: 7907 corp: 726/2256Kb lim: 65536 exec/s: 491 rss: 7105Mb L: 31743/65536 MS: 10 InsertByte-Custom-ChangeBit-Custom-ChangeBit-Custom-CopyPart-Custom-ShuffleBytes-Custom-
#33074	NEW    cov: 1880 ft: 7936 corp: 727/2256Kb lim: 65536 exec/s: 493 rss: 7137Mb L: 22/65536 MS: 7 CustomCrossOver-ShuffleBytes-Custom-CustomCrossOver-PersAutoDict-Custom-CustomCrossOver- DE: "table"-
#33085	NEW    cov: 1880 ft: 7936 corp: 726/2256Kb lim: 65536 exec/s: 493 rss: 7139Mb L: 4/65536 MS: 2 EraseBytes-Custom-
#33092	NEW    cov: 1880 ft: 7936 corp: 725/2256Kb lim: 65536 exec/s: 493 rss: 7141Mb L: 2/65536 MS: 2 CustomCrossOver-CustomCrossOver-
#33166	NEW    cov: 1880 ft: 7936 corp: 726/2256Kb lim: 65536 exec/s: 495 rss: 7156Mb L: 8/65536 MS: 6 CMP-Custom-CustomCrossOver-ShuffleBytes-Custom-CustomCrossOver- DE: "@/tmp/beez_fuzz_pr"-
#33283	NEW    cov: 1880 ft: 7936 corp: 726/2256Kb lim: 65536 exec/s: 489 rss: 7181Mb L: 2/65536 MS: 3 CustomCrossOver-ShuffleBytes-Custom-
#33496	RELOAD cov: 1880 ft: 7937 corp: 729/2259Kb lim: 65536 exec/s: 492 rss: 7227Mb
#33501	NEW    cov: 1880 ft: 7938 corp: 730/2262Kb lim: 65536 exec/s: 492 rss: 7228Mb L: 3231/65536 MS: 10 ChangeByte-Custom-InsertByte-Custom-InsertRepeatedBytes-Custom-InsertByte-Custom-ChangeBinInt-Custom-
#33615	NEW    cov: 1880 ft: 7938 corp: 730/2262Kb lim: 65536 exec/s: 494 rss: 7252Mb L: 12/65536 MS: 8 ChangeByte-Custom-ChangeBinInt-Custom-ChangeByte-Custom-PersAutoDict-Custom- DE: "tri"-
#33746	NEW    cov: 1880 ft: 7938 corp: 730/2262Kb lim: 65536 exec/s: 496 rss: 7282Mb L: 3/65536 MS: 1 CustomCrossOver-
#33796	NEW    cov: 1880 ft: 7940 corp: 731/2326Kb lim: 65536 exec/s: 497 rss: 7293Mb L: 65283/65536 MS: 7 CustomCrossOver-CrossOver-Custom-ChangeByte-Custom-CustomCrossOver-CustomCrossOver-
#33817	NEW    cov: 1880 ft: 7940 corp: 731/2326Kb lim: 65536 exec/s: 497 rss: 7297Mb L: 8/65536 MS: 2 ChangeBinInt-Custom-
#33822	NEW    cov: 1880 ft: 7940 corp: 731/2326Kb lim: 65536 exec/s: 497 rss: 7298Mb L: 3/65536 MS: 7 CustomCrossOver-CustomCrossOver-CustomCrossOver-EraseBytes-Custom-ChangeByte-Custom-
#33828	NEW    cov: 1880 ft: 7940 corp: 732/2326Kb lim: 65536 exec/s: 497 rss: 7299Mb L: 4/65536 MS: 2 ShuffleBytes-Custom-
#33831	NEW    cov: 1880 ft: 7940 corp: 732/2326Kb lim: 65536 exec/s: 497 rss: 7300Mb L: 167/65536 MS: 5 InsertRepeatedBytes-Custom-ChangeByte-Custom-CustomCrossOver-
#33832	NEW    cov: 1880 ft: 7940 corp: 732/2326Kb lim: 65536 exec/s: 497 rss: 7300Mb L: 4/65536 MS: 2 ChangeBit-Custom-
#33869	NEW    cov: 1880 ft: 7940 corp: 733/2326Kb lim: 65536 exec/s: 498 rss: 7308Mb L: 15/65536 MS: 2 CustomCrossOver-CustomCrossOver-
#33878	NEW    cov: 1880 ft: 7940 corp: 733/2326Kb lim: 65536 exec/s: 498 rss: 7310Mb L: 15/65536 MS: 8 ChangeByte-Custom-ManualDict-Custom-PersAutoDict-Custom-ManualDict-Custom- DE: "BEEZ_ENV"-"\001\000\000\000\000\000\000\026"-"]]"-
#33879	NEW    cov: 1880 ft: 7940 corp: 734/2326Kb lim: 65536 exec/s: 498 rss: 7310Mb L: 7/65536 MS: 1 CustomCrossOver-
#33990	NEW    cov: 1880 ft: 7940 corp: 734/2326Kb lim: 65536 exec/s: 499 rss: 7332Mb L: 2/65536 MS: 2 ShuffleBytes-Custom-
#34046	NEW    cov: 1880 ft: 7940 corp: 734/2326Kb lim: 65536 exec/s: 500 rss: 7345Mb L: 5/65536 MS: 2 InsertByte-Custom-
#34240	NEW    cov: 1880 ft: 7940 corp: 734/2325Kb lim: 65536 exec/s: 503 rss: 7387Mb L: 108/65536 MS: 8 ChangeBinInt-Custom-InsertByte-Custom-EraseBytes-Custom-ShuffleBytes-Custom-
#34259	NEW    cov: 1880 ft: 7946 corp: 735/2332Kb lim: 65536 exec/s: 503 rss: 7391Mb L: 7769/65536 MS: 8 InsertByte-Custom-ChangeASCIIInt-Custom-CMP-Custom-EraseBytes-Custom- DE: "\000\000\000\001"-
#34279	NEW    cov: 1880 ft: 7946 corp: 735/2332Kb lim: 65536 exec/s: 504 rss: 7395Mb L: 2/65536 MS: 7 CustomCrossOver-CustomCrossOver-ChangeBinInt-Custom-PersAutoDict-Custom-CustomCrossOver- DE: "\377\022"-
#34348	NEW    cov: 1880 ft: 7946 corp: 735/2329Kb lim: 65536 exec/s: 497 rss: 7408Mb L: 71/65536 MS: 8 CMP-Custom-ShuffleBytes-Custom-CopyPart-Custom-InsertRepeatedBytes-Custom- DE: "e\000\000\000"-
#34485	NEW    cov: 1880 ft: 7946 corp: 736/2329Kb lim: 65536 exec/s: 499 rss: 7437Mb L: 12/65536 MS: 4 EraseBytes-Custom-ChangeASCIIInt-Custom-
#34486	NEW    cov: 1880 ft: 7947 corp: 737/2329Kb lim: 65536 exec/s: 499 rss: 7437Mb L: 1/65536 MS: 1 CustomCrossOver-
#34710	NEW    cov: 1880 ft: 7947 corp: 737/2328Kb lim: 65536 exec/s: 503 rss: 7483Mb L: 230/65536 MS: 5 EraseBytes-Custom-CustomCrossOver-ChangeBinInt-Custom-
#34716	NEW    cov: 1880 ft: 7947 corp: 738/2328Kb lim: 65536 exec/s: 503 rss: 7484Mb L: 17/65536 MS: 2 ChangeBit-Custom-
#35102	NEW    cov: 1880 ft: 7947 corp: 738/2328Kb lim: 65536 exec/s: 508 rss: 7567Mb L: 2/65536 MS: 2 ShuffleBytes-Custom-
#35144	NEW    cov: 1880 ft: 7964 corp: 739/2328Kb lim: 65536 exec/s: 509 rss: 7577Mb L: 67/65536 MS: 4 ShuffleBytes-Custom-ShuffleBytes-Custom-
#35201	NEW    cov: 1880 ft: 7973 corp: 740/2328Kb lim: 65536 exec/s: 510 rss: 7588Mb L: 17/65536 MS: 4 ChangeBit-Custom-ChangeBit-Custom-
#35235	NEW    cov: 1880 ft: 7974 corp: 741/2328Kb lim: 65536 exec/s: 510 rss: 7596Mb L: 514/65536 MS: 4 CustomCrossOver-CustomCrossOver-CustomCrossOver-CustomCrossOver-
#35507	NEW    cov: 1880 ft: 7975 corp: 742/2328Kb lim: 65536 exec/s: 507 rss: 7655Mb L: 20/65536 MS: 4 EraseBytes-Custom-ChangeBit-Custom-
#35719	NEW    cov: 1880 ft: 7975 corp: 741/2265Kb lim: 65536 exec/s: 510 rss: 7700Mb L: 2/65536 MS: 2 CustomCrossOver-CustomCrossOver-
#35903	RELOAD cov: 1880 ft: 7976 corp: 744/2258Kb lim: 65536 exec/s: 512 rss: 7738Mb
#35977	NEW    cov: 1880 ft: 7976 corp: 744/2258Kb lim: 65536 exec/s: 513 rss: 7753Mb L: 1/65536 MS: 8 ChangeByte-Custom-InsertByte-Custom-CopyPart-Custom-EraseBytes-Custom-
#36272	NEW    cov: 1880 ft: 7977 corp: 744/2258Kb lim: 65536 exec/s: 518 rss: 7816Mb L: 18/65536 MS: 8 ChangeBit-Custom-CMP-Custom-CustomCrossOver-CustomCrossOver-ChangeByte-Custom- DE: "\031\000\000\000"-
#36372	NEW    cov: 1880 ft: 7977 corp: 744/2258Kb lim: 65536 exec/s: 519 rss: 7837Mb L: 86/65536 MS: 10 CopyPart-Custom-CopyPart-Custom-InsertRepeatedBytes-Custom-ChangeBinInt-Custom-ManualDict-Custom- DE: "future"-
#36486	NEW    cov: 1880 ft: 7979 corp: 745/2258Kb lim: 65536 exec/s: 513 rss: 7861Mb L: 3/65536 MS: 7 CopyPart-Custom-PersAutoDict-Custom-ShuffleBytes-Custom-CustomCrossOver- DE: "return"-
#36709	NEW    cov: 1880 ft: 7979 corp: 745/2245Kb lim: 65536 exec/s: 517 rss: 7911Mb L: 2786/65536 MS: 6 CMP-Custom-ChangeBinInt-Custom-CMP-Custom- DE: "@/tm"-"\001\000\000\002\036,\010e"-
#37126	RELOAD cov: 1880 ft: 7994 corp: 746/2245Kb lim: 65536 exec/s: 522 rss: 7999Mb
#37205	NEW    cov: 1880 ft: 7994 corp: 745/2227Kb lim: 65536 exec/s: 524 rss: 8016Mb L: 6868/65536 MS: 8 ChangeByte-Custom-InsertRepeatedBytes-Custom-ChangeByte-Custom-ChangeByte-Custom-
#37280	NEW    cov: 1880 ft: 7995 corp: 746/2240Kb lim: 65536 exec/s: 525 rss: 8033Mb L: 13266/65536 MS: 10 CMP-Custom-PersAutoDict-Custom-ChangeBinInt-Custom-EraseBytes-Custom-ShuffleBytes-Custom- DE: "\320\024\000\000\000\000\000\000"-"\377\001"-
#37297	NEW    cov: 1880 ft: 7995 corp: 746/2240Kb lim: 65536 exec/s: 525 rss: 8037Mb L: 16/65536 MS: 4 PersAutoDict-Custom-ManualDict-Custom- DE: "unpack"-"BEEZ_ENV"-
#37579	NEW    cov: 1880 ft: 7995 corp: 746/2240Kb lim: 65536 exec/s: 521 rss: 8098Mb L: 2/65536 MS: 2 CustomCrossOver-CustomCrossOver-
#37646	NEW    cov: 1880 ft: 7995 corp: 746/2240Kb lim: 65536 exec/s: 522 rss: 8112Mb L: 2/65536 MS: 3 ChangeBit-Custom-CustomCrossOver-
#37840	NEW    cov: 1880 ft: 7995 corp: 745/2240Kb lim: 65536 exec/s: 525 rss: 8151Mb L: 18/65536 MS: 8 CMP-Custom-ChangeByte-Custom-PersAutoDict-Custom-InsertByte-Custom- DE: "_ENV"-"assert"-
#38002	NEW    cov: 1880 ft: 7995 corp: 745/2240Kb lim: 65536 exec/s: 527 rss: 8184Mb L: 1/65536 MS: 3 InsertRepeatedBytes-Custom-CustomCrossOver-
#38034	NEW    cov: 1880 ft: 7997 corp: 746/2240Kb lim: 65536 exec/s: 528 rss: 8191Mb L: 522/65536 MS: 3 ManualDict-Custom-CustomCrossOver- DE: "verbose"-
#38035	NEW    cov: 1880 ft: 8050 corp: 747/2240Kb lim: 65536 exec/s: 528 rss: 8192Mb L: 52/65536 MS: 2 CopyPart-Custom-
#38039	NEW    cov: 1880 ft: 8050 corp: 746/2240Kb lim: 65536 exec/s: 528 rss: 8192Mb L: 19/65536 MS: 8 ChangeBinInt-Custom-ChangeBit-Custom-ChangeBit-Custom-InsertRepeatedBytes-Custom-
#38376	RELOAD cov: 1880 ft: 8050 corp: 746/2240Kb lim: 65536 exec/s: 533 rss: 8265Mb
#38470	NEW    cov: 1880 ft: 8050 corp: 746/2240Kb lim: 65536 exec/s: 534 rss: 8286Mb L: 4/65536 MS: 6 CustomCrossOver-ShuffleBytes-Custom-ChangeBinInt-Custom-CustomCrossOver-
#39533	NEW    cov: 1880 ft: 8050 corp: 746/2240Kb lim: 65536 exec/s: 534 rss: 8518Mb L: 2/65536 MS: 1 CustomCrossOver-
#39534	NEW    cov: 1880 ft: 8051 corp: 747/2240Kb lim: 65536 exec/s: 534 rss: 8518Mb L: 41/65536 MS: 2 ShuffleBytes-Custom-
#39628	NEW    cov: 1880 ft: 8051 corp: 747/2240Kb lim: 65536 exec/s: 535 rss: 8541Mb L: 3/65536 MS: 7 ChangeByte-Custom-ShuffleBytes-Custom-ChangeBit-Custom-CustomCrossOver-
#39830	NEW    cov: 1880 ft: 8052 corp: 748/2240Kb lim: 65536 exec/s: 538 rss: 8584Mb L: 17/65536 MS: 2 CustomCrossOver-CustomCrossOver-
#40081	NEW    cov: 1880 ft: 8055 corp: 749/2240Kb lim: 65536 exec/s: 541 rss: 8640Mb L: 45/65536 MS: 2 InsertRepeatedBytes-Custom-
#40136	NEW    cov: 1880 ft: 8055 corp: 749/2240Kb lim: 65536 exec/s: 542 rss: 8652Mb L: 24/65536 MS: 10 ChangeByte-Custom-ShuffleBytes-Custom-PersAutoDict-Custom-PersAutoDict-Custom-ChangeBit-Custom- DE: "parallel"-"Lua error"-
#40402	NEW    cov: 1880 ft: 8055 corp: 749/2240Kb lim: 65536 exec/s: 545 rss: 8711Mb L: 17/65536 MS: 2 ChangeBinInt-Custom-
#40623	NEW    cov: 1880 ft: 8056 corp: 750/2264Kb lim: 65536 exec/s: 541 rss: 8755Mb L: 24758/65536 MS: 4 ChangeASCIIInt-Custom-ChangeBit-Custom-
#40983	NEW    cov: 1880 ft: 8056 corp: 751/2264Kb lim: 65536 exec/s: 546 rss: 8836Mb L: 2/65536 MS: 8 ChangeByte-Custom-PersAutoDict-Custom-CustomCrossOver-CustomCrossOver-ShuffleBytes-Custom- DE: "join"-
#41110	NEW    cov: 1880 ft: 8056 corp: 751/2264Kb lim: 65536 exec/s: 548 rss: 8865Mb L: 36/65536 MS: 4 InsertRepeatedBytes-Custom-EraseBytes-Custom-
#41262	NEW    cov: 1881 ft: 8058 corp: 752/2264Kb lim: 65536 exec/s: 550 rss: 8896Mb L: 74/65536 MS: 4 InsertByte-Custom-InsertRepeatedBytes-Custom-
#41474	NEW    cov: 1881 ft: 8058 corp: 752/2264Kb lim: 65536 exec/s: 552 rss: 8939Mb L: 20/65536 MS: 4 PersAutoDict-Custom-PersAutoDict-Custom- DE: "\023\000\000\000\000\000\000\000"-"sol.sol"-
#41619	RELOAD cov: 1881 ft: 8059 corp: 754/2266Kb lim: 65536 exec/s: 547 rss: 8965Mb
#41621	NEW    cov: 1881 ft: 8238 corp: 755/2266Kb lim: 65536 exec/s: 547 rss: 8965Mb L: 180/65536 MS: 4 InsertRepeatedBytes-Custom-ShuffleBytes-Custom-
#41662	NEW    cov: 1881 ft: 8241 corp: 756/2274Kb lim: 65536 exec/s: 548 rss: 8965Mb L: 8193/65536 MS: 2 ChangeBit-Custom-
#41820	NEW    cov: 1881 ft: 8244 corp: 757/2275Kb lim: 65536 exec/s: 550 rss: 8967Mb L: 519/65536 MS: 5 CustomCrossOver-ChangeByte-Custom-ChangeBit-Custom-
#41997	NEW    cov: 1881 ft: 8244 corp: 757/2273Kb lim: 65536 exec/s: 552 rss: 9007Mb L: 139/65536 MS: 4 CMP-Custom-InsertRepeatedBytes-Custom- DE: "__gc"-
#42159	NEW    cov: 1881 ft: 8244 corp: 758/2273Kb lim: 65536 exec/s: 554 rss: 9043Mb L: 1/65536 MS: 3 ShuffleBytes-Custom-CustomCrossOver-
#42499	NEW    cov: 1881 ft: 8244 corp: 758/2273Kb lim: 65536 exec/s: 551 rss: 9116Mb L: 28/65536 MS: 10 CopyPart-Custom-PersAutoDict-Custom-ChangeByte-Custom-ChangeBinInt-Custom-ChangeByte-Custom- DE: "registered"-
#42551	NEW    cov: 1881 ft: 8244 corp: 759/2273Kb lim: 65536 exec/s: 552 rss: 9127Mb L: 28/65536 MS: 4 EraseBytes-Custom-CMP-Custom- DE: "ping"-
#42659	RELOAD cov: 1881 ft: 8244 corp: 759/2273Kb lim: 65536 exec/s: 554 rss: 9150Mb
#42760	NEW    cov: 1881 ft: 8244 corp: 759/2273Kb lim: 65536 exec/s: 555 rss: 9169Mb L: 3/65536 MS: 2 InsertByte-Custom-
#42865	NEW    cov: 1881 ft: 8244 corp: 759/2273Kb lim: 65536 exec/s: 556 rss: 9192Mb L: 26/65536 MS: 10 ChangeByte-Custom-PersAutoDict-Custom-CMP-Custom-ShuffleBytes-Custom-ChangeBinInt-Custom- DE: "\001\000\000\003"-"~\377\377\377\377\377\377\376"-
#42979	NEW    cov: 1881 ft: 8244 corp: 759/2273Kb lim: 65536 exec/s: 558 rss: 9216Mb L: 6/65536 MS: 8 ChangeByte-Custom-CrossOver-Custom-InsertByte-Custom-CopyPart-Custom-
#43327	NEW    cov: 1881 ft: 8244 corp: 760/2273Kb lim: 65536 exec/s: 555 rss: 9286Mb L: 2/65536 MS: 6 InsertByte-Custom-CopyPart-Custom-ChangeBit-Custom-
#43496	RELOAD cov: 1881 ft: 8244 corp: 760/2273Kb lim: 65536 exec/s: 557 rss: 9304Mb
#43767	NEW    cov: 1881 ft: 8244 corp: 760/2273Kb lim: 65536 exec/s: 561 rss: 9353Mb L: 18/65536 MS: 2 EraseBytes-Custom-
#43782	NEW    cov: 1881 ft: 8244 corp: 760/2273Kb lim: 65536 exec/s: 561 rss: 9357Mb L: 16/65536 MS: 7 CustomCrossOver-PersAutoDict-Custom-ShuffleBytes-Custom-CustomCrossOver-CustomCrossOver- DE: "\377\022"-
#43788	NEW    cov: 1881 ft: 8244 corp: 760/2273Kb lim: 65536 exec/s: 561 rss: 9358Mb L: 17/65536 MS: 1 CustomCrossOver-
#44247	NEW    cov: 1881 ft: 8297 corp: 761/2274Kb lim: 65536 exec/s: 560 rss: 9458Mb L: 651/65536 MS: 8 ManualDict-Custom-ManualDict-Custom-ChangeASCIIInt-Custom-ChangeByte-Custom- DE: "failures"-"beez.config"-
==126392== libFuzzer: run interrupted; exiting
stat::number_of_executed_units: 44277
stat::average_exec_per_sec:     451
stat::new_units_added:          667
stat::slowest_unit_time_sec:    0
stat::peak_rss_mb:              9463
